o convex_0
v 0.0237199 0.0781591 0.579432
v 0.0152463 0.137233 0.579432
v -8.11593e-06 0.137233 0.640411
v 0.0232991 0.0781591 0.581076
v 0.020667 0.0781591 0.566588
v 0.0152463 0.0914945 0.531025
v 0.0120956 0.135655 0.531025
v 0.0101582 0.147397 0.531025
v 0.0101582 0.147397 0.574352
v -0.0050864 0.147397 0.635331
v -0.00763043 0.144858 0.648039
v -0.0101745 0.142311 0.660746
v 0.0107257 0.0781591 0.626895
v 0.00796645 0.0781591 0.531025
v 0.0092776 0.079556 0.531025
v 0.00532457 0.149819 0.531025
v -8.11593e-06 0.152475 0.579432
v -0.0152527 0.152475 0.640411
v -0.0177968 0.149936 0.653119
v -0.022875 0.144858 0.663293
v -0.0304876 0.137233 0.670921
v -0.0101745 0.0965725 0.660746
v 0.00665529 0.0781591 0.632715
v -0.0675326 0.0781591 0.531025
v -8.11593e-06 0.152475 0.531025
v -0.0304876 0.152475 0.655666
v -0.0355756 0.147397 0.665827
v -0.0609866 0.137233 0.670921
v -0.0304876 0.0914945 0.670921
v -0.020331 0.0864091 0.665827
v -0.0050864 0.0864091 0.650586
v -0.00251301 0.0781591 0.643876
v -0.0711529 0.0813238 0.531025
v -0.0675326 0.0781591 0.536297
v -0.0609866 0.152475 0.531025
v -0.0609866 0.152475 0.655666
v -0.0660747 0.147397 0.665827
v -0.0609866 0.0914945 0.670921
v -0.072425 0.144858 0.663293
v -0.0711529 0.137233 0.665827
v -0.0304876 0.0813238 0.665827
v -0.022875 0.0800579 0.663293
v -0.026652 0.0781591 0.6595
v -0.076241 0.0914945 0.531025
v -0.0711529 0.0813238 0.660746
v -0.0648222 0.0781591 0.657583
v -0.0627674 0.151594 0.531025
v -0.0711529 0.147397 0.655666
v -0.0711529 0.0914945 0.665827
v -0.0686089 0.0838701 0.6671
v -0.0609866 0.0813238 0.665827
v -0.076241 0.137233 0.655666
v -0.076241 0.0914945 0.655666
v -0.0720434 0.145622 0.531025
v -0.0609866 0.0781591 0.6595
v -0.076241 0.137233 0.531025
v -0.0711529 0.147397 0.531025
f 1 2 3
f 1 3 4
f 1 4 13
f 1 13 23
f 1 23 32
f 1 32 43
f 1 43 55
f 1 55 46
f 1 46 34
f 1 34 24
f 1 24 14
f 1 14 5
f 1 5 6
f 1 6 7
f 1 7 2
f 2 7 8
f 2 8 9
f 2 9 10
f 2 10 3
f 3 10 11
f 3 11 12
f 3 12 13
f 3 13 4
f 5 14 15
f 5 15 6
f 6 15 14
f 6 14 24
f 6 24 33
f 6 33 44
f 6 44 56
f 6 56 54
f 6 54 57
f 6 57 47
f 6 47 35
f 6 35 25
f 6 25 16
f 6 16 8
f 6 8 7
f 8 16 9
f 9 16 17
f 9 17 18
f 9 18 10
f 10 18 19
f 10 19 11
f 11 19 12
f 12 19 20
f 12 20 21
f 12 21 29
f 12 29 22
f 12 22 13
f 13 22 23
f 16 25 17
f 17 25 35
f 17 35 36
f 17 36 26
f 17 26 18
f 18 26 19
f 19 26 20
f 20 26 27
f 20 27 21
f 21 27 37
f 21 37 28
f 21 28 38
f 21 38 29
f 22 29 30
f 22 30 31
f 22 31 23
f 23 31 32
f 24 34 45
f 24 45 33
f 26 36 37
f 26 37 27
f 28 37 39
f 28 39 40
f 28 40 49
f 28 49 38
f 29 38 51
f 29 51 41
f 29 41 42
f 29 42 30
f 30 42 32
f 30 32 31
f 32 42 43
f 33 45 53
f 33 53 44
f 34 46 45
f 35 47 36
f 36 48 39
f 36 39 37
f 36 47 48
f 38 49 50
f 38 50 51
f 39 52 53
f 39 53 49
f 39 49 40
f 39 48 54
f 39 54 52
f 41 51 55
f 41 55 43
f 41 43 42
f 44 53 52
f 44 52 56
f 45 46 55
f 45 55 51
f 45 51 50
f 45 50 53
f 47 57 48
f 48 57 54
f 49 53 50
f 52 54 56
o convex_1
v -0.274468 0.0781591 0.531025
v -0.122001 0.0781591 0.531025
v -0.274468 0.0781591 0.611846
v -0.274468 0.396427 0.531025
v -0.122001 0.0781591 0.627087
v -0.122001 0.411688 0.531025
v -0.271124 0.0781591 0.626841
v -0.274468 0.0915085 0.62517
v -0.274468 0.396427 0.594687
v -0.270647 0.404075 0.602301
v -0.265184 0.415 0.531025
v -0.122001 0.0915085 0.640411
v -0.124956 0.0781591 0.640411
v -0.127075 0.421863 0.531025
v -0.122001 0.411688 0.579432
v -0.270482 0.0781591 0.628114
v -0.264288 0.0915085 0.645505
v -0.274468 0.365939 0.62517
v -0.274468 0.3812 0.609915
v -0.270647 0.373552 0.632797
v -0.26302 0.388814 0.632797
v -0.26302 0.404075 0.617542
v -0.264288 0.416775 0.579432
v -0.264288 0.416775 0.531025
v -0.127075 0.0864214 0.650586
v -0.12621 0.0781591 0.643643
v -0.122001 0.350677 0.640411
v -0.131911 0.424287 0.531025
v -0.127075 0.421863 0.574352
v -0.124538 0.393901 0.622623
v -0.122001 0.396427 0.609915
v -0.269691 0.0781591 0.62947
v -0.259855 0.0781591 0.641055
v -0.257288 0.0781591 0.643301
v -0.251586 0.0838949 0.651859
v -0.236347 0.129611 0.6671
v -0.249049 0.137258 0.660746
v -0.264288 0.350677 0.645505
v -0.249049 0.39134 0.635331
v -0.238885 0.401514 0.63025
v -0.261124 0.3812 0.636604
v -0.249049 0.360852 0.650586
v -0.249049 0.406601 0.620089
v -0.249049 0.421863 0.589607
v -0.257303 0.415512 0.594687
v -0.255407 0.419302 0.58706
v -0.243959 0.42695 0.579432
v -0.2559 0.420975 0.531025
v -0.132165 0.142345 0.660746
v -0.142329 0.132171 0.665827
v -0.152494 0.137258 0.670921
v -0.13724 0.0915085 0.655666
v -0.13124 0.0781591 0.647505
v -0.129613 0.0800711 0.648039
v -0.128359 0.0781591 0.645519
v -0.127075 0.345624 0.650586
v -0.122001 0.3812 0.62517
v -0.13724 0.42695 0.531025
v -0.13724 0.42695 0.579432
v -0.132165 0.416775 0.599768
v -0.129613 0.404075 0.617542
v -0.129613 0.388814 0.632797
v -0.132165 0.401514 0.63025
v -0.243959 0.0781591 0.648997
v -0.243959 0.0813343 0.650586
v -0.243959 0.0915085 0.655666
v -0.22872 0.137258 0.670921
v -0.249049 0.304962 0.660746
v -0.22872 0.304962 0.670921
v -0.243959 0.350677 0.655666
v -0.255407 0.358325 0.648039
v -0.243959 0.3812 0.640411
v -0.238885 0.371026 0.645505
v -0.142329 0.421863 0.589607
v -0.243959 0.42695 0.531025
v -0.245735 0.426062 0.531025
v -0.132165 0.310015 0.660746
v -0.152494 0.304962 0.670921
v -0.13724 0.0813343 0.650586
v -0.13724 0.0781591 0.648997
v -0.129613 0.358325 0.648039
v -0.132165 0.371026 0.645505
v -0.13724 0.350677 0.655666
f 58 59 62
f 58 62 70
f 58 70 83
f 58 83 112
f 58 112 110
f 58 110 137
f 58 137 121
f 58 121 91
f 58 91 90
f 58 90 89
f 58 89 73
f 58 73 64
f 58 64 60
f 58 60 65
f 58 65 75
f 58 75 76
f 58 76 66
f 58 66 61
f 58 61 68
f 58 68 81
f 58 81 105
f 58 105 133
f 58 133 132
f 58 132 115
f 58 115 85
f 58 85 71
f 58 71 63
f 58 63 59
f 59 63 72
f 59 72 88
f 59 88 114
f 59 114 84
f 59 84 69
f 59 69 62
f 60 64 65
f 61 66 67
f 61 67 68
f 62 69 70
f 63 71 86
f 63 86 72
f 64 73 74
f 64 74 65
f 65 74 95
f 65 95 75
f 66 76 67
f 67 76 75
f 67 75 77
f 67 77 78
f 67 78 79
f 67 79 80
f 67 80 68
f 68 80 81
f 69 82 83
f 69 83 70
f 69 84 113
f 69 113 82
f 71 85 86
f 72 86 118
f 72 118 87
f 72 87 88
f 73 89 74
f 74 89 90
f 74 90 91
f 74 91 92
f 74 92 93
f 74 93 94
f 74 94 125
f 74 125 95
f 75 95 77
f 77 95 78
f 78 96 97
f 78 97 79
f 78 95 98
f 78 98 99
f 78 99 96
f 79 97 100
f 79 100 101
f 79 101 102
f 79 102 80
f 80 102 103
f 80 103 101
f 80 101 104
f 80 104 133
f 80 133 105
f 80 105 81
f 82 106 107
f 82 107 108
f 82 108 109
f 82 109 110
f 82 110 111
f 82 111 112
f 82 112 83
f 82 113 134
f 82 134 106
f 84 114 113
f 85 115 116
f 85 116 86
f 86 116 117
f 86 117 118
f 87 119 114
f 87 114 88
f 87 118 120
f 87 120 119
f 91 121 92
f 92 122 123
f 92 123 124
f 92 124 93
f 92 121 122
f 93 124 94
f 94 124 126
f 94 126 125
f 95 125 126
f 95 126 127
f 95 127 128
f 95 128 98
f 96 129 97
f 96 99 129
f 97 120 117
f 97 117 131
f 97 131 101
f 97 101 100
f 97 129 130
f 97 130 139
f 97 139 120
f 98 128 99
f 99 128 127
f 99 127 140
f 99 140 139
f 99 139 130
f 99 130 129
f 101 131 116
f 101 116 104
f 101 103 102
f 104 116 115
f 104 115 132
f 104 132 133
f 106 108 107
f 106 134 135
f 106 135 108
f 108 124 123
f 108 123 109
f 108 135 126
f 108 126 124
f 109 123 122
f 109 122 136
f 109 136 110
f 110 112 111
f 110 136 137
f 113 114 119
f 113 119 138
f 113 138 139
f 113 139 140
f 113 140 134
f 116 131 117
f 117 120 118
f 119 120 139
f 119 139 138
f 121 137 136
f 121 136 122
f 126 135 140
f 126 140 127
f 134 140 135
o convex_2
v -0.289687 -0.0152431 0.531025
v -0.289687 0.0278272 0.531025
v -0.289068 -0.0299577 0.531025
v -0.564091 -0.0152431 0.533693
v -0.288944 0.0308254 0.531025
v -0.564091 0.0152495 0.533693
v -0.28882 -0.0304575 0.531025
v -0.559012 -0.0254072 0.538781
v -0.571772 -0.0228662 0.541316
v -0.584408 -0.0203251 0.543868
v -0.594566 -0.0152431 0.548938
v -0.27445 0.0781591 0.531025
v -0.594566 0.0152495 0.548938
v -0.574249 0.0203316 0.538781
v -0.571772 0.0266789 0.541316
v -0.564091 0.0254031 0.538781
v -0.564091 -0.0304575 0.548871
v -0.00215228 -0.0304575 0.531025
v -0.564215 -0.0304575 0.548905
v -0.602247 -0.0228662 0.55656
v -0.604725 -0.010161 0.554025
v -0.594566 0.0355779 0.559112
v -0.579329 0.0514622 0.579444
v -0.571772 0.0571715 0.587066
v -0.564091 0.0609884 0.594689
v -0.579329 0.0609884 0.609933
v -0.27445 0.0781591 0.611851
v 0.00800622 0.0781591 0.531025
v -0.604725 0.0203316 0.554025
v -0.602247 0.0266789 0.55656
v 0.00478523 -0.017901 0.531025
v 0.0761425 -0.0304575 0.53371
v -0.59469 -0.0304575 0.564149
v -0.604725 -0.0254072 0.56927
v -0.609928 -0.0152431 0.564199
v -0.606088 0.032399 0.564199
v -0.602247 0.0419252 0.571822
v -0.58701 0.0571715 0.602311
v -0.564091 0.0609884 0.625161
v -0.259831 0.0781591 0.641056
v -0.269618 0.0781591 0.629464
v -0.270485 0.0781591 0.628113
v -0.271105 0.0781591 0.626829
v -0.599646 0.0508242 0.609933
v -0.581311 0.0571715 0.625161
v 0.00639572 3.24794e-06 0.531025
v 0.0207663 0.0781591 0.566584
v 0.457334 0.0762347 0.579444
v 0.426859 0.0762347 0.564199
v 0.426859 0.0711526 0.554025
v 0.434539 0.0686116 0.552758
v 0.426859 0.0609884 0.548938
v 0.457334 0.0304958 0.548938
v 0.0761425 0.0609884 0.533693
v 0.0761425 0.0457421 0.533693
v -0.609928 0.0152495 0.564199
v 0.457334 -0.0152431 0.548938
v 0.426859 -0.0304575 0.548955
v -0.59469 -0.0304575 0.625211
v -0.604725 -0.0254072 0.630248
v -0.609928 -0.0152431 0.625161
v -0.609928 0.0304958 0.579444
v -0.604725 0.04066 0.579444
v -0.594566 0.0514622 0.594689
v -0.56917 0.0559063 0.635335
v -0.24385 0.0781591 0.648995
v -0.25723 0.0781591 0.643291
v -0.606088 0.038119 0.6328
v -0.583169 0.0533653 0.6328
v 0.0236156 0.0781591 0.579444
v 0.64539 0.0355779 0.61502
v 0.635232 0.04066 0.604846
v 0.640311 0.04066 0.599776
v 0.442096 0.0724285 0.562281
v 0.023244 0.0781591 0.581078
v 0.0108556 0.0781591 0.626896
v 0.00676738 0.0781591 0.6327
v -0.00240005 0.0781591 0.643875
v -0.0265575 0.0781591 0.659503
v 0.0609048 0.0762347 0.686156
v 0.640311 0.0355779 0.589601
v 0.640311 0.0203316 0.574357
v 0.647992 0.0076264 0.568002
v 0.64539 -0.0254072 0.584531
v 0.640435 -0.0304575 0.594605
v -0.602247 -0.0228662 0.636603
v -0.594566 -0.0304575 0.625244
v -0.594566 -0.0254072 0.635335
v -0.609928 0.0304958 0.625161
v -0.604725 -0.0152431 0.635335
v -0.599646 0.04066 0.635335
v -0.564091 0.0457421 0.640422
v 0.0558255 0.0711526 0.69633
v -0.0608734 0.0781591 0.659503
v -0.604725 0.0304958 0.635335
v -0.594566 0.0304958 0.640422
v 0.635232 0.0254031 0.635335
v 0.647992 0.0228727 0.6328
v 0.647992 0.038119 0.602311
v 0.647992 0.038119 0.598508
v 0.651832 0.0304958 0.592787
v 0.651832 0.0152495 0.577526
v 0.651832 0.0076264 0.571822
v 0.651832 -0.0228662 0.587066
v 0.65047 -0.0254072 0.594689
v 0.647992 -0.0266831 0.617539
v 0.640435 -0.0304575 0.610016
v -0.472664 -0.0254072 0.65058
v -0.480221 -0.0228662 0.651847
v -0.472664 -0.0152431 0.655667
v -0.594566 -0.0152431 0.640422
v -0.472664 -0.0304575 0.640489
v -0.304925 0.0304958 0.670911
v 0.0609048 0.0609884 0.701417
v 0.640311 0.0152495 0.640422
v -0.472664 0.0152495 0.655667
v 0.65047 0.0101674 0.635335
v 0.655673 0.0152495 0.625161
v 0.653071 0.0279548 0.607398
v 0.655673 0.0152495 0.594689
v 0.655673 -0.0152431 0.594689
v 0.655673 -0.0152431 0.609933
v 0.65047 -0.0254072 0.609933
v 0.651832 -0.0171462 0.625161
v 0.640311 -0.0203251 0.630248
v 0.0609048 -0.0304575 0.701417
v -0.304925 -0.0152431 0.670911
v 0.167693 0.0152495 0.701417
v 0.640311 3.24794e-06 0.640422
v 0.65047 -0.00507885 0.635335
v 0.655673 3.24794e-06 0.625161
v 0.647992 -0.0114262 0.6328
v 0.167693 3.24794e-06 0.701417
f 141 142 145
f 141 145 152
f 141 152 168
f 141 168 186
f 141 186 171
f 141 171 158
f 141 158 147
f 141 147 143
f 141 143 144
f 141 144 146
f 141 146 142
f 142 146 145
f 143 147 144
f 144 148 149
f 144 149 150
f 144 150 151
f 144 151 153
f 144 153 146
f 144 147 148
f 145 146 152
f 146 153 169
f 146 169 154
f 146 154 155
f 146 155 156
f 146 156 152
f 147 157 148
f 147 158 172
f 147 172 198
f 147 198 225
f 147 225 247
f 147 247 266
f 147 266 252
f 147 252 227
f 147 227 199
f 147 199 173
f 147 173 159
f 147 159 157
f 148 157 159
f 148 159 149
f 149 159 173
f 149 173 160
f 149 160 150
f 150 160 151
f 151 160 161
f 151 161 169
f 151 169 153
f 152 156 155
f 152 155 162
f 152 162 163
f 152 163 164
f 152 164 165
f 152 165 166
f 152 166 167
f 152 167 183
f 152 183 182
f 152 182 181
f 152 181 180
f 152 180 207
f 152 207 206
f 152 206 234
f 152 234 219
f 152 219 218
f 152 218 217
f 152 217 216
f 152 216 215
f 152 215 210
f 152 210 187
f 152 187 168
f 154 169 170
f 154 170 155
f 155 170 162
f 158 171 172
f 160 174 175
f 160 175 161
f 160 173 174
f 161 175 196
f 161 196 169
f 162 170 176
f 162 176 177
f 162 177 163
f 163 177 164
f 164 177 178
f 164 178 166
f 164 166 165
f 166 179 180
f 166 180 181
f 166 181 182
f 166 182 183
f 166 183 167
f 166 178 184
f 166 184 185
f 166 185 179
f 168 187 188
f 168 188 189
f 168 189 190
f 168 190 191
f 168 191 192
f 168 192 193
f 168 193 194
f 168 194 195
f 168 195 172
f 168 172 186
f 169 196 176
f 169 176 170
f 171 186 172
f 172 195 197
f 172 197 198
f 173 199 200
f 173 200 174
f 174 200 201
f 174 201 175
f 175 201 229
f 175 229 202
f 175 202 196
f 176 196 202
f 176 202 203
f 176 203 177
f 177 203 184
f 177 184 204
f 177 204 178
f 178 204 184
f 179 185 205
f 179 205 206
f 179 206 207
f 179 207 180
f 184 203 202
f 184 202 208
f 184 208 209
f 184 209 185
f 185 209 205
f 187 210 188
f 188 211 212
f 188 212 213
f 188 213 214
f 188 214 189
f 188 210 215
f 188 215 216
f 188 216 217
f 188 217 218
f 188 218 219
f 188 219 220
f 188 220 211
f 189 214 190
f 190 214 191
f 191 214 221
f 191 221 222
f 191 222 223
f 191 223 192
f 192 223 193
f 193 197 195
f 193 195 194
f 193 223 197
f 197 223 198
f 198 223 224
f 198 224 225
f 199 226 200
f 199 227 228
f 199 228 226
f 200 226 201
f 201 226 230
f 201 230 208
f 201 208 229
f 202 229 208
f 205 209 231
f 205 231 236
f 205 236 232
f 205 232 254
f 205 254 233
f 205 233 206
f 206 233 220
f 206 220 234
f 208 230 235
f 208 235 236
f 208 236 231
f 208 231 209
f 211 237 238
f 211 238 239
f 211 239 212
f 211 220 233
f 211 233 237
f 212 239 213
f 213 239 240
f 213 240 214
f 214 240 221
f 219 234 220
f 221 240 241
f 221 241 242
f 221 242 222
f 222 242 223
f 223 242 243
f 223 243 244
f 223 244 224
f 224 244 225
f 225 244 245
f 225 245 246
f 225 246 247
f 226 228 248
f 226 248 249
f 226 249 250
f 226 250 251
f 226 251 236
f 226 236 235
f 226 235 230
f 227 252 248
f 227 248 228
f 232 236 253
f 232 253 254
f 233 254 255
f 233 255 237
f 236 251 250
f 236 250 256
f 236 256 253
f 237 255 238
f 238 255 257
f 238 257 258
f 238 258 239
f 239 258 259
f 239 259 241
f 239 241 240
f 241 259 260
f 241 260 242
f 242 260 243
f 243 260 261
f 243 261 244
f 244 261 262
f 244 262 263
f 244 263 245
f 245 263 246
f 246 263 264
f 246 264 265
f 246 265 266
f 246 266 247
f 248 252 266
f 248 266 249
f 249 266 250
f 250 267 253
f 250 253 256
f 250 266 267
f 253 267 266
f 253 266 254
f 254 266 273
f 254 273 268
f 254 268 255
f 255 269 270
f 255 270 257
f 255 268 273
f 255 273 269
f 257 270 271
f 257 271 258
f 258 271 262
f 258 262 261
f 258 261 260
f 258 260 259
f 262 271 264
f 262 264 263
f 264 271 270
f 264 270 272
f 264 272 265
f 265 272 269
f 265 269 266
f 266 269 273
f 269 272 270
o convex_3
v -0.167729 -0.0457319 0.289732
v -0.167706 -0.0609898 0.289732
v -0.121967 -2.31345e-05 0.426937
v -0.167706 -2.31345e-05 0.289732
v -0.157564 -0.0762153 0.289732
v -0.142295 -0.111795 0.299895
v -0.162647 -0.0711509 0.2948
v -0.10672 -0.137214 0.411693
v -0.121743 -2.31345e-05 0.427409
v -0.121743 0.000431356 0.427409
v -0.15246 0.0457181 0.320219
v -0.164438 0.0152348 0.289732
v -0.141042 -0.0952714 0.289732
v -0.137213 -0.0991021 0.289732
v -0.133407 -0.1029 0.289732
v -0.0711445 -0.147376 0.289732
v -0.127049 -0.142311 0.315138
v -0.132131 -0.13215 0.3253
v -0.101638 -0.147376 0.416775
v -0.0991078 -0.144843 0.423136
v -0.101638 -0.137214 0.421856
v -0.105802 -0.0798837 0.427409
v -0.106496 0.0766884 0.427409
v -0.101638 0.137233 0.421856
v -0.102914 0.14483 0.419322
v -0.148654 0.0533471 0.327848
v -0.140482 0.0914594 0.289732
v -0.0609801 -0.152472 0.289732
v -0.114354 -0.160101 0.327848
v -0.114354 -0.160101 0.331662
v -0.10672 -0.1639 0.337376
v -0.0914733 -0.152472 0.411693
v -0.0775253 -0.148966 0.427409
v -0.0793835 -0.148382 0.427409
v -0.0859434 -0.141857 0.427409
v -0.0905554 -0.137214 0.427409
v -0.103227 -0.0927717 0.427409
v -0.0905554 0.137233 0.427409
v -0.0965555 0.147394 0.421856
v -0.101638 0.147394 0.411693
v -0.127967 0.117625 0.289732
v -0.137213 0.0990883 0.289732
v -0.10672 0.137233 0.411693
v -0.0914733 -0.16773 0.335463
v -0.101638 -0.162633 0.3253
v -0.0305093 -0.152472 0.289732
v -0.0762267 -0.16773 0.36595
v -0.0609801 -0.152472 0.427409
v -0.0779283 0.148628 0.427409
v -0.0776148 0.148758 0.427409
v -0.0609801 0.152459 0.427409
v -0.0914733 0.152459 0.411693
v -0.0991078 0.14866 0.343091
v -0.101638 0.147394 0.35072
v -0.10672 0.142947 0.289732
v -0.116907 0.132104 0.289732
v -0.0457559 -0.16773 0.35072
v -0.0203449 -0.147376 0.289732
v -0.0286062 -0.1639 0.35072
v -0.0228748 -0.1639 0.373578
v -0.0152626 -0.152472 0.427409
v -1.6028e-05 0.152459 0.427409
v -0.053368 0.163918 0.343091
v -0.0914733 0.152459 0.35072
v -0.0991078 0.14866 0.297347
v -0.0914733 0.14483 0.289732
v -0.0190687 -0.160101 0.358335
v -0.0203449 -0.162633 0.36595
v 0.0203128 -0.111795 0.289732
v 0.00506618 -0.142311 0.427409
v -0.0047848 -0.147246 0.427409
v -1.6028e-05 0.152459 0.381193
v 0.000454131 0.152231 0.427409
v -0.0305093 0.152459 0.304976
v -0.0762267 0.152459 0.304976
v -0.0914733 0.147394 0.2948
v -0.0381214 0.14483 0.289732
v 0.0355594 -0.09657 0.289732
v 0.050806 -0.0813121 0.289732
v 0.00506618 -0.142311 0.426937
v 0.0101484 -0.13215 0.427409
v 0.050806 -0.0813121 0.320219
v 0.0609928 -0.0609898 0.320219
v 0.0101484 0.147394 0.376112
v 0.0101484 0.147394 0.427409
v -0.0203449 0.147394 0.299895
v -0.0305093 0.147394 0.2948
v -0.0228748 0.14483 0.293533
v -0.025942 0.14181 0.289732
v 0.0609928 -0.0609898 0.289732
v 0.0152306 -0.121957 0.427409
v 0.0609928 0.060976 0.320219
v 0.050806 0.0812983 0.289732
v 0.0203128 0.111814 0.289732
v 0.0150067 0.137688 0.427409
v 0.050806 0.0812983 0.3253
v 0.0609928 0.060976 0.289732
v 0.0152306 0.137233 0.427409
v 0.0533583 0.0762339 0.289732
f 274 275 276
f 274 276 277
f 274 277 285
f 274 285 300
f 274 300 315
f 274 315 314
f 274 314 329
f 274 329 328
f 274 328 339
f 274 339 350
f 274 350 362
f 274 362 367
f 274 367 366
f 274 366 372
f 274 372 370
f 274 370 363
f 274 363 352
f 274 352 351
f 274 351 342
f 274 342 331
f 274 331 319
f 274 319 301
f 274 301 289
f 274 289 288
f 274 288 287
f 274 287 286
f 274 286 278
f 274 278 275
f 275 278 279
f 275 279 280
f 275 280 281
f 275 281 276
f 276 282 283
f 276 283 284
f 276 284 277
f 276 281 282
f 277 284 285
f 278 286 279
f 279 286 287
f 279 287 288
f 279 288 289
f 279 289 290
f 279 290 280
f 280 290 291
f 280 291 292
f 280 292 281
f 281 292 293
f 281 293 294
f 281 294 282
f 282 294 293
f 282 293 295
f 282 295 310
f 282 310 309
f 282 309 308
f 282 308 307
f 282 307 306
f 282 306 321
f 282 321 334
f 282 334 344
f 282 344 343
f 282 343 354
f 282 354 364
f 282 364 371
f 282 371 368
f 282 368 358
f 282 358 346
f 282 346 335
f 282 335 324
f 282 324 323
f 282 323 322
f 282 322 311
f 282 311 296
f 282 296 283
f 283 296 297
f 283 297 298
f 283 298 299
f 283 299 284
f 284 299 300
f 284 300 285
f 289 301 290
f 290 301 302
f 290 302 303
f 290 303 291
f 291 303 292
f 292 303 304
f 292 304 305
f 292 305 306
f 292 306 293
f 293 306 307
f 293 307 308
f 293 308 309
f 293 309 310
f 293 310 295
f 296 311 297
f 297 311 298
f 298 311 312
f 298 312 313
f 298 313 314
f 298 314 315
f 298 315 300
f 298 300 316
f 298 316 299
f 299 316 300
f 301 317 318
f 301 318 302
f 301 319 317
f 302 318 317
f 302 317 304
f 302 304 303
f 304 317 320
f 304 320 305
f 305 320 321
f 305 321 306
f 311 322 312
f 312 322 323
f 312 323 324
f 312 324 325
f 312 325 313
f 313 325 326
f 313 326 338
f 313 338 327
f 313 327 328
f 313 328 329
f 313 329 314
f 317 330 320
f 317 319 330
f 319 331 332
f 319 332 330
f 320 330 333
f 320 333 334
f 320 334 321
f 324 335 336
f 324 336 325
f 325 336 337
f 325 337 338
f 325 338 326
f 327 338 328
f 328 338 339
f 330 332 333
f 331 340 341
f 331 341 332
f 331 342 340
f 332 341 333
f 333 341 343
f 333 343 344
f 333 344 334
f 335 345 336
f 335 346 345
f 336 345 347
f 336 347 348
f 336 348 338
f 336 338 337
f 338 348 349
f 338 349 339
f 339 349 360
f 339 360 350
f 340 342 341
f 341 342 351
f 341 351 352
f 341 352 353
f 341 353 343
f 343 353 352
f 343 352 355
f 343 355 356
f 343 356 354
f 345 346 357
f 345 357 359
f 345 359 347
f 346 358 357
f 347 359 360
f 347 360 349
f 347 349 348
f 350 360 361
f 350 361 362
f 352 363 356
f 352 356 355
f 354 356 364
f 356 363 370
f 356 370 365
f 356 365 371
f 356 371 364
f 357 366 367
f 357 367 359
f 357 358 369
f 357 369 366
f 358 368 369
f 359 361 360
f 359 367 361
f 361 367 362
f 365 370 372
f 365 372 369
f 365 369 371
f 366 369 372
f 368 371 369
o convex_4
v -0.107803 0.145022 0.0830381
v 0.0610148 0.137234 0.121989
v -0.11006 0.145022 0.0784852
v 0.0610148 0.13214 0.111839
v 0.0686177 0.129608 0.110565
v 0.0711698 0.13214 0.116914
v 0.175353 0.114357 0.156304
v 0.177878 0.116889 0.162653
v 0.167723 0.121982 0.167749
v 0.0610148 0.137234 0.243959
v -0.0380909 0.144859 0.289698
v -0.133507 0.145022 0.232451
v -0.191668 0.145022 0.243959
v -0.0915025 0.14485 0.289698
v -0.106746 0.142941 0.289698
v -0.233797 0.132149 0.25413
v -0.22871 0.121974 0.259205
v -0.238884 0.121974 0.25413
v -0.240156 0.129609 0.251582
v -0.238884 0.132149 0.243959
v -0.22871 0.137229 0.243959
v -0.195214 0.145022 0.242184
v -0.201949 0.145022 0.228713
v -0.22871 0.137229 0.19822
v -0.238884 0.132149 0.19822
v -0.243971 0.121974 0.19822
v -0.238884 0.127055 0.188049
v -0.236341 0.133412 0.190597
v -0.121326 0.145022 0.0779421
v -0.197489 0.145022 0.19893
v -0.201949 0.145022 0.213467
v -0.108716 0.139425 0.0763549
v -0.123368 0.139167 0.0763549
v -0.123512 0.138851 0.0763549
v -0.127273 0.121974 0.0763549
v -0.129566 0.0305009 0.0763549
v 0.0299318 0.106149 0.0763549
v 0.175353 0.0838543 0.125811
v 0.182956 0.0609774 0.116287
v 0.190586 0.0838543 0.133434
v 0.167723 0.0965443 0.13216
v 0.167723 0.111796 0.147407
v 0.190586 0.0991056 0.148681
v 0.205845 0.0838543 0.148681
v 0.18806 0.111796 0.172824
v 0.203293 0.0965443 0.172824
v 0.18806 0.111796 0.218542
v 0.167723 0.121982 0.213467
v 0.172801 0.111796 0.233788
v 0.190586 0.0991056 0.236336
v 0.205845 0.0838543 0.236336
v 0.18806 0.0813222 0.249034
v -0.0258941 0.141803 0.289698
v 0.0203409 0.111796 0.289698
v 0.182956 0.0609774 0.259205
v 0.203293 0.0660709 0.249034
v 0.213475 0.0609774 0.228713
v 0.213475 0.0762287 0.213467
v 0.213475 -0.0609745 0.228713
v 0.203293 -0.055881 0.249034
v 0.20837 -0.0660679 0.238884
v 0.205845 -0.0800385 0.236336
v 0.20966 -0.0781467 0.228713
v 0.213475 -0.091477 0.19822
v 0.20966 -0.0933688 0.213467
v 0.20837 -0.101635 0.19822
v 0.205845 -0.102915 0.205844
v 0.205845 -0.0952898 0.22109
v 0.190586 -0.0952898 0.236336
v 0.193138 -0.0660679 0.25413
v 0.182956 -0.0609745 0.259205
v -0.0203062 -0.147389 0.289698
v 0.190586 -0.0724129 0.251582
v 0.182956 -0.0813192 0.249034
v 0.167723 -0.111793 0.233788
v 0.175353 -0.118167 0.22109
v 0.167723 -0.12198 0.167749
v 0.20837 -0.101635 0.167749
v 0.20966 -0.0991026 0.160126
v 0.213475 -0.091477 0.167749
v 0.213475 0.0762287 0.167749
v 0.203293 0.0965443 0.218542
v 0.20837 0.0863865 0.162653
v 0.20966 0.0762287 0.150581
v 0.213475 0.0457262 0.137235
v 0.20966 0.0609774 0.135335
v 0.205845 0.0686031 0.133434
v 0.205845 0.0533518 0.125811
v 0.20837 0.0457262 0.127085
v 0.20966 -0.0533488 0.129612
v 0.20837 -0.0457232 0.127085
v 0.18806 -0.0609745 0.116914
v 0.167723 0.0457262 0.106743
v 0.167723 -0.0609745 0.106743
v 0.179141 -0.0686001 0.114366
v 0.172801 -0.0711323 0.111839
v 0.186771 -0.0838514 0.129612
v 0.20203 -0.0686001 0.129612
v 0.203293 -0.101635 0.157578
v 0.186771 -0.0991026 0.144859
v 0.0660923 -0.132137 0.111839
v 0.172801 -0.116886 0.157578
v 0.0610148 -0.137231 0.121989
v -0.111797 -0.152724 0.0814091
v -0.106871 -0.152724 0.0912669
v -0.0304881 -0.152482 0.274452
v 0.167723 -0.12198 0.213467
v -0.0304881 -0.152482 0.289698
v -0.152368 -0.152724 0.244084
v -0.0609801 -0.152482 0.289698
v -0.133435 -0.102912 0.289698
v -0.0711722 -0.147398 0.289698
v -0.236341 -0.129601 0.255404
v -0.141048 -0.0952935 0.289698
v -0.157563 -0.0762388 0.289698
v -0.167719 -0.0610009 0.289698
v -0.167719 4.96989e-06 0.289698
v -0.164441 0.0152601 0.289698
v -0.14051 0.0914784 0.289698
v -0.137232 0.0990988 0.289698
v -0.127972 0.117626 0.289698
v -0.11692 0.132149 0.289698
v 0.0610148 0.0609774 0.289698
v 0.0508329 0.0813222 0.289698
v 0.0610148 -0.0609745 0.289698
v 0.0508329 -0.0813192 0.289698
v 0.0203409 -0.111793 0.289698
v -0.238884 -0.121982 0.25413
v -0.243971 -0.121982 0.243959
v -0.238884 -0.132145 0.249034
v -0.193208 -0.152724 0.238988
v -0.183249 -0.152724 0.243959
v -0.194981 -0.152724 0.201437
v -0.115845 -0.152724 0.0823907
v -0.123745 -0.135592 0.0763549
v -0.236341 -0.129601 0.190597
v -0.22871 -0.13722 0.19822
v -0.238884 -0.132145 0.203296
v -0.198331 -0.152724 0.213467
v -0.198331 -0.152724 0.228713
v -0.243971 -0.121982 0.19822
v -0.238884 -0.116893 0.188049
v -0.123888 -0.135341 0.0763549
v -0.125106 -0.121982 0.0763549
v -0.129566 -0.0227139 0.0763549
v -0.243971 0.121974 0.243959
v 0.0760324 -0.0151334 0.0763549
v 0.0756832 0.0451732 0.0763549
v 0.0760324 0.0302421 0.0763549
v 0.0604238 0.0756466 0.0763549
v 0.175353 0.0533518 0.110565
v 0.0757907 -0.0304137 0.0763549
v 0.0605581 -0.0609162 0.0763549
v 0.0305228 -0.0909531 0.0763549
v 3.91948e-06 -0.106204 0.0763549
v -0.108358 -0.136081 0.0763549
v 0.213475 -0.0457232 0.137235
f 374 375 373
f 376 375 374
f 376 377 375
f 376 374 377
f 378 377 374
f 378 379 377
f 378 380 379
f 378 374 380
f 374 381 380
f 374 382 381
f 374 383 382
f 374 373 383
f 384 383 373
f 385 383 384
f 385 386 383
f 385 387 386
f 388 387 385
f 388 389 387
f 388 390 389
f 388 391 390
f 388 392 391
f 388 393 392
f 388 394 393
f 388 385 394
f 385 384 394
f 394 384 395
f 393 394 395
f 393 395 396
f 393 396 392
f 397 392 396
f 397 391 392
f 397 398 391
f 397 399 398
f 397 400 399
f 397 396 400
f 396 401 400
f 396 402 401
f 403 402 396
f 403 395 402
f 403 396 395
f 402 395 401
f 373 401 395
f 375 401 373
f 404 401 375
f 405 401 404
f 405 399 401
f 405 406 399
f 405 404 406
f 406 404 407
f 406 407 399
f 407 408 399
f 407 404 408
f 404 409 408
f 404 375 409
f 375 377 409
f 410 409 377
f 410 411 409
f 410 412 411
f 410 413 412
f 410 377 413
f 413 377 414
f 415 413 414
f 415 412 413
f 415 416 412
f 417 416 415
f 417 418 416
f 417 419 418
f 417 381 419
f 417 380 381
f 417 415 380
f 415 379 380
f 415 414 379
f 379 414 377
f 419 381 420
f 419 420 421
f 422 419 421
f 422 423 419
f 422 424 423
f 422 425 424
f 422 421 425
f 425 421 420
f 425 420 383
f 425 383 426
f 425 426 424
f 424 426 427
f 424 427 428
f 423 424 428
f 429 423 428
f 429 430 423
f 429 431 430
f 429 428 431
f 432 431 428
f 432 433 431
f 434 433 432
f 435 433 434
f 435 431 433
f 435 436 431
f 437 436 435
f 437 438 436
f 437 439 438
f 437 440 439
f 437 435 440
f 435 434 440
f 434 441 440
f 434 442 441
f 434 432 442
f 432 428 442
f 442 428 427
f 442 427 443
f 442 443 444
f 442 444 445
f 441 442 445
f 446 441 445
f 446 444 441
f 446 445 444
f 441 444 447
f 441 447 448
f 440 441 448
f 439 440 448
f 439 448 449
f 439 449 450
f 439 450 438
f 438 450 451
f 436 438 451
f 436 451 452
f 436 452 431
f 453 431 452
f 430 431 453
f 418 430 453
f 418 454 430
f 418 419 454
f 423 454 419
f 423 430 454
f 455 418 453
f 455 416 418
f 455 456 416
f 455 453 456
f 456 453 457
f 458 456 457
f 458 416 456
f 459 416 458
f 459 412 416
f 459 411 412
f 459 460 411
f 459 458 460
f 458 461 460
f 458 457 461
f 461 457 462
f 461 462 463
f 461 463 460
f 464 460 463
f 464 465 460
f 464 466 465
f 467 466 464
f 467 468 466
f 467 469 468
f 467 470 469
f 467 464 470
f 464 462 470
f 464 463 462
f 470 462 451
f 470 451 469
f 471 469 451
f 471 472 469
f 471 473 472
f 471 474 473
f 471 451 474
f 474 451 449
f 475 474 449
f 475 473 474
f 475 476 473
f 475 477 476
f 475 478 477
f 475 449 478
f 479 478 449
f 480 478 479
f 480 477 478
f 480 481 477
f 480 482 481
f 480 444 482
f 480 447 444
f 480 448 447
f 480 479 448
f 479 449 448
f 482 444 483
f 484 482 483
f 484 485 482
f 484 483 485
f 486 485 483
f 486 487 485
f 486 483 487
f 487 483 488
f 487 488 485
f 489 485 488
f 489 390 485
f 389 390 489
f 389 489 490
f 491 389 490
f 491 492 389
f 491 490 492
f 492 490 387
f 493 492 387
f 493 389 492
f 494 389 493
f 494 387 389
f 494 493 387
f 490 488 387
f 489 488 490
f 387 488 383
f 386 387 383
f 488 444 383
f 483 444 488
f 495 383 444
f 426 383 495
f 496 426 495
f 496 427 426
f 496 495 427
f 427 495 443
f 443 495 497
f 498 443 497
f 499 443 498
f 499 444 443
f 499 498 444
f 498 497 444
f 497 495 444
f 485 390 500
f 485 500 501
f 485 501 502
f 485 502 503
f 485 503 504
f 482 485 504
f 482 504 481
f 481 504 476
f 477 481 476
f 504 503 476
f 505 476 503
f 506 476 505
f 506 507 476
f 506 508 507
f 509 508 506
f 509 510 508
f 509 511 510
f 509 505 511
f 509 506 505
f 511 505 512
f 511 512 510
f 512 502 510
f 512 503 502
f 512 505 503
f 502 501 510
f 513 510 501
f 508 510 513
f 508 513 514
f 515 508 514
f 515 507 508
f 515 516 507
f 515 514 516
f 516 514 517
f 516 517 507
f 517 408 507
f 517 399 408
f 517 514 399
f 513 399 514
f 398 399 513
f 398 513 501
f 518 398 501
f 518 391 398
f 390 391 518
f 390 518 500
f 518 501 500
f 408 409 507
f 409 519 507
f 520 519 409
f 521 519 520
f 521 466 519
f 521 465 466
f 521 520 465
f 522 465 520
f 522 523 465
f 522 409 523
f 522 520 409
f 523 409 411
f 523 411 460
f 523 460 465
f 524 519 466
f 524 525 519
f 524 466 525
f 466 526 525
f 468 526 466
f 468 473 526
f 468 469 473
f 473 469 472
f 473 527 526
f 473 476 527
f 527 476 528
f 527 528 526
f 528 507 526
f 528 476 507
f 526 507 519
f 525 526 519
f 450 449 451
f 451 462 452
f 529 452 462
f 529 457 452
f 529 462 457
f 457 453 452
f 420 382 383
f 420 381 382
f 399 400 401
f 384 373 395
o convex_5
v 0.404076 -0.385017 -0.678544
v 0.274481 -0.3994 -0.589665
v 0.401511 -0.386298 -0.67092
v 0.404076 -0.388834 -0.663295
v 0.416769 -0.391371 -0.665833
v 0.421866 -0.401542 -0.691244
v 0.419301 -0.404079 -0.6976
v 0.411672 -0.401542 -0.696331
v 0.404076 -0.400286 -0.693793
v 0.381189 -0.40664 -0.691244
v 0.37356 -0.400286 -0.678544
v 0.237635 -0.417181 -0.5994
v 0.259223 -0.402872 -0.589665
v 0.285681 -0.400508 -0.589665
v 0.294706 -0.402774 -0.589665
v 0.432027 -0.40664 -0.665833
v 0.432027 -0.40664 -0.681082
v 0.297335 -0.404079 -0.589665
v 0.437091 -0.416787 -0.691244
v 0.434559 -0.419348 -0.6976
v 0.411672 -0.411713 -0.701417
v 0.42693 -0.426958 -0.701417
v 0.396447 -0.409817 -0.6976
v 0.365931 -0.425062 -0.6976
v 0.335448 -0.440306 -0.6976
v 0.327819 -0.43841 -0.693793
v 0.221111 -0.499388 -0.693793
v 0.205853 -0.484143 -0.663295
v 0.144886 -0.545121 -0.693793
v 0.190628 -0.461264 -0.617559
v 0.198256 -0.451733 -0.609935
v 0.185563 -0.451167 -0.589665
v 0.196374 -0.443212 -0.589665
v 0.230331 -0.418461 -0.589665
v 0.424398 -0.41425 -0.658208
v 0.439656 -0.444764 -0.658208
v 0.449817 -0.449837 -0.663295
v 0.447253 -0.437129 -0.665833
v 0.442188 -0.426958 -0.67092
v 0.457446 -0.457447 -0.686168
v 0.309964 -0.416737 -0.589665
v 0.312561 -0.419348 -0.589665
v 0.442188 -0.426958 -0.686168
v 0.452349 -0.4473 -0.691244
v 0.449817 -0.449837 -0.6976
v 0.350706 -0.442202 -0.701417
v 0.442188 -0.457447 -0.701417
v 0.22874 -0.501309 -0.6976
v 0.152483 -0.547017 -0.6976
v 0.142322 -0.559085 -0.696331
v 0.137257 -0.548914 -0.686168
v 0.132161 -0.54384 -0.67092
v 0.190628 -0.453654 -0.60231
v 0.125798 -0.556548 -0.663295
v 0.181992 -0.467692 -0.589665
v 0.42693 -0.426958 -0.655671
v 0.365931 -0.457447 -0.609935
v 0.376092 -0.462545 -0.615021
v 0.449817 -0.461264 -0.663295
v 0.453615 -0.459368 -0.67092
v 0.453615 -0.465081 -0.693793
v 0.452349 -0.457447 -0.696331
v 0.447253 -0.477789 -0.686168
v 0.313892 -0.421959 -0.589665
v 0.243998 -0.503205 -0.701417
v 0.444104 -0.472716 -0.6976
v 0.42693 -0.472716 -0.701417
v 0.167741 -0.548914 -0.701417
v 0.152483 -0.564183 -0.701417
v 0.142322 -0.574329 -0.696331
v 0.134693 -0.566719 -0.688706
v 0.129628 -0.552731 -0.678544
v 0.127096 -0.554012 -0.67092
v 0.129628 -0.556548 -0.678544
v 0.132161 -0.569256 -0.675995
v 0.152483 -0.609916 -0.686168
v 0.152483 -0.609916 -0.67092
v 0.15758 -0.620087 -0.665833
v 0.160112 -0.617551 -0.659477
v 0.129628 -0.556548 -0.659477
v 0.182999 -0.472716 -0.589665
v 0.320255 -0.437203 -0.589665
v 0.321488 -0.440528 -0.589665
v 0.318956 -0.453063 -0.589665
v 0.360867 -0.493034 -0.615021
v 0.37356 -0.476509 -0.617559
v 0.434559 -0.476509 -0.663295
v 0.358302 -0.507022 -0.617559
v 0.343077 -0.522242 -0.617559
v 0.428846 -0.48796 -0.6976
v 0.434559 -0.484143 -0.678544
v 0.42693 -0.493674 -0.686168
v 0.419301 -0.499388 -0.693793
v 0.411672 -0.48796 -0.701417
v 0.152483 -0.579427 -0.701417
v 0.147418 -0.599745 -0.691244
v 0.160112 -0.617551 -0.693793
v 0.137257 -0.579427 -0.686168
v 0.15758 -0.620087 -0.681082
v 0.17537 -0.636613 -0.693793
v 0.167741 -0.625161 -0.67092
v 0.167741 -0.620087 -0.660746
v 0.205853 -0.556548 -0.613742
v 0.19316 -0.493034 -0.589665
v 0.187998 -0.482739 -0.589665
v 0.31519 -0.459959 -0.589665
v 0.350706 -0.505101 -0.613742
v 0.343077 -0.529852 -0.632808
v 0.335448 -0.520321 -0.613742
v 0.259223 -0.569256 -0.620097
v 0.266852 -0.57561 -0.632808
v 0.416769 -0.498132 -0.696331
v 0.352589 -0.533669 -0.6976
v 0.335448 -0.533669 -0.701417
v 0.350706 -0.539383 -0.686168
v 0.343077 -0.545121 -0.693793
v 0.167741 -0.609916 -0.701417
v 0.170273 -0.622624 -0.698869
v 0.236369 -0.606099 -0.693793
v 0.243998 -0.600385 -0.686168
v 0.182999 -0.630874 -0.686168
v 0.17537 -0.621343 -0.663295
v 0.184914 -0.625161 -0.6976
v 0.203321 -0.620087 -0.696331
v 0.233837 -0.604843 -0.696331
v 0.213482 -0.559085 -0.615021
v 0.259223 -0.548914 -0.609935
v 0.228675 -0.508303 -0.589665
v 0.213482 -0.505471 -0.589665
v 0.309964 -0.463234 -0.589665
v 0.32019 -0.518425 -0.609935
v 0.289739 -0.533669 -0.609935
v 0.274481 -0.550835 -0.613742
v 0.340512 -0.54384 -0.696331
v 0.22874 -0.594672 -0.701417
v 0.198256 -0.609916 -0.701417
v 0.228935 -0.508229 -0.589665
v 0.25945 -0.49296 -0.589665
v 0.259223 -0.493083 -0.589665
v 0.259028 -0.493182 -0.589665
f 530 531 532
f 530 532 533
f 530 533 534
f 530 534 535
f 530 535 536
f 530 536 537
f 530 537 538
f 530 538 539
f 530 539 540
f 530 540 541
f 530 541 542
f 530 542 531
f 531 543 533
f 531 533 532
f 531 542 563
f 531 563 562
f 531 562 561
f 531 561 584
f 531 584 610
f 531 610 634
f 531 634 633
f 531 633 658
f 531 658 657
f 531 657 666
f 531 666 669
f 531 669 668
f 531 668 667
f 531 667 659
f 531 659 635
f 531 635 613
f 531 613 612
f 531 612 611
f 531 611 593
f 531 593 571
f 531 571 570
f 531 570 547
f 531 547 544
f 531 544 543
f 533 543 544
f 533 544 534
f 534 545 546
f 534 546 535
f 534 544 547
f 534 547 545
f 535 546 548
f 535 548 549
f 535 549 536
f 536 550 537
f 536 549 551
f 536 551 550
f 537 550 552
f 537 552 538
f 538 552 539
f 539 552 553
f 539 553 554
f 539 554 555
f 539 555 540
f 540 555 556
f 540 556 557
f 540 557 541
f 541 557 558
f 541 558 559
f 541 559 560
f 541 560 561
f 541 561 562
f 541 562 563
f 541 563 542
f 545 564 565
f 545 565 566
f 545 566 567
f 545 567 568
f 545 568 569
f 545 569 546
f 545 547 570
f 545 570 571
f 545 571 564
f 546 569 572
f 546 572 548
f 548 572 569
f 548 569 573
f 548 573 574
f 548 574 549
f 549 574 576
f 549 576 551
f 550 551 576
f 550 576 596
f 550 596 623
f 550 623 643
f 550 643 664
f 550 664 665
f 550 665 646
f 550 646 624
f 550 624 598
f 550 598 597
f 550 597 594
f 550 594 575
f 550 575 554
f 550 554 553
f 550 553 552
f 554 575 594
f 554 594 577
f 554 577 556
f 554 556 555
f 556 577 578
f 556 578 558
f 556 558 557
f 558 578 579
f 558 579 580
f 558 580 581
f 558 581 559
f 559 581 561
f 559 561 582
f 559 582 560
f 560 582 561
f 561 581 583
f 561 583 584
f 564 585 565
f 564 571 585
f 565 585 586
f 565 586 566
f 566 586 587
f 566 587 588
f 566 588 589
f 566 589 569
f 566 569 567
f 567 569 568
f 569 590 591
f 569 591 574
f 569 574 573
f 569 589 592
f 569 592 590
f 571 593 586
f 571 586 585
f 574 591 576
f 576 591 595
f 576 595 596
f 577 594 597
f 577 597 578
f 578 597 598
f 578 598 579
f 579 598 624
f 579 624 599
f 579 599 600
f 579 600 601
f 579 601 580
f 580 601 581
f 581 601 602
f 581 602 583
f 583 602 603
f 583 603 600
f 583 600 604
f 583 604 605
f 583 605 606
f 583 606 607
f 583 607 608
f 583 608 609
f 583 609 584
f 584 609 610
f 586 593 611
f 586 611 612
f 586 612 613
f 586 613 587
f 587 614 615
f 587 615 588
f 587 613 614
f 588 616 592
f 588 592 589
f 588 615 617
f 588 617 618
f 588 618 616
f 590 592 595
f 590 595 591
f 592 619 595
f 592 616 620
f 592 620 621
f 592 621 622
f 592 622 619
f 595 619 623
f 595 623 596
f 599 625 600
f 599 624 626
f 599 626 625
f 600 627 604
f 600 603 601
f 600 625 627
f 601 603 602
f 604 627 605
f 605 626 628
f 605 628 607
f 605 607 606
f 605 627 625
f 605 625 626
f 607 629 630
f 607 630 608
f 607 628 629
f 608 630 631
f 608 631 632
f 608 632 633
f 608 633 634
f 608 634 609
f 609 634 610
f 613 635 614
f 614 636 617
f 614 617 615
f 614 635 636
f 616 618 620
f 617 636 618
f 618 637 621
f 618 621 620
f 618 636 638
f 618 638 639
f 618 639 640
f 618 640 637
f 619 622 641
f 619 641 663
f 619 663 642
f 619 642 643
f 619 643 623
f 621 644 645
f 621 645 622
f 621 637 640
f 621 640 644
f 622 645 641
f 624 646 626
f 626 646 647
f 626 647 629
f 626 629 628
f 629 648 649
f 629 649 640
f 629 640 650
f 629 650 651
f 629 651 631
f 629 631 630
f 629 647 652
f 629 652 653
f 629 653 654
f 629 654 648
f 631 651 639
f 631 639 655
f 631 655 632
f 632 655 639
f 632 639 656
f 632 656 657
f 632 657 658
f 632 658 633
f 635 659 660
f 635 660 638
f 635 638 636
f 638 660 661
f 638 661 662
f 638 662 639
f 639 662 656
f 639 651 640
f 640 651 650
f 640 649 644
f 641 645 663
f 642 663 643
f 643 663 654
f 643 654 664
f 644 649 645
f 645 649 648
f 645 648 654
f 645 654 663
f 646 665 647
f 647 665 652
f 652 665 653
f 653 665 654
f 654 665 664
f 656 666 657
f 656 662 661
f 656 661 666
f 659 667 660
f 660 667 668
f 660 668 669
f 660 669 661
f 661 669 666
o convex_6
v -0.270242 -0.102703 -0.0700039
v -0.270127 -0.102924 -0.0700039
v -0.238869 -0.13214 -0.0101624
v -0.243956 -0.121977 -0.015234
v -0.270242 -0.100792 -0.069044
v -0.270242 0.102695 -0.0700039
v -0.259214 -0.107272 -0.0700039
v -0.236326 -0.129592 -0.0533566
v -0.22872 -0.137208 -0.0457349
v -0.238869 -0.13214 -0.040649
v -0.22872 -0.137208 -0.015234
v -0.22872 -0.133414 0.00191477
v -0.236326 -0.129592 -0.00380148
v -0.233783 -0.121977 0.0050809
v -0.270242 -0.0914871 -0.0664939
v -0.270242 0.0992616 -0.0682847
v -0.240141 0.129585 -0.0076123
v -0.270127 0.102917 -0.0700039
v -0.252117 -0.10982 -0.0700039
v -0.223634 -0.13214 -0.0559067
v -0.0340544 -0.138731 -0.0625111
v -0.0340544 -0.14078 -0.0584424
v -0.0340544 -0.143079 -0.0515801
v -0.0340544 -0.143079 -0.0493022
v -0.213461 -0.137208 9.35154e-06
v -0.123758 -0.135574 0.0763548
v -0.22109 -0.129592 0.0114275
v -0.123896 -0.135325 0.0763548
v -0.142323 -0.121977 0.0660685
v -0.129561 -0.0226979 0.0763548
v -0.233783 0.12197 0.0050809
v -0.270242 0.0914799 -0.0664939
v -0.230616 0.133407 9.35154e-06
v -0.238869 0.132133 -0.015234
v -0.251839 0.111308 -0.0700039
v -0.238869 0.132133 -0.0457349
v -0.236326 0.133407 -0.0533566
v -0.244349 -0.111426 -0.0700039
v -0.241644 -0.111814 -0.0700039
v -0.229876 -0.111814 -0.0700039
v -0.226292 -0.110872 -0.0700039
v -0.0340544 -0.123445 -0.0639151
v -0.122001 -0.137208 0.0609826
v -0.0340544 -0.137208 0.0609826
v -0.10836 -0.136073 0.0763548
v -0.125099 -0.121977 0.0763548
v -0.129561 0.0304724 0.0763548
v -0.127272 0.12197 0.0763548
v -0.123503 0.138835 0.0763548
v -0.123365 0.139167 0.0763548
v -0.224905 0.129585 0.00761668
v -0.213461 0.137229 9.35154e-06
v -0.22872 0.137229 -0.015234
v -0.22872 0.132133 -0.0559067
v -0.0340544 0.135428 -0.0619954
v -0.239447 0.11189 -0.0700039
v -0.22872 0.137229 -0.0457349
v -0.0376148 -0.0439938 -0.0700039
v -0.0363432 -0.0397844 -0.0700039
v -0.0360427 -0.0387875 -0.0700039
v -0.0340544 -0.0320581 -0.0700039
v -0.0340544 -0.133331 0.0687762
v -0.0340544 -0.13214 0.0711544
v -0.0340544 -0.121977 0.0762402
v -0.0340544 -0.105306 0.0763548
v -0.10873 0.139416 0.0763548
v -0.0340544 0.119644 -0.0633278
v -0.0349098 0.0446235 -0.0700039
v -0.212259 0.107929 -0.0700039
v -0.22479 0.111806 -0.0700039
v -0.0340544 0.139832 -0.0457349
v -0.0340544 0.0336294 -0.0700039
v -0.0340544 0.106489 0.0763548
v -0.0340544 0.132133 0.0711544
v -0.0340544 0.137229 0.0609826
v -0.0340544 0.12197 0.0762402
v -0.0340544 0.044845 -0.0693735
f 670 671 672
f 670 672 673
f 670 673 674
f 670 674 684
f 670 684 701
f 670 701 685
f 670 685 675
f 670 675 687
f 670 687 704
f 670 704 725
f 670 725 739
f 670 739 738
f 670 738 737
f 670 737 741
f 670 741 730
f 670 730 729
f 670 729 728
f 670 728 727
f 670 727 710
f 670 710 709
f 670 709 708
f 670 708 707
f 670 707 688
f 670 688 676
f 670 676 671
f 671 676 677
f 671 677 678
f 671 678 679
f 671 679 672
f 672 679 678
f 672 678 680
f 672 680 681
f 672 681 682
f 672 682 673
f 673 682 683
f 673 683 684
f 673 684 674
f 675 685 686
f 675 686 687
f 676 688 689
f 676 689 677
f 677 689 678
f 678 690 691
f 678 691 692
f 678 692 693
f 678 693 680
f 678 689 690
f 680 693 694
f 680 694 681
f 681 694 695
f 681 695 696
f 681 696 683
f 681 683 682
f 683 696 697
f 683 697 698
f 683 698 699
f 683 699 716
f 683 716 700
f 683 700 701
f 683 701 684
f 685 701 686
f 686 700 702
f 686 702 703
f 686 703 687
f 686 701 700
f 687 703 705
f 687 705 706
f 687 706 704
f 688 707 689
f 689 707 708
f 689 708 690
f 690 708 709
f 690 709 710
f 690 710 711
f 690 711 730
f 690 730 741
f 690 741 746
f 690 746 736
f 690 736 724
f 690 724 740
f 690 740 744
f 690 744 743
f 690 743 745
f 690 745 742
f 690 742 734
f 690 734 733
f 690 733 732
f 690 732 731
f 690 731 713
f 690 713 693
f 690 693 692
f 690 692 691
f 693 712 694
f 693 713 712
f 694 712 695
f 695 697 696
f 695 712 714
f 695 714 734
f 695 734 742
f 695 742 735
f 695 735 719
f 695 719 718
f 695 718 717
f 695 717 716
f 695 716 699
f 695 699 715
f 695 715 697
f 697 715 698
f 698 715 699
f 700 716 717
f 700 717 718
f 700 718 719
f 700 719 720
f 700 720 702
f 702 719 721
f 702 721 722
f 702 722 703
f 702 720 719
f 703 722 726
f 703 726 705
f 704 723 724
f 704 724 725
f 704 706 723
f 705 726 706
f 706 726 724
f 706 724 723
f 710 727 711
f 711 727 728
f 711 728 729
f 711 729 730
f 712 713 714
f 713 731 714
f 714 731 732
f 714 732 733
f 714 733 734
f 719 735 726
f 719 726 722
f 719 722 721
f 724 736 737
f 724 737 738
f 724 738 739
f 724 739 725
f 724 726 740
f 726 735 740
f 735 743 744
f 735 744 740
f 735 742 745
f 735 745 743
f 736 746 737
f 737 746 741
o convex_7
v -0.270242 -0.108827 -0.108844
v -0.264301 -0.111812 -0.111819
v -0.270242 -0.108827 -0.0936028
v -0.270242 -0.105412 -0.11913
v -0.243956 -0.121986 -0.106732
v -0.264301 -0.111812 -0.0965773
v -0.270242 -0.107776 -0.0877985
v -0.254128 -0.116899 -0.0864099
v -0.270242 -0.103096 -0.121611
v -0.233783 -0.111812 -0.127066
v -0.167708 -0.121986 -0.106732
v -0.243956 -0.121986 -0.0914903
v -0.270242 -0.10503 -0.0753936
v -0.252117 -0.10983 -0.0700104
v -0.259214 -0.107275 -0.0700104
v -0.270127 -0.102904 -0.0700104
v -0.270242 -0.102904 -0.0701157
v -0.270242 -0.0914892 -0.128777
v -0.162645 -0.116899 -0.116899
v -0.22872 -0.0914892 -0.137234
v -0.223634 -0.101639 -0.132147
v -0.167708 -0.121986 -0.0914903
v -0.147409 -0.111812 -0.106732
v -0.241644 -0.111812 -0.0700104
v -0.244349 -0.11143 -0.0700104
v -0.270242 -0.102713 -0.0700104
v -0.270242 0.0914892 -0.128777
v -0.167708 -0.106725 -0.121979
v -0.150576 -0.106725 -0.118169
v -0.156287 -0.114344 -0.114359
v -0.122001 -0.0304964 -0.137234
v -0.22872 0.0914892 -0.137234
v -0.147409 -0.111812 -0.0914903
v -0.160101 -0.118165 -0.0838697
v -0.229876 -0.111812 -0.0700104
v -0.0376148 -0.0439893 -0.0700104
v -0.270242 0.102713 -0.0700104
v -0.270242 0.104505 -0.122302
v -0.116914 -0.040646 -0.132147
v -0.135341 -0.0914892 -0.118169
v -0.101656 -0.0304964 -0.127066
v -0.110557 -0.0381145 -0.129607
v -0.122001 0.0304964 -0.137234
v -0.22872 0.111812 -0.127066
v -0.22109 0.0991074 -0.133417
v -0.144866 0.114344 -0.118169
v -0.152472 0.106725 -0.121979
v -0.152472 -0.108636 -0.0800594
v -0.167708 -0.116899 -0.0813295
v -0.226292 -0.110881 -0.0700104
v -0.0590927 -0.0419117 -0.0914903
v -0.0559254 -0.0304964 -0.0965773
v -0.0406665 -0.0304964 -0.0813295
v -0.0360427 -0.0388071 -0.0700104
v -0.167708 -0.106725 -0.0762425
v -0.270127 0.102904 -0.0700104
v -0.270242 0.102904 -0.0701157
v -0.270242 0.106606 -0.116761
v -0.251585 0.118165 -0.114359
v -0.0648263 -0.0381145 -0.0991175
v -0.101656 0.0304964 -0.127066
v -0.114371 0.0381145 -0.133417
v -0.243956 0.116899 -0.116899
v -0.152472 0.116899 -0.116899
v -0.142323 0.116899 -0.111819
v -0.0349098 0.0446341 -0.0700104
v -0.0686179 0.0381145 -0.102928
v -0.0559254 0.0304964 -0.0965773
v -0.0340544 -0.0304964 -0.0703987
v -0.0340544 -0.0320487 -0.0700104
v -0.0406665 0.0304964 -0.0813295
v -0.251839 0.111311 -0.0700104
v -0.270242 0.105364 -0.0762425
v -0.270242 0.108827 -0.106732
v -0.243956 0.121986 -0.106732
v -0.264301 0.111812 -0.106732
v -0.152472 0.121986 -0.106732
v -0.142323 0.116899 -0.0965773
v -0.0340544 0.0336249 -0.0700104
v -0.152472 0.121986 -0.0914903
v -0.144866 0.114344 -0.0838697
v -0.157558 0.116899 -0.0813295
v -0.152472 0.106725 -0.0762425
v -0.212259 0.10792 -0.0700104
v -0.0340544 0.0304964 -0.0703987
v -0.239447 0.111884 -0.0700104
v -0.249042 0.116899 -0.0813295
v -0.270242 0.108827 -0.0914903
v -0.243956 0.121986 -0.0914903
v -0.264301 0.111812 -0.0914903
v -0.22479 0.111812 -0.0700104
f 747 748 752
f 747 752 749
f 747 749 753
f 747 753 759
f 747 759 763
f 747 763 772
f 747 772 783
f 747 783 803
f 747 803 819
f 747 819 834
f 747 834 820
f 747 820 804
f 747 804 784
f 747 784 773
f 747 773 764
f 747 764 755
f 747 755 750
f 747 750 748
f 748 751 758
f 748 758 754
f 748 754 752
f 748 750 751
f 749 752 754
f 749 754 753
f 750 755 756
f 750 756 751
f 751 757 768
f 751 768 758
f 751 756 765
f 751 765 757
f 753 754 759
f 754 758 760
f 754 760 761
f 754 761 762
f 754 762 763
f 754 763 759
f 755 764 756
f 756 764 766
f 756 766 767
f 756 767 765
f 757 765 769
f 757 769 779
f 757 779 768
f 758 768 781
f 758 781 770
f 758 770 771
f 758 771 760
f 760 771 770
f 760 770 781
f 760 781 796
f 760 796 782
f 760 782 800
f 760 800 816
f 760 816 825
f 760 825 812
f 760 812 830
f 760 830 837
f 760 837 832
f 760 832 818
f 760 818 802
f 760 802 783
f 760 783 772
f 760 772 762
f 760 762 761
f 762 772 763
f 764 773 778
f 764 778 766
f 765 767 766
f 765 766 774
f 765 774 775
f 765 775 776
f 765 776 769
f 766 777 774
f 766 778 789
f 766 789 777
f 768 779 780
f 768 780 781
f 769 776 782
f 769 782 779
f 773 784 778
f 774 777 775
f 775 777 785
f 775 785 786
f 775 786 782
f 775 782 776
f 777 787 788
f 777 788 785
f 777 789 807
f 777 807 787
f 778 784 790
f 778 790 791
f 778 791 792
f 778 792 793
f 778 793 789
f 779 782 780
f 780 782 794
f 780 794 795
f 780 795 781
f 781 795 796
f 782 786 797
f 782 797 798
f 782 798 799
f 782 799 800
f 782 796 801
f 782 801 794
f 783 802 803
f 784 804 805
f 784 805 790
f 785 788 786
f 786 788 806
f 786 806 797
f 787 798 806
f 787 806 788
f 787 807 814
f 787 814 798
f 789 793 792
f 789 792 808
f 789 808 807
f 790 805 809
f 790 809 821
f 790 821 823
f 790 823 810
f 790 810 792
f 790 792 791
f 792 810 811
f 792 811 812
f 792 812 813
f 792 813 808
f 794 801 795
f 795 801 796
f 797 806 798
f 798 814 817
f 798 817 799
f 799 815 816
f 799 816 800
f 799 817 831
f 799 831 815
f 802 818 803
f 803 818 819
f 804 820 805
f 805 821 809
f 805 820 822
f 805 822 821
f 807 808 813
f 807 813 814
f 810 823 811
f 811 823 826
f 811 826 824
f 811 824 812
f 812 825 817
f 812 817 814
f 812 814 813
f 812 824 826
f 812 826 827
f 812 827 828
f 812 828 829
f 812 829 830
f 815 831 825
f 815 825 816
f 817 825 831
f 818 832 833
f 818 833 819
f 819 833 835
f 819 835 836
f 819 836 834
f 820 834 836
f 820 836 822
f 821 822 836
f 821 836 835
f 821 835 826
f 821 826 823
f 826 835 832
f 826 832 837
f 826 837 828
f 826 828 827
f 828 837 829
f 829 837 830
f 832 835 833
o convex_8
v -0.270272 0.0914827 -0.0665042
v -0.270272 -0.0914827 -0.0665042
v -0.270272 0.0992607 -0.0683143
v -0.310062 0.0914827 -0.0864154
v -0.297359 -0.0991116 -0.0800579
v -0.270272 -0.100795 -0.0690649
v -0.270272 0.102905 -0.0701244
v -0.294824 0.101647 -0.0813382
v -0.301161 0.0991116 -0.0838989
v -0.306879 0.102905 -0.0914925
v -0.316429 0.0991116 -0.0991302
v -0.341187 0.0914827 -0.137275
v -0.340568 0.0762249 -0.132154
v -0.310062 -0.0914827 -0.0864154
v -0.270272 -0.102905 -0.0701244
v -0.304993 -0.102905 -0.0895941
v -0.270272 0.105377 -0.0762611
v -0.289725 0.106719 -0.0914925
v -0.304993 0.106719 -0.106768
v -0.322147 0.102905 -0.121999
v -0.563365 0.0760118 -0.517529
v -0.565075 0.0734973 -0.517529
v -0.56926 0.0609885 -0.513335
v -0.453632 0.0533596 -0.312546
v -0.447265 0.0457307 -0.299875
v -0.340568 -0.0762249 -0.132154
v -0.312597 -0.0991116 -0.0953334
v -0.447265 -0.0457307 -0.299875
v -0.56926 -0.0609885 -0.513335
v -0.270272 -0.105036 -0.0754223
v -0.315132 -0.101647 -0.101691
v -0.304993 -0.106719 -0.106768
v -0.289725 -0.106719 -0.0914925
v -0.270272 0.108829 -0.0914925
v -0.320231 0.106719 -0.137275
v -0.548009 0.0834063 -0.517529
v -0.571353 0.0609885 -0.517529
v -0.570439 -0.0645685 -0.517529
v -0.571353 -0.0609885 -0.517529
v -0.270272 -0.107785 -0.0878281
v -0.564927 -0.0726662 -0.517529
v -0.564161 -0.0731563 -0.517529
v -0.304993 -0.106719 -0.121999
v -0.270272 -0.108829 -0.0936116
v -0.548009 -0.0762249 -0.517529
v -0.270272 0.108829 -0.106768
v -0.304993 0.106719 -0.152506
v -0.530324 0.0795919 -0.517529
v -0.289725 0.106719 -0.137275
v -0.270272 -0.108829 -0.108887
v -0.517503 -0.0762249 -0.517529
v -0.270272 0.106613 -0.11679
v -0.500349 0.0724105 -0.517529
v -0.48794 0.0762249 -0.487905
v -0.48794 0.0724105 -0.505079
v -0.270272 -0.105419 -0.119174
v -0.503178 -0.0762249 -0.50318
v -0.48794 -0.0762249 -0.487905
v -0.486024 -0.0724105 -0.50318
v -0.50138 -0.0726449 -0.517529
v -0.270272 0.104503 -0.122308
v -0.289725 0.102905 -0.154405
v -0.49637 0.0661241 -0.517529
v -0.482841 0.0609885 -0.508258
v -0.279556 0.101647 -0.142352
v -0.477771 0.0711532 -0.492982
v -0.480306 0.068596 -0.499339
v -0.278289 -0.0991116 -0.144868
v -0.270272 -0.103096 -0.121646
v -0.500349 -0.0724105 -0.517529
v -0.482841 -0.0609885 -0.508258
v -0.476504 -0.068596 -0.495543
v -0.270272 0.0914827 -0.128798
v -0.274487 0.0914827 -0.137275
v -0.495102 0.0609885 -0.517529
v -0.312597 0.0838538 -0.209679
v -0.315132 0.0762249 -0.218597
v -0.279556 0.0914827 -0.147429
v -0.284655 0.0914827 -0.157583
v -0.28212 0.0991116 -0.148709
v -0.308795 -0.0838538 -0.205882
v -0.315132 -0.0762249 -0.218597
v -0.279556 -0.0914827 -0.147429
v -0.274487 -0.0914827 -0.137275
v -0.270272 -0.0914827 -0.128798
v -0.500142 -0.071963 -0.517529
v -0.495102 -0.0609885 -0.517529
f 838 839 843
f 838 843 852
f 838 852 867
f 838 867 877
f 838 877 881
f 838 881 887
f 838 887 893
f 838 893 906
f 838 906 922
f 838 922 910
f 838 910 898
f 838 898 889
f 838 889 883
f 838 883 871
f 838 871 854
f 838 854 844
f 838 844 840
f 838 840 841
f 838 841 842
f 838 842 839
f 839 842 843
f 840 844 845
f 840 845 841
f 841 845 846
f 841 846 847
f 841 847 848
f 841 848 849
f 841 849 850
f 841 850 863
f 841 863 851
f 841 851 842
f 842 852 843
f 842 851 853
f 842 853 852
f 844 854 847
f 844 847 845
f 845 847 846
f 847 855 856
f 847 856 857
f 847 857 858
f 847 858 848
f 847 854 855
f 848 858 859
f 848 859 860
f 848 860 849
f 849 860 861
f 849 861 862
f 849 862 850
f 850 862 865
f 850 865 863
f 851 864 853
f 851 863 865
f 851 865 866
f 851 866 864
f 852 853 867
f 853 864 868
f 853 868 869
f 853 869 870
f 853 870 867
f 854 871 855
f 855 871 856
f 856 871 872
f 856 872 857
f 857 872 873
f 857 873 858
f 858 873 885
f 858 885 890
f 858 890 900
f 858 900 912
f 858 912 924
f 858 924 923
f 858 923 907
f 858 907 897
f 858 897 888
f 858 888 882
f 858 882 879
f 858 879 878
f 858 878 875
f 858 875 876
f 858 876 874
f 858 874 859
f 859 874 860
f 860 862 861
f 860 874 876
f 860 876 866
f 860 866 865
f 860 865 862
f 864 866 875
f 864 875 868
f 866 876 875
f 867 870 877
f 868 875 878
f 868 878 879
f 868 879 869
f 869 880 887
f 869 887 881
f 869 881 870
f 869 879 882
f 869 882 880
f 870 881 877
f 871 883 872
f 872 883 884
f 872 884 873
f 873 884 886
f 873 886 885
f 880 882 887
f 882 888 887
f 883 889 886
f 883 886 884
f 885 886 891
f 885 891 892
f 885 892 890
f 886 889 892
f 886 892 891
f 887 888 894
f 887 894 895
f 887 895 896
f 887 896 893
f 888 897 894
f 889 898 899
f 889 899 892
f 890 892 901
f 890 901 900
f 892 899 902
f 892 902 903
f 892 903 904
f 892 904 901
f 893 905 906
f 893 896 905
f 894 897 895
f 895 897 896
f 896 897 907
f 896 907 908
f 896 908 909
f 896 909 905
f 898 910 911
f 898 911 902
f 898 902 899
f 900 901 912
f 901 908 924
f 901 924 912
f 901 904 913
f 901 913 914
f 901 914 919
f 901 919 908
f 902 911 915
f 902 915 916
f 902 916 917
f 902 917 904
f 902 904 903
f 904 917 913
f 905 918 919
f 905 919 920
f 905 920 921
f 905 921 922
f 905 922 906
f 905 909 918
f 907 923 908
f 908 923 924
f 908 919 918
f 908 918 909
f 910 922 921
f 910 921 911
f 911 921 920
f 911 920 915
f 913 917 914
f 914 917 916
f 914 916 915
f 914 915 920
f 914 920 919
o convex_9
v -0.548029 0.0833935 -0.517547
v -0.530333 0.0795963 -0.517547
v -0.526073 0.0838591 -0.526079
v -0.625167 0.182978 -0.655661
v -0.630259 0.177892 -0.645491
v -0.568005 0.0838591 -0.526079
v -0.5634 0.0759783 -0.517547
v -0.500377 0.0723961 -0.517547
v -0.609922 0.182978 -0.686153
v -0.640412 0.182978 -0.670907
v -0.642329 0.179145 -0.655661
v -0.636608 0.175348 -0.648047
v -0.645504 0.167718 -0.650585
v -0.565098 0.0735066 -0.517547
v -0.4964 0.0661273 -0.517547
v -0.599753 0.177892 -0.691247
v -0.609922 0.177892 -0.696323
v -0.640412 0.182978 -0.686153
v -0.650581 0.177892 -0.670907
v -0.651854 0.175348 -0.663293
v -0.655673 0.167718 -0.670907
v -0.621363 0.0838591 -0.602309
v -0.614998 0.0762291 -0.589601
v -0.571353 0.0609689 -0.517547
v -0.495127 0.0609689 -0.517547
v -0.518451 0.0762291 -0.564185
v -0.594676 0.167718 -0.686153
v -0.599753 0.167718 -0.696323
v -0.602299 0.175348 -0.697601
v -0.640412 0.177892 -0.696323
v -0.648034 0.179145 -0.693785
v -0.650581 0.177892 -0.686153
v -0.636608 0.0838591 -0.632783
v -0.655673 0.167718 -0.686153
v -0.655673 -0.167718 -0.670907
v -0.630259 -0.0762291 -0.620093
v -0.62009 -0.0762291 -0.599771
v -0.614998 -0.0609689 -0.589601
v -0.571353 -0.0609689 -0.517547
v -0.513359 0.0609689 -0.554033
v -0.523527 0.0762291 -0.574355
v -0.495127 -0.0609689 -0.517547
v -0.533696 0.0762291 -0.594695
v -0.538772 0.0762291 -0.604847
v -0.543865 0.0762291 -0.614999
v -0.589584 0.0914892 -0.691247
v -0.609922 0.167718 -0.701399
v -0.640412 0.167718 -0.701399
v -0.589584 -0.0914892 -0.691247
v -0.599753 -0.167718 -0.696323
v -0.609922 -0.167718 -0.701399
v -0.650581 0.172805 -0.696323
v -0.655673 -0.167718 -0.686153
v -0.650581 -0.177892 -0.665831
v -0.645504 -0.167718 -0.650585
v -0.570473 -0.0645511 -0.517547
v -0.513359 -0.0609689 -0.554033
v -0.537499 -0.0838591 -0.602309
v -0.500157 -0.0719663 -0.517547
v -0.59848 -0.175348 -0.693785
v -0.522254 -0.0838591 -0.571817
v -0.507009 -0.068599 -0.541325
v -0.543865 -0.0762291 -0.614999
v -0.640412 -0.167718 -0.701399
v -0.604845 -0.177892 -0.696323
v -0.650581 -0.162632 -0.696323
v -0.648034 -0.175348 -0.693785
v -0.650581 -0.177892 -0.681077
v -0.640412 -0.182978 -0.670907
v -0.640412 -0.179145 -0.653753
v -0.648034 -0.175348 -0.659477
v -0.632789 -0.175348 -0.644231
v -0.564941 -0.0726469 -0.517547
v -0.500377 -0.0723961 -0.517547
v -0.599753 -0.177892 -0.686153
v -0.609922 -0.182978 -0.686153
v -0.635335 -0.177892 -0.696323
v -0.640412 -0.182978 -0.686153
v -0.625167 -0.182978 -0.655661
v -0.625167 -0.177892 -0.645491
v -0.548029 -0.0762291 -0.517547
v -0.564186 -0.0731484 -0.517547
v -0.501414 -0.0726469 -0.517547
v -0.617544 -0.179145 -0.648047
v -0.602299 -0.179145 -0.678539
v -0.517539 -0.0762291 -0.517547
f 925 926 927
f 925 927 928
f 925 928 929
f 925 929 930
f 925 930 931
f 925 931 938
f 925 938 948
f 925 948 963
f 925 963 980
f 925 980 997
f 925 997 1006
f 925 1006 1005
f 925 1005 1010
f 925 1010 1007
f 925 1007 998
f 925 998 983
f 925 983 966
f 925 966 949
f 925 949 939
f 925 939 932
f 925 932 926
f 926 932 927
f 927 932 928
f 928 933 942
f 928 942 934
f 928 934 935
f 928 935 929
f 928 932 933
f 929 935 936
f 929 936 930
f 930 936 937
f 930 937 938
f 930 938 931
f 932 939 940
f 932 940 933
f 933 940 941
f 933 941 954
f 933 954 942
f 934 942 956
f 934 956 943
f 934 943 935
f 935 943 944
f 935 944 937
f 935 937 936
f 937 944 945
f 937 945 946
f 937 946 947
f 937 947 948
f 937 948 938
f 939 949 950
f 939 950 951
f 939 951 940
f 940 951 952
f 940 952 953
f 940 953 941
f 941 953 954
f 942 954 955
f 942 955 956
f 943 956 958
f 943 958 945
f 943 945 944
f 945 957 946
f 945 958 977
f 945 977 959
f 945 959 957
f 946 957 960
f 946 960 961
f 946 961 962
f 946 962 947
f 947 962 963
f 947 963 948
f 949 964 965
f 949 965 950
f 949 966 981
f 949 981 964
f 950 965 952
f 950 952 951
f 952 965 967
f 952 967 968
f 952 968 969
f 952 969 970
f 952 970 953
f 953 971 972
f 953 972 954
f 953 970 973
f 953 973 974
f 953 974 975
f 953 975 971
f 954 972 976
f 954 976 955
f 955 976 956
f 956 976 958
f 957 959 960
f 958 976 990
f 958 990 977
f 959 977 992
f 959 992 978
f 959 978 979
f 959 979 961
f 959 961 960
f 961 979 962
f 962 979 963
f 963 979 980
f 964 968 967
f 964 967 965
f 964 981 982
f 964 982 968
f 966 983 984
f 966 984 985
f 966 985 986
f 966 986 981
f 968 982 987
f 968 987 969
f 969 987 973
f 969 973 970
f 971 975 988
f 971 988 972
f 972 988 990
f 972 990 976
f 973 987 984
f 973 984 974
f 974 984 975
f 975 984 989
f 975 989 1001
f 975 1001 988
f 977 990 991
f 977 991 992
f 978 992 1002
f 978 1002 993
f 978 993 994
f 978 994 995
f 978 995 979
f 979 995 994
f 979 994 996
f 979 996 997
f 979 997 980
f 981 986 985
f 981 985 982
f 982 985 984
f 982 984 987
f 983 998 984
f 984 999 1000
f 984 1000 989
f 984 998 999
f 988 1001 991
f 988 991 990
f 989 1000 1002
f 989 1002 1001
f 991 1001 1002
f 991 1002 992
f 993 1002 1000
f 993 1000 1003
f 993 1003 994
f 994 1003 1004
f 994 1004 996
f 996 1004 1005
f 996 1005 1006
f 996 1006 997
f 998 1007 1008
f 998 1008 1009
f 998 1009 999
f 999 1009 1000
f 1000 1009 1008
f 1000 1008 1003
f 1003 1008 1004
f 1004 1008 1010
f 1004 1010 1005
f 1007 1010 1008
o convex_10
v -0.288845 -0.0304575 0.531025
v -0.283041 -0.0391143 0.531025
v -0.564046 -0.0304575 0.548871
v -0.00215696 -0.0304575 0.531025
v -0.277116 -0.0430845 0.531025
v -0.564167 -0.0304985 0.548938
v -0.564167 -0.0304575 0.548905
v -0.273851 -0.0452108 0.531025
v -0.00626804 -0.0566899 0.531025
v 0.0761955 -0.0304575 0.53371
v 0.0761955 -0.0304985 0.533693
v 0.0761955 -0.0457424 0.533693
v -0.594637 -0.0304985 0.564199
v -0.594637 -0.0304575 0.564116
v -0.274456 -0.0457424 0.533693
v -0.0546338 -0.0566899 0.531025
v 0.426847 -0.0457424 0.548938
v 0.431925 -0.0559092 0.554025
v 0.4312 -0.0566899 0.555593
v 0.426847 -0.0304575 0.548955
v 0.426847 -0.0304985 0.548938
v -0.594637 -0.0304985 0.625161
v -0.594758 -0.0304575 0.564233
v -0.205172 -0.0566899 0.618206
v -0.212669 -0.0566899 0.625945
v 0.640382 -0.0304575 0.594605
v 0.640382 -0.0304985 0.594689
v 0.462517 -0.0559092 0.56927
v 0.46167 -0.0566899 0.570838
v -0.594637 -0.0304575 0.625244
v -0.594758 -0.0304575 0.625211
v -0.209767 -0.0566899 0.635152
v -0.198159 -0.0566899 0.640422
v 0.0609603 -0.0566899 0.694762
v 0.640502 -0.0304575 0.594689
v 0.640382 -0.0304985 0.609933
v 0.466023 -0.0566899 0.579444
v -0.472634 -0.0304575 0.640489
v 0.0609603 -0.0559092 0.69633
v 0.0533427 -0.0533669 0.697598
v 0.0609603 -0.0457424 0.701417
v 0.065676 -0.0566899 0.694762
v 0.640502 -0.0304575 0.610016
v 0.465177 -0.0566899 0.587266
v 0.466023 -0.0566899 0.584131
v 0.0609603 -0.0304575 0.701417
v 0.0686988 -0.0566899 0.693979
f 1011 1012 1013
f 1011 1013 1017
f 1011 1017 1024
f 1011 1024 1033
f 1011 1033 1041
f 1011 1041 1040
f 1011 1040 1048
f 1011 1048 1056
f 1011 1056 1053
f 1011 1053 1045
f 1011 1045 1036
f 1011 1036 1030
f 1011 1030 1020
f 1011 1020 1014
f 1011 1014 1019
f 1011 1019 1026
f 1011 1026 1018
f 1011 1018 1015
f 1011 1015 1012
f 1012 1015 1013
f 1013 1016 1017
f 1013 1015 1018
f 1013 1018 1016
f 1014 1020 1021
f 1014 1021 1022
f 1014 1022 1019
f 1016 1023 1024
f 1016 1024 1017
f 1016 1018 1025
f 1016 1025 1023
f 1018 1026 1025
f 1019 1022 1027
f 1019 1027 1028
f 1019 1028 1029
f 1019 1029 1039
f 1019 1039 1047
f 1019 1047 1055
f 1019 1055 1054
f 1019 1054 1057
f 1019 1057 1052
f 1019 1052 1044
f 1019 1044 1043
f 1019 1043 1042
f 1019 1042 1035
f 1019 1035 1034
f 1019 1034 1026
f 1020 1030 1031
f 1020 1031 1021
f 1021 1031 1027
f 1021 1027 1022
f 1023 1032 1041
f 1023 1041 1033
f 1023 1033 1024
f 1023 1025 1034
f 1023 1034 1035
f 1023 1035 1032
f 1025 1026 1034
f 1027 1031 1036
f 1027 1036 1028
f 1028 1036 1037
f 1028 1037 1029
f 1029 1037 1038
f 1029 1038 1039
f 1030 1036 1031
f 1032 1040 1041
f 1032 1035 1042
f 1032 1042 1043
f 1032 1043 1044
f 1032 1044 1040
f 1036 1045 1037
f 1037 1045 1053
f 1037 1053 1046
f 1037 1046 1055
f 1037 1055 1047
f 1037 1047 1039
f 1037 1039 1038
f 1040 1044 1049
f 1040 1049 1050
f 1040 1050 1051
f 1040 1051 1048
f 1044 1052 1049
f 1046 1053 1054
f 1046 1054 1055
f 1048 1051 1056
f 1049 1052 1053
f 1049 1053 1051
f 1049 1051 1050
f 1051 1053 1056
f 1052 1057 1053
f 1053 1057 1054
o convex_11
v -0.12174 -2.98516e-05 0.427429
v -0.121525 -0.000895548 0.427409
v -0.10581 -0.0798829 0.427409
v -0.0762292 -0.0914653 0.531025
v -0.0762292 0.137228 0.531025
v -0.12174 0.000477626 0.427409
v -0.12174 0.000358219 0.427409
v -0.103235 -0.092749 0.427409
v -0.0905636 -0.137228 0.427409
v -0.072421 -0.137228 0.489846
v -0.0686128 -0.14484 0.491753
v -0.0711471 -0.101645 0.531025
v -0.0720455 0.145616 0.531025
v -0.0905636 0.137228 0.427409
v -0.106507 0.0766888 0.427409
v -0.0859374 -0.141855 0.427409
v -0.0711471 -0.147377 0.477787
v -0.060983 -0.148661 0.489846
v -0.0533665 -0.14484 0.49937
v -0.0636514 -0.105406 0.531025
v -0.0711471 0.147377 0.531025
v -0.0779322 0.148631 0.427409
v -0.0793938 -0.148392 0.427409
v -0.060983 -0.152482 0.472695
v -0.0457501 -0.147377 0.498102
v -0.0457501 -0.152482 0.487939
v -0.060983 -0.10672 0.531025
v -0.0627664 0.151586 0.531025
v -0.060983 0.152482 0.531025
v -0.0776237 0.14878 0.427409
v -0.0775165 -0.148989 0.427409
v -0.060983 -0.152482 0.427409
v -0.0228741 -0.148661 0.495566
v -0.0305039 -0.147377 0.498102
v -0.0305039 -0.152482 0.487939
v -1.14396e-05 -0.10672 0.531025
v -1.14396e-05 0.152482 0.531025
v -0.060983 0.152482 0.427409
v -0.0152577 -0.152482 0.427409
v -0.0152577 -0.152482 0.472695
v -0.00762785 -0.148661 0.480312
v 0.0101527 -0.101645 0.531025
v 0.0083827 -0.10254 0.531025
v -1.14396e-05 0.152482 0.427409
v 0.0101527 0.147377 0.531025
v 0.00507064 -0.142303 0.427409
v 0.00507064 -0.142303 0.457451
v 0.0152482 -0.0914653 0.531025
v 0.0152482 -0.121974 0.457451
v 0.0101527 0.147377 0.427409
v 0.0152482 0.137228 0.518438
v 0.012097 0.135646 0.531025
v 0.00523155 -0.142004 0.427409
v 0.0152482 0.0914653 0.531025
v 0.0152482 -0.121974 0.427409
v 0.0152482 0.137228 0.427409
f 1058 1059 1060
f 1058 1060 1061
f 1058 1061 1062
f 1058 1062 1063
f 1058 1063 1064
f 1058 1064 1059
f 1059 1064 1063
f 1059 1063 1072
f 1059 1072 1071
f 1059 1071 1079
f 1059 1079 1087
f 1059 1087 1095
f 1059 1095 1101
f 1059 1101 1107
f 1059 1107 1113
f 1059 1113 1112
f 1059 1112 1110
f 1059 1110 1103
f 1059 1103 1096
f 1059 1096 1089
f 1059 1089 1088
f 1059 1088 1080
f 1059 1080 1073
f 1059 1073 1066
f 1059 1066 1065
f 1059 1065 1060
f 1060 1065 1061
f 1061 1065 1066
f 1061 1066 1067
f 1061 1067 1068
f 1061 1068 1069
f 1061 1069 1077
f 1061 1077 1084
f 1061 1084 1093
f 1061 1093 1100
f 1061 1100 1099
f 1061 1099 1105
f 1061 1105 1111
f 1061 1111 1109
f 1061 1109 1102
f 1061 1102 1094
f 1061 1094 1086
f 1061 1086 1085
f 1061 1085 1078
f 1061 1078 1070
f 1061 1070 1062
f 1062 1070 1071
f 1062 1071 1072
f 1062 1072 1063
f 1066 1073 1074
f 1066 1074 1068
f 1066 1068 1067
f 1068 1074 1075
f 1068 1075 1076
f 1068 1076 1069
f 1069 1076 1077
f 1070 1078 1071
f 1071 1078 1079
f 1073 1080 1074
f 1074 1080 1081
f 1074 1081 1075
f 1075 1082 1076
f 1075 1081 1083
f 1075 1083 1082
f 1076 1082 1084
f 1076 1084 1077
f 1078 1085 1079
f 1079 1085 1086
f 1079 1086 1087
f 1080 1088 1081
f 1081 1089 1096
f 1081 1096 1097
f 1081 1097 1092
f 1081 1092 1083
f 1081 1088 1089
f 1082 1083 1090
f 1082 1090 1091
f 1082 1091 1093
f 1082 1093 1084
f 1083 1092 1090
f 1086 1094 1101
f 1086 1101 1095
f 1086 1095 1087
f 1090 1092 1097
f 1090 1097 1098
f 1090 1098 1099
f 1090 1099 1100
f 1090 1100 1093
f 1090 1093 1091
f 1094 1102 1107
f 1094 1107 1101
f 1096 1103 1104
f 1096 1104 1097
f 1097 1104 1098
f 1098 1104 1099
f 1099 1104 1106
f 1099 1106 1105
f 1102 1108 1113
f 1102 1113 1107
f 1102 1109 1108
f 1103 1110 1104
f 1104 1110 1106
f 1105 1106 1112
f 1105 1112 1113
f 1105 1113 1108
f 1105 1108 1111
f 1106 1110 1112
f 1108 1109 1111
o convex_12
v -0.289716 -0.0152064 0.503184
v -0.284619 -0.010163 0.493021
v -0.282087 -0.0228409 0.495566
v -0.282087 -0.03811 0.510811
v -0.289173 -0.0299202 0.531025
v -0.289716 -0.0152064 0.531025
v -0.289716 0.0152855 0.503184
v -0.269377 0.111851 0.462532
v -0.274457 -0.0152064 0.487939
v -0.266828 0.0839039 0.465078
v -0.277006 -0.0330203 0.500648
v -0.283073 -0.0390817 0.531025
v -0.287052 -0.0331129 0.531025
v -0.264296 -0.0355652 0.498102
v -0.259215 -0.0457446 0.518438
v -0.271925 -0.0431997 0.520974
v -0.273931 -0.0451894 0.531025
v -0.277121 -0.0430609 0.531025
v -0.289716 0.027871 0.531025
v -0.274457 0.396411 0.518438
v -0.274457 0.381189 0.503184
v -0.274457 0.36592 0.487939
v -0.274457 0.335428 0.472695
v -0.269377 0.340517 0.462532
v -0.259215 0.106761 0.457451
v -0.121756 1.64304e-05 0.427409
v -0.121756 -2.98298e-05 0.427429
v -0.233795 -0.0355652 0.498102
v -0.254134 -0.0406549 0.508265
v -0.259215 -0.0457446 0.531025
v -0.182988 -0.0457446 0.518438
v -0.274457 0.396411 0.531025
v -0.270264 0.404833 0.531025
v -0.264296 0.41677 0.518438
v -0.270643 0.398355 0.503184
v -0.270643 0.383086 0.487939
v -0.269377 0.371009 0.477787
v -0.266828 0.384983 0.480312
v -0.266828 0.354491 0.465078
v -0.254134 0.371009 0.462532
v -0.259215 0.335428 0.457451
v -0.121756 0.000525398 0.427409
v -0.121987 0.0610003 0.531025
v -0.158094 -0.0295964 0.531025
v -0.158982 -0.0313546 0.531025
v -0.165164 -0.0405623 0.531025
v -0.167055 -0.0416728 0.531025
v -0.168831 -0.042552 0.531025
v -0.177907 -0.0406549 0.508265
v -0.121987 0.411681 0.531025
v -0.182988 -0.0457446 0.531025
v -0.264296 0.41677 0.531025
v -0.254134 0.42186 0.518438
v -0.251586 0.423109 0.510811
v -0.259215 0.411681 0.503184
v -0.266828 0.400252 0.495566
v -0.243957 0.386278 0.467614
v -0.259215 0.381189 0.472695
v -0.251586 0.377348 0.465078
v -0.243957 0.36592 0.457451
v -0.137245 0.36592 0.457451
v -0.129616 0.373554 0.461264
v -0.127084 0.36592 0.462532
v -0.121987 0.36592 0.472695
v -0.121987 0.381189 0.487939
v -0.121987 0.411681 0.518438
v -0.12465 0.417002 0.531025
v -0.254134 0.42186 0.531025
v -0.243957 0.42695 0.518438
v -0.243957 0.42186 0.508265
v -0.243957 0.41677 0.498102
v -0.137245 0.386278 0.467614
v -0.125801 0.381189 0.470798
v -0.125801 0.411681 0.501277
v -0.127084 0.42186 0.513346
v -0.127084 0.42186 0.531025
v -0.243957 0.42695 0.531025
v -0.137245 0.42695 0.518438
v -0.137245 0.42186 0.508265
v -0.137245 0.41677 0.498102
v -0.129616 0.419315 0.506997
v -0.137245 0.42695 0.531025
f 1114 1115 1116
f 1114 1116 1117
f 1114 1117 1118
f 1114 1118 1119
f 1114 1119 1132
f 1114 1132 1120
f 1114 1120 1137
f 1114 1137 1121
f 1114 1121 1115
f 1115 1122 1116
f 1115 1121 1123
f 1115 1123 1122
f 1116 1122 1127
f 1116 1127 1124
f 1116 1124 1117
f 1117 1125 1126
f 1117 1126 1118
f 1117 1124 1127
f 1117 1127 1128
f 1117 1128 1129
f 1117 1129 1130
f 1117 1130 1131
f 1117 1131 1125
f 1118 1126 1125
f 1118 1125 1131
f 1118 1131 1130
f 1118 1130 1143
f 1118 1143 1164
f 1118 1164 1161
f 1118 1161 1160
f 1118 1160 1159
f 1118 1159 1158
f 1118 1158 1157
f 1118 1157 1156
f 1118 1156 1163
f 1118 1163 1180
f 1118 1180 1189
f 1118 1189 1195
f 1118 1195 1190
f 1118 1190 1181
f 1118 1181 1165
f 1118 1165 1146
f 1118 1146 1145
f 1118 1145 1132
f 1118 1132 1119
f 1120 1132 1133
f 1120 1133 1134
f 1120 1134 1135
f 1120 1135 1136
f 1120 1136 1137
f 1121 1138 1123
f 1121 1137 1154
f 1121 1154 1138
f 1122 1139 1140
f 1122 1140 1127
f 1122 1123 1138
f 1122 1138 1139
f 1127 1141 1162
f 1127 1162 1142
f 1127 1142 1128
f 1127 1140 1141
f 1128 1143 1130
f 1128 1130 1129
f 1128 1142 1162
f 1128 1162 1144
f 1128 1144 1164
f 1128 1164 1143
f 1132 1145 1133
f 1133 1145 1146
f 1133 1146 1147
f 1133 1147 1148
f 1133 1148 1134
f 1134 1148 1149
f 1134 1149 1135
f 1135 1149 1150
f 1135 1150 1137
f 1135 1137 1136
f 1137 1150 1151
f 1137 1151 1152
f 1137 1152 1153
f 1137 1153 1154
f 1138 1154 1155
f 1138 1155 1139
f 1139 1155 1140
f 1140 1156 1157
f 1140 1157 1158
f 1140 1158 1159
f 1140 1159 1160
f 1140 1160 1161
f 1140 1161 1144
f 1140 1144 1162
f 1140 1162 1141
f 1140 1155 1163
f 1140 1163 1156
f 1144 1161 1164
f 1146 1165 1147
f 1147 1165 1181
f 1147 1181 1166
f 1147 1166 1167
f 1147 1167 1168
f 1147 1168 1169
f 1147 1169 1148
f 1148 1169 1151
f 1148 1151 1149
f 1149 1151 1150
f 1151 1170 1171
f 1151 1171 1153
f 1151 1153 1152
f 1151 1169 1170
f 1153 1171 1172
f 1153 1172 1170
f 1153 1170 1173
f 1153 1173 1154
f 1154 1173 1155
f 1155 1173 1174
f 1155 1174 1175
f 1155 1175 1176
f 1155 1176 1177
f 1155 1177 1178
f 1155 1178 1179
f 1155 1179 1163
f 1163 1179 1180
f 1166 1181 1190
f 1166 1190 1182
f 1166 1182 1167
f 1167 1182 1183
f 1167 1183 1184
f 1167 1184 1168
f 1168 1184 1169
f 1169 1184 1170
f 1170 1172 1171
f 1170 1184 1193
f 1170 1193 1185
f 1170 1185 1174
f 1170 1174 1173
f 1174 1185 1175
f 1175 1185 1186
f 1175 1186 1176
f 1176 1186 1177
f 1177 1186 1178
f 1178 1186 1187
f 1178 1187 1179
f 1179 1187 1188
f 1179 1188 1180
f 1180 1188 1189
f 1182 1190 1195
f 1182 1195 1191
f 1182 1191 1192
f 1182 1192 1183
f 1183 1192 1193
f 1183 1193 1184
f 1185 1193 1187
f 1185 1187 1186
f 1187 1193 1194
f 1187 1194 1188
f 1188 1192 1191
f 1188 1191 1195
f 1188 1195 1189
f 1188 1194 1192
f 1192 1194 1193
o convex_13
v -0.0340544 0.00358497 -0.0704166
v 0.0762253 0.00358497 -0.0610129
v -0.0340544 0.00358497 0.0763549
v -0.0340544 0.0304991 -0.0704166
v -0.0304853 0.13726 -0.0914673
v 3.81496e-07 0.152494 -0.152468
v 0.00509904 0.157542 -0.16264
v 0.0127258 0.149955 -0.170262
v 0.0228806 0.144877 -0.175332
v 0.0686198 0.114378 -0.175332
v 0.0991055 0.0991139 -0.175332
v 0.116887 0.0864185 -0.172812
v 0.0786259 0.00358497 -0.0598144
v 0.127063 0.0813404 -0.16264
v 0.141042 0.0838794 -0.16009
v 0.0760129 0.00358497 0.0763549
v -0.0340544 0.106522 0.0763549
v -0.0340544 0.0448673 -0.0694024
v -0.0340544 0.119665 -0.0633484
v -0.0340544 0.135467 -0.062027
v -0.0340544 0.139859 -0.0457703
v 3.81496e-07 0.198197 -0.152468
v -0.0254079 0.142338 -0.101639
v 0.00509904 0.203305 -0.16264
v 0.0654332 0.263646 -0.237593
v 0.0688747 0.251817 -0.237593
v 0.0749294 0.242676 -0.237593
v 0.130845 0.207069 -0.237593
v 0.156253 0.201991 -0.237593
v 0.127063 0.0965748 -0.177883
v 0.141042 0.0991139 -0.175332
v 0.0864014 0.00358497 -0.0559115
v 0.157549 0.0965748 -0.16264
v 0.163901 0.0991139 -0.16009
v 0.129591 0.0343227 -0.083846
v 0.0760129 0.03029 0.0763549
v 0.0864014 0.00358497 0.0711306
v -0.0340544 0.121995 0.0762319
v 0.0150414 0.106522 0.0763549
v -0.0340544 0.13726 0.0609893
v 0.00509904 0.208384 -0.121983
v 0.00509904 0.208384 -0.152468
v 0.00762713 0.209638 -0.16009
v 0.0686198 0.270636 -0.236333
v 0.0692571 0.270964 -0.237593
v 0.0673876 0.267529 -0.237593
v 0.158845 0.202648 -0.237593
v 0.170593 0.206472 -0.237593
v 0.0875911 0.00358497 -0.0535452
v 0.171528 0.205845 -0.236333
v 0.177625 0.216419 -0.237593
v 0.17344 0.106761 -0.152468
v 0.133415 0.0381462 -0.083846
v 0.0914788 0.00358497 0.0609893
v 0.0914788 0.00358497 -0.0457703
v 0.0756517 0.0451959 0.0763549
v 0.0864014 0.101683 0.0711306
v 0.0762253 0.106761 0.0762319
v 0.0896943 0.00358497 0.0645541
v 0.114359 0.125819 0.0380947
v -0.0340544 0.129105 0.0726671
v 0.0609931 0.121995 0.0762319
v 0.0299338 0.106193 0.0763549
v -0.0340544 0.133705 0.0680882
v 0.0533876 0.255401 -0.114331
v 0.00382438 0.205845 -0.114331
v 0.0711691 0.279537 -0.198196
v 0.0711691 0.279537 -0.228712
v 0.0719127 0.275475 -0.237593
v 0.182978 0.228696 -0.237593
v 0.179154 0.114378 -0.144847
v 0.172802 0.101683 -0.137226
v 0.142295 0.0559197 -0.0762555
v 0.147394 0.066076 -0.0762555
v 0.152471 0.0762622 -0.0762555
v 0.175352 0.156288 -0.083846
v 0.0604407 0.0756946 0.0763549
v 0.114359 0.129613 0.0380947
v 0.11181 0.142338 0.0355748
v 0.0838521 0.114378 0.0686106
v 0.0737185 0.119456 0.0736812
v 0.0559157 0.132152 0.0711306
v -0.0340544 0.132152 0.0711306
v 0.0686198 0.129613 0.0686106
v 0.0660917 0.249039 -0.101639
v 0.110514 0.308752 -0.237593
v 0.0969386 0.302837 -0.237593
v 0.0864014 0.294772 -0.228712
v 0.0559157 0.162621 0.0406454
v 0.0864014 0.294772 -0.237593
v 0.182978 0.243961 -0.237593
v 0.182978 0.121995 -0.137226
v 0.180429 0.16516 -0.094018
v 0.175352 0.175346 -0.083846
v 0.114359 0.160081 0.00760953
v 0.0838521 0.175346 0.00760953
v 0.0813027 0.157542 0.0355748
v 0.0813027 0.127074 0.06606
v 0.143591 0.29982 -0.237593
v 0.124471 0.307437 -0.237593
v 0.0609931 0.167729 0.0304734
v 0.0660917 0.172807 0.0203014
v 0.181683 0.25794 -0.237593
v 0.182978 0.243961 -0.228712
v 0.182978 0.167729 -0.10671
v 0.182978 0.182963 -0.121983
v 0.175352 0.266842 -0.221091
v 0.171506 0.278253 -0.237593
v 0.182978 0.228696 -0.198196
f 1196 1197 1208
f 1196 1208 1227
f 1196 1227 1244
f 1196 1244 1250
f 1196 1250 1249
f 1196 1249 1254
f 1196 1254 1232
f 1196 1232 1211
f 1196 1211 1198
f 1196 1198 1212
f 1196 1212 1233
f 1196 1233 1256
f 1196 1256 1278
f 1196 1278 1259
f 1196 1259 1235
f 1196 1235 1216
f 1196 1216 1215
f 1196 1215 1214
f 1196 1214 1213
f 1196 1213 1199
f 1196 1199 1200
f 1196 1200 1201
f 1196 1201 1202
f 1196 1202 1203
f 1196 1203 1204
f 1196 1204 1205
f 1196 1205 1206
f 1196 1206 1207
f 1196 1207 1197
f 1197 1207 1209
f 1197 1209 1210
f 1197 1210 1208
f 1198 1211 1231
f 1198 1231 1251
f 1198 1251 1272
f 1198 1272 1258
f 1198 1258 1234
f 1198 1234 1212
f 1199 1213 1200
f 1200 1213 1214
f 1200 1214 1215
f 1200 1215 1216
f 1200 1216 1217
f 1200 1217 1218
f 1200 1218 1201
f 1201 1218 1217
f 1201 1217 1219
f 1201 1219 1202
f 1202 1219 1220
f 1202 1220 1203
f 1203 1220 1221
f 1203 1221 1204
f 1204 1221 1222
f 1204 1222 1205
f 1205 1222 1223
f 1205 1223 1206
f 1206 1223 1207
f 1207 1223 1224
f 1207 1224 1225
f 1207 1225 1226
f 1207 1226 1210
f 1207 1210 1209
f 1208 1210 1227
f 1210 1226 1228
f 1210 1228 1229
f 1210 1229 1230
f 1210 1230 1227
f 1211 1232 1252
f 1211 1252 1231
f 1212 1234 1257
f 1212 1257 1233
f 1216 1235 1236
f 1216 1236 1237
f 1216 1237 1217
f 1217 1237 1238
f 1217 1238 1219
f 1219 1238 1239
f 1219 1239 1240
f 1219 1240 1241
f 1219 1241 1220
f 1220 1241 1240
f 1220 1240 1264
f 1220 1264 1285
f 1220 1285 1282
f 1220 1282 1281
f 1220 1281 1295
f 1220 1295 1294
f 1220 1294 1303
f 1220 1303 1298
f 1220 1298 1286
f 1220 1286 1265
f 1220 1265 1246
f 1220 1246 1243
f 1220 1243 1242
f 1220 1242 1224
f 1220 1224 1223
f 1220 1223 1222
f 1220 1222 1221
f 1224 1242 1225
f 1225 1242 1243
f 1225 1243 1226
f 1226 1243 1228
f 1227 1230 1244
f 1228 1243 1229
f 1229 1243 1245
f 1229 1245 1246
f 1229 1246 1247
f 1229 1247 1248
f 1229 1248 1230
f 1230 1248 1249
f 1230 1249 1250
f 1230 1250 1244
f 1231 1252 1253
f 1231 1253 1251
f 1232 1254 1255
f 1232 1255 1273
f 1232 1273 1252
f 1233 1257 1256
f 1234 1258 1257
f 1235 1259 1260
f 1235 1260 1261
f 1235 1261 1236
f 1236 1261 1260
f 1236 1260 1262
f 1236 1262 1263
f 1236 1263 1237
f 1237 1263 1238
f 1238 1263 1239
f 1239 1263 1240
f 1240 1263 1264
f 1243 1246 1245
f 1246 1265 1247
f 1247 1265 1266
f 1247 1266 1267
f 1247 1267 1248
f 1248 1268 1249
f 1248 1267 1268
f 1249 1255 1254
f 1249 1268 1269
f 1249 1269 1270
f 1249 1270 1271
f 1249 1271 1255
f 1251 1253 1272
f 1252 1273 1274
f 1252 1274 1275
f 1252 1275 1253
f 1253 1275 1276
f 1253 1276 1257
f 1253 1257 1272
f 1255 1271 1289
f 1255 1289 1273
f 1256 1277 1278
f 1256 1257 1277
f 1257 1258 1272
f 1257 1276 1279
f 1257 1279 1277
f 1259 1278 1260
f 1260 1280 1281
f 1260 1281 1282
f 1260 1282 1283
f 1260 1283 1262
f 1260 1278 1284
f 1260 1284 1280
f 1262 1283 1285
f 1262 1285 1263
f 1263 1285 1264
f 1265 1286 1299
f 1265 1299 1304
f 1265 1304 1301
f 1265 1301 1300
f 1265 1300 1287
f 1265 1287 1266
f 1266 1287 1267
f 1267 1287 1269
f 1267 1269 1268
f 1269 1287 1270
f 1270 1287 1271
f 1271 1288 1289
f 1271 1287 1288
f 1273 1289 1274
f 1274 1290 1291
f 1274 1291 1292
f 1274 1292 1293
f 1274 1293 1275
f 1274 1289 1290
f 1275 1293 1276
f 1276 1293 1279
f 1277 1279 1284
f 1277 1284 1278
f 1279 1293 1292
f 1279 1292 1284
f 1280 1294 1295
f 1280 1295 1281
f 1280 1284 1296
f 1280 1296 1297
f 1280 1297 1291
f 1280 1291 1294
f 1282 1285 1283
f 1284 1292 1296
f 1286 1298 1299
f 1287 1300 1288
f 1288 1300 1289
f 1289 1300 1301
f 1289 1301 1302
f 1289 1302 1290
f 1290 1302 1294
f 1290 1294 1291
f 1291 1297 1296
f 1291 1296 1292
f 1294 1302 1303
f 1298 1303 1302
f 1298 1302 1301
f 1298 1301 1304
f 1298 1304 1299
o convex_14
v 0.110542 0.308759 -0.237616
v 0.0969421 0.302859 -0.237616
v 0.12449 0.307475 -0.237616
v 0.127085 0.310067 -0.238912
v 0.122004 0.320213 -0.243976
v 0.116904 0.330359 -0.249064
v 0.086413 0.294811 -0.237616
v 0.104839 0.320213 -0.247792
v 0.143628 0.299847 -0.237616
v 0.144871 0.327841 -0.251608
v 0.13979 0.353244 -0.287176
v 0.125806 0.358329 -0.297351
v 0.11056 0.327841 -0.251608
v 0.101658 0.325299 -0.259239
v 0.071899 0.275506 -0.237616
v 0.171505 0.278271 -0.237616
v 0.172803 0.279555 -0.238912
v 0.160098 0.343073 -0.282111
v 0.205834 0.434561 -0.434558
v 0.188048 0.432019 -0.421862
v 0.116904 0.355787 -0.304983
v 0.177884 0.437104 -0.432015
v 0.171541 0.434561 -0.434558
v 0.0692484 0.270988 -0.237616
v 0.132167 0.386274 -0.381183
v 0.181687 0.257954 -0.237616
v 0.190589 0.297354 -0.282111
v 0.205834 0.343073 -0.343095
v 0.236343 0.388817 -0.434558
v 0.236343 0.404073 -0.449822
v 0.218557 0.447275 -0.467606
v 0.205834 0.449818 -0.465062
v 0.182966 0.442189 -0.44219
v 0.162639 0.432019 -0.44219
v 0.187518 0.452459 -0.47385
v 0.0673839 0.267557 -0.237616
v 0.132167 0.386274 -0.411687
v 0.182966 0.243981 -0.237616
v 0.198211 0.289725 -0.28972
v 0.218557 0.355787 -0.376119
v 0.249047 0.401531 -0.467606
v 0.2198 0.448509 -0.47385
v 0.19706 0.454212 -0.47385
v 0.245117 0.412837 -0.47385
v 0.194976 0.454212 -0.47385
v 0.191521 0.453496 -0.47385
v 0.188048 0.45236 -0.472693
v 0.177884 0.447275 -0.472693
v 0.178086 0.447645 -0.47385
v 0.162639 0.432019 -0.47385
v 0.065428 0.263656 -0.237616
v 0.162255 0.431253 -0.47385
v 0.122004 0.365933 -0.411687
v 0.182966 0.228725 -0.237616
v 0.252173 0.395285 -0.47385
v 0.25029 0.402765 -0.47385
v 0.0711678 0.254152 -0.249064
v 0.0688828 0.251856 -0.237616
v 0.10674 0.335445 -0.365943
v 0.152494 0.411677 -0.47385
v 0.144871 0.373561 -0.465062
v 0.144871 0.392619 -0.465062
v 0.13979 0.383732 -0.454886
v 0.177629 0.216456 -0.237616
v 0.182966 0.228725 -0.243976
v 0.249212 0.384966 -0.47385
v 0.116904 0.330359 -0.386271
v 0.0838722 0.266866 -0.282111
v 0.0749517 0.242698 -0.237616
v 0.149259 0.394939 -0.47385
v 0.160098 0.373561 -0.47385
v 0.160098 0.358329 -0.465062
v 0.129626 0.343073 -0.419318
v 0.148674 0.394544 -0.472693
v 0.153646 0.380029 -0.47385
v 0.170591 0.206483 -0.237616
v 0.179164 0.221122 -0.251608
v 0.248353 0.383386 -0.47385
v 0.0991174 0.266866 -0.297351
v 0.114363 0.236353 -0.266848
v 0.130869 0.2071 -0.237616
v 0.166569 0.367093 -0.47385
v 0.177098 0.360082 -0.47385
v 0.190589 0.343073 -0.465062
v 0.144871 0.343073 -0.434558
v 0.158855 0.202681 -0.237616
v 0.171541 0.221122 -0.266848
v 0.218557 0.34053 -0.467606
v 0.2249 0.343073 -0.465062
v 0.247877 0.382571 -0.47385
v 0.144871 0.251609 -0.312591
v 0.144871 0.221122 -0.266848
v 0.147412 0.208408 -0.249064
v 0.156278 0.202014 -0.237616
v 0.207589 0.344826 -0.47385
v 0.162639 0.254152 -0.325311
v 0.212305 0.343641 -0.47385
v 0.223035 0.351071 -0.47385
v 0.233802 0.360872 -0.47385
f 1305 1306 1311
f 1305 1311 1319
f 1305 1319 1328
f 1305 1328 1340
f 1305 1340 1355
f 1305 1355 1362
f 1305 1362 1373
f 1305 1373 1385
f 1305 1385 1398
f 1305 1398 1390
f 1305 1390 1380
f 1305 1380 1368
f 1305 1368 1358
f 1305 1358 1342
f 1305 1342 1330
f 1305 1330 1320
f 1305 1320 1313
f 1305 1313 1307
f 1305 1307 1308
f 1305 1308 1309
f 1305 1309 1310
f 1305 1310 1306
f 1306 1310 1312
f 1306 1312 1311
f 1307 1313 1308
f 1308 1314 1309
f 1308 1313 1314
f 1309 1314 1310
f 1310 1315 1316
f 1310 1316 1317
f 1310 1317 1312
f 1310 1314 1315
f 1311 1312 1318
f 1311 1318 1319
f 1312 1317 1318
f 1313 1320 1314
f 1314 1320 1321
f 1314 1321 1322
f 1314 1322 1323
f 1314 1323 1324
f 1314 1324 1315
f 1315 1324 1316
f 1316 1325 1318
f 1316 1318 1317
f 1316 1324 1326
f 1316 1326 1327
f 1316 1327 1338
f 1316 1338 1325
f 1318 1325 1319
f 1319 1325 1329
f 1319 1329 1328
f 1320 1330 1321
f 1321 1330 1331
f 1321 1331 1332
f 1321 1332 1322
f 1322 1332 1323
f 1323 1332 1333
f 1323 1333 1334
f 1323 1334 1335
f 1323 1335 1336
f 1323 1336 1324
f 1324 1336 1337
f 1324 1337 1326
f 1325 1338 1329
f 1326 1337 1339
f 1326 1339 1338
f 1326 1338 1327
f 1328 1329 1341
f 1328 1341 1340
f 1329 1338 1354
f 1329 1354 1341
f 1330 1342 1343
f 1330 1343 1331
f 1331 1343 1332
f 1332 1344 1333
f 1332 1343 1344
f 1333 1345 1334
f 1333 1344 1345
f 1334 1345 1335
f 1335 1346 1347
f 1335 1347 1336
f 1335 1345 1348
f 1335 1348 1346
f 1336 1347 1337
f 1337 1347 1349
f 1337 1349 1350
f 1337 1350 1351
f 1337 1351 1339
f 1338 1339 1352
f 1338 1352 1353
f 1338 1353 1354
f 1339 1351 1350
f 1339 1350 1349
f 1339 1349 1347
f 1339 1347 1346
f 1339 1346 1348
f 1339 1348 1360
f 1339 1360 1359
f 1339 1359 1370
f 1339 1370 1382
f 1339 1382 1394
f 1339 1394 1403
f 1339 1403 1402
f 1339 1402 1401
f 1339 1401 1399
f 1339 1399 1387
f 1339 1387 1386
f 1339 1386 1375
f 1339 1375 1379
f 1339 1379 1374
f 1339 1374 1364
f 1339 1364 1356
f 1339 1356 1354
f 1339 1354 1353
f 1339 1353 1352
f 1340 1341 1355
f 1341 1354 1356
f 1341 1356 1357
f 1341 1357 1355
f 1342 1358 1359
f 1342 1359 1343
f 1343 1359 1345
f 1343 1345 1344
f 1345 1359 1360
f 1345 1360 1348
f 1355 1361 1362
f 1355 1357 1363
f 1355 1363 1361
f 1356 1364 1357
f 1357 1365 1363
f 1357 1364 1366
f 1357 1366 1367
f 1357 1367 1365
f 1358 1368 1369
f 1358 1369 1370
f 1358 1370 1359
f 1361 1363 1371
f 1361 1371 1372
f 1361 1372 1373
f 1361 1373 1362
f 1363 1365 1371
f 1364 1374 1366
f 1365 1375 1376
f 1365 1376 1377
f 1365 1377 1371
f 1365 1367 1378
f 1365 1378 1374
f 1365 1374 1379
f 1365 1379 1375
f 1366 1374 1378
f 1366 1378 1367
f 1368 1380 1381
f 1368 1381 1370
f 1368 1370 1369
f 1370 1381 1382
f 1371 1377 1372
f 1372 1383 1373
f 1372 1377 1389
f 1372 1389 1383
f 1373 1384 1385
f 1373 1383 1384
f 1375 1386 1376
f 1376 1386 1387
f 1376 1387 1399
f 1376 1399 1388
f 1376 1388 1389
f 1376 1389 1377
f 1380 1390 1391
f 1380 1391 1392
f 1380 1392 1393
f 1380 1393 1381
f 1381 1393 1394
f 1381 1394 1382
f 1383 1395 1384
f 1383 1389 1395
f 1384 1395 1385
f 1385 1396 1397
f 1385 1397 1398
f 1385 1395 1396
f 1388 1399 1400
f 1388 1400 1395
f 1388 1395 1389
f 1390 1398 1391
f 1391 1398 1392
f 1392 1401 1402
f 1392 1402 1393
f 1392 1398 1401
f 1393 1402 1403
f 1393 1403 1394
f 1395 1400 1397
f 1395 1397 1396
f 1397 1400 1401
f 1397 1401 1398
f 1399 1401 1400
o convex_15
v 0.237637 0.527329 -0.606758
v 0.268122 0.512082 -0.606758
v 0.231911 0.527329 -0.606758
v 0.197076 0.454204 -0.473863
v 0.219816 0.448522 -0.473863
v 0.28653 0.500017 -0.606758
v 0.218476 0.516397 -0.606758
v 0.20205 0.495558 -0.571801
v 0.177897 0.462529 -0.518447
v 0.178099 0.447659 -0.473863
v 0.187533 0.452442 -0.473863
v 0.191534 0.453503 -0.473863
v 0.195002 0.454204 -0.473863
v 0.245125 0.412868 -0.473863
v 0.251585 0.41934 -0.480329
v 0.266837 0.41934 -0.495576
v 0.332285 0.469523 -0.606758
v 0.216182 0.514509 -0.606758
v 0.203316 0.498093 -0.579424
v 0.177897 0.462529 -0.564177
v 0.152496 0.411717 -0.473863
v 0.162278 0.431279 -0.473863
v 0.171547 0.449817 -0.495576
v 0.20985 0.508 -0.606758
v 0.162664 0.432034 -0.473863
v 0.250301 0.402799 -0.473863
v 0.336744 0.460605 -0.606758
v 0.252173 0.395301 -0.473863
v 0.263019 0.398376 -0.487952
v 0.193149 0.477776 -0.606758
v 0.172813 0.452352 -0.564177
v 0.152496 0.411717 -0.5032
v 0.203316 0.498093 -0.606758
v 0.149248 0.394959 -0.473863
v 0.336744 0.458717 -0.606758
v 0.249218 0.384999 -0.473863
v 0.254136 0.391381 -0.477779
v 0.248355 0.383416 -0.473863
v 0.247878 0.382589 -0.473863
v 0.264286 0.391381 -0.5032
v 0.332285 0.440611 -0.606758
v 0.308774 0.42887 -0.564177
v 0.188065 0.467599 -0.606758
v 0.17028 0.444728 -0.56164
v 0.162664 0.406629 -0.523534
v 0.153652 0.380054 -0.473863
v 0.175364 0.434588 -0.571801
v 0.249053 0.376134 -0.487952
v 0.233819 0.360887 -0.473863
v 0.279537 0.391381 -0.548929
v 0.29734 0.400282 -0.587048
v 0.312573 0.415529 -0.602296
v 0.31406 0.416266 -0.606758
v 0.188065 0.464435 -0.606758
v 0.160113 0.373581 -0.480329
v 0.175364 0.41934 -0.556553
v 0.160113 0.373581 -0.473863
v 0.18845 0.462906 -0.606758
v 0.192837 0.452046 -0.606758
v 0.251585 0.369769 -0.510824
v 0.223064 0.351106 -0.473863
v 0.299873 0.40154 -0.594672
v 0.301139 0.404093 -0.602296
v 0.302259 0.406305 -0.606758
v 0.175364 0.373581 -0.495576
v 0.177897 0.360887 -0.477779
v 0.170042 0.364807 -0.473863
v 0.166591 0.367126 -0.473863
v 0.221101 0.404093 -0.571801
v 0.205867 0.388846 -0.541306
v 0.239784 0.423853 -0.606758
v 0.237619 0.422253 -0.604468
v 0.254136 0.371046 -0.518447
v 0.212328 0.343662 -0.473863
v 0.289705 0.39647 -0.594672
v 0.294789 0.40154 -0.604833
v 0.297891 0.403932 -0.606758
v 0.205867 0.358334 -0.495576
v 0.177126 0.360096 -0.473863
v 0.2084 0.34564 -0.477779
v 0.207611 0.344849 -0.473863
v 0.269058 0.406305 -0.606758
v 0.251585 0.388846 -0.571801
v 0.29288 0.402493 -0.606758
f 1404 1405 1409
f 1404 1409 1420
f 1404 1420 1430
f 1404 1430 1438
f 1404 1438 1444
f 1404 1444 1456
f 1404 1456 1467
f 1404 1467 1480
f 1404 1480 1487
f 1404 1487 1485
f 1404 1485 1474
f 1404 1474 1462
f 1404 1462 1461
f 1404 1461 1457
f 1404 1457 1446
f 1404 1446 1433
f 1404 1433 1436
f 1404 1436 1427
f 1404 1427 1421
f 1404 1421 1410
f 1404 1410 1406
f 1404 1406 1416
f 1404 1416 1407
f 1404 1407 1408
f 1404 1408 1405
f 1405 1408 1409
f 1406 1410 1411
f 1406 1411 1412
f 1406 1412 1413
f 1406 1413 1414
f 1406 1414 1415
f 1406 1415 1416
f 1407 1416 1415
f 1407 1415 1414
f 1407 1414 1413
f 1407 1413 1428
f 1407 1428 1425
f 1407 1425 1424
f 1407 1424 1437
f 1407 1437 1449
f 1407 1449 1460
f 1407 1460 1471
f 1407 1471 1470
f 1407 1470 1482
f 1407 1482 1484
f 1407 1484 1477
f 1407 1477 1464
f 1407 1464 1452
f 1407 1452 1442
f 1407 1442 1441
f 1407 1441 1439
f 1407 1439 1431
f 1407 1431 1429
f 1407 1429 1417
f 1407 1417 1408
f 1408 1417 1418
f 1408 1418 1419
f 1408 1419 1420
f 1408 1420 1409
f 1410 1421 1411
f 1411 1421 1422
f 1411 1422 1412
f 1412 1423 1435
f 1412 1435 1424
f 1412 1424 1425
f 1412 1425 1426
f 1412 1426 1413
f 1412 1422 1427
f 1412 1427 1423
f 1413 1426 1428
f 1417 1429 1418
f 1418 1429 1419
f 1419 1430 1420
f 1419 1429 1431
f 1419 1431 1432
f 1419 1432 1430
f 1421 1427 1422
f 1423 1433 1446
f 1423 1446 1434
f 1423 1434 1435
f 1423 1427 1436
f 1423 1436 1433
f 1424 1435 1437
f 1425 1428 1426
f 1430 1432 1438
f 1431 1439 1440
f 1431 1440 1432
f 1432 1440 1439
f 1432 1439 1441
f 1432 1441 1442
f 1432 1442 1443
f 1432 1443 1444
f 1432 1444 1445
f 1432 1445 1438
f 1434 1447 1435
f 1434 1446 1447
f 1435 1448 1449
f 1435 1449 1437
f 1435 1447 1450
f 1435 1450 1448
f 1438 1445 1444
f 1442 1451 1443
f 1442 1452 1451
f 1443 1451 1444
f 1444 1453 1454
f 1444 1454 1455
f 1444 1455 1456
f 1444 1451 1453
f 1446 1457 1447
f 1447 1457 1450
f 1448 1458 1449
f 1448 1450 1459
f 1448 1459 1458
f 1449 1458 1460
f 1450 1457 1461
f 1450 1461 1462
f 1450 1462 1459
f 1451 1452 1453
f 1452 1463 1453
f 1452 1464 1463
f 1453 1463 1454
f 1454 1465 1456
f 1454 1456 1455
f 1454 1463 1465
f 1456 1465 1466
f 1456 1466 1467
f 1458 1459 1468
f 1458 1468 1469
f 1458 1469 1470
f 1458 1470 1471
f 1458 1471 1460
f 1459 1462 1472
f 1459 1472 1473
f 1459 1473 1468
f 1462 1474 1475
f 1462 1475 1472
f 1463 1476 1465
f 1463 1464 1476
f 1464 1477 1476
f 1465 1478 1479
f 1465 1479 1466
f 1465 1476 1477
f 1465 1477 1478
f 1466 1479 1467
f 1467 1479 1480
f 1468 1473 1481
f 1468 1481 1483
f 1468 1483 1469
f 1469 1482 1470
f 1469 1483 1484
f 1469 1484 1482
f 1472 1475 1485
f 1472 1485 1473
f 1473 1485 1486
f 1473 1486 1481
f 1474 1485 1475
f 1477 1484 1483
f 1477 1483 1478
f 1478 1486 1487
f 1478 1487 1479
f 1478 1483 1486
f 1479 1487 1480
f 1481 1486 1483
f 1485 1487 1486
o convex_16
v 0.17537 0.636613 -0.693792
v 0.17537 0.632795 -0.6976
v 0.167741 0.627082 -0.6976
v 0.160112 0.621343 -0.693792
v 0.15758 0.620087 -0.686166
v 0.15758 0.620087 -0.670914
v 0.156313 0.617551 -0.663289
v 0.162676 0.620087 -0.66075
v 0.167741 0.625161 -0.670914
v 0.190628 0.617551 -0.663289
v 0.26432 0.569256 -0.620101
v 0.279578 0.569256 -0.635343
v 0.205853 0.617551 -0.67854
v 0.236369 0.602282 -0.67854
v 0.24653 0.597208 -0.683627
v 0.236369 0.602282 -0.6976
v 0.205853 0.617551 -0.6976
v 0.167741 0.609916 -0.701417
v 0.198256 0.609916 -0.701417
v 0.15758 0.61499 -0.69633
v 0.142322 0.584501 -0.69633
v 0.152483 0.609916 -0.686166
v 0.152483 0.609916 -0.670914
v 0.125798 0.556548 -0.663289
v 0.129628 0.556548 -0.65948
v 0.190628 0.541304 -0.613744
v 0.196341 0.548914 -0.613744
v 0.208418 0.559085 -0.615014
v 0.254159 0.559085 -0.615014
v 0.259223 0.548914 -0.609936
v 0.28211 0.556548 -0.617553
v 0.343077 0.526059 -0.617553
v 0.35577 0.523498 -0.635343
v 0.419301 0.49557 -0.67854
v 0.343077 0.541304 -0.67854
v 0.353238 0.536206 -0.683627
v 0.343077 0.541304 -0.6976
v 0.22874 0.594672 -0.701417
v 0.152483 0.579427 -0.701417
v 0.142322 0.569256 -0.69633
v 0.133427 0.562262 -0.686166
v 0.129628 0.560366 -0.67854
v 0.137257 0.579427 -0.686166
v 0.142322 0.589574 -0.686166
v 0.127096 0.559085 -0.670914
v 0.129628 0.556548 -0.67854
v 0.132161 0.54384 -0.676001
v 0.192835 0.452053 -0.606767
v 0.188452 0.462914 -0.606767
v 0.188063 0.464466 -0.606767
v 0.188063 0.467618 -0.606767
v 0.203321 0.498132 -0.606767
v 0.213482 0.548914 -0.609936
v 0.237635 0.52734 -0.606767
v 0.289739 0.533669 -0.609936
v 0.32019 0.518425 -0.609936
v 0.332916 0.515888 -0.612475
v 0.335448 0.503205 -0.609936
v 0.350706 0.48796 -0.609936
v 0.358302 0.510815 -0.617553
v 0.449817 0.465081 -0.663289
v 0.434559 0.480326 -0.663289
v 0.429463 0.490497 -0.683627
v 0.419301 0.49557 -0.6976
v 0.411672 0.48796 -0.701417
v 0.335448 0.533669 -0.701417
v 0.152483 0.564183 -0.701417
v 0.144886 0.541304 -0.693792
v 0.137257 0.548914 -0.686166
v 0.239777 0.423855 -0.606767
v 0.205853 0.449837 -0.617553
v 0.251627 0.419348 -0.617553
v 0.209846 0.508032 -0.606767
v 0.216176 0.514509 -0.606767
v 0.231921 0.52734 -0.606767
v 0.268151 0.512095 -0.606767
v 0.332266 0.469539 -0.606767
v 0.286558 0.500028 -0.606767
v 0.365931 0.457447 -0.609936
v 0.37356 0.480326 -0.617553
v 0.449817 0.44602 -0.663289
v 0.454882 0.45491 -0.673453
v 0.457446 0.457447 -0.686166
v 0.447253 0.477789 -0.681079
v 0.376092 0.452374 -0.615014
v 0.437091 0.482863 -0.691244
v 0.449817 0.465081 -0.6976
v 0.42693 0.472716 -0.701417
v 0.167741 0.548914 -0.701417
v 0.205853 0.480326 -0.663289
v 0.221111 0.49557 -0.693792
v 0.269092 0.40632 -0.606767
v 0.221111 0.449837 -0.632804
v 0.251627 0.465081 -0.67854
v 0.312561 0.419348 -0.663289
v 0.376092 0.40664 -0.691244
v 0.39135 0.391371 -0.676001
v 0.336714 0.460624 -0.606767
v 0.365931 0.440306 -0.613744
v 0.336714 0.458752 -0.606767
v 0.332266 0.440626 -0.606767
v 0.314054 0.41627 -0.606767
v 0.442188 0.440306 -0.65948
v 0.437091 0.421885 -0.66075
v 0.434559 0.415531 -0.663289
v 0.432027 0.40664 -0.670914
v 0.442188 0.426958 -0.670914
v 0.452349 0.4473 -0.670914
v 0.453615 0.449837 -0.693792
v 0.452349 0.457447 -0.69633
v 0.452349 0.467618 -0.691244
v 0.432027 0.40664 -0.686166
v 0.442188 0.457447 -0.701417
v 0.243998 0.503205 -0.701417
v 0.350706 0.442202 -0.701417
v 0.327819 0.434592 -0.693792
v 0.292856 0.402503 -0.606767
v 0.404076 0.385017 -0.663289
v 0.388818 0.404079 -0.693792
v 0.404076 0.388834 -0.67854
v 0.302238 0.40632 -0.606767
v 0.358302 0.434592 -0.613744
v 0.404076 0.388834 -0.65948
v 0.411672 0.394548 -0.65948
v 0.42693 0.409817 -0.65948
v 0.416769 0.391371 -0.670914
v 0.438358 0.419348 -0.693792
v 0.444104 0.442202 -0.6976
v 0.428846 0.411713 -0.6976
v 0.40979 0.392652 -0.686166
v 0.423132 0.404079 -0.693792
v 0.42693 0.426958 -0.701417
v 0.411672 0.411713 -0.701417
v 0.297887 0.403931 -0.606767
v 0.406608 0.386298 -0.670914
v 0.416769 0.401542 -0.69633
v 0.407874 0.388834 -0.67854
f 1488 1489 1490
f 1488 1490 1491
f 1488 1491 1492
f 1488 1492 1493
f 1488 1493 1494
f 1488 1494 1495
f 1488 1495 1496
f 1488 1496 1497
f 1488 1497 1498
f 1488 1498 1499
f 1488 1499 1500
f 1488 1500 1501
f 1488 1501 1502
f 1488 1502 1503
f 1488 1503 1504
f 1488 1504 1489
f 1489 1505 1490
f 1489 1504 1525
f 1489 1525 1506
f 1489 1506 1505
f 1490 1505 1507
f 1490 1507 1491
f 1491 1507 1508
f 1491 1508 1509
f 1491 1509 1492
f 1492 1509 1510
f 1492 1510 1493
f 1493 1510 1494
f 1494 1510 1511
f 1494 1511 1512
f 1494 1512 1513
f 1494 1513 1495
f 1495 1513 1514
f 1495 1514 1515
f 1495 1515 1498
f 1495 1498 1497
f 1495 1497 1496
f 1498 1515 1516
f 1498 1516 1517
f 1498 1517 1518
f 1498 1518 1519
f 1498 1519 1499
f 1499 1519 1520
f 1499 1520 1521
f 1499 1521 1522
f 1499 1522 1501
f 1499 1501 1500
f 1501 1522 1502
f 1502 1522 1523
f 1502 1523 1524
f 1502 1524 1503
f 1503 1525 1504
f 1503 1524 1525
f 1505 1526 1508
f 1505 1508 1507
f 1505 1506 1525
f 1505 1525 1553
f 1505 1553 1552
f 1505 1552 1575
f 1505 1575 1600
f 1505 1600 1619
f 1505 1619 1620
f 1505 1620 1602
f 1505 1602 1601
f 1505 1601 1576
f 1505 1576 1554
f 1505 1554 1526
f 1508 1527 1528
f 1508 1528 1529
f 1508 1529 1530
f 1508 1530 1531
f 1508 1531 1509
f 1508 1526 1554
f 1508 1554 1527
f 1509 1531 1511
f 1509 1511 1510
f 1511 1531 1530
f 1511 1530 1532
f 1511 1532 1533
f 1511 1533 1534
f 1511 1534 1535
f 1511 1535 1536
f 1511 1536 1537
f 1511 1537 1512
f 1512 1537 1538
f 1512 1538 1513
f 1513 1538 1539
f 1513 1539 1540
f 1513 1540 1514
f 1514 1540 1515
f 1515 1540 1517
f 1515 1517 1516
f 1517 1540 1562
f 1517 1562 1541
f 1517 1541 1563
f 1517 1563 1542
f 1517 1542 1518
f 1518 1542 1519
f 1519 1542 1543
f 1519 1543 1544
f 1519 1544 1545
f 1519 1545 1546
f 1519 1546 1547
f 1519 1547 1548
f 1519 1548 1549
f 1519 1549 1550
f 1519 1550 1521
f 1519 1521 1520
f 1521 1550 1522
f 1522 1550 1523
f 1523 1550 1524
f 1524 1550 1551
f 1524 1551 1552
f 1524 1552 1553
f 1524 1553 1525
f 1527 1554 1555
f 1527 1555 1528
f 1528 1556 1533
f 1528 1533 1529
f 1528 1555 1556
f 1529 1533 1532
f 1529 1532 1530
f 1533 1556 1534
f 1534 1556 1555
f 1534 1555 1535
f 1535 1557 1579
f 1535 1579 1604
f 1535 1604 1621
f 1535 1621 1608
f 1535 1608 1589
f 1535 1589 1588
f 1535 1588 1587
f 1535 1587 1585
f 1535 1585 1564
f 1535 1564 1565
f 1535 1565 1563
f 1535 1563 1541
f 1535 1541 1562
f 1535 1562 1561
f 1535 1561 1560
f 1535 1560 1539
f 1535 1539 1538
f 1535 1538 1537
f 1535 1537 1536
f 1535 1555 1558
f 1535 1558 1559
f 1535 1559 1557
f 1539 1560 1540
f 1540 1560 1561
f 1540 1561 1562
f 1542 1563 1543
f 1543 1564 1545
f 1543 1545 1544
f 1543 1563 1565
f 1543 1565 1564
f 1545 1564 1546
f 1546 1564 1566
f 1546 1566 1567
f 1546 1567 1547
f 1547 1567 1548
f 1548 1568 1569
f 1548 1569 1570
f 1548 1570 1571
f 1548 1571 1549
f 1548 1567 1572
f 1548 1572 1568
f 1549 1571 1550
f 1550 1571 1551
f 1551 1571 1573
f 1551 1573 1598
f 1551 1598 1574
f 1551 1574 1575
f 1551 1575 1552
f 1554 1576 1555
f 1555 1577 1558
f 1555 1576 1578
f 1555 1578 1577
f 1557 1559 1579
f 1558 1577 1580
f 1558 1580 1559
f 1559 1580 1577
f 1559 1577 1581
f 1559 1581 1582
f 1559 1582 1583
f 1559 1583 1584
f 1559 1584 1579
f 1564 1585 1566
f 1566 1586 1572
f 1566 1572 1567
f 1566 1585 1587
f 1566 1587 1588
f 1566 1588 1589
f 1566 1589 1586
f 1568 1590 1591
f 1568 1591 1592
f 1568 1592 1593
f 1568 1593 1594
f 1568 1594 1595
f 1568 1595 1569
f 1568 1572 1590
f 1569 1595 1570
f 1570 1596 1597
f 1570 1597 1574
f 1570 1574 1598
f 1570 1598 1571
f 1570 1595 1594
f 1570 1594 1593
f 1570 1593 1599
f 1570 1599 1596
f 1571 1598 1573
f 1572 1586 1612
f 1572 1612 1591
f 1572 1591 1590
f 1574 1597 1600
f 1574 1600 1575
f 1576 1601 1578
f 1577 1578 1581
f 1578 1601 1602
f 1578 1602 1603
f 1578 1603 1581
f 1579 1584 1605
f 1579 1605 1604
f 1581 1603 1582
f 1582 1603 1583
f 1583 1606 1584
f 1583 1603 1606
f 1584 1606 1607
f 1584 1607 1605
f 1586 1589 1608
f 1586 1608 1609
f 1586 1609 1610
f 1586 1610 1611
f 1586 1611 1612
f 1591 1612 1592
f 1592 1612 1593
f 1593 1612 1611
f 1593 1611 1613
f 1593 1613 1599
f 1596 1599 1614
f 1596 1614 1616
f 1596 1616 1615
f 1596 1615 1597
f 1597 1615 1600
f 1599 1616 1614
f 1599 1613 1617
f 1599 1617 1618
f 1599 1618 1616
f 1600 1615 1616
f 1600 1616 1619
f 1602 1620 1606
f 1602 1606 1603
f 1604 1605 1621
f 1605 1607 1622
f 1605 1622 1613
f 1605 1613 1611
f 1605 1611 1610
f 1605 1610 1621
f 1606 1620 1623
f 1606 1623 1617
f 1606 1617 1607
f 1607 1617 1624
f 1607 1624 1622
f 1608 1621 1610
f 1608 1610 1609
f 1613 1622 1624
f 1613 1624 1617
f 1616 1618 1623
f 1616 1623 1620
f 1616 1620 1619
f 1617 1623 1618
o convex_17
v 0.0760129 0.00358497 0.0763548
v -0.0340544 0.00358497 0.0763548
v 0.0760129 -0.0151525 0.0763548
v 0.0864014 0.00358497 0.0711393
v -0.0340544 0.00358497 -0.0704243
v -0.0340544 -0.105329 0.0763548
v 0.0757792 -0.0304408 0.0763548
v 0.0762253 -0.106758 0.0762307
v 0.0864014 -0.111823 0.0711393
v 0.0896943 0.00358497 0.0645579
v 0.114359 -0.129628 0.0381078
v -0.0266826 -0.135346 -0.106715
v -0.0304853 -0.137241 -0.0914726
v -0.0340544 -0.0305029 -0.0704243
v 0.0762253 0.00358497 -0.0610178
v 0.114359 -0.0800656 -0.160081
v 0.121965 -0.0965968 -0.17787
v 0.114359 -0.0953228 -0.175324
v 0.106732 -0.104862 -0.179143
v 0.0762253 -0.120089 -0.179143
v 0.0686198 -0.118193 -0.175324
v 0.0228806 -0.148676 -0.175324
v 0.0203313 -0.162629 -0.17787
v 0.00762713 -0.148676 -0.160081
v -0.00760511 -0.163903 -0.144838
v -0.0340544 -0.122015 0.0762307
v -0.0304853 -0.10654 0.0763548
v 0.0605469 -0.0609552 0.0763548
v 0.0609931 -0.122015 0.0762307
v 0.0762253 -0.123911 0.0724122
v 0.106732 -0.139168 0.0419263
v 0.114359 -0.13345 0.0381078
v 0.0914788 0.00358497 0.0609877
v 0.175352 -0.16008 -0.0838356
v -0.0228586 -0.144885 -0.114352
v -0.0114291 -0.165798 -0.137232
v -0.0340544 -0.140815 -0.0584721
v -0.0340544 -0.138764 -0.0625389
v -0.0340544 -0.123476 -0.063936
v -0.0203305 -0.157564 -0.111807
v 0.0864014 0.00358497 -0.0559264
v 0.144845 -0.0800656 -0.144838
v 0.144845 -0.0991138 -0.171537
v 0.129591 -0.0991138 -0.179143
v 0.152471 -0.204236 -0.240797
v 0.140405 -0.208711 -0.240797
v 0.134053 -0.21188 -0.240797
v 0.0762253 -0.24631 -0.240797
v 0.0305073 -0.150603 -0.179143
v 0.0730811 -0.248889 -0.240797
v 0.0698945 -0.252463 -0.240797
v 0.0670477 -0.256036 -0.240797
v 0.0127258 -0.170242 -0.170264
v 0.00509904 -0.193143 -0.162627
v -0.00760511 -0.175338 -0.144838
v -0.0340544 -0.124377 0.075051
v -0.0152319 -0.10654 0.0763548
v 0.0457608 -0.0757463 0.0763548
v 0.0609931 -0.132176 0.0711393
v 0.0305073 -0.0910035 0.0763548
v 3.81496e-07 -0.10623 0.0763548
v 0.0686198 -0.13345 0.0685937
v 0.0991055 -0.148676 0.0381078
v 0.175352 -0.186773 -0.0991095
v 0.175352 -0.171516 -0.0838356
v 0.152471 -0.0762435 -0.0762607
v 0.142295 -0.0559213 -0.0711694
v 0.129591 -0.0381471 -0.0838356
v 0.0914788 0.00358497 -0.0457748
v 0.182978 -0.122015 -0.137232
v 0.179154 -0.16962 -0.0914726
v 0.182978 -0.167725 -0.106715
v 3.81496e-07 -0.198208 -0.152475
v -0.0340544 -0.143083 -0.0516112
v 0.129591 -0.0381471 -0.0876541
v 0.162626 -0.0965968 -0.157536
v 0.160098 -0.0991138 -0.1639
v 0.152471 -0.106758 -0.17343
v 0.168723 -0.209146 -0.240797
v 0.167725 -0.208556 -0.240797
v 0.159546 -0.206007 -0.240797
v 0.0695121 -0.265949 -0.240797
v -0.0340544 -0.132176 0.0711393
v 0.0609931 -0.162629 0.0406535
v 0.0686198 -0.163903 0.0381078
v 0.0914788 -0.158185 0.0304708
v 0.121965 -0.313864 -0.240797
v 0.137218 -0.304636 -0.240797
v 0.175352 -0.278254 -0.236327
v 0.179154 -0.184877 -0.106715
v 0.172802 -0.101662 -0.132141
v 0.142295 -0.0559213 -0.0863812
v 0.17788 -0.111823 -0.142293
v 0.182978 -0.228722 -0.240797
v 0.182065 -0.225087 -0.240797
v 0.182978 -0.182951 -0.121958
v 0.0708505 -0.271293 -0.240797
v 0.0725713 -0.27813 -0.240797
v 0.0711691 -0.279528 -0.233781
v 0.00509904 -0.208369 -0.147384
v -0.0340544 -0.143083 -0.0493139
v 0.171528 -0.106758 -0.150551
v 0.178453 -0.216262 -0.240797
v -0.0340544 -0.133357 0.0687799
v 0.0533876 -0.251593 -0.110534
v 0.0609931 -0.249045 -0.101624
v 0.0686198 -0.255384 -0.114352
v 0.0609931 -0.25411 -0.111807
v 0.106732 -0.311814 -0.240797
v 0.177561 -0.277166 -0.240797
v 0.179154 -0.273189 -0.240797
v 0.182978 -0.256036 -0.240797
v 0.0864014 -0.294785 -0.240797
v 0.0939219 -0.303393 -0.240797
v 0.0711691 -0.279528 -0.203295
v 0.00509904 -0.208369 -0.116898
v -0.0340544 -0.137241 0.0609877
v 0.0953878 -0.304605 -0.240797
f 1625 1626 1630
f 1625 1630 1651
f 1625 1651 1681
f 1625 1681 1685
f 1625 1685 1684
f 1625 1684 1682
f 1625 1682 1652
f 1625 1652 1631
f 1625 1631 1627
f 1625 1627 1633
f 1625 1633 1628
f 1625 1628 1634
f 1625 1634 1657
f 1625 1657 1693
f 1625 1693 1665
f 1625 1665 1639
f 1625 1639 1629
f 1625 1629 1626
f 1626 1629 1638
f 1626 1638 1663
f 1626 1663 1662
f 1626 1662 1661
f 1626 1661 1698
f 1626 1698 1725
f 1626 1725 1741
f 1626 1741 1728
f 1626 1728 1707
f 1626 1707 1680
f 1626 1680 1650
f 1626 1650 1630
f 1627 1631 1632
f 1627 1632 1633
f 1628 1633 1656
f 1628 1656 1635
f 1628 1635 1634
f 1629 1636 1637
f 1629 1637 1638
f 1629 1639 1640
f 1629 1640 1641
f 1629 1641 1642
f 1629 1642 1643
f 1629 1643 1644
f 1629 1644 1645
f 1629 1645 1646
f 1629 1646 1647
f 1629 1647 1648
f 1629 1648 1649
f 1629 1649 1636
f 1630 1650 1651
f 1631 1652 1632
f 1632 1653 1654
f 1632 1654 1633
f 1632 1652 1653
f 1633 1654 1655
f 1633 1655 1656
f 1634 1635 1657
f 1635 1656 1689
f 1635 1689 1658
f 1635 1658 1657
f 1636 1659 1637
f 1636 1649 1660
f 1636 1660 1659
f 1637 1661 1662
f 1637 1662 1663
f 1637 1663 1638
f 1637 1659 1664
f 1637 1664 1661
f 1639 1665 1666
f 1639 1666 1640
f 1640 1666 1667
f 1640 1667 1668
f 1640 1668 1641
f 1641 1643 1642
f 1641 1668 1669
f 1641 1669 1670
f 1641 1670 1643
f 1643 1670 1671
f 1643 1671 1644
f 1644 1671 1672
f 1644 1672 1673
f 1644 1673 1646
f 1644 1646 1645
f 1646 1673 1674
f 1646 1674 1675
f 1646 1675 1676
f 1646 1676 1647
f 1647 1677 1648
f 1647 1676 1677
f 1648 1677 1649
f 1649 1677 1678
f 1649 1678 1679
f 1649 1679 1660
f 1650 1653 1681
f 1650 1681 1651
f 1650 1680 1653
f 1652 1682 1653
f 1653 1680 1683
f 1653 1683 1654
f 1653 1682 1684
f 1653 1684 1685
f 1653 1685 1681
f 1654 1683 1686
f 1654 1686 1655
f 1655 1686 1687
f 1655 1687 1688
f 1655 1688 1656
f 1656 1688 1689
f 1657 1690 1691
f 1657 1691 1692
f 1657 1692 1699
f 1657 1699 1693
f 1657 1658 1694
f 1657 1694 1690
f 1658 1689 1695
f 1658 1695 1696
f 1658 1696 1694
f 1659 1660 1679
f 1659 1679 1697
f 1659 1697 1664
f 1661 1664 1697
f 1661 1697 1698
f 1665 1693 1699
f 1665 1699 1700
f 1665 1700 1701
f 1665 1701 1666
f 1666 1701 1667
f 1667 1701 1702
f 1667 1702 1668
f 1668 1702 1703
f 1668 1703 1704
f 1668 1704 1705
f 1668 1705 1669
f 1669 1705 1704
f 1669 1704 1703
f 1669 1703 1727
f 1669 1727 1719
f 1669 1719 1718
f 1669 1718 1736
f 1669 1736 1735
f 1669 1735 1734
f 1669 1734 1712
f 1669 1712 1711
f 1669 1711 1733
f 1669 1733 1742
f 1669 1742 1738
f 1669 1738 1737
f 1669 1737 1722
f 1669 1722 1721
f 1669 1721 1706
f 1669 1706 1676
f 1669 1676 1675
f 1669 1675 1674
f 1669 1674 1672
f 1669 1672 1671
f 1669 1671 1670
f 1672 1674 1673
f 1676 1706 1697
f 1676 1697 1678
f 1676 1678 1677
f 1678 1697 1679
f 1680 1707 1683
f 1683 1707 1708
f 1683 1708 1709
f 1683 1709 1686
f 1686 1709 1687
f 1687 1709 1710
f 1687 1710 1711
f 1687 1711 1712
f 1687 1712 1713
f 1687 1713 1688
f 1688 1714 1689
f 1688 1713 1714
f 1689 1714 1695
f 1690 1694 1715
f 1690 1715 1691
f 1691 1716 1699
f 1691 1699 1692
f 1691 1715 1716
f 1694 1717 1715
f 1694 1696 1720
f 1694 1720 1736
f 1694 1736 1718
f 1694 1718 1719
f 1694 1719 1717
f 1695 1714 1696
f 1696 1714 1720
f 1697 1706 1721
f 1697 1721 1722
f 1697 1722 1723
f 1697 1723 1724
f 1697 1724 1698
f 1698 1724 1740
f 1698 1740 1725
f 1699 1716 1715
f 1699 1715 1700
f 1700 1715 1717
f 1700 1717 1726
f 1700 1726 1727
f 1700 1727 1701
f 1701 1727 1703
f 1701 1703 1702
f 1707 1728 1729
f 1707 1729 1730
f 1707 1730 1708
f 1708 1730 1709
f 1709 1730 1731
f 1709 1731 1711
f 1709 1711 1710
f 1711 1731 1732
f 1711 1732 1733
f 1712 1734 1713
f 1713 1734 1714
f 1714 1734 1735
f 1714 1735 1720
f 1717 1719 1727
f 1717 1727 1726
f 1720 1735 1736
f 1722 1737 1723
f 1723 1737 1738
f 1723 1738 1739
f 1723 1739 1740
f 1723 1740 1724
f 1725 1740 1741
f 1728 1741 1729
f 1729 1740 1739
f 1729 1739 1742
f 1729 1742 1733
f 1729 1733 1732
f 1729 1732 1730
f 1729 1741 1740
f 1730 1732 1731
f 1738 1742 1739
o convex_18
v 0.22865 -0.508263 -0.589665
v 0.228924 -0.508204 -0.589665
v 0.2287 -0.508263 -0.589596
v 0.213455 -0.505436 -0.589665
v 0.259215 -0.493056 -0.589665
v 0.221077 -0.453624 -0.480285
v 0.213455 -0.503174 -0.57942
v 0.190611 -0.438357 -0.434559
v 0.190611 -0.453624 -0.465055
v 0.203291 -0.498085 -0.574332
v 0.193152 -0.492996 -0.584508
v 0.193152 -0.492996 -0.589665
v 0.309958 -0.463206 -0.589665
v 0.312574 -0.461242 -0.587035
v 0.205832 -0.430738 -0.434559
v 0.198209 -0.487937 -0.548925
v 0.160121 -0.354522 -0.297348
v 0.144876 -0.362141 -0.297348
v 0.175366 -0.423119 -0.404098
v 0.182989 -0.432018 -0.421856
v 0.182989 -0.437107 -0.431998
v 0.182989 -0.442196 -0.442175
v 0.172825 -0.437107 -0.437087
v 0.188071 -0.482848 -0.543837
v 0.132171 -0.386276 -0.371042
v 0.187996 -0.482699 -0.589665
v 0.132171 -0.386276 -0.416768
v 0.315189 -0.459933 -0.589665
v 0.312574 -0.446005 -0.571805
v 0.177583 -0.277176 -0.240831
v 0.190611 -0.392615 -0.373603
v 0.160121 -0.339285 -0.282118
v 0.144876 -0.324048 -0.251623
v 0.137253 -0.355802 -0.284645
v 0.137253 -0.36595 -0.304998
v 0.127089 -0.360861 -0.299909
v 0.142335 -0.391365 -0.3609
v 0.116926 -0.355802 -0.310052
v 0.0725601 -0.278158 -0.240831
v 0.182989 -0.47267 -0.589665
v 0.122008 -0.36595 -0.411714
v 0.318951 -0.453028 -0.589665
v 0.316385 -0.4441 -0.57942
v 0.182989 -0.256046 -0.240831
v 0.179178 -0.273218 -0.240831
v 0.137253 -0.304674 -0.240831
v 0.137253 -0.322144 -0.247798
v 0.12963 -0.331667 -0.251623
v 0.12963 -0.358332 -0.293558
v 0.122008 -0.330387 -0.249061
v 0.114385 -0.327857 -0.247798
v 0.111844 -0.330387 -0.25415
v 0.101656 -0.325298 -0.264326
v 0.0965739 -0.31515 -0.25415
v 0.0864104 -0.294824 -0.240831
v 0.069521 -0.265956 -0.240831
v 0.106737 -0.335476 -0.365988
v 0.167744 -0.442196 -0.548925
v 0.181992 -0.46767 -0.589665
v 0.171555 -0.440291 -0.564155
v 0.321517 -0.440499 -0.589665
v 0.182989 -0.228727 -0.240831
v 0.122008 -0.31387 -0.240831
v 0.122008 -0.320239 -0.243973
v 0.106737 -0.311847 -0.240831
v 0.0954031 -0.304615 -0.240831
v 0.0939583 -0.303424 -0.240831
v 0.0670549 -0.256046 -0.240831
v 0.15631 -0.409787 -0.51843
v 0.185555 -0.451124 -0.589665
v 0.175366 -0.438357 -0.571805
v 0.320271 -0.437166 -0.589665
v 0.182092 -0.225096 -0.240831
v 0.0698947 -0.252475 -0.240831
v 0.0838695 -0.270659 -0.282118
v 0.160121 -0.407882 -0.526045
v 0.193675 -0.43913 -0.585499
v 0.196341 -0.443178 -0.589665
v 0.175366 -0.423119 -0.55654
v 0.313869 -0.421929 -0.589665
v 0.312574 -0.41931 -0.587035
v 0.17848 -0.216287 -0.240831
v 0.0730832 -0.248904 -0.240831
v 0.0838695 -0.247803 -0.251623
v 0.0991148 -0.270659 -0.297348
v 0.205832 -0.392615 -0.54131
v 0.230294 -0.418417 -0.589665
v 0.221077 -0.407882 -0.571805
v 0.312574 -0.41931 -0.589665
v 0.168765 -0.209174 -0.240831
v 0.299944 -0.406662 -0.589665
v 0.297329 -0.404073 -0.589665
v 0.0762469 -0.246345 -0.240831
v 0.134064 -0.211912 -0.240831
v 0.114385 -0.240184 -0.266853
v 0.2287 -0.375474 -0.53366
v 0.221077 -0.384997 -0.54131
v 0.251593 -0.392615 -0.571805
v 0.137253 -0.223013 -0.259238
v 0.182989 -0.299258 -0.396483
v 0.259215 -0.402823 -0.589665
v 0.167744 -0.208579 -0.240831
v 0.294713 -0.402764 -0.589665
v 0.140417 -0.208728 -0.240831
v 0.266838 -0.384997 -0.571805
v 0.160121 -0.217299 -0.266853
v 0.152498 -0.2084 -0.249061
v 0.274461 -0.399371 -0.589665
v 0.167744 -0.217299 -0.26115
v 0.159573 -0.206049 -0.240831
v 0.285645 -0.400502 -0.589665
v 0.152498 -0.204264 -0.240831
f 1743 1744 1745
f 1743 1745 1746
f 1743 1746 1754
f 1743 1754 1768
f 1743 1768 1782
f 1743 1782 1801
f 1743 1801 1812
f 1743 1812 1820
f 1743 1820 1829
f 1743 1829 1843
f 1743 1843 1850
f 1743 1850 1853
f 1743 1853 1845
f 1743 1845 1834
f 1743 1834 1833
f 1743 1833 1831
f 1743 1831 1822
f 1743 1822 1814
f 1743 1814 1803
f 1743 1803 1784
f 1743 1784 1770
f 1743 1770 1755
f 1743 1755 1747
f 1743 1747 1744
f 1744 1747 1748
f 1744 1748 1745
f 1745 1749 1746
f 1745 1748 1750
f 1745 1750 1751
f 1745 1751 1749
f 1746 1749 1752
f 1746 1752 1753
f 1746 1753 1754
f 1747 1755 1756
f 1747 1756 1748
f 1748 1757 1750
f 1748 1756 1757
f 1749 1751 1758
f 1749 1758 1752
f 1750 1757 1759
f 1750 1759 1760
f 1750 1760 1761
f 1750 1761 1762
f 1750 1762 1763
f 1750 1763 1751
f 1751 1763 1764
f 1751 1764 1765
f 1751 1765 1766
f 1751 1766 1758
f 1752 1758 1766
f 1752 1766 1753
f 1753 1766 1767
f 1753 1767 1769
f 1753 1769 1754
f 1754 1769 1768
f 1755 1770 1756
f 1756 1770 1771
f 1756 1771 1772
f 1756 1772 1759
f 1756 1759 1773
f 1756 1773 1757
f 1757 1773 1759
f 1759 1772 1774
f 1759 1774 1775
f 1759 1775 1776
f 1759 1776 1760
f 1760 1776 1761
f 1761 1776 1777
f 1761 1777 1778
f 1761 1778 1765
f 1761 1765 1764
f 1761 1764 1763
f 1761 1763 1762
f 1765 1778 1779
f 1765 1779 1766
f 1766 1779 1780
f 1766 1780 1767
f 1767 1780 1781
f 1767 1781 1769
f 1768 1769 1782
f 1769 1781 1783
f 1769 1783 1782
f 1770 1784 1771
f 1771 1784 1785
f 1771 1785 1786
f 1771 1786 1787
f 1771 1787 1772
f 1772 1787 1786
f 1772 1786 1804
f 1772 1804 1815
f 1772 1815 1824
f 1772 1824 1832
f 1772 1832 1844
f 1772 1844 1852
f 1772 1852 1854
f 1772 1854 1846
f 1772 1846 1836
f 1772 1836 1835
f 1772 1835 1825
f 1772 1825 1816
f 1772 1816 1810
f 1772 1810 1798
f 1772 1798 1781
f 1772 1781 1797
f 1772 1797 1809
f 1772 1809 1808
f 1772 1808 1807
f 1772 1807 1805
f 1772 1805 1788
f 1772 1788 1789
f 1772 1789 1775
f 1772 1775 1774
f 1775 1789 1790
f 1775 1790 1776
f 1776 1791 1778
f 1776 1778 1777
f 1776 1790 1792
f 1776 1792 1793
f 1776 1793 1791
f 1778 1780 1779
f 1778 1791 1793
f 1778 1793 1794
f 1778 1794 1780
f 1780 1794 1795
f 1780 1795 1781
f 1781 1795 1796
f 1781 1796 1797
f 1781 1798 1799
f 1781 1799 1783
f 1782 1800 1801
f 1782 1783 1800
f 1783 1799 1802
f 1783 1802 1800
f 1784 1803 1785
f 1785 1803 1786
f 1786 1803 1804
f 1788 1805 1789
f 1789 1806 1792
f 1789 1792 1790
f 1789 1805 1806
f 1792 1806 1793
f 1793 1806 1805
f 1793 1805 1807
f 1793 1807 1808
f 1793 1808 1809
f 1793 1809 1794
f 1794 1809 1796
f 1794 1796 1795
f 1796 1809 1797
f 1798 1810 1799
f 1799 1810 1811
f 1799 1811 1802
f 1800 1802 1801
f 1801 1802 1813
f 1801 1813 1812
f 1802 1811 1813
f 1803 1814 1815
f 1803 1815 1804
f 1810 1816 1817
f 1810 1817 1818
f 1810 1818 1811
f 1811 1818 1813
f 1812 1819 1820
f 1812 1813 1819
f 1813 1821 1819
f 1813 1818 1821
f 1814 1822 1823
f 1814 1823 1815
f 1815 1823 1824
f 1816 1825 1817
f 1817 1825 1826
f 1817 1826 1827
f 1817 1827 1818
f 1818 1828 1821
f 1818 1827 1828
f 1819 1829 1820
f 1819 1821 1829
f 1821 1828 1830
f 1821 1830 1829
f 1822 1831 1823
f 1823 1831 1824
f 1824 1831 1833
f 1824 1833 1834
f 1824 1834 1832
f 1825 1835 1826
f 1826 1835 1836
f 1826 1836 1837
f 1826 1837 1827
f 1827 1837 1828
f 1828 1838 1839
f 1828 1839 1847
f 1828 1847 1840
f 1828 1840 1830
f 1828 1837 1841
f 1828 1841 1842
f 1828 1842 1838
f 1829 1830 1843
f 1830 1840 1843
f 1832 1834 1844
f 1834 1845 1844
f 1836 1846 1841
f 1836 1841 1837
f 1838 1847 1839
f 1838 1842 1848
f 1838 1848 1847
f 1840 1847 1843
f 1841 1846 1849
f 1841 1849 1848
f 1841 1848 1842
f 1843 1847 1850
f 1844 1851 1848
f 1844 1848 1852
f 1844 1845 1847
f 1844 1847 1851
f 1845 1853 1847
f 1846 1854 1849
f 1847 1853 1850
f 1847 1848 1851
f 1848 1849 1854
f 1848 1854 1852
o convex_19
v -0.0560961 -0.0638272 0.531025
v -0.203723 -0.0638272 0.619629
v -0.205185 -0.0566932 0.618203
v -0.0546344 -0.0566932 0.531025
v -0.00620052 -0.0638272 0.531025
v -0.205517 -0.0638272 0.622338
v -0.212692 -0.0566932 0.625944
v -0.00626695 -0.0566932 0.531025
v -0.00852587 -0.0638272 0.540369
v 0.431233 -0.0566932 0.555596
v 0.426914 -0.0609925 0.564187
v 0.45741 -0.0609925 0.579446
v -0.208241 -0.0638272 0.6304
v -0.207444 -0.0638272 0.635802
v -0.209769 -0.0566932 0.635161
v -0.0847977 -0.0638272 0.631827
v 0.461728 -0.0566932 0.570839
v 0.466047 -0.0566932 0.579446
v 0.466047 -0.0566932 0.584127
v 0.46505 -0.0571813 0.58706
v 0.0686761 -0.0571813 0.693792
v 0.0610356 -0.0609925 0.686163
v -0.0939662 -0.0638272 0.637934
v -0.0934347 -0.0638272 0.637581
v -0.200999 -0.0638272 0.638991
v -0.198209 -0.0609925 0.640418
v -0.198209 -0.0566932 0.640418
v 0.46525 -0.0566932 0.587252
v 0.0688754 -0.0566932 0.693984
v 0.0657528 -0.0566932 0.69477
v 0.0610356 -0.0566932 0.69477
v -0.106722 -0.0638272 0.63936
f 1855 1856 1857
f 1855 1857 1858
f 1855 1858 1862
f 1855 1862 1859
f 1855 1859 1863
f 1855 1863 1870
f 1855 1870 1878
f 1855 1878 1877
f 1855 1877 1886
f 1855 1886 1879
f 1855 1879 1868
f 1855 1868 1867
f 1855 1867 1860
f 1855 1860 1856
f 1856 1860 1861
f 1856 1861 1857
f 1857 1861 1869
f 1857 1869 1881
f 1857 1881 1885
f 1857 1885 1884
f 1857 1884 1883
f 1857 1883 1882
f 1857 1882 1873
f 1857 1873 1872
f 1857 1872 1871
f 1857 1871 1864
f 1857 1864 1862
f 1857 1862 1858
f 1859 1862 1864
f 1859 1864 1865
f 1859 1865 1866
f 1859 1866 1863
f 1860 1867 1861
f 1861 1867 1868
f 1861 1868 1869
f 1863 1866 1870
f 1864 1871 1865
f 1865 1871 1866
f 1866 1871 1872
f 1866 1872 1873
f 1866 1873 1874
f 1866 1874 1875
f 1866 1875 1876
f 1866 1876 1877
f 1866 1877 1878
f 1866 1878 1870
f 1868 1879 1869
f 1869 1879 1880
f 1869 1880 1881
f 1873 1882 1874
f 1874 1882 1883
f 1874 1883 1875
f 1875 1883 1884
f 1875 1884 1876
f 1876 1884 1885
f 1876 1885 1879
f 1876 1879 1886
f 1876 1886 1877
f 1879 1885 1880
f 1880 1885 1881
o convex_20
v -0.0762626 -0.0914912 0.53104
v -0.0720623 -0.0831058 0.53104
v -0.0749281 -0.094157 0.53104
v -0.203301 -0.0660763 0.620093
v -0.203739 -0.0638272 0.619638
v -0.0711653 -0.0813238 0.53104
v -0.0711653 -0.101651 0.53104
v -0.099102 -0.129603 0.571815
v -0.205839 -0.0686199 0.632789
v -0.205555 -0.0638272 0.622341
v -0.204702 -0.0638272 0.621065
v -0.0561359 -0.0638272 0.53104
v -0.0610145 -0.106732 0.53104
v -0.10164 -0.132147 0.675994
v -0.0864135 -0.132147 0.569279
v -0.0762626 -0.137234 0.579439
v -0.0915108 -0.133418 0.581353
v -0.0915108 -0.137234 0.670907
v -0.205839 -0.0686199 0.636601
v -0.208224 -0.0638272 0.630405
v -0.00625673 -0.0638272 0.53104
v -2.18341e-05 -0.106732 0.53104
v -0.0915108 -0.132147 0.681082
v -0.099102 -0.129603 0.682342
v -0.0711653 -0.132147 0.569279
v -0.0762626 -0.137234 0.670907
v -0.201048 -0.0638272 0.639
v -0.207436 -0.0638272 0.635811
v -0.0915108 -0.121979 0.686154
v -0.00634424 -0.0638272 0.531389
v -0.00509726 -0.0813238 0.63534
v 0.0101509 -0.0813238 0.559104
v 0.00356597 -0.0726653 0.53104
v 0.0101509 -0.101651 0.53104
v 0.00761319 -0.102923 0.571815
v -2.18341e-05 -0.106732 0.564192
v -0.0762626 -0.132147 0.681082
v -0.0686276 -0.133418 0.67853
v -0.106737 -0.0638272 0.639349
v -0.0915108 -0.106732 0.686154
v -0.0965643 -0.0965785 0.681082
v -0.0660899 -0.0813238 0.665835
v -0.0762626 -0.121979 0.686154
v -0.00859755 -0.0638272 0.540364
v -2.18341e-05 -0.0914912 0.640413
v 0.0152263 -0.0914912 0.564192
v -0.01527 -0.0762437 0.640413
v -0.0178077 -0.0787873 0.653124
v -0.0101727 -0.0864111 0.660747
v 0.0125792 -0.0861668 0.53104
v 0.0101509 -0.0813238 0.53104
v 0.0143513 -0.093266 0.53104
v 0.0101509 -0.101651 0.564192
v -0.00763497 -0.102923 0.648036
v -0.0660899 -0.127066 0.681082
v -0.0228831 -0.102923 0.663283
v -0.0203454 -0.0965785 0.665835
v -0.0939829 -0.0638272 0.637937
v -0.0355936 -0.0813238 0.665835
v -0.0305181 -0.0762437 0.65566
v -0.0762626 -0.106732 0.686154
v -0.081338 -0.0965785 0.681082
v -0.0305181 -0.0914912 0.670907
v -0.0848383 -0.0638272 0.631832
v -0.00509726 -0.0965785 0.650587
v -0.00509726 -0.101651 0.640413
v 0.0152263 -0.0914912 0.53104
v -0.0934578 -0.0638272 0.637588
f 1887 1888 1892
f 1887 1892 1898
f 1887 1898 1907
f 1887 1907 1919
f 1887 1919 1937
f 1887 1937 1936
f 1887 1936 1953
f 1887 1953 1938
f 1887 1938 1920
f 1887 1920 1908
f 1887 1908 1899
f 1887 1899 1893
f 1887 1893 1889
f 1887 1889 1890
f 1887 1890 1891
f 1887 1891 1888
f 1888 1891 1892
f 1889 1893 1890
f 1890 1894 1895
f 1890 1895 1896
f 1890 1896 1897
f 1890 1897 1891
f 1890 1893 1894
f 1891 1897 1896
f 1891 1896 1906
f 1891 1906 1914
f 1891 1914 1913
f 1891 1913 1925
f 1891 1925 1944
f 1891 1944 1954
f 1891 1954 1950
f 1891 1950 1930
f 1891 1930 1916
f 1891 1916 1907
f 1891 1907 1898
f 1891 1898 1892
f 1893 1899 1894
f 1894 1900 1895
f 1894 1899 1901
f 1894 1901 1902
f 1894 1902 1903
f 1894 1903 1904
f 1894 1904 1900
f 1895 1905 1906
f 1895 1906 1896
f 1895 1900 1905
f 1899 1908 1911
f 1899 1911 1901
f 1900 1904 1909
f 1900 1909 1910
f 1900 1910 1905
f 1901 1911 1902
f 1902 1911 1908
f 1902 1908 1922
f 1902 1922 1912
f 1902 1912 1904
f 1902 1904 1903
f 1904 1912 1923
f 1904 1923 1909
f 1905 1913 1914
f 1905 1914 1906
f 1905 1910 1915
f 1905 1915 1913
f 1907 1916 1917
f 1907 1917 1918
f 1907 1918 1919
f 1908 1920 1921
f 1908 1921 1922
f 1909 1915 1910
f 1909 1923 1929
f 1909 1929 1915
f 1912 1922 1921
f 1912 1921 1924
f 1912 1924 1923
f 1913 1915 1926
f 1913 1926 1927
f 1913 1927 1928
f 1913 1928 1925
f 1915 1929 1947
f 1915 1947 1926
f 1916 1930 1917
f 1917 1931 1932
f 1917 1932 1918
f 1917 1930 1933
f 1917 1933 1934
f 1917 1934 1935
f 1917 1935 1931
f 1918 1932 1936
f 1918 1936 1937
f 1918 1937 1919
f 1920 1938 1939
f 1920 1939 1921
f 1921 1939 1952
f 1921 1952 1940
f 1921 1940 1924
f 1923 1924 1941
f 1923 1941 1929
f 1924 1940 1942
f 1924 1942 1943
f 1924 1943 1941
f 1925 1928 1945
f 1925 1945 1946
f 1925 1946 1944
f 1926 1947 1948
f 1926 1948 1927
f 1927 1948 1945
f 1927 1945 1928
f 1929 1941 1943
f 1929 1943 1949
f 1929 1949 1947
f 1930 1950 1933
f 1931 1951 1952
f 1931 1952 1939
f 1931 1939 1932
f 1931 1935 1951
f 1932 1939 1938
f 1932 1938 1953
f 1932 1953 1936
f 1933 1950 1946
f 1933 1946 1934
f 1934 1946 1945
f 1934 1945 1935
f 1935 1949 1943
f 1935 1943 1951
f 1935 1945 1949
f 1940 1952 1951
f 1940 1951 1943
f 1940 1943 1942
f 1944 1946 1954
f 1945 1948 1947
f 1945 1947 1949
f 1946 1950 1954
o convex_21
v -0.12132 0.145022 0.0779338
v -0.114362 0.160114 0.0800691
v -0.110057 0.145022 0.0784935
v -0.197486 0.145022 0.198937
v -0.259214 0.167739 0.152501
v -0.266841 0.175363 0.144872
v -0.259214 0.182988 0.137244
v -0.259214 0.289715 0.137244
v -0.0915012 0.289715 0.137244
v -0.0838741 0.29734 0.141058
v -0.107821 0.145022 0.0829713
v -0.0813248 0.289715 0.142323
v -0.201937 0.145022 0.213469
v -0.259214 0.167739 0.274458
v -0.269369 0.172827 0.15758
v -0.274468 0.182988 0.152501
v -0.269369 0.188076 0.142323
v -0.269369 0.294788 0.142323
v -0.259214 0.299876 0.142323
v -0.0915012 0.299876 0.142323
v -0.0813248 0.299876 0.147401
v -0.1078 0.145022 0.0830542
v -0.076247 0.289715 0.152501
v -0.076247 0.182988 0.152501
v -0.080071 0.175363 0.144872
v -0.201937 0.145022 0.228706
v -0.259214 0.172827 0.284616
v -0.266841 0.175363 0.285901
v -0.269369 0.172827 0.279537
v -0.2006 0.145022 0.231422
v -0.195209 0.145022 0.242202
v -0.191677 0.145022 0.243964
v -0.179244 0.145022 0.247695
v -0.274468 0.289715 0.152501
v -0.274468 0.182988 0.274458
v -0.266841 0.301144 0.144872
v -0.259214 0.304948 0.152501
v -0.0915012 0.304948 0.152501
v -0.0813248 0.299876 0.269379
v -0.0609928 0.259217 0.213469
v -0.106755 0.145022 0.0914915
v -0.0609928 0.213486 0.198212
v -0.0813248 0.172827 0.152501
v -0.104875 0.145022 0.107682
v -0.0915012 0.172827 0.284616
v -0.259214 0.182988 0.289716
v -0.259214 0.289715 0.289716
v -0.269369 0.289715 0.284616
v -0.269369 0.182988 0.284616
v -0.0915012 0.182988 0.289716
v -0.148757 0.145022 0.247695
v -0.274468 0.289715 0.274458
v -0.270644 0.29734 0.282087
v -0.269369 0.299876 0.152501
v -0.259214 0.304948 0.274458
v -0.269369 0.299876 0.274458
v -0.0915012 0.304948 0.274458
v -0.0838741 0.29734 0.282087
v -0.076247 0.289715 0.274458
v -0.0609928 0.213486 0.228706
v -0.0813248 0.172827 0.274458
v -0.104373 0.145022 0.12437
v -0.0838741 0.171543 0.282087
v -0.264291 0.299876 0.284616
v -0.0915012 0.289715 0.289716
v -0.0813248 0.1779 0.284616
v -0.139959 0.145022 0.241248
v -0.0965789 0.299876 0.284616
v -0.0813248 0.284627 0.284616
v -0.076247 0.182988 0.274458
v -0.133523 0.145022 0.232438
f 1955 1956 1957
f 1955 1957 1965
f 1955 1965 1976
f 1955 1976 1995
f 1955 1995 1998
f 1955 1998 2016
f 1955 2016 2025
f 1955 2025 2021
f 1955 2021 2005
f 1955 2005 1987
f 1955 1987 1986
f 1955 1986 1985
f 1955 1985 1984
f 1955 1984 1980
f 1955 1980 1967
f 1955 1967 1958
f 1955 1958 1959
f 1955 1959 1960
f 1955 1960 1961
f 1955 1961 1962
f 1955 1962 1956
f 1956 1963 1964
f 1956 1964 1957
f 1956 1962 1963
f 1957 1964 1966
f 1957 1966 1965
f 1958 1967 1959
f 1959 1967 1980
f 1959 1980 1968
f 1959 1968 1983
f 1959 1983 1969
f 1959 1969 1960
f 1960 1969 1970
f 1960 1970 1971
f 1960 1971 1961
f 1961 1971 1972
f 1961 1972 1962
f 1962 1972 1973
f 1962 1973 1974
f 1962 1974 1963
f 1963 1974 1964
f 1964 1974 1975
f 1964 1975 1966
f 1965 1966 1977
f 1965 1977 1978
f 1965 1978 1979
f 1965 1979 1976
f 1966 1975 1977
f 1968 1981 1982
f 1968 1982 1983
f 1968 1980 1984
f 1968 1984 1985
f 1968 1985 1986
f 1968 1986 1987
f 1968 1987 1981
f 1969 1983 1989
f 1969 1989 1970
f 1970 1988 1972
f 1970 1972 1971
f 1970 1989 2006
f 1970 2006 1988
f 1972 1988 1990
f 1972 1990 1973
f 1973 1990 1991
f 1973 1991 1992
f 1973 1992 1974
f 1974 1992 1975
f 1975 1993 1994
f 1975 1994 1977
f 1975 1992 2011
f 1975 2011 1993
f 1976 1979 1995
f 1977 1994 1996
f 1977 1996 1978
f 1978 1996 1997
f 1978 1997 1979
f 1979 1997 1998
f 1979 1998 1995
f 1981 1987 2005
f 1981 2005 1999
f 1981 1999 1982
f 1982 2000 2001
f 1982 2001 2002
f 1982 2002 2003
f 1982 2003 1989
f 1982 1989 1983
f 1982 1999 2004
f 1982 2004 2000
f 1988 2006 2007
f 1988 2007 2008
f 1988 2008 1990
f 1989 2003 2007
f 1989 2007 2006
f 1990 2009 1991
f 1990 2008 2010
f 1990 2010 2009
f 1991 2009 2011
f 1991 2011 1992
f 1993 2011 2012
f 1993 2012 2013
f 1993 2013 1994
f 1994 2014 1996
f 1994 2013 2014
f 1996 2014 2015
f 1996 2015 1997
f 1997 2015 2016
f 1997 2016 1998
f 1999 2005 2017
f 1999 2017 2004
f 2000 2004 2019
f 2000 2019 2001
f 2001 2018 2007
f 2001 2007 2002
f 2001 2019 2022
f 2001 2022 2018
f 2002 2007 2003
f 2004 2017 2020
f 2004 2020 2023
f 2004 2023 2019
f 2005 2021 2017
f 2007 2010 2008
f 2007 2018 2009
f 2007 2009 2010
f 2009 2018 2022
f 2009 2022 2011
f 2011 2022 2012
f 2012 2022 2019
f 2012 2019 2023
f 2012 2023 2013
f 2013 2023 2020
f 2013 2020 2024
f 2013 2024 2014
f 2014 2024 2015
f 2015 2024 2020
f 2015 2020 2017
f 2015 2017 2016
f 2016 2017 2025
f 2017 2021 2025
o convex_22
v -0.111917 -0.152739 0.0814044
v -0.111791 -0.152739 0.0814044
v -0.114362 -0.160115 0.0838717
v -0.259214 -0.289704 0.137234
v -0.115845 -0.152739 0.0824035
v -0.10686 -0.152739 0.0912531
v -0.0813248 -0.289704 0.142332
v -0.110558 -0.160115 0.0838717
v -0.254136 -0.299868 0.142332
v -0.266841 -0.297334 0.14486
v -0.269369 -0.284623 0.142332
v -0.259214 -0.18299 0.137234
v -0.0915012 -0.289704 0.137234
v -0.121759 -0.152739 0.0912531
v -0.269369 -0.177909 0.142332
v -0.266841 -0.171545 0.14486
v -0.259214 -0.16773 0.152486
v -0.106839 -0.152739 0.0914978
v -0.0813248 -0.172827 0.147409
v -0.076247 -0.18299 0.152486
v -0.076247 -0.289704 0.152486
v -0.080071 -0.297334 0.14486
v -0.0864234 -0.299868 0.142332
v -0.259214 -0.304964 0.152486
v -0.269369 -0.299868 0.157584
v -0.274468 -0.289704 0.152486
v -0.194979 -0.152739 0.201445
v -0.274468 -0.18299 0.152486
v -0.269369 -0.172827 0.152486
v -0.269369 -0.172827 0.274464
v -0.259214 -0.16773 0.274464
v -0.198343 -0.152739 0.213455
v -0.106755 -0.152739 0.10675
v -0.0813248 -0.172827 0.269366
v -0.0609928 -0.21348 0.198223
v -0.0648168 -0.251585 0.190597
v -0.076247 -0.289704 0.274464
v -0.0813248 -0.299868 0.152486
v -0.0915012 -0.304964 0.152486
v -0.259214 -0.304964 0.274464
v -0.269369 -0.299868 0.279541
v -0.274468 -0.289704 0.274464
v -0.274468 -0.18299 0.274464
v -0.270644 -0.17536 0.28209
v -0.182838 -0.152739 0.244081
v -0.183256 -0.152739 0.243959
v -0.193203 -0.152739 0.238984
v -0.198343 -0.152739 0.228707
v -0.264291 -0.172827 0.284618
v -0.0915012 -0.16773 0.274464
v -0.109326 -0.152739 0.122002
v -0.0838741 -0.17536 0.28209
v -0.076247 -0.18299 0.274464
v -0.0609928 -0.21348 0.228707
v -0.0635421 -0.246503 0.195674
v -0.0813248 -0.294786 0.284618
v -0.0813248 -0.299868 0.274464
v -0.0660915 -0.254133 0.228707
v -0.0660915 -0.249051 0.238882
v -0.0838741 -0.301149 0.28209
v -0.0915012 -0.304964 0.274464
v -0.259214 -0.299868 0.284618
v -0.266841 -0.297334 0.285903
v -0.269369 -0.289704 0.284618
v -0.269369 -0.18299 0.284618
v -0.259214 -0.18299 0.289716
v -0.152372 -0.152739 0.244081
v -0.0965789 -0.172827 0.284618
v -0.137117 -0.152739 0.228829
v -0.140649 -0.152739 0.240554
v -0.0915012 -0.18299 0.289716
v -0.0813248 -0.188072 0.284618
v -0.0915012 -0.289704 0.289716
v -0.0915012 -0.299868 0.284618
v -0.259214 -0.289704 0.289716
f 2026 2027 2033
f 2026 2033 2028
f 2026 2028 2029
f 2026 2029 2030
f 2026 2030 2039
f 2026 2039 2052
f 2026 2052 2057
f 2026 2057 2073
f 2026 2073 2072
f 2026 2072 2071
f 2026 2071 2070
f 2026 2070 2092
f 2026 2092 2095
f 2026 2095 2094
f 2026 2094 2076
f 2026 2076 2058
f 2026 2058 2043
f 2026 2043 2031
f 2026 2031 2027
f 2027 2031 2032
f 2027 2032 2033
f 2028 2033 2038
f 2028 2038 2029
f 2029 2034 2035
f 2029 2035 2036
f 2029 2036 2040
f 2029 2040 2037
f 2029 2037 2030
f 2029 2038 2048
f 2029 2048 2034
f 2030 2037 2040
f 2030 2040 2041
f 2030 2041 2042
f 2030 2042 2039
f 2031 2043 2044
f 2031 2044 2045
f 2031 2045 2046
f 2031 2046 2032
f 2032 2046 2047
f 2032 2047 2033
f 2033 2047 2048
f 2033 2048 2038
f 2034 2049 2035
f 2034 2048 2064
f 2034 2064 2049
f 2035 2049 2050
f 2035 2050 2051
f 2035 2051 2036
f 2036 2051 2053
f 2036 2053 2040
f 2039 2042 2052
f 2040 2053 2041
f 2041 2053 2054
f 2041 2054 2055
f 2041 2055 2056
f 2041 2056 2042
f 2042 2056 2073
f 2042 2073 2057
f 2042 2057 2052
f 2043 2058 2044
f 2044 2059 2079
f 2044 2079 2060
f 2044 2060 2045
f 2044 2058 2059
f 2045 2060 2046
f 2046 2060 2061
f 2046 2061 2062
f 2046 2062 2082
f 2046 2082 2063
f 2046 2063 2047
f 2047 2063 2064
f 2047 2064 2048
f 2049 2065 2066
f 2049 2066 2050
f 2049 2064 2086
f 2049 2086 2065
f 2050 2066 2067
f 2050 2067 2051
f 2051 2067 2068
f 2051 2068 2053
f 2053 2068 2069
f 2053 2069 2054
f 2054 2069 2055
f 2055 2069 2056
f 2056 2070 2071
f 2056 2071 2072
f 2056 2072 2073
f 2056 2069 2074
f 2056 2074 2093
f 2056 2093 2075
f 2056 2075 2092
f 2056 2092 2070
f 2058 2076 2075
f 2058 2075 2059
f 2059 2075 2077
f 2059 2077 2078
f 2059 2078 2079
f 2060 2079 2080
f 2060 2080 2061
f 2061 2080 2062
f 2062 2081 2082
f 2062 2080 2083
f 2062 2083 2084
f 2062 2084 2079
f 2062 2079 2078
f 2062 2078 2097
f 2062 2097 2081
f 2063 2082 2085
f 2063 2085 2064
f 2064 2085 2086
f 2065 2087 2088
f 2065 2088 2066
f 2065 2086 2085
f 2065 2085 2087
f 2066 2088 2067
f 2067 2069 2068
f 2067 2088 2089
f 2067 2089 2069
f 2069 2089 2090
f 2069 2090 2091
f 2069 2091 2074
f 2074 2091 2096
f 2074 2096 2093
f 2075 2093 2077
f 2075 2076 2094
f 2075 2094 2095
f 2075 2095 2092
f 2077 2093 2096
f 2077 2096 2097
f 2077 2097 2078
f 2079 2084 2083
f 2079 2083 2080
f 2081 2098 2085
f 2081 2085 2082
f 2081 2097 2096
f 2081 2096 2098
f 2085 2098 2099
f 2085 2099 2087
f 2087 2099 2088
f 2088 2100 2091
f 2088 2091 2090
f 2088 2090 2089
f 2088 2099 2098
f 2088 2098 2100
f 2091 2100 2098
f 2091 2098 2096
