o convex_0
v 0.346616 -0.439564 -0.244646
v 0.346616 -0.448589 -0.244646
v 0.346616 -0.439564 -0.265058
v 0.305833 -0.439564 -0.0522078
v 0.326191 -0.570929 -0.203865
v 0.346616 -0.468979 -0.265058
v 0.305833 -0.489369 -0.0611942
v 0.305833 -0.570929 -0.0815635
v 0.342816 -0.439564 -0.272633
v 0.321101 -0.479174 -0.316024
v 0.319405 -0.468979 -0.319405
v 0.303255 -0.439564 -0.0407821
v 0.326191 -0.591319 -0.224277
v 0.341459 -0.479174 -0.275243
v 0.326191 -0.591319 -0.244646
v 0.321101 -0.601514 -0.254831
v 0.300676 -0.593856 -0.0815635
v 0.305833 -0.591319 -0.101976
v 0.299523 -0.439564 -0.0310682
v 0.278623 -0.5981 -0.0272169
v 0.278623 -0.63888 -0.0475862
v 0.285408 -0.632099 -0.0611942
v 0.280319 -0.655026 -0.0611942
v 0.335962 -0.439564 -0.286241
v 0.333859 -0.489369 -0.285428
v 0.313434 -0.611709 -0.265058
v 0.292194 -0.611709 -0.292232
v 0.292194 -0.489369 -0.333013
v 0.305833 -0.468979 -0.326209
v 0.316012 -0.458784 -0.321117
v 0.305833 -0.67288 -0.203865
v 0.300676 -0.683075 -0.21405
v 0.259962 -0.784976 -0.21405
v 0.285408 -0.652489 -0.0815635
v 0.279098 -0.439564 0.00971318
v 0.275094 -0.439564 0.0163888
v 0.271837 -0.58449 -0.0136088
v 0.258198 -0.63888 -0.00680477
v 0.23784 -0.720391 -0.00680477
v 0.23784 -0.761171 -0.0272169
v 0.300676 -0.675416 -0.183496
v 0.244626 -0.754391 -0.0407821
v 0.316623 -0.439564 -0.310633
v 0.290498 -0.642294 -0.275243
v 0.300676 -0.621904 -0.275243
v 0.247205 -0.795171 -0.219142
v 0.280319 -0.621904 -0.295612
v 0.280319 -0.499564 -0.336394
v 0.271837 -0.502979 -0.339817
v 0.278623 -0.489369 -0.339817
v 0.275637 -0.439564 -0.341315
v 0.265051 -0.774781 -0.183496
v 0.265051 -0.774781 -0.203865
v 0.231055 -0.842732 -0.163084
v 0.231055 -0.842732 -0.183496
v 0.239537 -0.825756 -0.19368
v 0.229358 -0.825756 -0.21405
v 0.251412 -0.439564 0.0475419
v 0.251412 -0.441808 0.0475419
v 0.231055 -0.706782 0.0067605
v 0.217483 -0.781562 -0.00680477
v 0.234447 -0.739074 -0.0102282
v 0.214022 -0.800244 -0.0102282
v 0.21918 -0.797708 -0.0204128
v 0.239537 -0.777318 -0.0611942
v 0.239537 -0.744196 -0.254831
v 0.271837 -0.62527 -0.299036
v 0.265051 -0.489369 -0.346578
v 0.224269 -0.591319 -0.326209
v 0.265051 -0.448589 -0.346578
v 0.274008 -0.439564 -0.342085
v 0.239537 -0.818098 -0.142714
v 0.244626 -0.815561 -0.163084
v 0.21918 -0.818098 -0.0611942
v 0.210629 -0.842732 -0.0815635
v 0.190272 -0.903902 -0.142714
v 0.210629 -0.863122 -0.183496
v 0.231055 -0.747562 -0.258254
v 0.208933 -0.846146 -0.21405
v 0.220265 -0.439564 0.0712062
v 0.217483 -0.720391 0.0135645
v 0.210629 -0.767952 0.0067605
v 0.210629 -0.822342 -0.0407821
v 0.193665 -0.800244 0.0101839
v 0.173308 -0.841024 0.0101839
v 0.183487 -0.835951 -7.40719e-07
v 0.197058 -0.822342 -0.00680477
v 0.193665 -0.830829 -0.0102282
v 0.190272 -0.842732 -0.0204128
v 0.231055 -0.60488 -0.319405
v -0.203844 -0.550539 -0.346578
v -0.228747 -0.439564 -0.351114
v 0.163061 -0.713611 -0.285428
v -0.142704 -0.693221 -0.305797
v 0.0611396 -0.439564 -0.346578
v 0.169847 -0.863122 -0.0204128
v 0.169847 -0.903902 -0.101976
v 0.142704 -0.925121 -0.101976
v 0.173308 -0.91239 -0.13253
v 0.163061 -0.917512 -0.142714
v 0.16564 -0.91239 -0.163084
v 0.168151 -0.907316 -0.173268
v 0.190272 -0.849512 -0.217473
v 0.190272 -0.808732 -0.237842
v 0.129065 -0.788342 -0.258254
v 0.169847 -0.727172 -0.278624
v 0.168151 -0.886926 -0.19368
v 0.176701 -0.863122 -0.210669
v 0.213547 -0.439564 0.0752287
v 0.197058 -0.781562 0.0135645
v 0.176701 -0.822342 0.0135645
v 0.163061 -0.838488 0.0152762
v 0.142704 -0.858878 0.0152762
v 0.152883 -0.861414 0.0101839
v -0.224269 -0.550539 -0.346578
v -0.249105 -0.439564 -0.351114
v 0.122279 -0.774781 -0.265058
v -0.120447 -0.742294 -0.282518
v -0.143993 -0.722538 -0.29052
v -0.173308 -0.703416 -0.295612
v 0.0611396 -0.835951 -0.244646
v 0.0543538 -0.863122 -0.231038
v 0.152883 -0.902195 -0.0713789
v 0.152883 -0.91239 -0.091791
v 0.132526 -0.93278 -0.11216
v 0.142704 -0.884341 -0.0204128
v 0.101922 -0.925121 -0.0611942
v 0.122279 -0.937902 -0.122345
v 0.124858 -0.93278 -0.142714
v 0.127368 -0.927707 -0.152899
v 0.14949 -0.910682 -0.176692
v 0.135918 -0.903902 -0.190257
v 0.0679253 -0.849512 -0.237842
v 0.203844 -0.439564 0.0789945
v 0.163061 -0.815561 0.0203686
v 0.183487 -0.774781 0.0203686
v 0.122279 -0.818098 0.0356455
v 0.132526 -0.871609 0.0101839
v 0.101922 -0.838488 0.0356455
v 0.0814968 -0.863122 0.0271726
v 0.122279 -0.884341 -7.40719e-07
v -0.254805 -0.560734 -0.336394
v -0.241233 -0.547125 -0.343198
v -0.300133 -0.439564 -0.340887
v -0.108708 -0.801952 -0.25145
v -0.169847 -0.781562 -0.25145
v -0.231055 -0.720391 -0.27182
v -0.254805 -0.703416 -0.275243
v 0.027143 -0.931072 -0.176692
v -0.027143 -0.883512 -0.210669
v 0.0917433 -0.93278 -0.0713789
v 0.101922 -0.937902 -0.101976
v 0.0713182 -0.93278 -0.0510096
v 0.101922 -0.937902 -0.142714
v 0.108708 -0.931072 -0.156279
v 0.0951361 -0.924292 -0.169888
v 0.183487 -0.439564 0.0835305
v 0.101922 -0.815561 0.0407378
v 0.0713182 -0.892 0.0101839
v 0.0814968 -0.835951 0.0407378
v 0.0814968 -0.849512 0.0339766
v 0.0101786 -0.886926 0.0152762
v 0.0611396 -0.876731 0.0203686
v 0.0611396 -0.890292 0.0135645
v -0.292194 -0.57771 -0.312601
v -0.285408 -0.550539 -0.326209
v -0.330669 -0.439564 -0.330702
v -0.315741 -0.439564 -0.33618
v -0.108708 -0.863122 -0.210669
v -0.14949 -0.822342 -0.231038
v -0.173308 -0.805366 -0.234462
v -0.254805 -0.723806 -0.254831
v -0.312619 -0.57771 -0.292232
v -0.214022 -0.784976 -0.234462
v -0.234447 -0.744196 -0.254831
v -0.234447 -0.764586 -0.234462
v 0.0203572 -0.937902 -0.163084
v -0.0101786 -0.927707 -0.173268
v 0.0611396 -0.937902 -0.0611942
v 0.0611396 -0.924292 -0.0340209
v 0.163061 -0.439564 0.0860553
v 0.0203572 -0.835951 0.0407378
v 0.142704 -0.489369 0.0815192
v 0.101922 -0.509759 0.0815192
v 0.0203572 -0.849512 0.0339766
v 0.0101786 -0.846146 0.0356455
v -0.0509609 -0.866536 0.0152762
v -0.0407145 -0.883512 0.0067605
v 0.0203572 -0.890292 0.0135645
v -0.309226 -0.553954 -0.30922
v -0.29898 -0.543759 -0.319405
v -0.336369 -0.458784 -0.316024
v -0.344309 -0.439564 -0.303529
v -0.108708 -0.883512 -0.190257
v -0.152883 -0.866536 -0.19368
v -0.193665 -0.825756 -0.21405
v -0.251412 -0.740781 -0.231038
v -0.27523 -0.683075 -0.254831
v -0.312619 -0.5981 -0.27182
v -0.326191 -0.570929 -0.265058
v -0.214022 -0.805366 -0.21405
v -0.231055 -0.781562 -0.210669
v -0.0203572 -0.937902 -0.122345
v -0.0814968 -0.917512 -0.142714
v -0.105315 -0.900487 -0.166507
v -0.0883504 -0.903902 -0.169888
v -0.132526 -0.886926 -0.173268
v 0.0203572 -0.937902 -0.0611942
v 0.0203572 -0.924292 -0.0340209
v 0.135783 -0.439564 0.0860553
v 0.0814968 -0.509759 0.0815192
v -0.0814968 -0.509759 0.0611499
v -0.0814968 -0.815561 0.0203686
v -0.0917433 -0.825756 0.0152762
v -0.0713182 -0.866536 0.00509157
v -0.0917433 -0.846146 0.00509157
v -0.0713182 -0.886926 -0.0153205
v -0.0611396 -0.903902 -0.0340209
v -0.346616 -0.448589 -0.285428
v -0.346616 -0.439564 -0.285428
v -0.14949 -0.883512 -0.149518
v -0.169847 -0.863122 -0.169888
v -0.210629 -0.822342 -0.190257
v -0.265051 -0.713611 -0.224277
v -0.271837 -0.700001 -0.231038
v -0.285408 -0.67288 -0.224277
v -0.326191 -0.570929 -0.244646
v -0.346616 -0.468979 -0.265058
v -0.217483 -0.808732 -0.176692
v -0.224269 -0.795171 -0.183496
v -0.0203572 -0.937902 -0.101976
v -0.0814968 -0.917512 -0.101976
v -0.122279 -0.897122 -0.142714
v -0.108708 -0.903902 -0.149518
v 0 -0.93278 -0.0586267
v 0 -0.937902 -0.0815635
v 0.110879 -0.439564 0.0848999
v 0.0407145 -0.448589 0.0815192
v -0.0113322 -0.439564 0.0755283
v -0.133679 -0.439564 0.055159
v -0.163061 -0.468979 0.0407378
v -0.173308 -0.479174 0.0356455
v -0.163061 -0.754391 -0.012753
v -0.132526 -0.805366 -0.00513586
v -0.132526 -0.825756 -0.0153205
v -0.132526 -0.846146 -0.0356898
v -0.0917433 -0.866536 -0.0153205
v -0.0713182 -0.907316 -0.0459173
v -0.1121 -0.866536 -0.0356898
v -0.074711 -0.910682 -0.0543902
v -0.346616 -0.439564 -0.265058
v -0.14949 -0.883512 -0.129149
v -0.190272 -0.842732 -0.169888
v -0.210629 -0.822342 -0.169888
v -0.265051 -0.713611 -0.203865
v -0.280319 -0.67288 -0.20134
v -0.285408 -0.591319 -0.122345
v -0.346616 -0.468979 -0.244646
v -0.259962 -0.67288 -0.11982
v -0.280319 -0.611709 -0.11982
v -0.217483 -0.808732 -0.156279
v -0.224269 -0.795171 -0.163084
v -0.0203572 -0.93278 -0.0790388
v -0.0611396 -0.917512 -0.0611942
v -0.0951361 -0.910682 -0.0951716
v -0.122279 -0.897122 -0.122345
v 0.0407145 -0.439564 0.0815192
v -0.163061 -0.439564 0.0441185
v -0.170661 -0.439564 0.0403527
v -0.190272 -0.468979 0.0271726
v -0.169847 -0.734001 -0.0136088
v -0.190272 -0.754391 -0.0340209
v -0.14949 -0.795171 -0.0136088
v -0.152883 -0.825756 -0.0356898
v -0.115493 -0.890292 -0.0748023
v -0.0917433 -0.907316 -0.0764712
v -0.346616 -0.448589 -0.244646
v -0.342069 -0.439564 -0.23566
v -0.135918 -0.890292 -0.115541
v -0.132526 -0.886926 -0.0968833
v -0.169847 -0.863122 -0.129149
v -0.190272 -0.842732 -0.149518
v -0.239537 -0.754391 -0.160559
v -0.305833 -0.509759 -0.142714
v -0.271837 -0.591319 -0.0951716
v -0.302983 -0.439564 -0.120933
v -0.259962 -0.652489 -0.0994081
v -0.239537 -0.713611 -0.0994081
v -0.234447 -0.723806 -0.0968833
v -0.176701 -0.849512 -0.115541
v -0.193665 -0.784976 -0.0561019
v -0.190272 -0.439564 0.0271726
v -0.231055 -0.448589 -0.0136088
v -0.210629 -0.468979 0.0067605
v -0.231055 -0.67288 -0.0543902
v -0.210629 -0.67288 -0.0340209
v -0.198754 -0.774781 -0.0586267
v -0.152883 -0.866536 -0.0968833
v -0.292194 -0.509759 -0.115541
v -0.271837 -0.489369 -0.0748023
v -0.29993 -0.439564 -0.114942
v -0.239537 -0.693221 -0.0790388
v -0.234447 -0.703416 -0.0764712
v -0.231055 -0.439564 -0.0136088
v -0.291244 -0.439564 -0.100392
v -0.251412 -0.530149 -0.0543902
v -0.296198 -0.439564 -0.108566
f 1 2 6
f 1 6 3
f 1 3 9
f 1 9 24
f 1 24 43
f 1 43 51
f 1 51 71
f 1 71 95
f 1 95 92
f 1 92 116
f 1 116 144
f 1 144 168
f 1 168 167
f 1 167 193
f 1 193 220
f 1 220 251
f 1 251 278
f 1 278 286
f 1 286 301
f 1 301 307
f 1 307 305
f 1 305 304
f 1 304 292
f 1 292 269
f 1 269 268
f 1 268 240
f 1 240 239
f 1 239 267
f 1 267 237
f 1 237 210
f 1 210 181
f 1 181 157
f 1 157 134
f 1 134 109
f 1 109 80
f 1 80 58
f 1 58 36
f 1 36 35
f 1 35 19
f 1 19 12
f 1 12 4
f 1 4 2
f 2 5 13
f 2 13 6
f 2 4 7
f 2 7 8
f 2 8 5
f 3 6 10
f 3 10 11
f 3 11 9
f 4 12 7
f 5 8 18
f 5 18 13
f 6 14 10
f 6 13 15
f 6 15 16
f 6 16 14
f 7 12 8
f 8 17 18
f 8 12 19
f 8 19 20
f 8 20 21
f 8 21 22
f 8 22 23
f 8 23 17
f 9 11 24
f 10 14 25
f 10 25 26
f 10 26 27
f 10 27 28
f 10 28 11
f 11 29 30
f 11 30 24
f 11 28 50
f 11 50 29
f 13 18 31
f 13 31 15
f 14 16 25
f 15 31 16
f 16 26 25
f 16 31 32
f 16 32 33
f 16 33 26
f 17 23 18
f 18 23 34
f 18 34 31
f 19 35 20
f 20 35 36
f 20 36 37
f 20 37 38
f 20 38 39
f 20 39 21
f 21 23 22
f 21 39 40
f 21 40 23
f 23 41 31
f 23 31 34
f 23 40 42
f 23 42 41
f 24 30 43
f 26 44 45
f 26 45 27
f 26 33 44
f 27 44 46
f 27 46 47
f 27 47 48
f 27 48 28
f 27 45 44
f 28 48 49
f 28 49 50
f 29 50 51
f 29 51 30
f 30 51 43
f 31 41 42
f 31 42 52
f 31 52 53
f 31 53 33
f 31 33 32
f 33 52 54
f 33 54 55
f 33 55 56
f 33 56 57
f 33 57 46
f 33 46 44
f 33 53 52
f 36 58 59
f 36 59 38
f 36 38 37
f 38 59 60
f 38 60 39
f 39 60 61
f 39 61 62
f 39 62 40
f 40 62 63
f 40 63 64
f 40 64 42
f 42 64 65
f 42 65 52
f 46 57 66
f 46 66 47
f 47 67 49
f 47 49 48
f 47 66 78
f 47 78 67
f 49 68 50
f 49 67 69
f 49 69 68
f 50 68 51
f 51 68 70
f 51 70 71
f 52 65 72
f 52 72 73
f 52 73 54
f 54 73 72
f 54 72 74
f 54 74 75
f 54 75 76
f 54 76 55
f 55 57 56
f 55 76 77
f 55 77 79
f 55 79 57
f 57 78 66
f 57 79 78
f 58 80 59
f 59 80 60
f 60 80 81
f 60 81 110
f 60 110 82
f 60 82 61
f 61 82 63
f 61 63 62
f 63 83 64
f 63 82 84
f 63 84 85
f 63 85 86
f 63 86 87
f 63 87 88
f 63 88 89
f 63 89 83
f 64 83 75
f 64 75 74
f 64 74 72
f 64 72 65
f 67 78 90
f 67 90 69
f 68 69 91
f 68 91 92
f 68 92 70
f 69 90 106
f 69 106 93
f 69 93 94
f 69 94 91
f 70 92 95
f 70 95 71
f 75 83 76
f 76 83 89
f 76 89 96
f 76 96 97
f 76 97 98
f 76 98 99
f 76 99 100
f 76 100 101
f 76 101 102
f 76 102 77
f 77 102 79
f 78 79 103
f 78 103 104
f 78 104 105
f 78 105 106
f 78 106 90
f 79 102 107
f 79 107 108
f 79 108 103
f 80 109 110
f 80 110 81
f 82 110 84
f 84 110 111
f 84 111 85
f 85 111 112
f 85 112 113
f 85 113 114
f 85 114 96
f 85 96 89
f 85 89 86
f 86 89 88
f 86 88 87
f 91 94 115
f 91 115 116
f 91 116 92
f 93 106 105
f 93 105 117
f 93 117 94
f 94 118 119
f 94 119 120
f 94 120 115
f 94 117 121
f 94 121 122
f 94 122 118
f 96 114 123
f 96 123 97
f 97 123 124
f 97 124 98
f 98 125 99
f 98 124 123
f 98 123 114
f 98 114 126
f 98 126 127
f 98 127 151
f 98 151 125
f 99 125 128
f 99 128 100
f 100 128 129
f 100 129 101
f 101 129 130
f 101 130 102
f 102 130 131
f 102 131 132
f 102 132 107
f 103 108 122
f 103 122 133
f 103 133 105
f 103 105 104
f 105 133 121
f 105 121 117
f 107 132 108
f 108 132 122
f 109 134 135
f 109 135 136
f 109 136 110
f 110 136 111
f 111 136 135
f 111 135 112
f 112 135 137
f 112 137 139
f 112 139 113
f 113 138 114
f 113 139 140
f 113 140 138
f 114 138 141
f 114 141 126
f 115 120 142
f 115 142 143
f 115 143 144
f 115 144 116
f 118 145 119
f 118 122 145
f 119 145 146
f 119 146 120
f 120 146 147
f 120 147 148
f 120 148 142
f 121 133 122
f 122 132 149
f 122 149 150
f 122 150 145
f 125 151 179
f 125 179 152
f 125 152 128
f 126 141 127
f 127 153 151
f 127 141 153
f 128 152 179
f 128 179 208
f 128 208 236
f 128 236 231
f 128 231 203
f 128 203 177
f 128 177 154
f 128 154 129
f 129 154 155
f 129 155 130
f 130 155 131
f 131 155 156
f 131 156 132
f 132 156 149
f 134 157 158
f 134 158 137
f 134 137 135
f 137 158 139
f 138 140 159
f 138 159 141
f 139 158 160
f 139 160 161
f 139 161 140
f 140 161 162
f 140 162 163
f 140 163 164
f 140 164 159
f 141 159 153
f 142 148 165
f 142 165 166
f 142 166 167
f 142 167 168
f 142 168 143
f 143 168 144
f 145 169 170
f 145 170 146
f 145 150 169
f 146 171 148
f 146 148 147
f 146 170 171
f 148 172 199
f 148 199 173
f 148 173 165
f 148 171 174
f 148 174 196
f 148 196 175
f 148 175 176
f 148 176 172
f 149 156 155
f 149 155 154
f 149 154 177
f 149 177 178
f 149 178 150
f 150 178 169
f 151 153 179
f 153 159 180
f 153 180 179
f 157 181 160
f 157 160 158
f 159 164 180
f 160 182 185
f 160 185 161
f 160 181 183
f 160 183 184
f 160 184 211
f 160 211 182
f 161 185 162
f 162 186 187
f 162 187 188
f 162 188 189
f 162 189 164
f 162 164 163
f 162 185 186
f 164 189 209
f 164 209 180
f 165 173 190
f 165 190 166
f 166 190 191
f 166 191 167
f 167 192 193
f 167 191 190
f 167 190 192
f 169 194 195
f 169 195 196
f 169 196 170
f 169 178 194
f 170 196 171
f 171 196 174
f 172 197 198
f 172 198 199
f 172 176 202
f 172 202 197
f 173 199 200
f 173 200 192
f 173 192 190
f 175 196 176
f 176 196 201
f 176 201 223
f 176 223 202
f 177 203 204
f 177 204 178
f 178 204 205
f 178 205 206
f 178 206 207
f 178 207 195
f 178 195 194
f 179 180 209
f 179 209 208
f 181 210 211
f 181 211 184
f 181 184 183
f 182 211 212
f 182 212 213
f 182 213 214
f 182 214 187
f 182 187 186
f 182 186 185
f 187 215 188
f 187 214 216
f 187 216 215
f 188 215 217
f 188 217 218
f 188 218 209
f 188 209 189
f 192 200 193
f 193 200 219
f 193 219 220
f 195 207 221
f 195 221 222
f 195 222 223
f 195 223 196
f 196 223 201
f 197 224 225
f 197 225 198
f 197 202 224
f 198 225 199
f 199 226 200
f 199 225 226
f 200 227 258
f 200 258 228
f 200 228 219
f 200 226 227
f 202 223 229
f 202 229 230
f 202 230 224
f 203 231 232
f 203 232 204
f 204 232 266
f 204 266 233
f 204 233 221
f 204 221 234
f 204 234 207
f 204 207 205
f 205 207 206
f 207 234 221
f 208 209 235
f 208 235 236
f 209 218 235
f 210 237 238
f 210 238 211
f 211 238 212
f 212 239 240
f 212 240 213
f 212 238 239
f 213 240 241
f 213 241 242
f 213 242 214
f 214 242 243
f 214 243 244
f 214 244 245
f 214 245 216
f 215 216 247
f 215 247 217
f 216 245 246
f 216 246 247
f 217 248 218
f 217 247 246
f 217 246 249
f 217 249 250
f 217 250 248
f 218 248 235
f 219 228 258
f 219 258 277
f 219 277 251
f 219 251 220
f 221 252 282
f 221 282 253
f 221 253 223
f 221 223 222
f 221 233 266
f 221 266 252
f 223 254 261
f 223 261 229
f 223 253 282
f 223 282 254
f 224 255 226
f 224 226 225
f 224 230 262
f 224 262 255
f 226 255 256
f 226 256 227
f 227 257 258
f 227 256 259
f 227 259 260
f 227 260 257
f 229 261 262
f 229 262 230
f 231 236 235
f 231 235 263
f 231 263 264
f 231 264 232
f 232 264 265
f 232 265 279
f 232 279 266
f 235 248 250
f 235 250 264
f 235 264 263
f 237 267 238
f 238 267 239
f 240 268 241
f 241 268 242
f 242 268 269
f 242 269 270
f 242 270 243
f 243 270 271
f 243 271 272
f 243 272 273
f 243 273 244
f 244 273 245
f 245 273 274
f 245 274 246
f 246 274 275
f 246 275 249
f 249 275 250
f 250 275 280
f 250 280 276
f 250 276 265
f 250 265 264
f 251 277 278
f 252 266 279
f 252 279 280
f 252 280 298
f 252 298 281
f 252 281 282
f 254 282 261
f 255 262 261
f 255 261 256
f 256 261 283
f 256 283 259
f 257 284 258
f 257 260 285
f 257 285 284
f 258 284 286
f 258 286 277
f 259 287 260
f 259 283 288
f 259 288 287
f 260 287 285
f 261 289 288
f 261 288 283
f 261 282 290
f 261 290 291
f 261 291 289
f 265 276 279
f 269 292 270
f 270 272 271
f 270 292 304
f 270 304 293
f 270 293 294
f 270 294 295
f 270 295 296
f 270 296 272
f 272 296 295
f 272 295 297
f 272 297 291
f 272 291 274
f 272 274 273
f 274 298 275
f 274 291 290
f 274 290 298
f 275 298 280
f 276 280 279
f 277 286 278
f 281 290 282
f 281 298 290
f 284 285 299
f 284 299 286
f 285 300 301
f 285 301 299
f 285 287 295
f 285 295 300
f 286 299 301
f 287 288 302
f 287 302 295
f 288 289 291
f 288 291 297
f 288 297 303
f 288 303 302
f 293 295 294
f 293 304 305
f 293 305 300
f 293 300 306
f 293 306 295
f 295 303 297
f 295 306 300
f 295 302 303
f 300 305 307
f 300 307 301
o convex_1
v 0.177052 0.544442 -0.0740307
v 0.0407241 0.754405 -0.0408023
v 0.0407241 0.760697 -0.056243
v 0.0407241 0.766638 -0.0692956
v 0.0407241 0.769766 -0.0740307
v 0.285448 0.544442 -0.0740307
v 0.130483 0.544442 0.116281
v 0.122339 0.550523 0.142716
v 0.0407241 0.704876 0.116487
v 0.0407241 0.899969 -0.0740307
v 0.285448 0.672852 -0.0740307
v 0.285448 0.544442 0.0815706
v 0.125381 0.544442 0.145722
v 0.0407241 0.696439 0.159804
v 0.0407241 0.703399 0.122375
v 0.0424009 0.900321 -0.0740307
v 0.0407241 0.897122 0.122293
v 0.265039 0.733981 -0.0740307
v 0.285448 0.672852 -0.0203793
v 0.285448 0.550523 0.0815706
v 0.265039 0.544442 0.163098
v 0.0407241 0.698337 0.186032
v 0.0407241 0.696439 0.163098
v 0.128208 0.544442 0.158445
v 0.0475752 0.70006 0.292223
v 0.0407241 0.70347 0.244584
v 0.0676016 0.903555 -0.0740307
v 0.0407241 0.876734 0.224202
v 0.040796 0.897122 0.122375
v 0.258259 0.747585 -0.0740307
v 0.265039 0.733981 2.40384e-06
v 0.285448 0.632076 0.0204253
v 0.224267 0.713629 0.203861
v 0.285448 0.591299 0.0611889
v 0.265039 0.550523 0.163098
v 0.258978 0.544442 0.175244
v 0.130483 0.544442 0.167174
v 0.0883706 0.638895 0.271842
v 0.0917722 0.64227 0.290535
v 0.0713625 0.683046 0.310917
v 0.0509768 0.703434 0.300705
v 0.0407241 0.744281 0.30577
v 0.040796 0.713629 0.285429
v 0.0407241 0.713629 0.285182
v 0.0407241 0.707864 0.266448
v 0.0890892 0.903555 -0.0740307
v 0.0611817 0.897122 0.142716
v 0.0407241 0.876664 0.224366
v 0.040796 0.876734 0.224243
v 0.23107 0.801966 -0.0740307
v 0.258259 0.747585 -0.00679151
v 0.251456 0.761189 0.0068375
v 0.254858 0.744176 0.0305956
v 0.203882 0.75437 0.244666
v 0.220866 0.710254 0.220867
v 0.224267 0.69324 0.224243
v 0.265039 0.591299 0.142716
v 0.203882 0.713629 0.285429
v 0.251456 0.544442 0.190273
v 0.203882 0.672852 0.285429
v 0.183496 0.69324 0.326193
v 0.176693 0.686456 0.339781
v 0.147827 0.544442 0.200361
v 0.122339 0.64568 0.312605
v 0.0917722 0.683046 0.331299
v 0.161481 0.544442 0.210202
v 0.0543784 0.713629 0.312605
v 0.0747641 0.713629 0.332987
v 0.0509768 0.744176 0.321128
v 0.0407241 0.75437 0.310093
v 0.0407241 0.713839 0.285388
v 0.101953 0.897122 0.0611889
v 0.120854 0.895611 -0.0740307
v 0.0815674 0.876734 0.203861
v 0.0917722 0.886928 0.132546
v 0.0407241 0.846152 0.285388
v 0.0475752 0.86313 0.25146
v 0.0679849 0.842742 0.292223
v 0.0611817 0.856311 0.265048
v 0.0917722 0.846117 0.275218
v 0.173291 0.866505 -0.0740307
v 0.23107 0.801966 0.0068375
v 0.190275 0.781577 0.25146
v 0.193677 0.764564 0.275218
v 0.193677 0.744176 0.295641
v 0.190275 0.720448 0.312605
v 0.224267 0.544442 0.207073
v 0.173291 0.677949 0.336404
v 0.173291 0.723823 0.336404
v 0.16311 0.69324 0.346616
v 0.122339 0.666068 0.332987
v 0.16311 0.544442 0.211026
v 0.16311 0.564127 0.231037
v 0.16311 0.584515 0.25146
v 0.112158 0.683046 0.34151
v 0.0917722 0.703434 0.34151
v 0.101953 0.713629 0.346616
v 0.101953 0.75437 0.346616
v 0.0407241 0.795146 0.315981
v 0.0407241 0.774758 0.315981
v 0.112158 0.886928 0.0917821
v 0.129142 0.883518 0.0679828
v 0.152929 0.886928 -0.0713543
v 0.15027 0.888229 -0.0740307
v 0.108756 0.86313 0.210655
v 0.105355 0.85972 0.22766
v 0.0407241 0.840844 0.29177
v 0.0475752 0.842742 0.292223
v 0.0679849 0.822354 0.312605
v 0.112158 0.80534 0.316023
v 0.146126 0.798556 0.309229
v 0.152929 0.80534 0.295641
v 0.112158 0.846117 0.254836
v 0.170632 0.869176 -0.0740307
v 0.173291 0.866505 -0.0713543
v 0.210685 0.822354 0.0272193
v 0.169889 0.822354 0.210655
v 0.169889 0.801966 0.271842
v 0.186897 0.778168 0.268424
v 0.169889 0.781577 0.312605
v 0.186897 0.737391 0.309229
v 0.203882 0.544442 0.211026
v 0.16311 0.666068 0.332987
v 0.166488 0.757779 0.32961
v 0.152929 0.764564 0.336404
v 0.142724 0.733981 0.346616
v 0.122339 0.69324 0.346616
v 0.183496 0.564127 0.231037
v 0.122339 0.75437 0.346616
v 0.0543784 0.80875 0.319399
v 0.0611817 0.795146 0.326193
v 0.0407241 0.800946 0.31454
v 0.149528 0.86313 0.108746
v 0.169889 0.86313 0.047601
v 0.152929 0.886928 -0.0740307
v 0.190275 0.842742 0.047601
v 0.149528 0.822354 0.25146
v 0.149528 0.842742 0.190273
v 0.0407241 0.835887 0.295641
v 0.129142 0.781577 0.332987
v 0.146126 0.778168 0.32961
v 0.169889 0.842742 0.129169
v 0.173291 0.764564 0.316023
v 0.0458984 0.80534 0.316023
v 0.0407241 0.819331 0.307582
v 0.0407241 0.815534 0.309887
f 308 309 310
f 308 310 311
f 308 311 312
f 308 312 317
f 308 317 323
f 308 323 334
f 308 334 353
f 308 353 380
f 308 380 411
f 308 411 442
f 308 442 421
f 308 421 388
f 308 388 357
f 308 357 337
f 308 337 325
f 308 325 318
f 308 318 313
f 308 313 319
f 308 319 328
f 308 328 343
f 308 343 366
f 308 366 394
f 308 394 429
f 308 429 399
f 308 399 373
f 308 373 370
f 308 370 344
f 308 344 331
f 308 331 320
f 308 320 314
f 308 314 309
f 309 314 315
f 309 315 316
f 309 316 322
f 309 322 321
f 309 321 330
f 309 330 329
f 309 329 333
f 309 333 352
f 309 352 351
f 309 351 378
f 309 378 349
f 309 349 377
f 309 377 407
f 309 407 406
f 309 406 439
f 309 439 453
f 309 453 452
f 309 452 446
f 309 446 414
f 309 414 383
f 309 383 355
f 309 355 335
f 309 335 324
f 309 324 317
f 309 317 312
f 309 312 311
f 309 311 310
f 313 318 326
f 313 326 339
f 313 339 341
f 313 341 327
f 313 327 319
f 314 320 315
f 315 320 321
f 315 321 322
f 315 322 316
f 317 324 323
f 318 325 338
f 318 338 326
f 319 327 342
f 319 342 328
f 320 329 330
f 320 330 321
f 320 331 332
f 320 332 333
f 320 333 329
f 323 324 334
f 324 335 336
f 324 336 334
f 325 337 358
f 325 358 338
f 326 338 340
f 326 340 339
f 327 341 364
f 327 364 342
f 328 342 343
f 331 344 332
f 332 345 346
f 332 346 347
f 332 347 348
f 332 348 349
f 332 349 350
f 332 350 351
f 332 351 352
f 332 352 333
f 332 344 345
f 334 336 354
f 334 354 353
f 335 355 356
f 335 356 354
f 335 354 336
f 337 357 389
f 337 389 358
f 338 358 359
f 338 359 360
f 338 360 361
f 338 361 340
f 339 340 363
f 339 363 341
f 340 361 362
f 340 362 363
f 341 363 364
f 342 364 365
f 342 365 343
f 343 365 367
f 343 367 368
f 343 368 369
f 343 369 366
f 344 370 346
f 344 346 345
f 346 371 398
f 346 398 372
f 346 372 347
f 346 370 373
f 346 373 371
f 347 374 348
f 347 372 375
f 347 375 374
f 348 374 349
f 349 374 376
f 349 376 377
f 349 378 350
f 350 378 351
f 353 379 380
f 353 354 379
f 354 356 381
f 354 381 382
f 354 382 408
f 354 408 379
f 355 383 356
f 356 383 384
f 356 384 385
f 356 385 386
f 356 386 387
f 356 387 381
f 357 388 422
f 357 422 389
f 358 389 359
f 359 389 390
f 359 390 391
f 359 391 360
f 360 391 361
f 361 391 392
f 361 392 365
f 361 365 362
f 362 365 363
f 363 365 364
f 365 392 393
f 365 393 368
f 365 368 367
f 366 369 395
f 366 395 394
f 368 393 369
f 369 393 396
f 369 396 397
f 369 397 395
f 371 373 399
f 371 399 400
f 371 400 401
f 371 401 430
f 371 430 398
f 372 398 402
f 372 402 403
f 372 403 375
f 374 375 376
f 375 403 376
f 376 403 404
f 376 404 405
f 376 405 406
f 376 406 407
f 376 407 377
f 379 408 409
f 379 409 410
f 379 410 411
f 379 411 380
f 381 412 408
f 381 408 382
f 381 387 413
f 381 413 412
f 383 414 415
f 383 415 384
f 384 415 385
f 385 415 416
f 385 416 417
f 385 417 418
f 385 418 387
f 385 387 386
f 387 418 419
f 387 419 420
f 387 420 413
f 388 421 422
f 389 422 423
f 389 423 424
f 389 424 390
f 390 424 425
f 390 425 426
f 390 426 391
f 391 426 427
f 391 427 392
f 392 427 428
f 392 428 393
f 393 428 396
f 394 395 430
f 394 430 429
f 395 397 430
f 396 431 432
f 396 432 397
f 396 428 450
f 396 450 431
f 397 433 436
f 397 436 405
f 397 405 404
f 397 404 434
f 397 434 402
f 397 402 430
f 397 432 433
f 398 430 402
f 399 429 435
f 399 435 400
f 400 435 401
f 401 435 430
f 402 434 404
f 402 404 403
f 405 436 416
f 405 416 437
f 405 437 438
f 405 438 406
f 406 438 439
f 408 412 409
f 409 412 440
f 409 440 441
f 409 441 410
f 410 422 421
f 410 421 442
f 410 442 411
f 410 441 443
f 410 443 422
f 412 413 444
f 412 444 445
f 412 445 440
f 413 420 419
f 413 419 444
f 414 446 415
f 415 446 437
f 415 437 416
f 416 436 447
f 416 447 417
f 417 447 448
f 417 448 418
f 418 427 419
f 418 448 427
f 419 427 425
f 419 425 444
f 422 443 423
f 423 443 424
f 424 449 445
f 424 445 444
f 424 444 425
f 424 443 449
f 425 427 426
f 427 448 432
f 427 432 431
f 427 431 450
f 427 450 428
f 429 430 435
f 432 448 447
f 432 447 436
f 432 436 433
f 437 451 438
f 437 446 452
f 437 452 453
f 437 453 451
f 438 451 439
f 439 451 453
f 440 445 449
f 440 449 441
f 441 449 443
o convex_2
v -0.187944 0.544442 -0.0740307
v -0.183481 0.632071 -0.0740307
v -0.0838137 0.544442 -0.0740307
v -0.19408 0.544442 -0.0517376
v -0.163097 0.693251 -0.0740307
v -0.196707 0.544442 -0.0407674
v -0.183481 0.632071 -0.0203549
v 0.0407008 0.769779 -0.0740307
v 0.0407008 0.766612 -0.06929
v -0.0438119 0.544442 0.0551048
v -0.142712 0.754397 -0.0611407
v -0.139505 0.755998 -0.0740307
v -0.163097 0.693251 1.84621e-05
v -0.195684 0.544442 -0.0264277
v -0.183481 0.550532 0.101963
v -0.142712 0.693251 0.203869
v -0.122328 0.754397 0.265028
v 0.0407008 0.89997 -0.0740307
v 0.0407008 0.760696 -0.0562432
v 0.0407008 0.754397 -0.0408065
v 0.0407008 0.704875 0.116499
v 0.0407008 0.703413 0.122337
v 0.0407008 0.696418 0.159792
v -0.0438119 0.544442 0.122337
v -0.135925 0.767969 -0.0611407
v -0.142712 0.754397 -0.0407674
v -0.137622 0.764593 -0.0305807
v -0.129115 0.781576 -0.0611407
v -0.136995 0.761009 -0.0740307
v -0.183481 0.544442 0.101963
v -0.177368 0.544442 0.12837
v -0.1753 0.544442 0.136637
v -0.122328 0.734003 0.285441
v -0.117238 0.764593 0.275215
v 0.0203862 0.897116 -0.0740307
v 0.0203862 0.897116 0.101963
v 0.0407008 0.897116 0.122298
v 0.0407008 0.696418 0.163083
v 0.0407008 0.698332 0.186003
v 0.0407008 0.703483 0.244577
v -0.0340033 0.564104 0.14271
v -0.0464384 0.544442 0.136206
v -0.129115 0.781576 -0.0407674
v -0.108731 0.80197 -0.0740307
v -0.128046 0.77566 -0.0740307
v -0.133857 0.766334 -0.0740307
v -0.170488 0.544442 0.144708
v -0.117238 0.672858 0.287987
v -0.115518 0.693251 0.299036
v -0.122328 0.693251 0.285441
v -0.117238 0.7442 0.295627
v -0.107034 0.764593 0.295627
v -0.108731 0.781576 0.265028
v 0.00590556 0.89388 -0.0740307
v -0.00680855 0.883509 0.101963
v -0.0340033 0.849543 0.224243
v -0.0204059 0.856329 0.224243
v 0.0203862 0.876723 0.203869
v 0.000884998 0.891374 -0.0740307
v 0.0407008 0.876723 0.224203
v 0.0407008 0.707868 0.266439
v 0.0407008 0.713645 0.285167
v -0.0472984 0.544442 0.139889
v -0.108731 0.80197 0.0408043
v -0.067985 0.842722 -0.0740307
v -0.151522 0.544442 0.165865
v -0.112124 0.662661 0.290534
v -0.112124 0.683054 0.300721
v -0.108731 0.713645 0.312631
v -0.108731 0.734003 0.312631
v -0.0866494 0.764593 0.316001
v -0.066265 0.805346 0.295627
v -0.0883462 0.80197 0.265028
v -0.067985 0.842722 0.101963
v -0.0883462 0.822328 0.0815901
v -0.0475774 0.842722 0.224243
v -0.0475774 0.863115 0.0815901
v -0.0229394 0.851213 0.244655
v 0.0178294 0.871607 0.224243
v -0.0188021 0.879924 -0.0740307
v 0.0339603 0.869936 0.237838
v 0.0407008 0.876653 0.22436
v 0.0407008 0.713853 0.285402
v -0.0305865 0.647383 0.275215
v -0.0305865 0.616793 0.234468
v -0.0516217 0.544442 0.15227
v -0.0509941 0.545416 0.152897
v -0.0475774 0.863115 -0.0740307
v -0.147477 0.544442 0.170136
v -0.0917397 0.662661 0.300721
v -0.0815359 0.672858 0.313454
v -0.101944 0.693251 0.313454
v -0.133903 0.544442 0.177697
v -0.0917397 0.703448 0.321094
v -0.0815359 0.713645 0.326227
v -0.0815359 0.734003 0.326227
v -0.0840927 0.754397 0.321094
v -0.067985 0.767969 0.319409
v -0.0458806 0.784952 0.316001
v -0.0475774 0.808756 0.299036
v -0.00511178 0.846132 0.275215
v -0.0254962 0.846132 0.254842
v -0.067985 0.822328 0.244655
v -0.00255501 0.851213 0.265028
v 0.0407008 0.866561 0.244577
v 0.0135759 0.849543 0.278624
v 0.0407008 0.849543 0.278624
v -0.0305865 0.667777 0.295627
v 0.0407008 0.744304 0.305775
v -0.0305865 0.688135 0.316001
v -0.0611747 0.645678 0.292219
v -0.0720294 0.544442 0.172643
v -0.128394 0.544442 0.18044
v -0.0611747 0.666072 0.312631
v -0.0713786 0.683054 0.321094
v -0.0611747 0.693251 0.326227
v -0.0611747 0.754397 0.326227
v -0.0433471 0.774755 0.321094
v 0.0407008 0.815542 0.309889
v 0.0407008 0.819336 0.307616
v -0.0382335 0.795149 0.310907
v 0.0407008 0.835901 0.295667
v 0.0407008 0.840843 0.291749
v 0.0407008 0.846167 0.285362
v 0.0407008 0.754397 0.310124
v -0.0407903 0.690711 0.321094
v -0.101944 0.544442 0.18044
v -0.088044 0.544442 0.177854
v -0.0843483 0.544442 0.176992
v -0.0407903 0.713645 0.326227
v -0.0407903 0.754397 0.326227
v 0.0407008 0.795149 0.316001
v 0.0407008 0.800926 0.314551
v 0.0407008 0.774755 0.316001
f 454 455 458
f 454 458 465
f 454 465 482
f 454 482 499
f 454 499 498
f 454 498 497
f 454 497 518
f 454 518 541
f 454 541 533
f 454 533 512
f 454 512 507
f 454 507 488
f 454 488 471
f 454 471 461
f 454 461 456
f 454 456 463
f 454 463 477
f 454 477 495
f 454 495 516
f 454 516 539
f 454 539 565
f 454 565 582
f 454 582 581
f 454 581 580
f 454 580 566
f 454 566 546
f 454 546 542
f 454 542 519
f 454 519 500
f 454 500 485
f 454 485 484
f 454 484 483
f 454 483 467
f 454 467 459
f 454 459 457
f 454 457 455
f 455 457 459
f 455 459 460
f 455 460 466
f 455 466 458
f 456 461 462
f 456 462 463
f 458 464 465
f 458 466 479
f 458 479 464
f 459 467 460
f 460 467 468
f 460 468 469
f 460 469 470
f 460 470 466
f 461 471 490
f 461 490 513
f 461 513 535
f 461 535 558
f 461 558 560
f 461 560 577
f 461 577 576
f 461 576 575
f 461 575 573
f 461 573 572
f 461 572 586
f 461 586 585
f 461 585 587
f 461 587 578
f 461 578 562
f 461 562 536
f 461 536 515
f 461 515 514
f 461 514 493
f 461 493 492
f 461 492 491
f 461 491 476
f 461 476 475
f 461 475 474
f 461 474 473
f 461 473 472
f 461 472 462
f 462 472 463
f 463 472 473
f 463 473 474
f 463 474 475
f 463 475 476
f 463 476 491
f 463 491 477
f 464 478 465
f 464 479 480
f 464 480 478
f 465 478 481
f 465 481 482
f 466 470 479
f 467 483 468
f 468 483 484
f 468 484 485
f 468 485 486
f 468 486 469
f 469 486 470
f 470 486 504
f 470 504 487
f 470 487 480
f 470 480 479
f 471 488 489
f 471 489 490
f 477 491 492
f 477 492 493
f 477 493 494
f 477 494 495
f 478 480 481
f 480 496 481
f 480 487 506
f 480 506 496
f 481 496 517
f 481 517 497
f 481 497 498
f 481 498 499
f 481 499 482
f 485 500 501
f 485 501 502
f 485 502 503
f 485 503 486
f 486 503 504
f 487 504 505
f 487 505 506
f 488 507 489
f 489 508 509
f 489 509 510
f 489 510 511
f 489 511 513
f 489 513 490
f 489 507 512
f 489 512 508
f 493 514 494
f 494 514 495
f 495 514 515
f 495 515 516
f 496 506 517
f 497 517 527
f 497 527 518
f 500 519 520
f 500 520 521
f 500 521 501
f 501 521 502
f 502 521 522
f 502 522 503
f 503 522 504
f 504 522 523
f 504 523 505
f 505 523 524
f 505 524 525
f 505 525 526
f 505 526 506
f 506 526 527
f 506 527 528
f 506 528 517
f 508 529 509
f 508 512 530
f 508 530 529
f 509 529 531
f 509 531 510
f 510 531 532
f 510 532 511
f 511 532 513
f 512 533 530
f 513 532 534
f 513 534 535
f 515 536 537
f 515 537 538
f 515 538 539
f 515 539 540
f 515 540 516
f 516 540 539
f 517 528 527
f 518 527 530
f 518 530 541
f 519 542 520
f 520 543 544
f 520 544 545
f 520 545 521
f 520 542 546
f 520 546 543
f 521 545 522
f 522 545 547
f 522 547 548
f 522 548 549
f 522 549 523
f 523 549 550
f 523 550 524
f 524 550 551
f 524 551 552
f 524 552 525
f 525 552 553
f 525 553 559
f 525 559 554
f 525 554 555
f 525 555 526
f 526 555 556
f 526 556 527
f 527 556 530
f 529 556 555
f 529 555 531
f 529 530 556
f 530 533 541
f 531 555 554
f 531 554 557
f 531 557 532
f 532 557 559
f 532 559 534
f 534 558 535
f 534 559 560
f 534 560 558
f 536 561 537
f 536 562 563
f 536 563 561
f 537 561 567
f 537 567 564
f 537 564 565
f 537 565 538
f 538 565 539
f 543 546 566
f 543 566 544
f 544 566 567
f 544 567 568
f 544 568 545
f 545 568 547
f 547 568 569
f 547 569 548
f 548 569 583
f 548 583 584
f 548 584 570
f 548 570 549
f 549 570 550
f 550 570 551
f 551 570 571
f 551 571 552
f 552 571 572
f 552 572 573
f 552 573 574
f 552 574 553
f 553 575 576
f 553 576 559
f 553 574 575
f 554 559 557
f 559 577 560
f 559 576 577
f 561 563 567
f 562 578 563
f 563 578 579
f 563 579 567
f 564 567 566
f 564 566 580
f 564 580 581
f 564 581 582
f 564 582 565
f 567 579 569
f 567 569 568
f 569 579 583
f 570 584 585
f 570 585 586
f 570 586 571
f 571 586 572
f 573 575 574
f 578 587 579
f 579 587 583
f 583 587 585
f 583 585 584
o convex_3
v 0.149593 0.34698 -0.0623154
v 0.154607 0.386256 -0.0623154
v 0.264623 0.34698 -0.0623154
v 0.142918 0.34698 0.244639
v 0.125368 0.544442 0.145731
v 0.130476 0.544442 0.116303
v 0.182938 0.544442 -0.0623154
v 0.131714 0.544442 0.111333
v 0.135569 0.544442 0.0958804
v 0.139862 0.544442 0.0786993
v 0.284869 0.447412 -0.0623154
v 0.265047 0.34698 -0.0611628
v 0.142918 0.34698 0.244999
v 0.128204 0.544442 0.158445
v 0.285448 0.544442 -0.0623154
v 0.28501 0.448552 -0.0623154
v 0.285448 0.448552 -0.0611628
v 0.285448 0.387396 3.36258e-05
v 0.285448 0.367024 0.0204204
v 0.285448 0.34698 0.0408072
v 0.150282 0.34698 0.264666
v 0.130476 0.544442 0.167162
v 0.285448 0.468944 -0.0623154
v 0.285448 0.544442 0.0815808
v 0.285448 0.34698 0.163092
v 0.150659 0.34698 0.265422
v 0.147822 0.544442 0.200372
v 0.265047 0.544442 0.163092
v 0.285448 0.489336 0.122318
v 0.285448 0.367024 0.163092
v 0.280168 0.34698 0.183839
v 0.162943 0.34698 0.285053
v 0.158023 0.356818 0.275219
v 0.163664 0.34698 0.285809
v 0.178409 0.356818 0.295642
v 0.161471 0.544442 0.210205
v 0.257886 0.544442 0.177428
v 0.254861 0.356818 0.254833
v 0.265047 0.367024 0.224252
v 0.259766 0.34698 0.244999
v 0.180869 0.34698 0.300541
v 0.163116 0.544442 0.211033
v 0.251461 0.544442 0.190286
v 0.248672 0.34698 0.26906
v 0.181387 0.34698 0.300685
v 0.203904 0.544442 0.211033
v 0.197103 0.36022 0.299028
v 0.203716 0.34698 0.305655
v 0.224274 0.544442 0.207071
v 0.231075 0.353416 0.29222
v 0.231075 0.34698 0.29222
v 0.210673 0.373808 0.29222
v 0.204264 0.34698 0.305439
v 0.224635 0.34698 0.295426
f 588 589 594
f 588 594 602
f 588 602 610
f 588 610 603
f 588 603 598
f 588 598 590
f 588 590 599
f 588 599 607
f 588 607 612
f 588 612 618
f 588 618 627
f 588 627 631
f 588 631 638
f 588 638 641
f 588 641 640
f 588 640 635
f 588 635 632
f 588 632 628
f 588 628 621
f 588 621 619
f 588 619 613
f 588 613 608
f 588 608 600
f 588 600 591
f 588 591 592
f 588 592 593
f 588 593 589
f 589 593 595
f 589 595 596
f 589 596 597
f 589 597 594
f 590 598 599
f 591 600 592
f 592 601 609
f 592 609 614
f 592 614 623
f 592 623 629
f 592 629 633
f 592 633 636
f 592 636 630
f 592 630 624
f 592 624 615
f 592 615 611
f 592 611 602
f 592 602 594
f 592 594 597
f 592 597 596
f 592 596 595
f 592 595 593
f 592 600 601
f 598 603 604
f 598 604 599
f 599 604 605
f 599 605 606
f 599 606 607
f 600 608 609
f 600 609 601
f 602 611 616
f 602 616 617
f 602 617 612
f 602 612 607
f 602 607 606
f 602 606 605
f 602 605 604
f 602 604 610
f 603 610 604
f 608 613 609
f 609 613 614
f 611 615 616
f 612 617 618
f 613 619 620
f 613 620 614
f 614 620 619
f 614 619 621
f 614 621 622
f 614 622 623
f 615 624 625
f 615 625 626
f 615 626 616
f 616 626 617
f 617 626 627
f 617 627 618
f 621 628 622
f 622 628 629
f 622 629 623
f 624 630 625
f 625 631 627
f 625 627 626
f 625 630 631
f 628 632 629
f 629 632 634
f 629 634 635
f 629 635 633
f 630 636 637
f 630 637 631
f 631 637 638
f 632 635 634
f 633 635 639
f 633 639 636
f 635 640 639
f 636 639 637
f 637 639 640
f 637 640 641
f 637 641 638
o convex_4
v -0.203877 0.34698 -0.114398
v -0.210131 0.387396 -0.114398
v -0.0989095 0.34698 -0.114398
v -0.219176 0.34698 -0.0633376
v -0.210131 0.429842 -0.114398
v -0.223539 0.34698 -0.0436829
v -0.224192 0.34698 -0.0404304
v -0.0973726 0.351213 -0.114398
v -0.103768 0.34698 0.242814
v -0.208559 0.456458 -0.114398
v -0.224281 0.34698 -0.0200063
v -0.224281 0.367024 3.31157e-05
v -0.224281 0.387396 0.0204223
v -0.203877 0.509727 -0.114398
v -0.0790183 0.544442 -0.114398
v -0.0438288 0.544442 0.0551153
v -0.0438288 0.544442 0.122333
v -0.0464256 0.544442 0.136217
v -0.0472912 0.544442 0.139889
v -0.0516193 0.544442 0.15227
v -0.0720228 0.544442 0.172659
v -0.0843709 0.544442 0.176996
v -0.088063 0.544442 0.177835
v -0.101948 0.544442 0.180458
v -0.128411 0.544442 0.180458
v -0.183138 0.34698 0.234281
v -0.224281 0.34698 0.163111
v -0.224281 0.407788 0.0612006
v -0.199938 0.544442 -0.114398
v -0.133922 0.544442 0.177695
v -0.196052 0.34698 0.224174
v -0.147489 0.544442 0.170141
v -0.211438 0.34698 0.203505
v -0.224281 0.367024 0.163111
v -0.224281 0.407788 0.0815548
v -0.203877 0.5301 -0.0407452
v -0.19879 0.540305 -0.0305681
v -0.196723 0.544442 -0.0407452
v -0.196334 0.34698 0.223894
v -0.151535 0.544442 0.165839
v -0.211261 0.34698 0.20389
v -0.219176 0.37721 0.173288
v -0.183491 0.544442 0.101944
v -0.203877 0.489336 0.0612006
v -0.195681 0.544442 -0.0264413
v -0.19879 0.397602 0.193678
v -0.211526 0.387396 0.183501
v -0.211067 0.34698 0.204239
v -0.17049 0.544442 0.144716
v -0.178404 0.540305 0.13251
v -0.177362 0.544442 0.128383
v -0.175295 0.544442 0.136637
f 642 643 646
f 642 646 651
f 642 651 655
f 642 655 670
f 642 670 656
f 642 656 649
f 642 649 644
f 642 644 650
f 642 650 667
f 642 667 672
f 642 672 680
f 642 680 689
f 642 689 682
f 642 682 674
f 642 674 668
f 642 668 652
f 642 652 648
f 642 648 647
f 642 647 645
f 642 645 643
f 643 645 647
f 643 647 648
f 643 648 646
f 644 649 650
f 646 648 651
f 648 652 653
f 648 653 654
f 648 654 655
f 648 655 651
f 649 656 657
f 649 657 658
f 649 658 650
f 650 658 659
f 650 659 660
f 650 660 661
f 650 661 662
f 650 662 663
f 650 663 664
f 650 664 665
f 650 665 666
f 650 666 667
f 652 668 675
f 652 675 676
f 652 676 669
f 652 669 654
f 652 654 653
f 654 669 655
f 655 669 670
f 656 670 679
f 656 679 686
f 656 686 684
f 656 684 692
f 656 692 693
f 656 693 690
f 656 690 681
f 656 681 673
f 656 673 671
f 656 671 666
f 656 666 665
f 656 665 664
f 656 664 663
f 656 663 662
f 656 662 661
f 656 661 660
f 656 660 659
f 656 659 658
f 656 658 657
f 666 671 667
f 667 671 673
f 667 673 672
f 668 674 675
f 669 676 677
f 669 677 670
f 670 677 678
f 670 678 679
f 672 673 680
f 673 681 680
f 674 682 683
f 674 683 675
f 675 683 684
f 675 684 676
f 676 684 685
f 676 685 677
f 677 685 684
f 677 684 678
f 678 686 679
f 678 684 686
f 680 687 688
f 680 688 689
f 680 681 687
f 681 690 687
f 682 689 688
f 682 688 683
f 683 688 691
f 683 691 684
f 684 691 692
f 687 690 688
f 688 690 693
f 688 693 691
f 691 693 692
o convex_5
v -0.163102 0.489336 -0.387394
v -0.122326 0.34698 -0.366821
v -0.125236 0.34698 -0.366259
v -0.144659 0.34698 -0.362385
v -0.183475 0.34698 -0.351056
v -0.224252 0.509727 -0.366981
v -0.163102 0.509727 -0.387394
v -0.0815796 0.489336 -0.387394
v -0.0812119 0.34698 -0.366821
v -0.187734 0.34698 -0.347984
v -0.234454 0.47913 -0.356801
v -0.237854 0.516512 -0.360194
v -0.230318 0.544442 -0.363962
v -0.224252 0.544442 -0.366981
v -0.163102 0.536904 -0.373794
v -0.0611759 0.509727 -0.387394
v 0.0407503 0.34698 -0.356614
v -0.208015 0.34698 -0.330376
v -0.21068 0.36022 -0.333021
v -0.231053 0.34698 -0.292221
v -0.244656 0.34698 -0.265048
v -0.244656 0.509727 -0.346594
v -0.241623 0.544442 -0.352659
v -0.237854 0.544442 -0.360194
v -0.203879 0.544442 -0.366981
v -0.0815796 0.536904 -0.373794
v -0.0509741 0.519914 -0.382291
v 0.0479192 0.496468 -0.363427
v 0.0407503 0.489336 -0.366981
v 0.0479192 0.468944 -0.366981
v 0.0479192 0.455684 -0.366981
v 0.0479192 0.34698 -0.353034
v -0.244656 0.34698 -0.203541
v -0.265059 0.5301 -0.285434
v -0.244656 0.544442 -0.346594
v -0.0815796 0.544442 -0.359206
v -2.63025e-05 0.543707 -0.339808
v 0.0101755 0.540305 -0.341518
v 0.0479192 0.536904 -0.333021
v 0.0479192 0.514134 -0.353701
v 0.0479192 0.500546 -0.361397
v 0.0479192 0.34698 -0.122342
v -0.239662 0.34698 -0.181017
v -0.244656 0.387396 -0.163115
v -0.259943 0.540305 -0.275228
v -0.258258 0.543707 -0.285434
v -0.244656 0.407788 -0.163115
v -0.244656 0.544442 -0.224301
v -0.25789 0.544442 -0.285434
v -2.63025e-05 0.544442 -0.338338
v 0.00876625 0.544442 -0.335052
v 0.0184473 0.544442 -0.331177
v 0.0479192 0.543707 -0.319421
v -0.0790062 0.544442 -0.11446
v -0.0973878 0.351213 -0.11446
v -0.0989196 0.34698 -0.11446
v 0.0479192 0.544442 -0.122342
v -0.23957 0.34698 -0.180616
v -0.23957 0.367024 -0.160577
v -0.231053 0.387396 -0.135942
v -0.23957 0.417994 -0.152935
v -0.256849 0.544442 -0.271113
v -0.221219 0.544442 -0.160096
v 0.0479192 0.544442 -0.317951
v -0.199927 0.544442 -0.11446
v -0.203879 0.34698 -0.11446
v -0.231053 0.407788 -0.135942
v -0.210129 0.387396 -0.11446
v -0.203879 0.544442 -0.122342
v -0.203879 0.509727 -0.11446
v -0.210129 0.429842 -0.11446
v -0.208566 0.456458 -0.11446
f 694 695 696
f 694 696 697
f 694 697 698
f 694 698 699
f 694 699 707
f 694 707 700
f 694 700 709
f 694 709 701
f 694 701 702
f 694 702 695
f 695 702 710
f 695 710 725
f 695 725 735
f 695 735 749
f 695 749 759
f 695 759 751
f 695 751 736
f 695 736 726
f 695 726 714
f 695 714 713
f 695 713 711
f 695 711 703
f 695 703 698
f 695 698 697
f 695 697 696
f 698 703 704
f 698 704 699
f 699 704 705
f 699 705 706
f 699 706 707
f 700 707 708
f 700 708 719
f 700 719 709
f 701 709 710
f 701 710 702
f 703 711 712
f 703 712 704
f 704 712 713
f 704 713 714
f 704 714 715
f 704 715 705
f 705 715 716
f 705 716 717
f 705 717 706
f 706 717 716
f 706 716 728
f 706 728 742
f 706 742 755
f 706 755 741
f 706 741 756
f 706 756 762
f 706 762 758
f 706 758 747
f 706 747 750
f 706 750 757
f 706 757 745
f 706 745 744
f 706 744 743
f 706 743 729
f 706 729 718
f 706 718 707
f 707 718 719
f 707 719 708
f 709 719 720
f 709 720 721
f 709 721 722
f 709 722 723
f 709 723 724
f 709 724 710
f 710 724 725
f 711 713 712
f 714 726 727
f 714 727 715
f 715 727 728
f 715 728 716
f 718 729 719
f 719 729 730
f 719 730 731
f 719 731 720
f 720 731 732
f 720 732 733
f 720 733 734
f 720 734 721
f 721 734 733
f 721 733 732
f 721 732 746
f 721 746 757
f 721 757 750
f 721 750 735
f 721 735 725
f 721 725 724
f 721 724 723
f 721 723 722
f 726 736 737
f 726 737 727
f 727 738 739
f 727 739 728
f 727 737 740
f 727 740 741
f 727 741 738
f 728 739 742
f 729 743 730
f 730 743 744
f 730 744 732
f 730 732 731
f 732 744 745
f 732 745 746
f 735 747 748
f 735 748 749
f 735 750 747
f 736 751 752
f 736 752 737
f 737 752 753
f 737 753 754
f 737 754 740
f 738 755 742
f 738 742 739
f 738 741 755
f 740 754 741
f 741 754 756
f 745 757 746
f 747 758 763
f 747 763 765
f 747 765 764
f 747 764 761
f 747 761 759
f 747 759 749
f 747 749 748
f 751 759 752
f 752 759 753
f 753 760 754
f 753 759 761
f 753 761 764
f 753 764 760
f 754 760 758
f 754 758 762
f 754 762 756
f 758 760 763
f 760 764 765
f 760 765 763
o convex_6
v -0.122299 0.122329 -0.367005
v -0.122299 0.163111 -0.367005
v -0.10193 0.122329 -0.367005
v -0.203884 0.0011868 -0.366407
v -0.122299 0.190292 -0.353404
v 0.133609 0.242409 -0.33529
v -0.10193 0.163111 -0.367005
v -0.206201 0.0011868 -0.365839
v -0.183461 0.163111 -0.346589
v -0.183461 0.186041 -0.341507
v -0.161906 0.0011868 -0.366407
v -2.99467e-05 0.142708 -0.367005
v -0.187448 0.242409 -0.309792
v -0.165355 0.242409 -0.314874
v 0.140453 0.242409 -0.33529
v -0.197094 0.169889 -0.339803
v -0.258255 0.0011868 -0.339803
v -0.258255 0.0271863 -0.339803
v -0.193645 0.188591 -0.336396
v 0.0917393 0.132507 -0.361893
v 0.142716 0.0011868 -0.335828
v -0.211589 0.242409 -0.293142
v 0.162115 0.242409 -0.329341
v -0.26386 0.0011868 -0.336994
v -0.271296 0.0011868 -0.330806
v -0.275823 0.0011868 -0.325037
v -0.278625 0.00680704 -0.319417
v -0.27523 0.0255097 -0.31601
v -0.253729 0.242409 -0.24693
v -0.251142 0.242409 -0.250188
v 0.18658 0.242409 -0.319985
v 0.164271 0.0011868 -0.33239
v 0.159583 0.0011868 -0.333706
v -0.285792 0.0011868 -0.311227
v -0.289025 0.0011868 -0.305817
v -0.258255 0.242409 -0.237873
v 0.194501 0.242409 -0.308088
v 0.238958 0.0011868 -0.247498
v 0.198166 0.0011868 -0.308656
v -0.301742 0.0011868 -0.265044
v -0.305837 0.0407883 -0.244658
v -0.298994 0.0475893 -0.258259
v -0.265045 0.242409 -0.224272
v 0.196765 0.242409 -0.303575
v 0.24467 0.224273 -0.203916
v 0.239551 0.0011868 -0.246033
v -0.298293 0.0011868 -0.244509
v -0.305837 0.0407883 -0.224272
v -0.305837 0.0611676 -0.224272
v -0.300718 0.063718 -0.244658
v -0.265045 0.242409 -0.183529
v 0.202746 0.242409 -0.287702
v 0.237826 0.237851 -0.210701
v 0.236479 0.242409 -0.0616308
v 0.24467 0.224273 -0.183529
v 0.24467 0.0011868 -0.223106
v -0.265045 0.0011868 -0.101955
v -0.251897 0.0011868 -0.0616308
v -0.244514 0.162686 -0.0616308
v -0.244407 0.163324 -0.0616308
v -0.239503 0.185498 -0.0616308
v -0.224253 0.242409 -0.0616308
v 0.228773 0.242409 -0.206157
v 0.244293 0.0011868 -0.0616308
v 0.24467 0.20387 -0.163143
v 0.24467 0.0011868 -0.203916
v 0.24467 0.183491 -0.163143
f 766 767 772
f 766 772 777
f 766 777 768
f 766 768 776
f 766 776 769
f 766 769 767
f 767 770 771
f 767 771 780
f 767 780 772
f 767 769 773
f 767 773 774
f 767 774 775
f 767 775 770
f 768 777 776
f 769 776 786
f 769 786 798
f 769 798 797
f 769 797 804
f 769 804 803
f 769 803 811
f 769 811 821
f 769 821 831
f 769 831 829
f 769 829 823
f 769 823 822
f 769 822 812
f 769 812 805
f 769 805 800
f 769 800 799
f 769 799 791
f 769 791 790
f 769 790 789
f 769 789 782
f 769 782 773
f 770 775 778
f 770 778 779
f 770 779 771
f 771 779 778
f 771 778 787
f 771 787 795
f 771 795 794
f 771 794 801
f 771 801 808
f 771 808 816
f 771 816 827
f 771 827 819
f 771 819 828
f 771 828 817
f 771 817 809
f 771 809 802
f 771 802 796
f 771 796 788
f 771 788 780
f 772 780 777
f 773 781 774
f 773 782 783
f 773 783 781
f 774 781 775
f 775 781 784
f 775 784 778
f 776 777 785
f 776 785 786
f 777 780 785
f 778 784 787
f 780 788 785
f 781 783 784
f 782 789 783
f 783 789 790
f 783 790 791
f 783 791 792
f 783 792 793
f 783 793 794
f 783 794 795
f 783 795 787
f 783 787 784
f 785 788 796
f 785 796 797
f 785 797 798
f 785 798 786
f 791 799 792
f 792 799 793
f 793 799 794
f 794 799 800
f 794 800 801
f 796 802 803
f 796 803 804
f 796 804 797
f 800 805 806
f 800 806 807
f 800 807 808
f 800 808 801
f 802 809 803
f 803 810 811
f 803 809 810
f 805 812 813
f 805 813 806
f 806 813 814
f 806 814 815
f 806 815 807
f 807 815 808
f 808 815 814
f 808 814 816
f 809 817 818
f 809 818 810
f 810 818 819
f 810 819 820
f 810 820 830
f 810 830 832
f 810 832 831
f 810 831 821
f 810 821 811
f 812 822 813
f 813 822 823
f 813 823 814
f 814 823 824
f 814 824 816
f 816 824 825
f 816 825 826
f 816 826 827
f 817 828 818
f 818 828 819
f 819 829 830
f 819 830 820
f 819 827 826
f 819 826 825
f 819 825 824
f 819 824 823
f 819 823 829
f 829 831 832
f 829 832 830
o convex_7
v -0.265019 -0.28546 -0.367005
v -0.265019 -0.265069 -0.367005
v -0.244622 -0.407781 -0.367005
v -0.326211 -0.30585 -0.346604
v -0.326211 -0.244679 -0.346604
v -0.265019 -0.237882 -0.353386
v 0.203836 -0.219131 -0.346604
v -0.163103 -0.265069 -0.367005
v -0.224225 -0.407781 -0.367005
v -0.251398 -0.434969 -0.353386
v -0.305814 -0.428172 -0.346604
v -0.332986 -0.434969 -0.332986
v -0.339762 -0.299053 -0.339767
v -0.339762 -0.237882 -0.339767
v -0.336409 -0.22938 -0.336404
v -0.326211 -0.231085 -0.339767
v 0.0255004 -0.219131 -0.336514
v 0.209005 -0.219131 -0.346604
v -0.0407205 -0.28546 -0.367005
v -0.217449 -0.421375 -0.360168
v -0.231071 -0.434969 -0.353386
v 0.0611256 -0.30585 -0.367005
v 0.274038 -0.439543 -0.342083
v 0.0611256 -0.439543 -0.346604
v -0.249163 -0.439543 -0.35107
v -0.300086 -0.439543 -0.34087
v -0.315733 -0.439543 -0.336128
v -0.344303 -0.439543 -0.303543
v -0.346608 -0.428172 -0.305803
v -0.353384 -0.333016 -0.312585
v -0.330681 -0.439543 -0.330725
v -0.346608 -0.30585 -0.326204
v -0.346608 -0.244679 -0.326204
v -0.360159 -0.237882 -0.299021
v -0.356806 -0.22938 -0.295603
v -0.345281 -0.219131 -0.304535
v -0.341439 -0.219131 -0.306851
v -0.326211 -0.219131 -0.315893
v 0.231288 -0.219131 -0.3428
v 0.265027 -0.326241 -0.346604
v -0.228765 -0.439543 -0.35107
v 0.265027 -0.34661 -0.346604
v 0.275645 -0.439543 -0.341311
v -0.346608 -0.439543 -0.285403
v -0.366935 -0.326241 -0.285403
v -0.360159 -0.319444 -0.299021
v -0.366935 -0.244679 -0.285403
v -0.353873 -0.219131 -0.286836
v 0.245468 -0.219131 -0.340209
v 0.249799 -0.219131 -0.338996
v 0.25413 -0.219131 -0.337727
v 0.275226 -0.316035 -0.341477
v 0.305822 -0.30585 -0.326204
v 0.319373 -0.30585 -0.319422
v 0.319373 -0.367 -0.319422
v 0.332994 -0.367 -0.312585
v 0.316579 -0.439543 -0.3106
v -0.346608 -0.439543 -0.265057
v -0.342067 -0.439543 -0.235669
v -0.346608 -0.367 -0.203855
v -0.346608 -0.34661 -0.203855
v -0.346608 -0.219131 -0.224256
v -0.361906 -0.234494 -0.275202
v -0.354222 -0.219131 -0.285403
v 0.290594 -0.219131 -0.323612
v 0.31602 -0.295644 -0.321076
v 0.332994 -0.326241 -0.312585
v 0.341517 -0.397575 -0.295603
v 0.335998 -0.439543 -0.28623
v -0.30295 -0.439543 -0.120875
v -0.305814 -0.428172 -0.122308
v -0.299038 -0.428172 -0.108689
v -0.299038 -0.30585 -0.108689
v -0.341509 -0.336404 -0.193655
v -0.326211 -0.28546 -0.163109
v -0.352266 -0.219131 -0.259874
v -0.321111 -0.275275 -0.152909
v -0.243365 -0.219131 -0.0146261
v 0.297299 -0.219131 -0.320249
v 0.31602 -0.234494 -0.300731
v 0.321119 -0.224288 -0.287994
v 0.341517 -0.30585 -0.287994
v 0.33977 -0.326241 -0.299021
v 0.346546 -0.326241 -0.285403
v 0.346546 -0.387391 -0.285403
v 0.346546 -0.439543 -0.265057
v -0.299946 -0.439543 -0.114865
v -0.292192 -0.428172 -0.0951257
v -0.300714 -0.295644 -0.112108
v -0.292192 -0.30585 -0.0951257
v -0.205155 -0.219131 0.0604701
v -0.217868 -0.219131 0.0363202
v -0.222968 -0.219131 0.0261751
v 0.308336 -0.219131 -0.304535
v 0.310921 -0.224288 -0.303267
v 0.313505 -0.219131 -0.296816
v 0.318535 -0.219131 -0.289262
v 0.318535 -0.219131 -0.259874
v 0.322796 -0.227697 -0.26842
v 0.343193 -0.309238 -0.26842
v 0.346546 -0.326241 -0.265057
v 0.346546 -0.439543 -0.244657
v -0.296174 -0.439543 -0.108524
v -0.291284 -0.439543 -0.100364
v -0.231071 -0.439543 -0.0136336
v -0.210673 -0.326241 0.0475681
v -0.190276 -0.244679 0.0883142
v -0.190276 -0.219131 0.0883142
v 0.285424 -0.219131 0.0407312
v 0.346546 -0.387391 -0.244657
v 0.305822 -0.428172 -0.0408161
v 0.305822 -0.439543 -0.0521742
v -0.190276 -0.439543 0.0271675
v -0.190276 -0.387391 0.0475681
v -0.193629 -0.356794 0.0560592
v -0.152905 -0.356794 0.0968052
v -0.169879 -0.326241 0.0883142
v -0.142706 -0.34661 0.109542
v -0.129085 -0.224288 0.149516
v -0.129085 -0.219131 0.149516
v 0.25902 -0.219131 0.0984042
v 0.285424 -0.265069 0.0407312
v 0.305822 -0.34661 -0.0408161
v 0.278649 -0.271866 0.0543499
v 0.298976 -0.434969 -0.0271973
v 0.299465 -0.439543 -0.0310569
v 0.303237 -0.439543 -0.0408161
v -0.170647 -0.439543 0.0403452
v -0.132508 -0.336404 0.117206
v -0.0713162 -0.234494 0.178352
v -0.122309 -0.244679 0.150343
v -0.163103 -0.439543 0.0441497
v -0.11211 -0.356794 0.117206
v -0.11211 -0.234494 0.158007
v -0.115533 -0.224288 0.156298
v -0.115533 -0.219131 0.156298
v 0.251406 -0.219131 0.108715
v 0.251406 -0.237882 0.108715
v 0.258251 -0.251475 0.095096
v 0.258251 -0.333016 0.0747505
v 0.278649 -0.434969 0.0135488
v 0.279068 -0.439543 0.00968919
v -0.0713162 -0.219131 0.178408
v -0.074739 -0.224288 0.176698
v -0.0203233 -0.219131 0.193791
v -0.133695 -0.439543 0.0551219
v 0.0101327 -0.356794 0.137606
v -0.074739 -0.219131 0.176698
v 0.231009 -0.219131 0.129115
v 0.231009 -0.237882 0.129115
v 0.251406 -0.319444 0.0883142
v 0.258251 -0.394187 0.0543499
v 0.251406 -0.439543 0.0475681
v 0.275086 -0.439543 0.0164159
v 0.0203313 -0.34661 0.142679
v 0.10192 -0.219131 0.196272
v -0.0113821 -0.439543 0.0755225
v 0.0407284 -0.439543 0.0815324
v 0.0203313 -0.360203 0.135897
v 0.163111 -0.360203 0.135897
v 0.163111 -0.34661 0.142679
v 0.210192 -0.219131 0.149406
v 0.209005 -0.219131 0.150343
v 0.200343 -0.219131 0.157125
v 0.217457 -0.251475 0.135897
v 0.251406 -0.380594 0.0679136
v 0.237854 -0.333016 0.095096
v 0.237854 -0.394187 0.0747505
v 0.234432 -0.412873 0.0713321
v 0.220251 -0.439543 0.0712218
v 0.111769 -0.219131 0.193791
v 0.110931 -0.439543 0.0848957
v 0.135799 -0.439543 0.0860536
v 0.163111 -0.439543 0.0860536
v 0.183439 -0.439543 0.0835173
v 0.19245 -0.439543 0.0815324
v 0.203836 -0.439543 0.0789961
v 0.17324 -0.361886 0.132479
v 0.176663 -0.353406 0.135897
v 0.142714 -0.224288 0.18348
v 0.112118 -0.219196 0.19368
v 0.159549 -0.219131 0.177525
v 0.19706 -0.231085 0.156298
v 0.234432 -0.351702 0.0917326
v 0.213545 -0.439543 0.0751916
v 0.112118 -0.219131 0.19368
v 0.156266 -0.231085 0.176698
v 0.148582 -0.219131 0.181991
f 833 834 840
f 833 840 851
f 833 851 854
f 833 854 841
f 833 841 835
f 833 835 843
f 833 843 836
f 833 836 837
f 833 837 834
f 834 837 838
f 834 838 839
f 834 839 850
f 834 850 840
f 835 841 853
f 835 853 842
f 835 842 843
f 836 843 844
f 836 844 845
f 836 845 846
f 836 846 837
f 837 846 847
f 837 847 848
f 837 848 838
f 838 848 839
f 839 849 870
f 839 870 869
f 839 869 868
f 839 868 880
f 839 880 896
f 839 896 908
f 839 908 894
f 839 894 910
f 839 910 925
f 839 925 924
f 839 924 923
f 839 923 940
f 839 940 952
f 839 952 968
f 839 968 980
f 839 980 975
f 839 975 977
f 839 977 988
f 839 988 1003
f 839 1003 1018
f 839 1018 1020
f 839 1020 1014
f 839 1014 996
f 839 996 995
f 839 995 994
f 839 994 981
f 839 981 969
f 839 969 953
f 839 953 941
f 839 941 930
f 839 930 929
f 839 929 928
f 839 928 926
f 839 926 911
f 839 911 897
f 839 897 883
f 839 883 882
f 839 882 881
f 839 881 871
f 839 871 850
f 839 848 847
f 839 847 849
f 840 850 851
f 841 852 853
f 841 854 855
f 841 855 856
f 841 856 852
f 842 853 873
f 842 873 857
f 842 857 843
f 843 858 859
f 843 859 844
f 843 857 858
f 844 860 861
f 844 861 862
f 844 862 845
f 844 859 863
f 844 863 860
f 845 862 864
f 845 864 865
f 845 865 846
f 846 865 866
f 846 866 847
f 847 866 867
f 847 867 868
f 847 868 869
f 847 869 870
f 847 870 849
f 850 854 851
f 850 871 872
f 850 872 854
f 852 873 853
f 852 856 873
f 854 872 874
f 854 874 855
f 855 874 875
f 855 875 889
f 855 889 901
f 855 901 918
f 855 918 934
f 855 934 944
f 855 944 959
f 855 959 958
f 855 958 974
f 855 974 986
f 855 986 985
f 855 985 1002
f 855 1002 1017
f 855 1017 1009
f 855 1009 1008
f 855 1008 1007
f 855 1007 1006
f 855 1006 1005
f 855 1005 1004
f 855 1004 990
f 855 990 989
f 855 989 978
f 855 978 964
f 855 964 960
f 855 960 945
f 855 945 937
f 855 937 936
f 855 936 935
f 855 935 919
f 855 919 902
f 855 902 891
f 855 891 890
f 855 890 876
f 855 876 860
f 855 860 863
f 855 863 859
f 855 859 858
f 855 858 857
f 855 857 873
f 855 873 856
f 860 876 861
f 861 876 877
f 861 877 862
f 862 877 878
f 862 878 864
f 864 878 866
f 864 866 865
f 866 878 877
f 866 877 879
f 866 879 867
f 867 879 880
f 867 880 868
f 871 881 872
f 872 881 882
f 872 882 883
f 872 883 884
f 872 884 898
f 872 898 885
f 872 885 875
f 872 875 874
f 875 885 886
f 875 886 887
f 875 887 888
f 875 888 889
f 876 890 877
f 877 890 891
f 877 891 892
f 877 892 893
f 877 893 879
f 879 893 894
f 879 894 895
f 879 895 896
f 879 896 880
f 883 897 884
f 884 897 898
f 885 898 886
f 886 898 899
f 886 899 888
f 886 888 887
f 888 899 900
f 888 900 889
f 889 900 901
f 891 902 892
f 892 902 903
f 892 903 904
f 892 904 905
f 892 905 893
f 893 905 906
f 893 906 907
f 893 907 894
f 894 908 895
f 894 907 909
f 894 909 910
f 895 908 896
f 897 911 898
f 898 911 899
f 899 912 913
f 899 913 914
f 899 914 915
f 899 915 900
f 899 911 912
f 900 915 916
f 900 916 917
f 900 917 918
f 900 918 901
f 902 919 904
f 902 904 903
f 904 919 920
f 904 920 922
f 904 922 905
f 905 921 909
f 905 909 906
f 905 922 921
f 906 909 907
f 909 921 923
f 909 923 924
f 909 924 925
f 909 925 910
f 911 926 927
f 911 927 912
f 912 927 913
f 913 927 928
f 913 928 929
f 913 929 930
f 913 930 931
f 913 931 932
f 913 932 914
f 914 932 916
f 914 916 915
f 916 932 933
f 916 933 942
f 916 942 934
f 916 934 918
f 916 918 917
f 919 935 920
f 920 935 936
f 920 936 937
f 920 937 938
f 920 938 939
f 920 939 940
f 920 940 922
f 921 922 923
f 922 940 923
f 926 928 927
f 930 941 931
f 931 941 932
f 932 941 933
f 933 941 942
f 934 943 944
f 934 942 955
f 934 955 943
f 937 945 946
f 937 946 947
f 937 947 938
f 938 947 948
f 938 948 949
f 938 949 939
f 939 949 950
f 939 950 951
f 939 951 952
f 939 952 940
f 941 953 954
f 941 954 943
f 941 943 955
f 941 955 942
f 943 954 956
f 943 956 957
f 943 957 958
f 943 958 959
f 943 959 944
f 945 960 950
f 945 950 948
f 945 948 946
f 946 948 947
f 948 950 949
f 950 961 962
f 950 962 963
f 950 963 951
f 950 960 964
f 950 964 965
f 950 965 961
f 951 963 966
f 951 966 967
f 951 967 968
f 951 968 952
f 953 969 970
f 953 970 971
f 953 971 956
f 953 956 954
f 956 971 972
f 956 972 973
f 956 973 957
f 957 973 958
f 958 973 974
f 961 965 962
f 962 975 976
f 962 976 966
f 962 966 963
f 962 965 977
f 962 977 975
f 964 978 965
f 965 978 979
f 965 979 977
f 966 976 967
f 967 976 980
f 967 980 968
f 969 981 982
f 969 982 970
f 970 982 983
f 970 983 972
f 970 972 971
f 972 983 984
f 972 984 973
f 973 984 985
f 973 985 986
f 973 986 974
f 975 980 976
f 977 979 987
f 977 987 988
f 978 989 979
f 979 990 991
f 979 991 992
f 979 992 993
f 979 993 987
f 979 989 990
f 981 994 982
f 982 994 995
f 982 995 996
f 982 996 997
f 982 997 983
f 983 998 984
f 983 997 999
f 983 999 1000
f 983 1000 998
f 984 998 985
f 985 998 1001
f 985 1001 1002
f 987 993 988
f 988 993 1003
f 990 1004 991
f 991 1004 1005
f 991 1005 1006
f 991 1006 992
f 992 1006 1007
f 992 1007 1008
f 992 1008 1009
f 992 1009 1010
f 992 1010 1011
f 992 1011 993
f 993 1011 1019
f 993 1019 1012
f 993 1012 1013
f 993 1013 1003
f 996 1014 1019
f 996 1019 1015
f 996 1015 997
f 997 1015 1011
f 997 1011 999
f 998 1000 1001
f 999 1016 1000
f 999 1011 1016
f 1000 1016 1001
f 1001 1016 1011
f 1001 1011 1002
f 1002 1011 1017
f 1003 1013 1018
f 1009 1017 1011
f 1009 1011 1010
f 1011 1015 1019
f 1012 1019 1014
f 1012 1014 1020
f 1012 1020 1013
f 1013 1020 1018
o convex_8
v 0.089088 0.903541 -0.0740594
v -0.047591 0.863127 -0.0740594
v -0.139323 0.756366 -0.0740594
v -0.108731 0.801981 -0.0740594
v -0.128049 0.775699 -0.0740594
v -0.136982 0.761039 -0.0740594
v -0.178393 0.805375 -0.234455
v -0.13386 0.76637 -0.0740594
v -0.169894 0.822381 -0.244665
v -0.108731 0.883526 -0.224275
v -0.169894 0.842762 -0.285445
v -0.178393 0.825775 -0.275235
v -0.169894 0.842762 -0.326225
v -0.108731 0.903908 -0.285445
v -0.11723 0.88692 -0.254845
v -0.0883513 0.903908 -0.224275
v -0.0679711 0.903908 -0.183523
v -0.0433415 0.912402 -0.163133
v -0.0637216 0.912402 -0.203913
v -0.074779 0.910714 -0.224275
v -0.0815435 0.917502 -0.285445
v -0.061185 0.917502 -0.224275
v -0.030593 0.932802 -0.275235
v -0.061185 0.917502 -0.305835
v -1.07614e-06 0.937902 -0.285445
v -1.07614e-06 0.937902 -0.244665
v -0.0407831 0.917502 -0.183523
v 0.0611946 0.937902 -0.163133
v -0.0229396 0.912402 -0.142743
v -1.07614e-06 0.917502 -0.142743
v 0.0611946 0.917501 -0.101963
v 0.0382435 0.912395 -0.101963
v 0.00591785 0.893904 -0.0740594
v -0.025498 0.907302 -0.132534
v -0.0458782 0.907302 -0.152924
v 0.000887849 0.891398 -0.0740594
v -0.025498 0.88692 -0.0917537
v 0.0424136 0.90033 -0.0740594
v 0.0203791 0.89712 -0.0740594
v 0.0543988 0.9107 -0.0883697
v 0.0676196 0.903541 -0.0740594
v 0.0815818 0.917501 -0.101963
v 0.112163 0.90731 -0.0917537
v 0.122356 0.937902 -0.224275
v 0.142743 0.937902 -0.265055
v 0.163131 0.917501 -0.183523
v 0.183518 0.917501 -0.244665
v 0.251445 0.883519 -0.258258
v 0.237853 0.890319 -0.292241
v 0.251445 0.883519 -0.278648
v 0.271832 0.863138 -0.237868
v 0.231057 0.883519 -0.176727
v 0.21067 0.9039 -0.237868
v 0.190283 0.9039 -0.176727
v 0.173324 0.90731 -0.152924
v 0.150281 0.888245 -0.0740594
v 0.214068 0.886909 -0.152924
v 0.152937 0.886909 -0.0740594
v 0.170668 0.8692 -0.0740594
v 0.264974 0.73417 -0.0740594
v 0.231057 0.801974 -0.0740594
v 0.173324 0.866528 -0.0740594
v 0.234455 0.866528 -0.152924
v 0.316004 0.784984 -0.214094
v 0.316004 0.744221 -0.193704
v 0.336391 0.764602 -0.254845
v 0.336391 0.784984 -0.275235
v 0.292219 0.842737 -0.237868
v 0.271832 0.842737 -0.197117
v 0.254842 0.866528 -0.193704
v 0.312606 0.822375 -0.278648
v 0.312606 0.822375 -0.299038
v 0.329596 0.798584 -0.282032
v 0.343187 0.771403 -0.288829
v 0.346616 0.754412 -0.285445
v 0.343187 0.751002 -0.268439
v 0.321039 0.73417 -0.203741
v 0.326383 0.73417 -0.30615
v 0.336484 0.73417 -0.265055
v 0.339789 0.740811 -0.265055
v 0.346616 0.754412 -0.305835
v 0.341488 0.774793 -0.308359
v 0.331294 0.795194 -0.303283
v 0.336391 0.784984 -0.310911
v 0.336391 0.764602 -0.32112
v 0.339789 0.754412 -0.319428
v 0.341488 0.744221 -0.316016
v 0.321101 0.764602 -0.336406
v 0.323665 0.754412 -0.331301
v 0.312606 0.761212 -0.339818
v 0.332993 0.740811 -0.319428
v 0.339789 0.740811 -0.305835
v 0.0558197 0.73417 -0.313377
v 0.299015 0.747612 -0.333022
v 0.237853 0.767993 -0.353412
v 0.251445 0.781593 -0.360208
v 0.30581 0.774793 -0.346615
v 0.319402 0.774793 -0.339818
v 0.316004 0.784984 -0.34151
v 0.254842 0.805385 -0.3619
v 0.244649 0.795194 -0.366976
v 0.0883775 0.781593 -0.360208
v 0.156335 0.767993 -0.353412
v -0.102097 0.756366 -0.328347
v -0.074779 0.801981 -0.360208
v -0.112135 0.805375 -0.356796
v -0.102661 0.756366 -0.328175
v 0.0310462 0.73417 -0.305491
v 0.0310462 0.73417 -0.122353
v -0.190447 0.756366 -0.208875
v -0.190361 0.756366 -0.207555
v 0.124858 0.73417 -0.0740594
v -0.183488 0.815575 -0.285445
v -0.183488 0.815575 -0.326225
v -0.176702 0.822381 -0.339818
v -0.173298 0.805375 -0.336406
v -0.178241 0.756366 -0.300587
v -0.166511 0.791781 -0.329609
v -0.163108 0.815575 -0.346615
v -0.101945 0.835957 -0.366976
v -0.0815435 0.815575 -0.366976
v -1.07614e-06 0.835957 -0.366976
v -0.0509732 0.866538 -0.3619
v -0.101945 0.849533 -0.360208
v -0.115518 0.842762 -0.360208
v -0.163108 0.838515 -0.34151
v -0.142706 0.85888 -0.34151
v -0.149514 0.863127 -0.326225
v -0.173298 0.830874 -0.336406
v -0.122325 0.884379 -0.326225
v -0.132516 0.87162 -0.336406
v -0.101945 0.863127 -0.353412
v -0.112135 0.851239 -0.356796
v -0.0815435 0.890314 -0.339818
v -0.0917335 0.89202 -0.336406
v -0.112135 0.88182 -0.336406
v -0.0815435 0.904761 -0.326225
v -0.061185 0.903908 -0.333022
v 0.0408073 0.924301 -0.333022
v 0.0203791 0.925143 -0.326225
v 0.0305692 0.932802 -0.316016
v -0.0713751 0.912402 -0.316016
v -0.0102128 0.932802 -0.295625
v -0.0917335 0.912402 -0.295625
v -0.101945 0.904761 -0.305835
v 0.0408073 0.937902 -0.305835
v 0.0611946 0.937902 -0.305835
v 0.0611946 0.924301 -0.333022
v 0.0815818 0.897119 -0.346615
v 0.0917754 0.90731 -0.34151
v 0.163131 0.9039 -0.333022
v 0.122356 0.924301 -0.312632
v 0.122356 0.937902 -0.285445
v 0.142743 0.932796 -0.287968
v 0.183518 0.912395 -0.308359
v 0.193681 0.90731 -0.310911
v 0.197079 0.9107 -0.292241
v 0.234455 0.886909 -0.310911
v 0.25824 0.869918 -0.312632
v 0.27523 0.846147 -0.331301
v 0.271832 0.863138 -0.299038
v 0.316004 0.805385 -0.331301
v 0.265036 0.815575 -0.354243
v 0.319402 0.808775 -0.312632
v 0.254842 0.846147 -0.34151
v 0.244649 0.863138 -0.333022
v 0.173324 0.886909 -0.34151
v 0.163131 0.876718 -0.346615
v 0.0815818 0.795194 -0.366976
f 1022 1023 1021
f 1024 1023 1022
f 1025 1023 1024
f 1026 1023 1025
f 1026 1027 1023
f 1028 1027 1026
f 1028 1025 1027
f 1028 1026 1025
f 1025 1024 1027
f 1024 1029 1027
f 1030 1029 1024
f 1031 1029 1030
f 1031 1032 1029
f 1031 1033 1032
f 1031 1034 1033
f 1035 1034 1031
f 1035 1036 1034
f 1035 1030 1036
f 1035 1031 1030
f 1036 1030 1037
f 1036 1037 1038
f 1036 1038 1039
f 1036 1039 1040
f 1036 1040 1034
f 1040 1041 1034
f 1042 1041 1040
f 1043 1041 1042
f 1043 1044 1041
f 1043 1045 1044
f 1043 1046 1045
f 1043 1042 1046
f 1047 1046 1042
f 1047 1048 1046
f 1047 1038 1048
f 1047 1042 1038
f 1042 1039 1038
f 1042 1040 1039
f 1049 1048 1038
f 1049 1050 1048
f 1049 1051 1050
f 1049 1052 1051
f 1049 1053 1052
f 1049 1054 1053
f 1049 1038 1054
f 1055 1054 1038
f 1055 1053 1054
f 1056 1053 1055
f 1056 1022 1053
f 1056 1057 1022
f 1056 1055 1057
f 1055 1022 1057
f 1037 1022 1055
f 1037 1024 1022
f 1037 1030 1024
f 1037 1055 1038
f 1053 1022 1058
f 1059 1053 1058
f 1059 1060 1053
f 1059 1058 1060
f 1061 1060 1058
f 1061 1021 1060
f 1061 1058 1021
f 1058 1022 1021
f 1062 1060 1021
f 1051 1060 1062
f 1051 1052 1060
f 1052 1053 1060
f 1051 1062 1048
f 1051 1048 1050
f 1048 1062 1063
f 1048 1063 1064
f 1048 1064 1046
f 1064 1065 1046
f 1066 1065 1064
f 1067 1065 1066
f 1068 1065 1067
f 1068 1069 1065
f 1068 1070 1069
f 1068 1071 1070
f 1068 1072 1071
f 1068 1073 1072
f 1068 1067 1073
f 1067 1066 1073
f 1074 1073 1066
f 1074 1072 1073
f 1074 1075 1072
f 1074 1066 1075
f 1066 1064 1075
f 1064 1063 1075
f 1076 1075 1063
f 1076 1077 1075
f 1078 1077 1076
f 1078 1079 1077
f 1078 1076 1079
f 1076 1021 1079
f 1076 1063 1021
f 1062 1021 1063
f 1079 1021 1080
f 1081 1079 1080
f 1082 1079 1081
f 1082 1083 1079
f 1082 1081 1083
f 1081 1084 1083
f 1081 1080 1084
f 1085 1084 1080
f 1086 1084 1085
f 1087 1084 1086
f 1088 1084 1087
f 1088 1089 1084
f 1088 1083 1089
f 1090 1083 1088
f 1090 1072 1083
f 1090 1071 1072
f 1090 1088 1071
f 1091 1071 1088
f 1091 1092 1071
f 1091 1093 1092
f 1091 1088 1093
f 1088 1087 1093
f 1087 1094 1093
f 1087 1095 1094
f 1087 1086 1095
f 1086 1096 1095
f 1086 1097 1096
f 1086 1085 1097
f 1085 1080 1097
f 1097 1080 1098
f 1099 1097 1098
f 1100 1097 1099
f 1100 1096 1097
f 1100 1095 1096
f 1100 1099 1095
f 1095 1099 1101
f 1094 1095 1101
f 1102 1094 1101
f 1102 1103 1094
f 1102 1104 1103
f 1102 1105 1104
f 1102 1106 1105
f 1102 1101 1106
f 1107 1106 1101
f 1107 1108 1106
f 1109 1108 1107
f 1109 1110 1108
f 1109 1111 1110
f 1109 1107 1111
f 1107 1112 1111
f 1107 1101 1112
f 1112 1101 1099
f 1112 1099 1098
f 1112 1098 1111
f 1113 1111 1098
f 1114 1111 1113
f 1110 1111 1114
f 1110 1114 1115
f 1110 1115 1116
f 1117 1110 1116
f 1118 1110 1117
f 1118 1108 1110
f 1118 1106 1108
f 1118 1119 1106
f 1118 1117 1119
f 1117 1120 1119
f 1117 1121 1120
f 1117 1116 1121
f 1116 1122 1121
f 1116 1115 1122
f 1122 1115 1123
f 1124 1122 1123
f 1124 1125 1122
f 1124 1126 1125
f 1124 1127 1126
f 1124 1113 1127
f 1124 1123 1113
f 1114 1113 1123
f 1115 1114 1123
f 1113 1128 1127
f 1113 1098 1128
f 1128 1098 1080
f 1129 1128 1080
f 1129 1130 1128
f 1129 1131 1130
f 1129 1023 1131
f 1132 1023 1129
f 1132 1080 1023
f 1132 1129 1080
f 1023 1080 1021
f 1027 1131 1023
f 1032 1131 1027
f 1133 1131 1032
f 1133 1130 1131
f 1133 1134 1130
f 1133 1032 1134
f 1032 1033 1134
f 1134 1033 1135
f 1134 1135 1136
f 1137 1134 1136
f 1137 1130 1134
f 1137 1128 1130
f 1137 1127 1128
f 1138 1127 1137
f 1138 1136 1127
f 1138 1137 1136
f 1127 1136 1139
f 1127 1139 1126
f 1140 1126 1139
f 1140 1141 1126
f 1140 1142 1141
f 1140 1143 1142
f 1140 1144 1143
f 1140 1145 1144
f 1140 1139 1145
f 1145 1139 1135
f 1146 1145 1135
f 1146 1147 1145
f 1146 1148 1147
f 1146 1033 1148
f 1146 1149 1033
f 1146 1135 1149
f 1149 1135 1033
f 1148 1033 1034
f 1150 1148 1034
f 1151 1148 1150
f 1151 1147 1148
f 1152 1147 1151
f 1152 1153 1147
f 1152 1145 1153
f 1152 1144 1145
f 1152 1143 1144
f 1152 1154 1143
f 1152 1155 1154
f 1152 1156 1155
f 1152 1151 1156
f 1151 1150 1156
f 1155 1156 1150
f 1155 1150 1157
f 1155 1157 1158
f 1154 1155 1158
f 1154 1158 1143
f 1158 1159 1143
f 1160 1159 1158
f 1160 1161 1159
f 1160 1157 1161
f 1160 1158 1157
f 1162 1161 1157
f 1163 1161 1162
f 1163 1045 1161
f 1163 1044 1045
f 1163 1162 1044
f 1164 1044 1162
f 1164 1041 1044
f 1164 1034 1041
f 1164 1165 1034
f 1164 1162 1165
f 1165 1162 1157
f 1165 1157 1150
f 1165 1150 1034
f 1161 1045 1166
f 1161 1166 1159
f 1167 1159 1166
f 1168 1159 1167
f 1168 1169 1159
f 1168 1170 1169
f 1168 1171 1170
f 1168 1172 1171
f 1168 1167 1172
f 1172 1167 1173
f 1172 1173 1174
f 1172 1174 1171
f 1175 1171 1174
f 1175 1176 1171
f 1177 1176 1175
f 1069 1176 1177
f 1069 1178 1176
f 1179 1178 1069
f 1179 1180 1178
f 1179 1181 1180
f 1179 1069 1181
f 1181 1069 1070
f 1181 1070 1092
f 1181 1092 1182
f 1181 1182 1180
f 1182 1183 1180
f 1182 1119 1183
f 1105 1119 1182
f 1105 1106 1119
f 1105 1182 1104
f 1104 1182 1184
f 1103 1104 1184
f 1103 1184 1092
f 1103 1092 1093
f 1103 1093 1094
f 1092 1184 1182
f 1120 1183 1119
f 1185 1183 1120
f 1185 1180 1183
f 1186 1180 1185
f 1186 1178 1180
f 1186 1176 1178
f 1186 1171 1176
f 1186 1185 1171
f 1187 1171 1185
f 1187 1170 1171
f 1187 1188 1170
f 1187 1120 1188
f 1187 1185 1120
f 1188 1120 1121
f 1188 1121 1169
f 1188 1169 1170
f 1169 1121 1143
f 1169 1143 1159
f 1142 1143 1121
f 1142 1121 1141
f 1189 1141 1121
f 1122 1141 1189
f 1122 1125 1141
f 1125 1126 1141
f 1122 1189 1121
f 1071 1092 1070
f 1069 1177 1065
f 1177 1175 1065
f 1175 1174 1065
f 1173 1065 1174
f 1173 1167 1065
f 1167 1166 1065
f 1166 1046 1065
f 1045 1046 1166
f 1147 1153 1145
f 1139 1136 1135
f 1032 1027 1029
f 1077 1083 1072
f 1077 1079 1083
f 1077 1072 1075
f 1089 1083 1084
o convex_9
v 0.0310462 0.642705 -0.38195
v 0.0310462 0.64224 -0.381829
v 0.0310462 0.689672 -0.359796
v 0.163115 0.672828 -0.367
v 0.305805 0.652436 -0.367
v 0.326194 0.632082 -0.367
v 0.244638 0.61169 -0.367
v 0.0310462 0.54446 -0.324019
v 0.251445 0.598095 -0.360188
v 0.0310462 0.696767 -0.35624
v 0.173309 0.683024 -0.361906
v 0.315999 0.662632 -0.361906
v 0.336389 0.64224 -0.361906
v 0.339809 0.632082 -0.360188
v 0.333001 0.618487 -0.360188
v 0.0310462 0.54446 -0.122347
v 0.20386 0.54446 -0.308858
v 0.31942 0.604893 -0.353407
v 0.31942 0.564109 -0.312626
v 0.0310462 0.723343 -0.34138
v 0.163115 0.700017 -0.353407
v 0.29561 0.703416 -0.341501
v 0.326194 0.672828 -0.354251
v 0.336389 0.683024 -0.341501
v 0.35339 0.672828 -0.333001
v 0.367005 0.672828 -0.305814
v 0.367005 0.632082 -0.305814
v 0.361875 0.621886 -0.316032
v 0.341486 0.621886 -0.356782
v 0.333001 0.598095 -0.339813
v 0.0310462 0.73417 -0.122347
v 0.177091 0.54446 -0.0740307
v 0.124869 0.73417 -0.0740307
v 0.299754 0.54446 -0.292582
v 0.333001 0.557312 -0.299032
v 0.0310462 0.72403 -0.340928
v 0.285416 0.706814 -0.339813
v 0.326358 0.73417 -0.306146
v 0.346583 0.688131 -0.328751
v 0.356778 0.683024 -0.321126
v 0.360198 0.686422 -0.312626
v 0.326194 0.713611 -0.203908
v 0.336389 0.683024 -0.214095
v 0.343196 0.669429 -0.227689
v 0.336487 0.73417 -0.265034
v 0.335007 0.73417 -0.259096
v 0.322116 0.73417 -0.208007
v 0.321031 0.73417 -0.203757
v 0.346583 0.570906 -0.265034
v 0.346583 0.570906 -0.285439
v 0.341486 0.560711 -0.295627
v 0.326194 0.550515 -0.183533
v 0.326194 0.54446 -0.189591
v 0.354245 0.61169 -0.32622
v 0.341486 0.581102 -0.316032
v 0.0310462 0.73417 -0.305513
v 0.285416 0.54446 -0.0740307
v 0.264961 0.73417 -0.0740307
v 0.30962 0.54446 -0.289297
v 0.323662 0.545426 -0.285439
v 0.322412 0.54446 -0.284655
v 0.0310462 0.728097 -0.334026
v 0.326523 0.73417 -0.305814
v 0.0310462 0.731329 -0.327546
v 0.0310462 0.734003 -0.31555
v 0.055809 0.73417 -0.313349
v 0.285416 0.672828 -0.0740307
v 0.265027 0.734003 -0.0740307
v 0.339809 0.557312 -0.265034
v 0.339809 0.557312 -0.285439
v 0.333363 0.54446 -0.265034
v 0.328989 0.54446 -0.273805
v 0.324879 0.54446 -0.183533
v 0.323169 0.54446 -0.28351
f 1190 1191 1197
f 1190 1197 1205
f 1190 1205 1220
f 1190 1220 1245
f 1190 1245 1254
f 1190 1254 1253
f 1190 1253 1251
f 1190 1251 1225
f 1190 1225 1209
f 1190 1209 1199
f 1190 1199 1192
f 1190 1192 1193
f 1190 1193 1194
f 1190 1194 1195
f 1190 1195 1196
f 1190 1196 1191
f 1191 1196 1198
f 1191 1198 1197
f 1192 1199 1200
f 1192 1200 1193
f 1193 1200 1201
f 1193 1201 1194
f 1194 1201 1195
f 1195 1201 1202
f 1195 1202 1203
f 1195 1203 1204
f 1195 1204 1198
f 1195 1198 1196
f 1197 1198 1206
f 1197 1206 1223
f 1197 1223 1248
f 1197 1248 1250
f 1197 1250 1263
f 1197 1263 1261
f 1197 1261 1260
f 1197 1260 1242
f 1197 1242 1262
f 1197 1262 1246
f 1197 1246 1221
f 1197 1221 1205
f 1198 1204 1207
f 1198 1207 1208
f 1198 1208 1206
f 1199 1209 1210
f 1199 1210 1200
f 1200 1210 1211
f 1200 1211 1201
f 1201 1211 1212
f 1201 1212 1202
f 1202 1213 1214
f 1202 1214 1203
f 1202 1212 1213
f 1203 1214 1215
f 1203 1215 1216
f 1203 1216 1217
f 1203 1217 1218
f 1203 1218 1204
f 1204 1218 1244
f 1204 1244 1219
f 1204 1219 1207
f 1205 1221 1222
f 1205 1222 1220
f 1206 1208 1223
f 1207 1219 1224
f 1207 1224 1208
f 1208 1224 1223
f 1209 1225 1210
f 1210 1225 1226
f 1210 1226 1211
f 1211 1226 1227
f 1211 1227 1212
f 1212 1227 1213
f 1213 1227 1228
f 1213 1228 1214
f 1214 1228 1229
f 1214 1229 1230
f 1214 1230 1215
f 1215 1231 1232
f 1215 1232 1233
f 1215 1233 1216
f 1215 1230 1234
f 1215 1234 1235
f 1215 1235 1236
f 1215 1236 1237
f 1215 1237 1231
f 1216 1238 1239
f 1216 1239 1240
f 1216 1240 1217
f 1216 1233 1241
f 1216 1241 1242
f 1216 1242 1238
f 1217 1240 1243
f 1217 1243 1218
f 1218 1243 1244
f 1219 1244 1224
f 1220 1222 1247
f 1220 1247 1237
f 1220 1237 1236
f 1220 1236 1235
f 1220 1235 1234
f 1220 1234 1252
f 1220 1252 1227
f 1220 1227 1255
f 1220 1255 1245
f 1221 1246 1256
f 1221 1256 1257
f 1221 1257 1247
f 1221 1247 1222
f 1223 1224 1248
f 1224 1244 1240
f 1224 1240 1249
f 1224 1249 1250
f 1224 1250 1248
f 1225 1251 1227
f 1225 1227 1226
f 1227 1252 1230
f 1227 1230 1229
f 1227 1229 1228
f 1227 1251 1253
f 1227 1253 1254
f 1227 1254 1255
f 1230 1252 1234
f 1231 1237 1256
f 1231 1256 1232
f 1232 1256 1233
f 1233 1246 1241
f 1233 1256 1246
f 1237 1247 1257
f 1237 1257 1256
f 1238 1258 1259
f 1238 1259 1239
f 1238 1242 1258
f 1239 1259 1240
f 1240 1244 1243
f 1240 1259 1260
f 1240 1260 1261
f 1240 1261 1249
f 1241 1262 1242
f 1241 1246 1262
f 1242 1260 1258
f 1245 1255 1254
f 1249 1263 1250
f 1249 1261 1263
f 1258 1260 1259
o convex_10
v 0.0310179 0.582239 -0.122353
v -0.0763743 0.582239 -0.0740594
v 0.0310179 0.544445 -0.122353
v 0.0310179 0.582239 -0.308129
v -0.183484 0.582239 -0.0740594
v -0.0787501 0.558035 -0.0740594
v -0.0838411 0.544445 -0.0740594
v 0.0310179 0.544445 -0.324017
v 0.0223066 0.544445 -0.329236
v 0.0184318 0.544445 -0.331186
v 0.00875883 0.544445 -0.335058
v -9.03537e-06 0.544445 -0.338356
v -0.0815785 0.544445 -0.359205
v -0.0702368 0.582239 -0.329609
v -0.187924 0.544445 -0.0740594
v -0.224268 0.582239 -0.163133
v -0.203876 0.544445 -0.366976
v -0.203876 0.550509 -0.366976
v -0.193694 0.560702 -0.3619
v -0.101971 0.557306 -0.353412
v -0.203876 0.564099 -0.360208
v -0.0951545 0.582239 -0.330727
v -0.224268 0.550509 -0.163133
v -0.221242 0.544445 -0.160093
v -0.227662 0.582239 -0.192557
v -0.256851 0.544445 -0.271106
v -0.244661 0.550509 -0.224275
v -0.224268 0.544445 -0.366976
v -0.224268 0.550509 -0.366976
v -0.224268 0.564099 -0.360208
v -0.122335 0.582239 -0.330727
v -0.244661 0.544445 -0.224275
v -0.228794 0.582239 -0.217478
v -0.251449 0.557306 -0.285445
v -0.257897 0.544445 -0.285445
v -0.237873 0.544445 -0.360208
v -0.237873 0.557306 -0.360208
v -0.23445 0.565797 -0.356796
v -0.141426 0.582239 -0.324934
v -0.224268 0.570895 -0.346615
v -0.230491 0.582239 -0.265886
v -0.237873 0.564099 -0.346615
v -0.244661 0.550509 -0.346615
v -0.244661 0.544445 -0.346615
v -0.224268 0.582239 -0.285445
v -0.215812 0.582239 -0.28966
f 1264 1265 1266
f 1264 1266 1271
f 1264 1271 1267
f 1264 1267 1277
f 1264 1277 1285
f 1264 1285 1294
f 1264 1294 1302
f 1264 1302 1309
f 1264 1309 1308
f 1264 1308 1304
f 1264 1304 1296
f 1264 1296 1288
f 1264 1288 1279
f 1264 1279 1268
f 1264 1268 1265
f 1265 1268 1278
f 1265 1278 1270
f 1265 1270 1269
f 1265 1269 1266
f 1266 1269 1270
f 1266 1270 1278
f 1266 1278 1287
f 1266 1287 1295
f 1266 1295 1289
f 1266 1289 1298
f 1266 1298 1307
f 1266 1307 1299
f 1266 1299 1291
f 1266 1291 1280
f 1266 1280 1276
f 1266 1276 1275
f 1266 1275 1274
f 1266 1274 1273
f 1266 1273 1272
f 1266 1272 1271
f 1267 1271 1272
f 1267 1272 1273
f 1267 1273 1274
f 1267 1274 1275
f 1267 1275 1276
f 1267 1276 1277
f 1268 1279 1278
f 1276 1280 1281
f 1276 1281 1282
f 1276 1282 1283
f 1276 1283 1277
f 1277 1283 1282
f 1277 1282 1284
f 1277 1284 1285
f 1278 1279 1286
f 1278 1286 1287
f 1279 1288 1289
f 1279 1289 1290
f 1279 1290 1295
f 1279 1295 1286
f 1280 1291 1292
f 1280 1292 1281
f 1281 1292 1282
f 1282 1292 1293
f 1282 1293 1284
f 1284 1293 1294
f 1284 1294 1285
f 1286 1295 1287
f 1288 1296 1297
f 1288 1297 1289
f 1289 1295 1290
f 1289 1297 1298
f 1291 1299 1300
f 1291 1300 1292
f 1292 1300 1293
f 1293 1300 1301
f 1293 1301 1294
f 1294 1301 1303
f 1294 1303 1302
f 1296 1304 1297
f 1297 1305 1298
f 1297 1304 1305
f 1298 1305 1306
f 1298 1306 1307
f 1299 1307 1306
f 1299 1306 1300
f 1300 1306 1305
f 1300 1305 1301
f 1301 1305 1304
f 1301 1304 1308
f 1301 1308 1303
f 1302 1303 1309
f 1303 1308 1309
o convex_11
v 0.333388 0.544427 -0.265034
v 0.326207 0.44857 -0.265034
v 0.326207 0.44857 -0.285434
v 0.326207 0.468949 -0.305834
v 0.326207 0.489328 -0.326205
v 0.319417 0.502925 -0.333005
v 0.329001 0.544427 -0.273803
v 0.326207 0.544427 -0.189578
v 0.326207 0.509723 -0.203893
v 0.326207 0.468949 -0.224264
v 0.305836 0.38942 -0.265034
v 0.304802 0.38942 -0.225278
v 0.305417 0.38942 -0.245052
v 0.321121 0.438373 -0.295634
v 0.321121 0.479131 -0.336405
v 0.319417 0.489328 -0.339805
v 0.316008 0.499526 -0.341505
v 0.322407 0.544427 -0.284659
v 0.323189 0.544427 -0.283496
v 0.324866 0.544427 -0.183523
v 0.284991 0.44857 -0.0623452
v 0.284851 0.447417 -0.0623452
v 0.299717 0.38942 -0.201895
v 0.298683 0.38942 -0.287462
v 0.300723 0.397599 -0.295634
v 0.313465 0.428176 -0.305834
v 0.313465 0.44857 -0.326205
v 0.290523 0.417979 -0.336405
v 0.292228 0.44857 -0.353405
v 0.305836 0.489328 -0.346605
v 0.305836 0.502925 -0.339805
v 0.299745 0.544427 -0.292592
v 0.309637 0.544427 -0.289312
v 0.22427 0.468949 -0.367005
v 0.234469 0.479131 -0.361905
v 0.15293 0.499526 -0.361905
v 0.142731 0.516521 -0.353405
v 0.285438 0.544427 -0.0623452
v 0.285438 0.468949 -0.0623452
v 0.272248 0.406643 -0.0623452
v 0.265793 0.38942 -0.0623452
v 0.286444 0.38942 -0.307863
v 0.290523 0.397599 -0.316005
v 0.249754 0.417979 -0.356805
v 0.271829 0.434974 -0.360205
v 0.285438 0.428176 -0.346605
v 0.280324 0.438373 -0.356805
v 0.278647 0.44857 -0.360205
v 0.275238 0.458767 -0.361905
v 0.203871 0.544427 -0.308847
v 0.142731 0.489328 -0.367005
v 0.265039 0.44857 -0.367005
v 0.0479192 0.500542 -0.361398
v 0.101962 0.516521 -0.353405
v 0.0611923 0.5369 -0.333005
v 0.182941 0.544427 -0.0623452
v 0.156088 0.38942 -0.0623452
v 0.267079 0.38942 -0.317019
v 0.23106 0.414595 -0.360205
v 0.22427 0.428176 -0.367005
v 0.0611923 0.544427 -0.317943
v 0.0611923 0.543698 -0.319405
v 0.101962 0.489328 -0.367005
v 0.0479192 0.514139 -0.353703
v 0.0479192 0.496476 -0.363426
v 0.0479192 0.5369 -0.333005
v 0.0479192 0.543956 -0.318898
v 0.162543 0.428176 -0.0623452
v 0.0479192 0.544427 -0.122353
v 0.0479192 0.38942 -0.122353
v 0.213064 0.38942 -0.317019
v 0.0479192 0.434943 -0.359907
v 0.0479192 0.435262 -0.360235
v 0.100956 0.38942 -0.306848
v 0.0479192 0.44857 -0.365394
v 0.0479192 0.455717 -0.367005
v 0.0479192 0.544427 -0.317943
v 0.0479192 0.468949 -0.367005
v 0.0479192 0.38942 -0.281855
v 0.0543741 0.400998 -0.312605
v 0.0479192 0.402288 -0.311322
v 0.0846926 0.38942 -0.302703
v 0.0703577 0.38942 -0.296648
f 1310 1311 1312
f 1310 1312 1313
f 1310 1313 1314
f 1310 1314 1315
f 1310 1315 1316
f 1310 1316 1328
f 1310 1328 1327
f 1310 1327 1342
f 1310 1342 1341
f 1310 1341 1359
f 1310 1359 1370
f 1310 1370 1386
f 1310 1386 1378
f 1310 1378 1365
f 1310 1365 1347
f 1310 1347 1329
f 1310 1329 1317
f 1310 1317 1318
f 1310 1318 1319
f 1310 1319 1311
f 1311 1320 1312
f 1311 1319 1321
f 1311 1321 1322
f 1311 1322 1320
f 1312 1320 1323
f 1312 1323 1313
f 1313 1323 1324
f 1313 1324 1314
f 1314 1324 1325
f 1314 1325 1315
f 1315 1325 1326
f 1315 1326 1327
f 1315 1327 1328
f 1315 1328 1316
f 1317 1329 1318
f 1318 1329 1330
f 1318 1330 1319
f 1319 1330 1331
f 1319 1331 1332
f 1319 1332 1321
f 1320 1333 1334
f 1320 1334 1335
f 1320 1335 1323
f 1320 1322 1321
f 1320 1321 1332
f 1320 1332 1350
f 1320 1350 1366
f 1320 1366 1379
f 1320 1379 1388
f 1320 1388 1392
f 1320 1392 1391
f 1320 1391 1383
f 1320 1383 1380
f 1320 1380 1367
f 1320 1367 1351
f 1320 1351 1333
f 1323 1335 1324
f 1324 1335 1336
f 1324 1336 1337
f 1324 1337 1338
f 1324 1338 1325
f 1325 1339 1326
f 1325 1338 1357
f 1325 1357 1339
f 1326 1340 1341
f 1326 1341 1342
f 1326 1342 1327
f 1326 1339 1343
f 1326 1343 1344
f 1326 1344 1345
f 1326 1345 1346
f 1326 1346 1340
f 1329 1347 1348
f 1329 1348 1330
f 1330 1348 1347
f 1330 1347 1365
f 1330 1365 1377
f 1330 1377 1366
f 1330 1366 1350
f 1330 1350 1349
f 1330 1349 1331
f 1331 1349 1332
f 1332 1349 1350
f 1333 1351 1352
f 1333 1352 1334
f 1334 1352 1335
f 1335 1352 1337
f 1335 1337 1336
f 1337 1353 1354
f 1337 1354 1355
f 1337 1355 1338
f 1337 1352 1353
f 1338 1356 1354
f 1338 1354 1357
f 1338 1355 1356
f 1339 1357 1358
f 1339 1358 1343
f 1340 1346 1341
f 1341 1346 1359
f 1343 1360 1345
f 1343 1345 1344
f 1343 1358 1361
f 1343 1361 1369
f 1343 1369 1385
f 1343 1385 1387
f 1343 1387 1372
f 1343 1372 1360
f 1345 1360 1362
f 1345 1362 1346
f 1346 1362 1363
f 1346 1363 1375
f 1346 1375 1364
f 1346 1364 1359
f 1351 1367 1352
f 1352 1367 1353
f 1353 1368 1354
f 1353 1367 1368
f 1354 1368 1369
f 1354 1369 1361
f 1354 1361 1357
f 1354 1356 1355
f 1357 1361 1358
f 1359 1364 1371
f 1359 1371 1370
f 1360 1372 1362
f 1362 1373 1363
f 1362 1372 1374
f 1362 1374 1387
f 1362 1387 1385
f 1362 1385 1384
f 1362 1384 1382
f 1362 1382 1381
f 1362 1381 1390
f 1362 1390 1388
f 1362 1388 1379
f 1362 1379 1378
f 1362 1378 1386
f 1362 1386 1376
f 1362 1376 1375
f 1362 1375 1373
f 1363 1373 1375
f 1364 1375 1376
f 1364 1376 1371
f 1365 1378 1377
f 1366 1377 1378
f 1366 1378 1379
f 1367 1380 1368
f 1368 1381 1382
f 1368 1382 1369
f 1368 1380 1383
f 1368 1383 1381
f 1369 1382 1384
f 1369 1384 1385
f 1370 1376 1386
f 1370 1371 1376
f 1372 1387 1374
f 1381 1383 1389
f 1381 1389 1390
f 1383 1391 1389
f 1388 1390 1392
f 1389 1391 1392
f 1389 1392 1390
o convex_12
v 0.305837 0.387393 -0.224279
v 0.305408 0.389416 -0.245054
v 0.304802 0.389416 -0.225275
v 0.299703 0.389416 -0.201881
v 0.265797 0.389416 -0.0623154
v 0.302429 0.383995 -0.207317
v 0.305837 0.367008 -0.224279
v 0.305837 0.389416 -0.265033
v 0.1561 0.389416 -0.0623154
v 0.26461 0.34698 -0.0623154
v 0.300738 0.364457 -0.203902
v 0.295815 0.34698 -0.224279
v 0.300738 0.356813 -0.254844
v 0.305837 0.367008 -0.244656
v 0.285438 0.34698 -0.162778
v 0.305837 0.387393 -0.265033
v 0.298693 0.389416 -0.287459
v 0.154611 0.386242 -0.0623154
v 0.0479192 0.389416 -0.122337
v 0.149587 0.34698 -0.0623154
v 0.290311 0.34698 -0.244656
v 0.299021 0.353415 -0.244656
v 0.285615 0.34698 -0.255584
v 0.290538 0.356813 -0.27525
v 0.300738 0.377198 -0.27525
v 0.290538 0.377198 -0.295627
v 0.286448 0.389416 -0.307836
v 0.0479192 0.34698 -0.122337
v 0.0479192 0.389416 -0.281852
v 0.248528 0.34698 -0.280258
v 0.207528 0.34698 -0.302542
v 0.16168 0.34698 -0.326021
v 0.267084 0.389416 -0.317028
v 0.0479192 0.34698 -0.353029
v 0.0703633 0.389416 -0.296651
v 0.0479192 0.360805 -0.335925
v 0.122346 0.34698 -0.341731
v 0.0479192 0.351035 -0.351009
v 0.213057 0.389416 -0.317028
v 0.0846781 0.389416 -0.302713
v 0.0479192 0.355795 -0.345061
v 0.0479192 0.351122 -0.350923
v 0.100937 0.389416 -0.30684
f 1393 1394 1395
f 1393 1395 1396
f 1393 1396 1397
f 1393 1397 1398
f 1393 1398 1399
f 1393 1399 1406
f 1393 1406 1408
f 1393 1408 1400
f 1393 1400 1394
f 1394 1400 1409
f 1394 1409 1419
f 1394 1419 1425
f 1394 1425 1431
f 1394 1431 1435
f 1394 1435 1432
f 1394 1432 1427
f 1394 1427 1421
f 1394 1421 1411
f 1394 1411 1401
f 1394 1401 1397
f 1394 1397 1396
f 1394 1396 1395
f 1397 1401 1410
f 1397 1410 1412
f 1397 1412 1402
f 1397 1402 1398
f 1398 1403 1399
f 1398 1402 1403
f 1399 1404 1405
f 1399 1405 1406
f 1399 1403 1407
f 1399 1407 1404
f 1400 1408 1409
f 1401 1411 1410
f 1402 1412 1420
f 1402 1420 1426
f 1402 1426 1429
f 1402 1429 1424
f 1402 1424 1423
f 1402 1423 1422
f 1402 1422 1415
f 1402 1415 1413
f 1402 1413 1404
f 1402 1404 1407
f 1402 1407 1403
f 1404 1413 1414
f 1404 1414 1405
f 1405 1415 1416
f 1405 1416 1417
f 1405 1417 1406
f 1405 1414 1413
f 1405 1413 1415
f 1406 1417 1408
f 1408 1417 1409
f 1409 1417 1418
f 1409 1418 1419
f 1410 1411 1412
f 1411 1420 1412
f 1411 1421 1428
f 1411 1428 1433
f 1411 1433 1434
f 1411 1434 1430
f 1411 1430 1426
f 1411 1426 1420
f 1415 1422 1416
f 1416 1418 1417
f 1416 1422 1423
f 1416 1423 1424
f 1416 1424 1418
f 1418 1424 1425
f 1418 1425 1419
f 1421 1427 1428
f 1424 1429 1425
f 1425 1429 1426
f 1425 1426 1430
f 1425 1430 1431
f 1427 1432 1433
f 1427 1433 1428
f 1430 1434 1431
f 1431 1434 1433
f 1431 1433 1435
f 1432 1435 1433
o convex_13
v 0.285448 0.265061 0.203897
v 0.285448 0.244671 0.203897
v 0.285448 0.326221 0.183508
v 0.265047 0.326221 0.244641
v 0.258261 0.319425 0.258245
v 0.231074 0.292248 0.312625
v 0.284932 0.242409 0.203897
v 0.285448 0.242409 0.201646
v 0.231074 0.251468 0.312625
v 0.283179 0.242409 0.208431
v 0.285448 0.34697 0.16312
v 0.280168 0.34697 0.183867
v 0.259767 0.34697 0.245033
v 0.251453 0.333018 0.271848
v 0.231074 0.34697 0.292236
v 0.193687 0.275256 0.356795
v 0.285448 0.242409 0.16312
v 0.193687 0.242409 0.356795
v 0.230445 0.242409 0.310113
v 0.235591 0.242409 0.303556
v 0.242398 0.242409 0.289953
v 0.258261 0.242409 0.258245
v 0.285448 0.34697 0.0541303
v 0.248667 0.34697 0.269042
v 0.224626 0.34697 0.295433
v 0.210673 0.333018 0.312625
v 0.20728 0.30923 0.329621
v 0.0713676 0.316026 0.377184
v 0.0611893 0.285451 0.387394
v 0.166522 0.248069 0.370398
v 0.167646 0.242409 0.371507
v 0.284594 0.242409 0.142731
v 0.285448 0.244671 0.142731
v 0.285448 0.346611 0.0541303
v 0.183486 0.34697 0.0541303
v 0.204247 0.34697 0.305448
v 0.0559317 0.323754 0.364526
v 0.0559317 0.316026 0.377184
v 0.0559317 0.302801 0.38436
v 0.203708 0.34697 0.305644
v 0.0559317 0.285451 0.387394
v 0.139492 0.242409 0.375389
v 0.16086 0.242409 0.373204
v 0.284302 0.242409 0.14048
v 0.265047 0.242409 0.0541303
v 0.285448 0.305831 0.0815652
v 0.285448 0.326221 0.0611766
v 0.281921 0.319189 0.0541303
v 0.163489 0.34697 0.140904
v 0.183486 0.326221 0.0541303
v 0.0559317 0.242409 0.199395
v 0.0559317 0.321175 0.331252
v 0.0559317 0.326221 0.341332
v 0.0559317 0.328852 0.349227
v 0.181374 0.34697 0.300686
v 0.0559317 0.242409 0.366973
v 0.20036 0.242409 0.0541303
v 0.143469 0.34697 0.241738
v 0.180857 0.34697 0.300555
v 0.163669 0.34697 0.28581
v 0.16295 0.34697 0.28506
v 0.150659 0.34697 0.265421
v 0.1503 0.34697 0.264671
v 0.142908 0.34697 0.245033
v 0.142908 0.34697 0.244641
f 1436 1437 1443
f 1436 1443 1452
f 1436 1452 1468
f 1436 1468 1481
f 1436 1481 1482
f 1436 1482 1469
f 1436 1469 1458
f 1436 1458 1446
f 1436 1446 1438
f 1436 1438 1439
f 1436 1439 1440
f 1436 1440 1441
f 1436 1441 1444
f 1436 1444 1437
f 1437 1442 1443
f 1437 1444 1445
f 1437 1445 1442
f 1438 1446 1447
f 1438 1447 1448
f 1438 1448 1439
f 1439 1448 1449
f 1439 1449 1440
f 1440 1449 1441
f 1441 1449 1450
f 1441 1450 1451
f 1441 1451 1453
f 1441 1453 1444
f 1442 1445 1457
f 1442 1457 1456
f 1442 1456 1455
f 1442 1455 1454
f 1442 1454 1453
f 1442 1453 1466
f 1442 1466 1478
f 1442 1478 1477
f 1442 1477 1491
f 1442 1491 1486
f 1442 1486 1492
f 1442 1492 1480
f 1442 1480 1479
f 1442 1479 1467
f 1442 1467 1452
f 1442 1452 1443
f 1444 1453 1454
f 1444 1454 1455
f 1444 1455 1456
f 1444 1456 1457
f 1444 1457 1445
f 1446 1458 1470
f 1446 1470 1484
f 1446 1484 1493
f 1446 1493 1500
f 1446 1500 1499
f 1446 1499 1498
f 1446 1498 1497
f 1446 1497 1496
f 1446 1496 1495
f 1446 1495 1494
f 1446 1494 1490
f 1446 1490 1475
f 1446 1475 1471
f 1446 1471 1460
f 1446 1460 1450
f 1446 1450 1459
f 1446 1459 1448
f 1446 1448 1447
f 1448 1459 1449
f 1449 1459 1450
f 1450 1460 1461
f 1450 1461 1462
f 1450 1462 1451
f 1451 1463 1464
f 1451 1464 1465
f 1451 1465 1466
f 1451 1466 1453
f 1451 1462 1463
f 1452 1467 1468
f 1458 1469 1483
f 1458 1483 1480
f 1458 1480 1492
f 1458 1492 1485
f 1458 1485 1470
f 1460 1471 1461
f 1461 1463 1462
f 1461 1471 1463
f 1463 1472 1473
f 1463 1473 1474
f 1463 1474 1464
f 1463 1471 1475
f 1463 1475 1472
f 1464 1474 1476
f 1464 1476 1477
f 1464 1477 1478
f 1464 1478 1465
f 1465 1478 1466
f 1467 1479 1468
f 1468 1479 1480
f 1468 1480 1481
f 1469 1482 1483
f 1470 1485 1486
f 1470 1486 1487
f 1470 1487 1488
f 1470 1488 1489
f 1470 1489 1484
f 1472 1489 1488
f 1472 1488 1487
f 1472 1487 1486
f 1472 1486 1491
f 1472 1491 1476
f 1472 1476 1474
f 1472 1474 1473
f 1472 1475 1489
f 1475 1490 1489
f 1476 1491 1477
f 1480 1483 1482
f 1480 1482 1481
f 1484 1489 1493
f 1485 1492 1486
f 1489 1490 1494
f 1489 1494 1495
f 1489 1495 1496
f 1489 1496 1497
f 1489 1497 1498
f 1489 1498 1499
f 1489 1499 1500
f 1489 1500 1493
o convex_14
v 0.295825 0.34697 -0.224249
v 0.285445 0.305831 -0.203885
v 0.285445 0.305831 -0.224249
v 0.280349 0.295636 -0.234473
v 0.290306 0.34697 -0.244655
v 0.285445 0.34697 0.0540891
v 0.285445 0.346611 0.0540891
v 0.281922 0.319189 0.0540891
v 0.265037 0.242409 0.0540891
v 0.265037 0.242409 0.040774
v 0.271847 0.278655 -0.224249
v 0.194537 0.242409 -0.308097
v 0.198788 0.254866 -0.316012
v 0.231924 0.305831 -0.30583
v 0.285609 0.34697 -0.255579
v 0.264192 0.242409 0.0203686
v 0.183499 0.34697 0.0540891
v 0.200361 0.242409 0.0540891
v 0.228801 0.242409 -0.206152
v 0.202757 0.242409 -0.287692
v 0.196792 0.242409 -0.303563
v 0.26391 0.242409 0.0181013
v 0.186599 0.242409 -0.319969
v 0.188596 0.275256 -0.336417
v 0.210671 0.305831 -0.332996
v 0.219172 0.295636 -0.316012
v 0.248528 0.34697 -0.28023
v 0.203884 0.326221 -0.333862
v 0.214076 0.336416 -0.321124
v 0.183499 0.326221 0.0540891
v 0.0559092 0.34697 -0.122346
v 0.0559092 0.242409 -0.122346
v 0.162129 0.242409 -0.329327
v 0.168211 0.254866 -0.336417
v 0.147827 0.275256 -0.356782
v 0.145291 0.285451 -0.361893
v 0.186036 0.285451 -0.341488
v 0.169926 0.305831 -0.353401
v 0.193692 0.316026 -0.341488
v 0.217481 0.339815 -0.312632
v 0.183499 0.341514 -0.32875
v 0.203884 0.346611 -0.30583
v 0.207524 0.34697 -0.302532
v 0.152923 0.316026 -0.361893
v 0.163115 0.326221 -0.354226
v 0.173331 0.336416 -0.341488
v 0.0559092 0.34697 -0.349032
v 0.0559092 0.242409 -0.314899
v 0.140476 0.242409 -0.335263
v 0.149541 0.251468 -0.339798
v 0.129133 0.271858 -0.360203
v 0.122346 0.285451 -0.367005
v 0.142731 0.305831 -0.367005
v 0.161659 0.34697 -0.326029
v 0.163115 0.339815 -0.339798
v 0.112154 0.341514 -0.356782
v 0.122346 0.34697 -0.341735
v 0.112154 0.336416 -0.361893
v 0.0559092 0.34135 -0.354473
v 0.0559092 0.257957 -0.333326
v 0.0951515 0.258264 -0.353401
v 0.133666 0.242409 -0.335263
v 0.115559 0.258264 -0.353401
v 0.101962 0.285451 -0.367005
v 0.101962 0.305831 -0.367005
v 0.0559092 0.326221 -0.35942
v 0.0559092 0.285451 -0.347754
v 0.0747671 0.278655 -0.353401
v 0.0559092 0.315893 -0.356864
f 1501 1502 1503
f 1501 1503 1504
f 1501 1504 1505
f 1501 1505 1515
f 1501 1515 1527
f 1501 1527 1543
f 1501 1543 1554
f 1501 1554 1557
f 1501 1557 1547
f 1501 1547 1531
f 1501 1531 1517
f 1501 1517 1506
f 1501 1506 1507
f 1501 1507 1508
f 1501 1508 1509
f 1501 1509 1502
f 1502 1509 1510
f 1502 1510 1503
f 1503 1510 1504
f 1504 1511 1512
f 1504 1512 1513
f 1504 1513 1514
f 1504 1514 1515
f 1504 1515 1505
f 1504 1510 1516
f 1504 1516 1511
f 1506 1517 1530
f 1506 1530 1518
f 1506 1518 1509
f 1506 1509 1508
f 1506 1508 1507
f 1509 1518 1532
f 1509 1532 1548
f 1509 1548 1562
f 1509 1562 1549
f 1509 1549 1533
f 1509 1533 1523
f 1509 1523 1512
f 1509 1512 1521
f 1509 1521 1520
f 1509 1520 1519
f 1509 1519 1522
f 1509 1522 1516
f 1509 1516 1510
f 1511 1519 1520
f 1511 1520 1521
f 1511 1521 1512
f 1511 1516 1522
f 1511 1522 1519
f 1512 1523 1513
f 1513 1523 1524
f 1513 1524 1525
f 1513 1525 1526
f 1513 1526 1514
f 1514 1526 1525
f 1514 1525 1515
f 1515 1525 1528
f 1515 1528 1529
f 1515 1529 1527
f 1517 1531 1532
f 1517 1532 1530
f 1518 1530 1532
f 1523 1533 1534
f 1523 1534 1524
f 1524 1534 1535
f 1524 1535 1536
f 1524 1536 1537
f 1524 1537 1525
f 1525 1537 1536
f 1525 1536 1538
f 1525 1538 1539
f 1525 1539 1528
f 1527 1529 1540
f 1527 1540 1541
f 1527 1541 1542
f 1527 1542 1543
f 1528 1539 1544
f 1528 1544 1545
f 1528 1545 1546
f 1528 1546 1529
f 1529 1546 1541
f 1529 1541 1540
f 1531 1547 1559
f 1531 1559 1566
f 1531 1566 1569
f 1531 1569 1567
f 1531 1567 1560
f 1531 1560 1548
f 1531 1548 1532
f 1533 1549 1550
f 1533 1550 1534
f 1534 1550 1551
f 1534 1551 1535
f 1535 1551 1536
f 1536 1551 1552
f 1536 1552 1553
f 1536 1553 1538
f 1538 1553 1544
f 1538 1544 1539
f 1541 1554 1542
f 1541 1546 1555
f 1541 1555 1556
f 1541 1556 1557
f 1541 1557 1554
f 1542 1554 1543
f 1544 1553 1558
f 1544 1558 1545
f 1545 1558 1546
f 1546 1558 1556
f 1546 1556 1555
f 1547 1557 1556
f 1547 1556 1558
f 1547 1558 1559
f 1548 1560 1561
f 1548 1561 1562
f 1549 1562 1561
f 1549 1561 1563
f 1549 1563 1550
f 1550 1563 1551
f 1551 1563 1561
f 1551 1561 1564
f 1551 1564 1552
f 1552 1564 1565
f 1552 1565 1553
f 1553 1565 1558
f 1558 1565 1566
f 1558 1566 1559
f 1560 1567 1561
f 1561 1567 1568
f 1561 1568 1564
f 1564 1569 1566
f 1564 1566 1565
f 1564 1568 1567
f 1564 1567 1569
o convex_15
v 0.0559092 0.285451 0.387394
v 0.0559092 0.302801 0.384364
v 0.0407567 0.305831 0.387394
v 0.020367 0.285451 0.387394
v 0.0559092 0.242409 0.366988
v 0.0559092 0.316026 0.377191
v -2.27526e-05 0.305831 0.387394
v 0.0271635 0.333018 0.373761
v 0.0101868 0.275256 0.38227
v 0.0407567 0.242409 0.366988
v 0.0559092 0.242409 0.199332
v 0.0559092 0.323754 0.364493
v 0.0441697 0.32962 0.370375
v -0.0102029 0.295636 0.38227
v -0.00681933 0.319425 0.380577
v -0.0433325 0.326221 0.361865
v -0.0679885 0.305831 0.353399
v -0.169908 0.244671 0.312633
v -0.142721 0.244671 0.326222
v -0.142721 0.242409 0.326222
v 0.00677382 0.333018 0.373761
v 0.020367 0.346611 0.346583
v -2.27526e-05 0.265061 0.374607
v 0.0181014 0.242409 0.36583
v 0.020367 0.242409 0.366142
v 0.0559092 0.321175 0.331256
v -0.144045 0.242409 -0.0677241
v -0.139956 0.34697 -0.0677241
v 0.0559092 0.324686 0.361731
v 0.0475533 0.333018 0.353399
v -0.027209 0.339815 0.360172
v -0.0458923 0.336416 0.356786
v -0.170643 0.242409 0.309959
v -0.169702 0.242409 0.311563
v -0.156315 0.242409 0.319405
v -0.0883782 0.326221 0.332994
v -0.190297 0.285451 0.271821
v -0.22428 0.285451 0.203877
v -0.22428 0.244671 0.203877
v -0.203891 0.242409 0.244643
v -0.184236 0.242409 0.28394
v -0.103766 0.34697 0.224639
v -0.103766 0.34697 0.242817
v -0.0204125 0.346611 0.346583
v 0.0559092 0.328852 0.349211
v 0.0339601 0.339815 0.339811
v -0.134777 0.34697 -0.0404125
v -0.122332 0.34697 0.0408093
v 0.0559092 0.326221 0.341325
v -0.22428 0.242409 -0.0677241
v -0.215865 0.34697 -0.0677241
v -0.0679885 0.339815 0.339811
v -0.0764621 0.336416 0.33638
v -0.198771 0.336416 0.234441
v -0.198771 0.295636 0.254846
v -0.219161 0.295636 0.214079
v -0.219161 0.336416 0.193674
v -0.22428 0.326221 0.183471
v -0.24467 0.244671 0.0815761
v -0.24467 0.242409 0.0815761
v -0.22428 0.242409 0.201604
v -0.223692 0.242409 0.204144
v -0.183118 0.34697 0.234262
v -0.0611919 0.346611 0.326222
v -0.22428 0.319619 -0.0677241
v -0.240639 0.242409 0.0161264
v -0.219161 0.342558 -0.0677241
v -0.219161 0.34697 -0.0633132
v -0.084112 0.341514 0.326222
v -0.190297 0.339815 0.237871
v -0.196035 0.34697 0.224149
v -0.196329 0.34697 0.223881
v -0.21107 0.34697 0.204233
v -0.211511 0.346611 0.203877
v -0.22428 0.34697 0.16311
v -0.24467 0.244671 0.0408093
v -0.24467 0.242409 0.038537
v -0.22428 0.346611 -0.040769
v -0.219661 0.34697 -0.0611301
v -0.211423 0.34697 0.20352
v -0.22428 0.34697 -0.0200068
v -0.224192 0.34697 -0.0404125
v -0.223545 0.34697 -0.043665
f 1570 1571 1572
f 1570 1572 1576
f 1570 1576 1573
f 1570 1573 1579
f 1570 1579 1574
f 1570 1574 1580
f 1570 1580 1595
f 1570 1595 1618
f 1570 1618 1614
f 1570 1614 1598
f 1570 1598 1581
f 1570 1581 1575
f 1570 1575 1571
f 1571 1575 1572
f 1572 1575 1577
f 1572 1577 1590
f 1572 1590 1584
f 1572 1584 1576
f 1573 1576 1583
f 1573 1583 1578
f 1573 1578 1579
f 1574 1579 1594
f 1574 1594 1593
f 1574 1593 1589
f 1574 1589 1604
f 1574 1604 1603
f 1574 1603 1602
f 1574 1602 1610
f 1574 1610 1609
f 1574 1609 1631
f 1574 1631 1630
f 1574 1630 1629
f 1574 1629 1646
f 1574 1646 1635
f 1574 1635 1619
f 1574 1619 1596
f 1574 1596 1580
f 1575 1581 1582
f 1575 1582 1577
f 1576 1584 1585
f 1576 1585 1586
f 1576 1586 1587
f 1576 1587 1588
f 1576 1588 1589
f 1576 1589 1583
f 1577 1582 1591
f 1577 1591 1613
f 1577 1613 1600
f 1577 1600 1590
f 1578 1583 1589
f 1578 1589 1592
f 1578 1592 1593
f 1578 1593 1594
f 1578 1594 1579
f 1580 1596 1597
f 1580 1597 1595
f 1581 1598 1582
f 1582 1598 1599
f 1582 1599 1591
f 1584 1590 1600
f 1584 1600 1601
f 1584 1601 1585
f 1585 1601 1587
f 1585 1587 1586
f 1587 1602 1603
f 1587 1603 1604
f 1587 1604 1589
f 1587 1589 1588
f 1587 1601 1605
f 1587 1605 1606
f 1587 1606 1607
f 1587 1607 1608
f 1587 1608 1609
f 1587 1609 1610
f 1587 1610 1602
f 1589 1593 1592
f 1591 1611 1612
f 1591 1612 1613
f 1591 1599 1614
f 1591 1614 1615
f 1591 1615 1597
f 1591 1597 1616
f 1591 1616 1617
f 1591 1617 1611
f 1595 1597 1618
f 1596 1619 1634
f 1596 1634 1636
f 1596 1636 1620
f 1596 1620 1597
f 1597 1620 1637
f 1597 1637 1648
f 1597 1648 1652
f 1597 1652 1651
f 1597 1651 1650
f 1597 1650 1644
f 1597 1644 1649
f 1597 1649 1642
f 1597 1642 1641
f 1597 1641 1640
f 1597 1640 1632
f 1597 1632 1612
f 1597 1612 1611
f 1597 1611 1617
f 1597 1617 1616
f 1597 1615 1614
f 1597 1614 1618
f 1598 1614 1599
f 1600 1613 1633
f 1600 1633 1621
f 1600 1621 1601
f 1601 1621 1622
f 1601 1622 1605
f 1605 1622 1623
f 1605 1623 1606
f 1606 1623 1624
f 1606 1624 1625
f 1606 1625 1607
f 1607 1625 1626
f 1607 1626 1627
f 1607 1627 1628
f 1607 1628 1629
f 1607 1629 1608
f 1608 1629 1630
f 1608 1630 1631
f 1608 1631 1609
f 1612 1632 1613
f 1613 1632 1633
f 1619 1635 1634
f 1620 1636 1637
f 1621 1633 1638
f 1621 1638 1622
f 1622 1638 1623
f 1623 1639 1640
f 1623 1640 1641
f 1623 1641 1642
f 1623 1642 1643
f 1623 1643 1624
f 1623 1638 1639
f 1624 1643 1625
f 1625 1643 1626
f 1626 1643 1644
f 1626 1644 1627
f 1627 1644 1628
f 1628 1644 1650
f 1628 1650 1645
f 1628 1645 1646
f 1628 1646 1629
f 1632 1640 1638
f 1632 1638 1633
f 1634 1635 1646
f 1634 1646 1647
f 1634 1647 1648
f 1634 1648 1636
f 1636 1648 1637
f 1638 1640 1639
f 1642 1649 1643
f 1643 1649 1644
f 1645 1650 1647
f 1645 1647 1646
f 1647 1651 1652
f 1647 1652 1648
f 1647 1650 1651
o convex_16
v -0.163107 0.326221 -0.367005
v -0.152896 0.295636 -0.356782
v -0.169893 0.299034 -0.353385
v -0.190284 0.319425 -0.353385
v -0.17668 0.333018 -0.36018
v -0.144665 0.34697 -0.362377
v -0.122326 0.346611 -0.367005
v -0.122326 0.305831 -0.367005
v -0.187456 0.242409 -0.3098
v -0.129113 0.278655 -0.353385
v -0.193677 0.254866 -0.316009
v -0.208035 0.34697 -0.330362
v -0.187739 0.34697 -0.347995
v -0.211585 0.242409 -0.293133
v -0.251141 0.242409 -0.250193
v -0.253717 0.242409 -0.246912
v -0.183497 0.34697 -0.351041
v -0.125217 0.34697 -0.366273
v -0.122326 0.34697 -0.3668
v -0.0815768 0.346611 -0.367005
v 0.0203752 0.305831 -0.367005
v -0.165369 0.242409 -0.314896
v 0.0135889 0.278655 -0.353385
v 0.0559092 0.257957 -0.33332
v -0.129113 0.258264 -0.332998
v -0.231065 0.339815 -0.292225
v -0.231065 0.34697 -0.292225
v -0.265059 0.242409 -0.22427
v -0.0811998 0.34697 -0.3668
v 0.0509451 0.336416 -0.361879
v 0.0407656 0.326221 -0.367005
v 0.0433105 0.305831 -0.361879
v 0.0271616 0.292248 -0.36018
v 0.0559092 0.242409 -0.314896
v 0.0458554 0.295636 -0.356782
v 0.0559092 0.285451 -0.347761
v -0.234646 0.34697 -0.285078
v -0.265059 0.242409 -0.183526
v -0.265059 0.244671 -0.22427
v -0.244669 0.346611 -0.265043
v 0.0407656 0.34697 -0.356607
v 0.0559092 0.34135 -0.354498
v 0.0559092 0.326221 -0.359419
v 0.0559092 0.34697 -0.34905
v 0.0559092 0.315893 -0.35687
v 0.0559092 0.242409 -0.122338
v -0.244669 0.34697 -0.265043
v -0.265059 0.244671 -0.183526
v -0.224278 0.242409 -0.0677686
v -0.259938 0.275256 -0.214106
v 0.0559092 0.34697 -0.122338
v -0.139952 0.34697 -0.0677686
v -0.144036 0.242409 -0.0677686
v -0.244669 0.34697 -0.203532
v -0.224278 0.319619 -0.0677686
v -0.219503 0.341084 -0.0677686
v -0.219157 0.342558 -0.0677686
v -0.215858 0.34697 -0.0677686
f 1653 1654 1655
f 1653 1655 1656
f 1653 1656 1657
f 1653 1657 1658
f 1653 1658 1659
f 1653 1659 1672
f 1653 1672 1683
f 1653 1683 1673
f 1653 1673 1660
f 1653 1660 1654
f 1654 1661 1655
f 1654 1660 1662
f 1654 1662 1661
f 1655 1661 1663
f 1655 1663 1656
f 1656 1664 1665
f 1656 1665 1657
f 1656 1663 1666
f 1656 1666 1667
f 1656 1667 1668
f 1656 1668 1664
f 1657 1665 1669
f 1657 1669 1658
f 1658 1669 1665
f 1658 1665 1664
f 1658 1664 1679
f 1658 1679 1689
f 1658 1689 1699
f 1658 1699 1706
f 1658 1706 1710
f 1658 1710 1704
f 1658 1704 1703
f 1658 1703 1696
f 1658 1696 1693
f 1658 1693 1681
f 1658 1681 1671
f 1658 1671 1670
f 1658 1670 1659
f 1659 1670 1671
f 1659 1671 1681
f 1659 1681 1672
f 1660 1673 1675
f 1660 1675 1662
f 1661 1662 1674
f 1661 1674 1686
f 1661 1686 1698
f 1661 1698 1705
f 1661 1705 1701
f 1661 1701 1690
f 1661 1690 1680
f 1661 1680 1668
f 1661 1668 1667
f 1661 1667 1666
f 1661 1666 1663
f 1662 1675 1676
f 1662 1676 1677
f 1662 1677 1674
f 1664 1668 1678
f 1664 1678 1679
f 1668 1680 1678
f 1672 1681 1682
f 1672 1682 1683
f 1673 1683 1684
f 1673 1684 1685
f 1673 1685 1675
f 1674 1677 1676
f 1674 1676 1686
f 1675 1685 1676
f 1676 1685 1687
f 1676 1687 1688
f 1676 1688 1697
f 1676 1697 1695
f 1676 1695 1694
f 1676 1694 1696
f 1676 1696 1703
f 1676 1703 1698
f 1676 1698 1686
f 1678 1680 1689
f 1678 1689 1679
f 1680 1690 1700
f 1680 1700 1691
f 1680 1691 1699
f 1680 1699 1692
f 1680 1692 1689
f 1681 1693 1682
f 1682 1694 1695
f 1682 1695 1683
f 1682 1693 1696
f 1682 1696 1694
f 1683 1695 1684
f 1684 1695 1697
f 1684 1697 1688
f 1684 1688 1687
f 1684 1687 1685
f 1689 1692 1699
f 1690 1701 1707
f 1690 1707 1700
f 1691 1700 1702
f 1691 1702 1699
f 1698 1703 1704
f 1698 1704 1705
f 1699 1702 1706
f 1700 1706 1702
f 1700 1707 1708
f 1700 1708 1709
f 1700 1709 1706
f 1701 1705 1704
f 1701 1704 1710
f 1701 1710 1709
f 1701 1709 1708
f 1701 1708 1707
f 1706 1709 1710
o convex_17
v 0.0843354 0.163111 0.378589
v 0.0843354 0.145495 0.376693
v 0.0843354 0.182593 0.377555
v 0.020379 0.242409 0.366136
v 0.0181078 0.242409 0.365834
v -0.101938 0.20387 0.346615
v -0.101938 0.183491 0.346615
v 0.020379 0.0815705 0.366997
v 0.0611624 0.0815705 0.366997
v 0.0843354 0.0821373 0.362602
v 0.0843354 0.201013 0.375573
v 0.0407542 0.242409 0.366997
v -0.142721 0.242409 0.32619
v -0.144203 0.242409 0.325458
v -0.156316 0.242409 0.319425
v -0.156316 0.224273 0.319425
v -0.129127 0.183491 0.332998
v -0.112109 0.173289 0.341487
v -0.0713916 0.0509897 0.341487
v -0.0611876 0.0611676 0.346615
v 0.010175 0.0713691 0.36187
v 0.020379 0.0679686 0.360189
v 0.0407542 0.0407883 0.346615
v 0.0843354 0.0407883 0.346615
v 0.0843354 0.242409 0.36648
v 0.0799905 0.242409 0.366997
v -0.169713 0.242409 0.311582
v -0.152892 0.214071 0.321105
v -0.132517 0.112151 0.321105
v 0.0305831 0.0305868 0.341487
v -0.0815628 0.0407883 0.33386
v -0.0611876 0.0339873 0.332998
v 0.0407542 0.0271863 0.339807
v 0.0843354 0.0271863 0.339807
v 0.0843354 0.242409 0.192435
v -0.170634 0.242409 0.309988
v -0.190285 0.224273 0.271852
v -0.169877 0.183491 0.292234
v -0.117211 0.0305868 0.295638
v -0.0917339 0.0305868 0.321105
v -0.178403 0.163111 0.267586
v -0.210661 0.0011868 0.108752
v -0.0815628 0.0271863 0.319425
v -0.0611876 0.0011868 0.275816
v 0.0611624 0.0011868 0.293829
v 0.0815376 0.0011868 0.296199
v 0.0843354 0.0011868 0.295509
v 0.0843354 0.163324 -0.0616308
v 0.0693914 0.171353 -0.0616308
v 0.0407542 0.183491 -0.0616308
v -0.0204043 0.203775 -0.0616308
v -0.14756 0.242409 -0.0616308
v -0.184229 0.242409 0.283918
v -0.191042 0.242409 0.270344
v -0.20388 0.224273 0.244661
v -0.198778 0.20387 0.247204
v -0.115532 0.0271863 0.292234
v -0.101938 0.0255097 0.30835
v -0.198778 0.163111 0.226822
v -0.239561 0.020409 0.0637215
v -0.224551 0.0011868 0.081432
v -0.210002 0.0011868 0.1097
v -0.0815628 0.0011868 0.266379
v 0.0843354 0.0011868 -0.0616308
v -0.224255 0.242409 -0.0616308
v -0.20388 0.242409 0.244661
v -0.223695 0.242409 0.204156
v -0.244663 0.0407883 0.0611792
v -0.149897 0.0011868 0.190065
v -0.149107 0.0011868 0.191056
v -0.10309 0.0011868 0.245222
v -0.0827478 0.0011868 0.265604
v -0.244367 0.0011868 0.0420898
v -0.237948 0.0011868 0.0549309
v -0.231464 0.0011868 0.0677721
v -0.251938 0.0011868 -0.0616308
v -0.239331 0.186159 -0.0616308
v -0.239561 0.186041 -0.0611567
v -0.239561 0.20642 -0.0407746
v -0.239561 0.226823 -0.0203494
v -0.240614 0.242409 0.0161489
v -0.224255 0.242409 0.201613
v -0.244663 0.122329 0.0815613
v -0.251872 0.0011868 -0.0599933
v -0.244663 0.0011868 0.040797
v -0.244531 0.162686 -0.0616308
v -0.244663 0.242409 0.0815613
v -0.244663 0.242409 0.0385563
v -0.244663 0.224273 3.27593e-05
v -0.244663 0.183491 -0.0407746
v -0.244663 0.163111 -0.0611567
v -0.239495 0.185498 -0.0616308
v -0.244433 0.163324 -0.0616308
f 1711 1712 1720
f 1711 1720 1734
f 1711 1734 1744
f 1711 1744 1757
f 1711 1757 1774
f 1711 1774 1758
f 1711 1758 1745
f 1711 1745 1735
f 1711 1735 1721
f 1711 1721 1713
f 1711 1713 1714
f 1711 1714 1715
f 1711 1715 1716
f 1711 1716 1717
f 1711 1717 1718
f 1711 1718 1712
f 1712 1718 1719
f 1712 1719 1720
f 1713 1721 1714
f 1714 1722 1736
f 1714 1736 1735
f 1714 1735 1745
f 1714 1745 1762
f 1714 1762 1775
f 1714 1775 1791
f 1714 1791 1798
f 1714 1798 1797
f 1714 1797 1792
f 1714 1792 1777
f 1714 1777 1776
f 1714 1776 1764
f 1714 1764 1763
f 1714 1763 1746
f 1714 1746 1737
f 1714 1737 1725
f 1714 1725 1724
f 1714 1724 1723
f 1714 1723 1715
f 1714 1721 1722
f 1715 1723 1716
f 1716 1723 1724
f 1716 1724 1725
f 1716 1725 1726
f 1716 1726 1717
f 1717 1726 1727
f 1717 1727 1728
f 1717 1728 1729
f 1717 1729 1730
f 1717 1730 1718
f 1718 1731 1732
f 1718 1732 1743
f 1718 1743 1733
f 1718 1733 1734
f 1718 1734 1719
f 1718 1730 1731
f 1719 1734 1720
f 1721 1735 1736
f 1721 1736 1722
f 1725 1737 1726
f 1726 1738 1727
f 1726 1737 1738
f 1727 1738 1739
f 1727 1739 1728
f 1728 1739 1729
f 1729 1740 1731
f 1729 1731 1730
f 1729 1739 1741
f 1729 1741 1742
f 1729 1742 1740
f 1731 1740 1743
f 1731 1743 1732
f 1733 1743 1744
f 1733 1744 1734
f 1737 1746 1747
f 1737 1747 1748
f 1737 1748 1739
f 1737 1739 1738
f 1739 1749 1750
f 1739 1750 1741
f 1739 1748 1751
f 1739 1751 1752
f 1739 1752 1749
f 1740 1742 1743
f 1741 1750 1742
f 1742 1750 1753
f 1742 1753 1743
f 1743 1753 1754
f 1743 1754 1755
f 1743 1755 1756
f 1743 1756 1744
f 1744 1756 1757
f 1745 1758 1759
f 1745 1759 1760
f 1745 1760 1761
f 1745 1761 1762
f 1746 1763 1747
f 1747 1763 1764
f 1747 1764 1765
f 1747 1765 1766
f 1747 1766 1751
f 1747 1751 1748
f 1749 1767 1768
f 1749 1768 1750
f 1749 1752 1767
f 1750 1768 1753
f 1751 1766 1769
f 1751 1769 1770
f 1751 1770 1752
f 1752 1770 1771
f 1752 1771 1785
f 1752 1785 1784
f 1752 1784 1783
f 1752 1783 1795
f 1752 1795 1794
f 1752 1794 1786
f 1752 1786 1774
f 1752 1774 1757
f 1752 1757 1756
f 1752 1756 1755
f 1752 1755 1754
f 1752 1754 1773
f 1752 1773 1782
f 1752 1782 1781
f 1752 1781 1780
f 1752 1780 1779
f 1752 1779 1772
f 1752 1772 1767
f 1753 1768 1754
f 1754 1768 1773
f 1758 1774 1786
f 1758 1786 1796
f 1758 1796 1803
f 1758 1803 1802
f 1758 1802 1787
f 1758 1787 1775
f 1758 1775 1762
f 1758 1762 1761
f 1758 1761 1760
f 1758 1760 1759
f 1764 1776 1765
f 1765 1776 1777
f 1765 1777 1778
f 1765 1778 1766
f 1766 1778 1770
f 1766 1770 1769
f 1767 1772 1768
f 1768 1772 1779
f 1768 1779 1780
f 1768 1780 1781
f 1768 1781 1782
f 1768 1782 1773
f 1770 1778 1783
f 1770 1783 1784
f 1770 1784 1785
f 1770 1785 1771
f 1775 1787 1788
f 1775 1788 1789
f 1775 1789 1790
f 1775 1790 1791
f 1777 1792 1793
f 1777 1793 1778
f 1778 1793 1794
f 1778 1794 1795
f 1778 1795 1783
f 1786 1794 1797
f 1786 1797 1798
f 1786 1798 1799
f 1786 1799 1800
f 1786 1800 1801
f 1786 1801 1796
f 1787 1802 1788
f 1788 1801 1800
f 1788 1800 1789
f 1788 1802 1803
f 1788 1803 1801
f 1789 1800 1799
f 1789 1799 1790
f 1790 1799 1791
f 1791 1799 1798
f 1792 1797 1793
f 1793 1797 1794
f 1796 1801 1803
o convex_18
v 0.285448 0.00116319 0.101917
v 0.285081 0.00116319 0.103215
v 0.285448 -0.0407809 0.101917
v 0.279382 -0.0898523 -0.250667
v 0.244637 0.00116319 -0.223076
v 0.279198 0.00116319 0.117693
v 0.278646 -0.0475696 0.115485
v 0.265043 -0.0898523 0.122302
v 0.27883 -0.0898523 -0.253199
v 0.278646 -0.0883466 -0.251446
v 0.239551 0.00116319 -0.245993
v 0.258792 0.00116319 0.158463
v 0.258241 -0.0271856 0.156256
v 0.258241 -0.0898523 0.13587
v 0.273315 -0.0898523 -0.26917
v 0.238938 0.00116319 -0.247486
v 0.251439 0.00116319 0.169889
v 0.251439 -0.0135992 0.169889
v 0.251439 -0.0747602 0.149504
v 0.247272 -0.0898523 0.148465
v 0.227234 -0.0898523 -0.311887
v 0.231033 -0.081549 -0.312601
v 0.214059 -0.050964 -0.321106
v 0.214059 -0.0305889 -0.310914
v 0.198188 0.00116319 -0.308641
v 0.210628 0.00116319 0.210659
v 0.210628 -0.0135992 0.210659
v 0.135868 -0.0271856 0.278631
v 0.152904 -0.045868 0.254805
v 0.173248 -0.0866539 0.214035
v 0.170736 -0.0898523 0.212801
v 0.221351 -0.0898523 -0.315393
v 0.213324 -0.0898523 -0.319418
v 0.21743 -0.081549 -0.319418
v 0.21743 -0.0611649 -0.319418
v 0.183482 -0.0203969 -0.333831
v 0.193654 -0.0101959 -0.321106
v 0.17668 -0.0611649 -0.339803
v 0.17668 -0.0407809 -0.339803
v 0.173248 -0.0305889 -0.341491
v 0.16424 0.00116319 -0.332402
v 0.18869 0.00116319 0.230655
v 0.146102 -0.0169936 0.268438
v 0.132498 0.00116319 0.27519
v 0.119875 0.00116319 0.282981
v 0.122326 -0.0203969 0.285448
v 0.122326 -0.0475696 0.271814
v 0.132498 -0.0356849 0.27519
v 0.129924 -0.0898523 0.233187
v 0.207993 -0.0898523 -0.322015
v 0.203887 -0.081549 -0.32617
v 0.163076 -3.90275e-06 -0.333831
v 0.152904 -0.0101959 -0.341491
v 0.163076 -0.0611649 -0.346555
v 0.163076 -0.0407809 -0.346555
v 0.159583 0.00116319 -0.333701
v 0.10192 0.00116319 0.290187
v 0.0883779 0.00116319 0.294472
v 0.0815147 0.00116319 0.29616
v 0.0815147 -0.0203969 0.285448
v 0.0815147 -0.0475696 0.271814
v 0.10192 -0.0898523 0.242795
v 0.116566 -0.0898523 0.239549
v 0.159277 -0.0898523 -0.33
v 0.156274 -0.0883466 -0.332987
v 0.169878 -0.0747602 -0.339803
v 0.14267 -0.0203969 -0.346555
v -0.161943 0.00116319 -0.366421
v 0.14267 0.00116319 -0.335778
v -0.265013 -0.0898523 -0.34279
v -0.183452 -0.0203969 -0.36694
v -0.163108 -3.90275e-06 -0.36694
v 0.0611091 0.00116319 0.293822
v 0.0713425 -0.0305889 0.280319
v 0.0115964 -0.0898523 0.239549
v 0.092606 -0.0898523 0.242535
v -0.203858 0.00116319 -0.366421
v -0.27733 -0.0898523 -0.338505
v -0.203858 -0.0203969 -0.36694
v -0.203858 -3.90275e-06 -0.36694
v -0.0611408 0.00116319 0.275775
v -0.0611408 -0.00680155 0.271814
v -0.0611408 -0.0898523 0.224228
v -0.206186 0.00116319 -0.365836
v -0.318141 -0.0898523 -0.31812
v -0.0815464 0.00116319 0.266361
v -0.0917186 -0.050964 0.239549
v -0.0787889 -0.0898523 0.216956
v -0.246936 0.00116319 -0.345451
v -0.337689 -0.0898523 -0.298189
v -0.271263 0.00116319 -0.330779
v -0.271815 -0.00680155 -0.332987
v -0.263849 0.00116319 -0.336947
v -0.258211 0.00116319 -0.339803
v -0.0827107 0.00116319 0.265582
v -0.108693 -0.0407809 0.231044
v -0.112124 -0.071357 0.208971
v -0.0936182 -0.0898523 0.207997
v -0.0843039 -0.0898523 0.214165
v -0.340018 -0.0898523 -0.288191
v -0.321083 -0.0382329 -0.2854
v -0.315997 -0.0356849 -0.295592
v -0.275798 0.00116319 -0.325001
v -0.103055 0.00116319 0.245197
v -0.149075 0.00116319 0.191053
v -0.149504 -3.90275e-06 0.190274
v -0.213417 -0.0898523 0.0827654
v -0.145459 -0.0898523 0.157554
v -0.10471 -0.0898523 0.198324
v -0.162801 -0.0898523 0.138662
v -0.340569 -0.0898523 -0.2854
v -0.326169 -0.0407809 -0.265015
v -0.319428 -0.0271856 -0.265015
v -0.312626 -0.0135992 -0.265015
v -0.289034 0.00116319 -0.305785
v -0.285786 0.00116319 -0.311173
v -0.149872 0.00116319 0.190079
v -0.210659 -3.90275e-06 0.108734
v -0.231065 -0.0203969 0.0679635
v -0.217461 -0.0898523 0.0747152
v -0.340569 -0.0898523 -0.260535
v -0.326169 -0.0407809 -0.224244
v -0.319428 -0.0271856 -0.224244
v -0.312626 -0.0135992 -0.24463
v -0.301719 0.00116319 -0.265015
v -0.209985 0.00116319 0.109643
v -0.210659 0.00116319 0.108734
v -0.22457 0.00116319 0.081402
v -0.224263 -0.0898523 0.0611468
v -0.231433 0.00116319 0.0677687
v -0.244362 0.00116319 0.0420601
v -0.244669 -0.0203969 0.0407617
v -0.340079 -0.0898523 -0.252939
v -0.321083 -0.0305889 -0.214052
v -0.326169 -0.081549 -0.203859
v -0.298287 0.00116319 -0.2445
v -0.244669 0.00116319 0.0407617
v -0.244669 -0.081549 0.0203766
v -0.242585 -0.0898523 0.0214153
v -0.324147 -0.0898523 -0.202821
f 1804 1805 1806
f 1804 1806 1807
f 1804 1807 1808
f 1804 1808 1814
f 1804 1814 1819
f 1804 1819 1828
f 1804 1828 1844
f 1804 1844 1859
f 1804 1859 1872
f 1804 1872 1871
f 1804 1871 1880
f 1804 1880 1887
f 1804 1887 1892
f 1804 1892 1897
f 1804 1897 1896
f 1804 1896 1894
f 1804 1894 1906
f 1804 1906 1919
f 1804 1919 1918
f 1804 1918 1928
f 1804 1928 1939
f 1804 1939 1940
f 1804 1940 1934
f 1804 1934 1933
f 1804 1933 1931
f 1804 1931 1930
f 1804 1930 1929
f 1804 1929 1920
f 1804 1920 1908
f 1804 1908 1907
f 1804 1907 1898
f 1804 1898 1889
f 1804 1889 1884
f 1804 1884 1876
f 1804 1876 1862
f 1804 1862 1861
f 1804 1861 1860
f 1804 1860 1848
f 1804 1848 1847
f 1804 1847 1845
f 1804 1845 1829
f 1804 1829 1820
f 1804 1820 1815
f 1804 1815 1809
f 1804 1809 1805
f 1805 1809 1806
f 1806 1809 1810
f 1806 1810 1811
f 1806 1811 1807
f 1807 1812 1813
f 1807 1813 1808
f 1807 1811 1817
f 1807 1817 1823
f 1807 1823 1834
f 1807 1834 1852
f 1807 1852 1866
f 1807 1866 1865
f 1807 1865 1879
f 1807 1879 1878
f 1807 1878 1886
f 1807 1886 1891
f 1807 1891 1902
f 1807 1902 1901
f 1807 1901 1912
f 1807 1912 1911
f 1807 1911 1913
f 1807 1913 1910
f 1807 1910 1923
f 1807 1923 1932
f 1807 1932 1942
f 1807 1942 1943
f 1807 1943 1936
f 1807 1936 1924
f 1807 1924 1914
f 1807 1914 1903
f 1807 1903 1893
f 1807 1893 1888
f 1807 1888 1881
f 1807 1881 1873
f 1807 1873 1867
f 1807 1867 1853
f 1807 1853 1836
f 1807 1836 1835
f 1807 1835 1824
f 1807 1824 1818
f 1807 1818 1812
f 1808 1813 1814
f 1809 1815 1810
f 1810 1815 1816
f 1810 1816 1817
f 1810 1817 1811
f 1812 1814 1813
f 1812 1818 1814
f 1814 1818 1819
f 1815 1820 1821
f 1815 1821 1816
f 1816 1821 1817
f 1817 1821 1822
f 1817 1822 1823
f 1818 1824 1825
f 1818 1825 1826
f 1818 1826 1827
f 1818 1827 1819
f 1819 1827 1828
f 1820 1829 1830
f 1820 1830 1821
f 1821 1830 1822
f 1822 1830 1823
f 1823 1830 1831
f 1823 1831 1832
f 1823 1832 1833
f 1823 1833 1834
f 1824 1835 1825
f 1825 1835 1836
f 1825 1836 1837
f 1825 1837 1838
f 1825 1838 1826
f 1826 1839 1840
f 1826 1840 1827
f 1826 1838 1837
f 1826 1837 1841
f 1826 1841 1842
f 1826 1842 1843
f 1826 1843 1839
f 1827 1840 1828
f 1828 1840 1844
f 1829 1845 1830
f 1830 1845 1831
f 1831 1846 1847
f 1831 1847 1848
f 1831 1848 1849
f 1831 1849 1850
f 1831 1850 1851
f 1831 1851 1833
f 1831 1833 1832
f 1831 1845 1846
f 1833 1851 1850
f 1833 1850 1834
f 1834 1850 1852
f 1836 1853 1854
f 1836 1854 1837
f 1837 1854 1841
f 1839 1855 1844
f 1839 1844 1840
f 1839 1843 1856
f 1839 1856 1855
f 1841 1857 1858
f 1841 1858 1842
f 1841 1854 1857
f 1842 1858 1843
f 1843 1858 1856
f 1844 1855 1859
f 1845 1847 1846
f 1848 1860 1849
f 1849 1860 1861
f 1849 1861 1862
f 1849 1862 1863
f 1849 1863 1864
f 1849 1864 1850
f 1850 1864 1865
f 1850 1865 1866
f 1850 1866 1852
f 1853 1867 1868
f 1853 1868 1869
f 1853 1869 1854
f 1854 1869 1857
f 1855 1856 1859
f 1856 1858 1870
f 1856 1870 1871
f 1856 1871 1872
f 1856 1872 1859
f 1857 1869 1873
f 1857 1873 1874
f 1857 1874 1875
f 1857 1875 1858
f 1858 1875 1870
f 1862 1876 1877
f 1862 1877 1863
f 1863 1877 1864
f 1864 1877 1878
f 1864 1878 1879
f 1864 1879 1865
f 1867 1873 1868
f 1868 1873 1869
f 1870 1875 1871
f 1871 1875 1883
f 1871 1883 1880
f 1873 1881 1882
f 1873 1882 1874
f 1874 1882 1883
f 1874 1883 1875
f 1876 1884 1877
f 1877 1884 1885
f 1877 1885 1878
f 1878 1885 1886
f 1880 1883 1887
f 1881 1888 1887
f 1881 1887 1883
f 1881 1883 1882
f 1884 1889 1890
f 1884 1890 1885
f 1885 1890 1886
f 1886 1890 1891
f 1887 1888 1892
f 1888 1893 1894
f 1888 1894 1895
f 1888 1895 1896
f 1888 1896 1897
f 1888 1897 1892
f 1889 1898 1890
f 1890 1898 1899
f 1890 1899 1900
f 1890 1900 1901
f 1890 1901 1902
f 1890 1902 1891
f 1893 1903 1904
f 1893 1904 1905
f 1893 1905 1894
f 1894 1905 1906
f 1894 1896 1895
f 1898 1907 1899
f 1899 1907 1908
f 1899 1908 1909
f 1899 1909 1910
f 1899 1910 1900
f 1900 1911 1912
f 1900 1912 1901
f 1900 1910 1913
f 1900 1913 1911
f 1903 1914 1915
f 1903 1915 1904
f 1904 1915 1916
f 1904 1916 1917
f 1904 1917 1905
f 1905 1917 1918
f 1905 1918 1919
f 1905 1919 1906
f 1908 1920 1909
f 1909 1920 1910
f 1910 1921 1922
f 1910 1922 1923
f 1910 1920 1921
f 1914 1924 1925
f 1914 1925 1915
f 1915 1925 1926
f 1915 1926 1916
f 1916 1926 1927
f 1916 1927 1917
f 1917 1927 1928
f 1917 1928 1918
f 1920 1929 1921
f 1921 1929 1930
f 1921 1930 1931
f 1921 1931 1922
f 1922 1932 1923
f 1922 1931 1933
f 1922 1933 1934
f 1922 1934 1935
f 1922 1935 1932
f 1924 1936 1925
f 1925 1937 1926
f 1925 1936 1938
f 1925 1938 1934
f 1925 1934 1937
f 1926 1937 1927
f 1927 1939 1928
f 1927 1937 1940
f 1927 1940 1939
f 1932 1935 1941
f 1932 1941 1942
f 1934 1940 1937
f 1934 1938 1935
f 1935 1938 1941
f 1936 1943 1938
f 1938 1943 1941
f 1941 1943 1942
o convex_19
v -0.285416 -0.142736 -0.367005
v -0.295623 -0.173296 -0.356766
v -0.312614 -0.149531 -0.353354
v -0.298982 -0.13594 -0.360179
v -0.285416 -0.119793 -0.361856
v -0.265 -0.122337 -0.367005
v -0.265 -0.163109 -0.367005
v -0.326181 -0.219131 -0.315872
v -0.341459 -0.219131 -0.306831
v -0.345279 -0.219131 -0.304496
v -0.332964 -0.169905 -0.332996
v -0.30919 -0.166501 -0.350001
v -0.258217 -0.1767 -0.360179
v -0.332964 -0.129132 -0.332996
v -0.295623 -0.117249 -0.356766
v -0.319397 -0.115541 -0.339762
v -0.265 -0.0951545 -0.353354
v -0.163054 -0.122337 -0.367005
v -5.92732e-05 -0.183496 -0.367005
v 0.013573 -0.210678 -0.353354
v 0.0254931 -0.219131 -0.336469
v -0.35384 -0.219131 -0.286833
v -0.346596 -0.163109 -0.305813
v -0.339813 -0.156314 -0.319405
v -0.339813 -0.115541 -0.319405
v -0.336388 -0.0968502 -0.315992
v -0.315973 -0.10705 -0.336409
v -0.305831 -0.0951545 -0.332996
v -0.163054 -0.108746 -0.360179
v -0.277381 -0.0898523 -0.338505
v -0.265 -0.0898523 -0.342816
v 0.159313 -0.0898523 -0.330003
v -0.0611083 -0.142736 -0.367005
v -0.152912 -0.11215 -0.361856
v 0.0203562 -0.183496 -0.367005
v 0.0271395 -0.197087 -0.360179
v 0.209035 -0.219131 -0.346588
v 0.203832 -0.219131 -0.346588
v -0.354236 -0.219131 -0.285396
v -0.346596 -0.122337 -0.305813
v -0.341459 -0.0994065 -0.305813
v -0.33764 -0.0898523 -0.29815
v -0.318146 -0.0898523 -0.318148
v 0.207981 -0.0898523 -0.322039
v 0.234456 -0.152923 -0.341499
v 0.224248 -0.163109 -0.346588
v 0.0203562 -0.163109 -0.367005
v 0.0917447 -0.173296 -0.361856
v 0.244663 -0.203882 -0.346588
v 0.231295 -0.219131 -0.342756
v -0.352326 -0.219131 -0.25989
v -0.346596 -0.10195 -0.265039
v -0.346596 -0.10195 -0.285396
v -0.340011 -0.0898523 -0.28821
v 0.213316 -0.0898523 -0.319405
v 0.218848 -0.0898523 -0.316651
v 0.254805 -0.152923 -0.33132
v 0.254805 -0.173296 -0.341499
v 0.244663 -0.183496 -0.346588
v 0.295636 -0.214082 -0.321081
v 0.297283 -0.219131 -0.320243
v 0.290565 -0.219131 -0.323596
v 0.251447 -0.217473 -0.339762
v 0.245454 -0.219131 -0.340181
v -0.346596 -0.219131 -0.224265
v -0.346596 -0.203882 -0.224265
v -0.324139 -0.0898523 -0.20283
v -0.341459 -0.0917631 -0.254861
v -0.340537 -0.0898523 -0.260549
v -0.340537 -0.0898523 -0.285396
v 0.22135 -0.0898523 -0.315393
v 0.271796 -0.183496 -0.332996
v 0.227212 -0.0898523 -0.311921
v 0.275221 -0.0917631 -0.270128
v 0.295636 -0.152923 -0.290546
v 0.292212 -0.183496 -0.312579
v 0.308347 -0.219131 -0.304556
v 0.254081 -0.219131 -0.337726
v 0.2498 -0.219131 -0.338984
v -0.243333 -0.219131 -0.0146452
v -0.239514 -0.203882 0.00253866
v -0.24465 -0.183496 -3.59318e-05
v -0.224235 -0.10195 0.0611555
v -0.242543 -0.0898523 0.021399
v -0.340076 -0.0898523 -0.252945
v 0.273311 -0.0898523 -0.26917
v 0.278777 -0.0898523 -0.253244
v 0.280292 -0.10195 -0.267554
v 0.300707 -0.163109 -0.287971
v 0.318555 -0.219131 -0.289228
v -0.238262 -0.219131 -0.00446662
v -0.219164 -0.203882 0.043313
v -0.237867 -0.183496 0.0135555
v -0.217452 -0.10195 0.074747
v -0.224235 -0.0898523 0.0611555
v 0.27937 -0.0898523 -0.250669
v 0.298995 -0.149531 -0.271805
v 0.305778 -0.163109 -0.265039
v 0.318555 -0.219131 -0.25989
v -0.217913 -0.219131 0.0363077
v -0.210668 -0.183496 0.0679213
v -0.205136 -0.219131 0.0604969
v -0.190253 -0.219131 0.0883384
v -0.213434 -0.0898523 0.0827701
v -0.217452 -0.0898523 0.074747
v 0.285429 -0.10195 -0.244622
v 0.265013 -0.0898523 0.122287
v 0.282004 -0.125741 0.0169683
v 0.285429 -0.142736 0.0407384
v 0.285429 -0.219131 0.0407384
v -0.169903 -0.219131 0.108696
v -0.112081 -0.152923 0.198746
v -0.115506 -0.142736 0.19707
v -0.162791 -0.0898523 0.138693
v 0.25823 -0.0898523 0.135879
v 0.265013 -0.122337 0.122287
v 0.265013 -0.183496 0.10193
v 0.25823 -0.190291 0.115521
v 0.259086 -0.219131 0.0983973
v -0.149488 -0.219131 0.129113
v -0.112081 -0.219131 0.158032
v -0.0848825 -0.219131 0.171623
v -0.071316 -0.219131 0.178389
v -0.0305508 -0.214082 0.198746
v -0.071316 -0.132536 0.219164
v -0.0787578 -0.0898523 0.216948
v -0.0842897 -0.0898523 0.214194
v -0.129072 -0.219131 0.14947
v -0.125648 -0.219131 0.151206
v -0.0936414 -0.0898523 0.208027
v -0.104705 -0.0898523 0.198327
v -0.117218 -0.132536 0.193657
v -0.14547 -0.0898523 0.157553
v 0.25823 -0.129132 0.135879
v 0.247298 -0.0898523 0.148452
v 0.251447 -0.1767 0.129113
v 0.254805 -0.208982 0.112108
v 0.251447 -0.219131 0.108696
v -0.0203431 -0.219131 0.193777
v -0.0203431 -0.217473 0.19707
v 0.0713292 -0.152923 0.239521
v 0.0815369 -0.142736 0.24467
v -0.0611083 -0.122337 0.224253
v -0.0611083 -0.0898523 0.224253
v 0.231031 -0.1767 0.14947
v 0.149501 -0.13594 0.231019
v 0.170707 -0.0898523 0.212757
v 0.234456 -0.208982 0.132526
v 0.231031 -0.219131 0.129113
v 0.101887 -0.219131 0.196232
v 0.0815369 -0.156314 0.237844
v 0.122302 -0.142736 0.24467
v 0.0815369 -0.122337 0.24467
v 0.0101485 -0.0917631 0.239521
v 0.0115973 -0.0898523 0.239521
v 0.217465 -0.190291 0.156296
v 0.21404 -0.208982 0.152883
v 0.129941 -0.0898523 0.233174
v 0.116573 -0.0898523 0.239521
v 0.135869 -0.149531 0.237844
v 0.210221 -0.219131 0.14935
v 0.111765 -0.219131 0.193777
v 0.13251 -0.15801 0.234431
v 0.122302 -0.156314 0.237844
v 0.101887 -0.0898523 0.242814
v 0.0926008 -0.0898523 0.242574
v 0.200342 -0.219131 0.157134
v 0.209035 -0.219131 0.150308
v 0.148579 -0.219131 0.181982
v 0.159577 -0.219131 0.177491
f 1944 1945 1946
f 1944 1946 1947
f 1944 1947 1948
f 1944 1948 1949
f 1944 1949 1961
f 1944 1961 1976
f 1944 1976 1990
f 1944 1990 1978
f 1944 1978 1962
f 1944 1962 1950
f 1944 1950 1945
f 1945 1951 1952
f 1945 1952 1953
f 1945 1953 1954
f 1945 1954 1955
f 1945 1955 1946
f 1945 1950 1956
f 1945 1956 1951
f 1946 1955 1954
f 1946 1954 1957
f 1946 1957 1947
f 1947 1958 1948
f 1947 1957 1959
f 1947 1959 1958
f 1948 1958 1960
f 1948 1960 1949
f 1949 1960 1972
f 1949 1972 1961
f 1950 1962 1956
f 1951 1956 1963
f 1951 1963 1964
f 1951 1964 1981
f 1951 1981 1980
f 1951 1980 1993
f 1951 1993 2007
f 1951 2007 2022
f 1951 2022 2021
f 1951 2021 2005
f 1951 2005 2004
f 1951 2004 2020
f 1951 2020 2033
f 1951 2033 2042
f 1951 2042 2053
f 1951 2053 2062
f 1951 2062 2081
f 1951 2081 2092
f 1951 2092 2104
f 1951 2104 2111
f 1951 2111 2110
f 1951 2110 2113
f 1951 2113 2112
f 1951 2112 2105
f 1951 2105 2093
f 1951 2093 2082
f 1951 2082 2066
f 1951 2066 2065
f 1951 2065 2064
f 1951 2064 2072
f 1951 2072 2071
f 1951 2071 2063
f 1951 2063 2054
f 1951 2054 2046
f 1951 2046 2045
f 1951 2045 2043
f 1951 2043 2034
f 1951 2034 2023
f 1951 2023 2008
f 1951 2008 1994
f 1951 1994 1982
f 1951 1982 1965
f 1951 1965 1953
f 1951 1953 1952
f 1953 1965 1966
f 1953 1966 1954
f 1954 1966 1967
f 1954 1967 1968
f 1954 1968 1957
f 1956 1962 1963
f 1957 1968 1969
f 1957 1969 1959
f 1958 1959 1970
f 1958 1970 1971
f 1958 1971 1960
f 1959 1969 1970
f 1960 1971 1973
f 1960 1973 1974
f 1960 1974 1975
f 1960 1975 1972
f 1961 1972 1977
f 1961 1977 1975
f 1961 1975 1976
f 1962 1978 1979
f 1962 1979 1963
f 1963 1979 1980
f 1963 1980 1981
f 1963 1981 1964
f 1965 1982 1983
f 1965 1983 1966
f 1966 1983 1968
f 1966 1968 1967
f 1968 1983 1984
f 1968 1984 1969
f 1969 1984 1985
f 1969 1985 1986
f 1969 1986 1971
f 1969 1971 1970
f 1971 1986 1973
f 1972 1975 1977
f 1973 1986 1985
f 1973 1985 1997
f 1973 1997 2013
f 1973 2013 2012
f 1973 2012 2028
f 1973 2028 2010
f 1973 2010 2027
f 1973 2027 2038
f 1973 2038 2048
f 1973 2048 2047
f 1973 2047 2057
f 1973 2057 2076
f 1973 2076 2074
f 1973 2074 2073
f 1973 2073 2070
f 1973 2070 2069
f 1973 2069 2087
f 1973 2087 2098
f 1973 2098 2109
f 1973 2109 2108
f 1973 2108 2102
f 1973 2102 2101
f 1973 2101 2090
f 1973 2090 2078
f 1973 2078 2058
f 1973 2058 2050
f 1973 2050 2039
f 1973 2039 2030
f 1973 2030 2029
f 1973 2029 2016
f 1973 2016 2014
f 1973 2014 1999
f 1973 1999 1998
f 1973 1998 1987
f 1973 1987 1975
f 1973 1975 1974
f 1975 1987 1988
f 1975 1988 1989
f 1975 1989 1990
f 1975 1990 1976
f 1978 1990 1991
f 1978 1991 1992
f 1978 1992 1980
f 1978 1980 1979
f 1980 1992 1993
f 1982 1994 1995
f 1982 1995 1996
f 1982 1996 1983
f 1983 1996 1984
f 1984 1997 1985
f 1984 1996 1997
f 1987 1998 1988
f 1988 1998 1999
f 1988 1999 2000
f 1988 2000 2001
f 1988 2001 2002
f 1988 2002 1989
f 1989 2002 1991
f 1989 1991 1990
f 1991 2002 1992
f 1992 2002 2003
f 1992 2003 2004
f 1992 2004 2005
f 1992 2005 2006
f 1992 2006 2007
f 1992 2007 1993
f 1994 2008 2009
f 1994 2009 1995
f 1995 2009 2010
f 1995 2010 2011
f 1995 2011 2012
f 1995 2012 2013
f 1995 2013 1996
f 1996 2013 1997
f 1999 2014 2000
f 2000 2015 2001
f 2000 2014 2016
f 2000 2016 2017
f 2000 2017 2018
f 2000 2018 2015
f 2001 2015 2003
f 2001 2003 2002
f 2003 2019 2020
f 2003 2020 2004
f 2003 2015 2019
f 2005 2021 2006
f 2006 2021 2022
f 2006 2022 2007
f 2008 2023 2024
f 2008 2024 2025
f 2008 2025 2026
f 2008 2026 2027
f 2008 2027 2009
f 2009 2027 2010
f 2010 2028 2011
f 2011 2028 2012
f 2015 2018 2019
f 2016 2029 2017
f 2017 2029 2030
f 2017 2030 2031
f 2017 2031 2032
f 2017 2032 2018
f 2018 2032 2019
f 2019 2032 2033
f 2019 2033 2020
f 2023 2034 2024
f 2024 2034 2043
f 2024 2043 2035
f 2024 2035 2036
f 2024 2036 2025
f 2025 2036 2037
f 2025 2037 2026
f 2026 2037 2048
f 2026 2048 2038
f 2026 2038 2027
f 2030 2039 2040
f 2030 2040 2032
f 2030 2032 2031
f 2032 2041 2033
f 2032 2040 2041
f 2033 2041 2042
f 2035 2044 2036
f 2035 2043 2045
f 2035 2045 2046
f 2035 2046 2044
f 2036 2044 2037
f 2037 2044 2047
f 2037 2047 2048
f 2039 2049 2040
f 2039 2050 2049
f 2040 2049 2041
f 2041 2049 2051
f 2041 2051 2052
f 2041 2052 2042
f 2042 2052 2053
f 2044 2046 2047
f 2046 2054 2055
f 2046 2055 2056
f 2046 2056 2047
f 2047 2056 2057
f 2049 2050 2051
f 2050 2058 2077
f 2050 2077 2059
f 2050 2059 2053
f 2050 2053 2052
f 2050 2052 2051
f 2053 2059 2060
f 2053 2060 2061
f 2053 2061 2062
f 2054 2063 2055
f 2055 2064 2065
f 2055 2065 2066
f 2055 2066 2067
f 2055 2067 2068
f 2055 2068 2069
f 2055 2069 2070
f 2055 2070 2056
f 2055 2063 2071
f 2055 2071 2072
f 2055 2072 2064
f 2056 2070 2073
f 2056 2073 2074
f 2056 2074 2075
f 2056 2075 2076
f 2056 2076 2057
f 2058 2078 2077
f 2059 2077 2061
f 2059 2061 2060
f 2061 2077 2079
f 2061 2079 2080
f 2061 2080 2062
f 2062 2080 2081
f 2066 2082 2083
f 2066 2083 2067
f 2067 2083 2094
f 2067 2094 2084
f 2067 2084 2068
f 2068 2084 2085
f 2068 2085 2086
f 2068 2086 2069
f 2069 2086 2087
f 2074 2076 2075
f 2077 2088 2079
f 2077 2078 2089
f 2077 2089 2088
f 2078 2090 2089
f 2079 2088 2100
f 2079 2100 2091
f 2079 2091 2080
f 2080 2091 2081
f 2081 2091 2092
f 2082 2093 2083
f 2083 2093 2094
f 2084 2094 2085
f 2085 2094 2107
f 2085 2107 2095
f 2085 2095 2096
f 2085 2096 2097
f 2085 2097 2086
f 2086 2097 2087
f 2087 2097 2098
f 2088 2099 2100
f 2088 2089 2099
f 2089 2090 2101
f 2089 2101 2102
f 2089 2102 2095
f 2089 2095 2103
f 2089 2103 2099
f 2091 2100 2092
f 2092 2100 2104
f 2093 2105 2106
f 2093 2106 2107
f 2093 2107 2094
f 2095 2107 2106
f 2095 2106 2103
f 2095 2102 2108
f 2095 2108 2096
f 2096 2108 2109
f 2096 2109 2098
f 2096 2098 2097
f 2099 2103 2100
f 2100 2103 2110
f 2100 2110 2111
f 2100 2111 2104
f 2103 2106 2110
f 2105 2112 2106
f 2106 2112 2113
f 2106 2113 2110
o convex_20
v 0.0310462 0.642252 -0.381821
v 0.0310462 0.632062 -0.370037
v 0.0305604 0.642252 -0.382292
v -0.0702153 0.582247 -0.329611
v 0.0310462 0.584492 -0.312614
v 0.0310462 0.582247 -0.308122
v -0.0763728 0.582239 -0.0740307
v -0.183496 0.582239 -0.0740307
v -0.12233 0.582247 -0.330748
v -0.0951528 0.582247 -0.330748
v -0.0135931 0.638858 -0.380573
v -0.0339965 0.638858 -0.380573
v -0.0407976 0.652449 -0.387394
v -0.0203942 0.652449 -0.387394
v -0.0203942 0.69324 -0.387394
v -0.142707 0.672852 -0.387394
v -0.149508 0.645653 -0.37378
v -0.231068 0.625266 -0.333021
v -0.210664 0.645653 -0.353401
v -0.227667 0.649055 -0.34999
v -0.231068 0.666049 -0.353401
v -0.20389 0.672852 -0.366987
v -0.142707 0.69324 -0.387394
v -0.20389 0.713618 -0.366987
v -0.217465 0.720411 -0.360194
v -0.20389 0.736553 -0.361885
v -0.214065 0.739101 -0.356783
v -0.237869 0.679645 -0.339814
v -0.24467 0.652449 -0.3262
v -0.24467 0.672852 -0.3262
v -0.219166 0.736553 -0.346607
v -0.214065 0.7493 -0.336404
v -0.217465 0.747601 -0.3262
v -0.224267 0.734006 -0.3262
v -0.224267 0.734006 -0.285441
v -0.24467 0.672852 -0.305821
v -0.219166 0.744195 -0.275238
v -0.217465 0.747601 -0.285441
v -0.20389 0.754394 -0.285441
v -0.190369 0.756366 -0.207556
v -0.198789 0.744195 -0.214099
v -0.13931 0.756366 -0.0740307
v -0.178251 0.756366 -0.30058
v -0.20389 0.754394 -0.3262
v -0.183487 0.754394 -0.346607
v -0.193688 0.7493 -0.356783
v -0.183487 0.747601 -0.360194
v -0.16311 0.747601 -0.360194
v -0.12233 0.727213 -0.380573
v -0.12233 0.713618 -0.387394
v -0.183487 0.734006 -0.366987
v -0.142707 0.716166 -0.382292
v -0.112129 0.723807 -0.382292
v -0.0102195 0.703429 -0.382292
v 0.00413848 0.756366 -0.322845
v 0.00967115 0.756366 -0.320627
v 0.0310462 0.756366 -0.309758
v -0.018424 0.756366 -0.327199
v -0.16311 0.754394 -0.346607
v -0.102116 0.756366 -0.328335
v 0.0113389 0.756366 -0.0740307
v -0.163113 0.693216 -0.0740307
v -0.183496 0.632077 -0.0740307
v -0.219166 0.723807 -0.254858
v -0.219166 0.601485 -0.152933
v -0.224267 0.591287 -0.163137
v -0.224267 0.582247 -0.163137
v -0.24467 0.632062 -0.285441
v -0.24467 0.632062 -0.305821
v -0.241269 0.615076 -0.282031
v -0.227667 0.582247 -0.192555
v -0.228801 0.582247 -0.217482
v -0.230501 0.582247 -0.265894
v -0.234468 0.601485 -0.295617
v -0.241269 0.635456 -0.322818
v -0.224267 0.582247 -0.285441
v -0.215819 0.582247 -0.289656
v -0.141438 0.582247 -0.324925
v 0.0310462 0.582247 -0.12235
v 0.0310462 0.756366 -0.11955
v 0.0310462 0.723345 -0.341395
v 0.0310462 0.724043 -0.340923
v 0.0305604 0.723807 -0.341506
v 0.0310462 0.696787 -0.356229
v 0.0310462 0.689683 -0.359778
v 0.0310462 0.642716 -0.381932
f 2115 2116 2114
f 2115 2117 2116
f 2115 2118 2117
f 2115 2114 2118
f 2118 2114 2119
f 2118 2119 2117
f 2117 2119 2120
f 2121 2117 2120
f 2122 2117 2121
f 2123 2117 2122
f 2123 2116 2117
f 2123 2124 2116
f 2123 2122 2124
f 2124 2122 2125
f 2116 2124 2125
f 2126 2116 2125
f 2127 2116 2126
f 2127 2128 2116
f 2127 2126 2128
f 2126 2129 2128
f 2126 2130 2129
f 2126 2125 2130
f 2122 2130 2125
f 2131 2130 2122
f 2131 2132 2130
f 2131 2133 2132
f 2134 2133 2131
f 2135 2133 2134
f 2135 2129 2133
f 2135 2136 2129
f 2135 2137 2136
f 2135 2134 2137
f 2138 2137 2134
f 2138 2139 2137
f 2138 2140 2139
f 2138 2141 2140
f 2138 2134 2141
f 2141 2134 2142
f 2143 2141 2142
f 2144 2141 2143
f 2144 2140 2141
f 2144 2145 2140
f 2144 2146 2145
f 2147 2146 2144
f 2147 2148 2146
f 2147 2143 2148
f 2147 2144 2143
f 2148 2143 2149
f 2148 2149 2150
f 2151 2148 2150
f 2151 2146 2148
f 2151 2152 2146
f 2151 2153 2152
f 2151 2150 2153
f 2153 2150 2154
f 2153 2154 2155
f 2153 2155 2156
f 2157 2153 2156
f 2157 2152 2153
f 2146 2152 2157
f 2145 2146 2157
f 2145 2157 2158
f 2145 2158 2159
f 2145 2159 2140
f 2159 2139 2140
f 2159 2160 2139
f 2159 2158 2160
f 2160 2158 2161
f 2160 2161 2162
f 2160 2162 2163
f 2164 2160 2163
f 2164 2139 2160
f 2164 2163 2139
f 2165 2139 2163
f 2165 2136 2139
f 2165 2163 2136
f 2136 2163 2129
f 2128 2129 2163
f 2166 2128 2163
f 2166 2167 2128
f 2168 2167 2166
f 2169 2167 2168
f 2169 2170 2167
f 2169 2168 2170
f 2168 2171 2170
f 2168 2162 2171
f 2168 2166 2162
f 2166 2163 2162
f 2171 2162 2161
f 2171 2161 2172
f 2171 2172 2173
f 2171 2173 2170
f 2173 2156 2170
f 2173 2158 2156
f 2173 2172 2158
f 2161 2158 2172
f 2157 2156 2158
f 2156 2155 2170
f 2155 2174 2170
f 2155 2175 2174
f 2154 2175 2155
f 2154 2176 2175
f 2177 2176 2154
f 2177 2178 2176
f 2177 2149 2178
f 2177 2150 2149
f 2177 2154 2150
f 2178 2149 2179
f 2178 2179 2176
f 2179 2180 2176
f 2179 2181 2180
f 2149 2181 2179
f 2149 2142 2181
f 2143 2142 2149
f 2182 2181 2142
f 2183 2181 2182
f 2183 2184 2181
f 2185 2184 2183
f 2185 2121 2184
f 2185 2186 2121
f 2185 2183 2186
f 2183 2187 2186
f 2183 2182 2187
f 2188 2187 2182
f 2188 2131 2187
f 2188 2134 2131
f 2188 2142 2134
f 2188 2182 2142
f 2131 2189 2187
f 2131 2190 2189
f 2131 2191 2190
f 2131 2122 2191
f 2122 2121 2191
f 2121 2189 2191
f 2186 2189 2121
f 2186 2187 2189
f 2190 2191 2189
f 2184 2121 2180
f 2184 2180 2181
f 2176 2180 2121
f 2176 2121 2175
f 2121 2120 2175
f 2175 2120 2174
f 2192 2174 2120
f 2192 2193 2174
f 2192 2119 2193
f 2192 2120 2119
f 2193 2119 2170
f 2193 2170 2174
f 2119 2114 2170
f 2194 2170 2114
f 2195 2170 2194
f 2195 2196 2170
f 2195 2194 2196
f 2197 2196 2194
f 2197 2167 2196
f 2197 2198 2167
f 2197 2194 2198
f 2198 2194 2114
f 2199 2198 2114
f 2199 2167 2198
f 2199 2116 2167
f 2199 2114 2116
f 2116 2128 2167
f 2196 2167 2170
f 2136 2137 2139
f 2130 2133 2129
f 2130 2132 2133
o convex_21
v 0.0843551 0.0011868 0.0679749
v 0.0843551 0.173053 0.0679749
v 0.26844 0.0011868 0.0679749
v 0.0843551 0.0011868 0.295524
v 0.203889 0.242409 0.0679749
v 0.0843551 0.242409 0.192459
v 0.26844 0.0815705 0.0679749
v 0.272239 0.0011868 0.0755421
v 0.0883908 0.0011868 0.294492
v 0.112152 0.0255097 0.336393
v 0.101954 0.0271863 0.339802
v 0.0843551 0.0271863 0.339802
v 0.265054 0.242409 0.0679749
v 0.0843551 0.242409 0.366475
v 0.271845 0.0815705 0.0747604
v 0.285448 0.0815705 0.101965
v 0.285448 0.0011868 0.101965
v 0.101954 0.0011868 0.290208
v 0.132547 0.0255097 0.316006
v 0.115558 0.0339873 0.339802
v 0.119908 0.0011868 0.282985
v 0.132547 0.0011868 0.27523
v 0.184675 0.0011868 0.233892
v 0.188731 0.0011868 0.230671
v 0.210681 0.0011868 0.210689
v 0.101954 0.0407883 0.346587
v 0.0843551 0.0290519 0.34074
v 0.284307 0.242409 0.140489
v 0.0843551 0.201013 0.375574
v 0.0883711 0.197093 0.383986
v 0.11979 0.224273 0.382266
v 0.135933 0.237851 0.380577
v 0.139496 0.242409 0.375387
v 0.284582 0.242409 0.142741
v 0.285448 0.242409 0.163128
v 0.285448 0.0407883 0.122353
v 0.285114 0.0011868 0.103278
v 0.135933 0.0339873 0.319414
v 0.231075 0.0011868 0.190302
v 0.25145 0.0011868 0.169914
v 0.132547 0.0968491 0.356781
v 0.122349 0.0993995 0.361878
v 0.0843551 0.0407883 0.346587
v 0.101954 0.163111 0.387394
v 0.0843551 0.0821373 0.362597
v 0.0843551 0.182593 0.377544
v 0.0843551 0.163111 0.378576
v 0.0917571 0.15291 0.382266
v 0.101954 0.183491 0.387394
v 0.142724 0.224273 0.387394
v 0.160855 0.242409 0.373229
v 0.285448 0.242409 0.201653
v 0.285448 0.0815705 0.142741
v 0.278637 0.0339873 0.135955
v 0.279188 0.0011868 0.117756
v 0.156327 0.115552 0.339802
v 0.254856 0.0153083 0.173322
v 0.214067 0.158011 0.295618
v 0.258793 0.0011868 0.158532
v 0.149536 0.12913 0.353404
v 0.193692 0.239551 0.356781
v 0.152922 0.198793 0.377169
v 0.132547 0.158011 0.377169
v 0.122349 0.160561 0.382266
v 0.122349 0.183491 0.387394
v 0.0843551 0.145495 0.376731
v 0.156327 0.217472 0.380577
v 0.169911 0.231074 0.373792
v 0.167647 0.242409 0.371509
v 0.284936 0.242409 0.203904
v 0.285448 0.183491 0.183516
v 0.278637 0.0747695 0.156343
v 0.258262 0.0339873 0.176731
v 0.214067 0.198793 0.316006
v 0.234461 0.219172 0.295618
v 0.193692 0.242409 0.356781
v 0.210681 0.231074 0.333016
v 0.235603 0.242409 0.30356
v 0.230445 0.242409 0.310127
v 0.135933 0.17669 0.380577
v 0.283184 0.242409 0.208438
v 0.258262 0.217472 0.258251
v 0.278637 0.17669 0.197118
v 0.237867 0.237851 0.299026
v 0.217472 0.217472 0.319414
f 2200 2201 2204
f 2200 2204 2212
f 2200 2212 2206
f 2200 2206 2202
f 2200 2202 2207
f 2200 2207 2216
f 2200 2216 2236
f 2200 2236 2254
f 2200 2254 2258
f 2200 2258 2239
f 2200 2239 2238
f 2200 2238 2224
f 2200 2224 2223
f 2200 2223 2222
f 2200 2222 2221
f 2200 2221 2220
f 2200 2220 2217
f 2200 2217 2208
f 2200 2208 2203
f 2200 2203 2211
f 2200 2211 2226
f 2200 2226 2242
f 2200 2242 2244
f 2200 2244 2265
f 2200 2265 2246
f 2200 2246 2245
f 2200 2245 2228
f 2200 2228 2213
f 2200 2213 2205
f 2200 2205 2201
f 2201 2205 2204
f 2202 2206 2207
f 2203 2208 2209
f 2203 2209 2210
f 2203 2210 2211
f 2204 2205 2213
f 2204 2213 2232
f 2204 2232 2250
f 2204 2250 2268
f 2204 2268 2275
f 2204 2275 2278
f 2204 2278 2277
f 2204 2277 2280
f 2204 2280 2269
f 2204 2269 2251
f 2204 2251 2234
f 2204 2234 2233
f 2204 2233 2227
f 2204 2227 2212
f 2206 2212 2214
f 2206 2214 2207
f 2207 2214 2215
f 2207 2215 2216
f 2208 2217 2209
f 2209 2218 2219
f 2209 2219 2210
f 2209 2217 2220
f 2209 2220 2221
f 2209 2221 2222
f 2209 2222 2223
f 2209 2223 2224
f 2209 2224 2238
f 2209 2238 2218
f 2210 2219 2225
f 2210 2225 2226
f 2210 2226 2211
f 2212 2215 2214
f 2212 2227 2215
f 2213 2228 2229
f 2213 2229 2230
f 2213 2230 2231
f 2213 2231 2232
f 2215 2227 2233
f 2215 2233 2234
f 2215 2234 2251
f 2215 2251 2270
f 2215 2270 2252
f 2215 2252 2235
f 2215 2235 2216
f 2216 2235 2236
f 2218 2237 2219
f 2218 2238 2239
f 2218 2239 2237
f 2219 2240 2241
f 2219 2241 2225
f 2219 2237 2240
f 2225 2242 2226
f 2225 2241 2243
f 2225 2243 2244
f 2225 2244 2242
f 2228 2245 2229
f 2229 2245 2246
f 2229 2246 2247
f 2229 2247 2243
f 2229 2243 2248
f 2229 2248 2249
f 2229 2249 2230
f 2230 2249 2231
f 2231 2249 2250
f 2231 2250 2232
f 2235 2252 2271
f 2235 2271 2253
f 2235 2253 2236
f 2236 2253 2254
f 2237 2255 2240
f 2237 2239 2255
f 2239 2256 2257
f 2239 2257 2255
f 2239 2258 2256
f 2240 2255 2259
f 2240 2259 2260
f 2240 2260 2261
f 2240 2261 2262
f 2240 2262 2263
f 2240 2263 2241
f 2241 2263 2243
f 2243 2263 2264
f 2243 2264 2249
f 2243 2249 2248
f 2243 2247 2244
f 2244 2247 2265
f 2246 2265 2247
f 2249 2264 2266
f 2249 2266 2267
f 2249 2267 2268
f 2249 2268 2250
f 2251 2269 2270
f 2252 2270 2282
f 2252 2282 2271
f 2253 2271 2272
f 2253 2272 2254
f 2254 2272 2258
f 2255 2257 2273
f 2255 2273 2259
f 2256 2258 2272
f 2256 2272 2283
f 2256 2283 2274
f 2256 2274 2273
f 2256 2273 2257
f 2259 2273 2260
f 2260 2275 2267
f 2260 2267 2266
f 2260 2266 2261
f 2260 2273 2276
f 2260 2276 2277
f 2260 2277 2278
f 2260 2278 2275
f 2261 2266 2262
f 2262 2266 2279
f 2262 2279 2263
f 2263 2279 2264
f 2264 2279 2266
f 2267 2275 2268
f 2269 2280 2270
f 2270 2280 2281
f 2270 2281 2282
f 2271 2282 2281
f 2271 2281 2272
f 2272 2281 2283
f 2273 2274 2283
f 2273 2283 2284
f 2273 2284 2276
f 2276 2284 2283
f 2276 2283 2277
f 2277 2283 2281
f 2277 2281 2280
o convex_22
v 0.0843535 0.0011868 -0.0616307
v 0.244298 0.0011868 -0.0616307
v 0.0843535 0.0011868 0.0679436
v 0.0843535 0.163324 -0.0616307
v 0.244658 0.0011868 -0.0599946
v 0.236494 0.242409 -0.0616307
v 0.237107 0.242409 -0.0604131
v 0.244658 0.242409 -0.0407664
v 0.263924 0.242409 0.0181229
v 0.268447 0.0011868 0.0679436
v 0.0843535 0.173053 0.0679436
v 0.0843535 0.171896 0.0231582
v 0.13231 0.242409 -0.0616307
v 0.264194 0.242409 0.0203806
v 0.268447 0.0815705 0.0679436
v 0.203875 0.242409 0.0679436
v 0.155576 0.242409 -0.0162239
v 0.141988 0.242409 -0.0422758
v 0.135175 0.242409 -0.0558724
v 0.265059 0.242409 0.0407756
v 0.265059 0.242409 0.0679436
f 2285 2286 2289
f 2285 2289 2294
f 2285 2294 2287
f 2285 2287 2295
f 2285 2295 2296
f 2285 2296 2288
f 2285 2288 2297
f 2285 2297 2290
f 2285 2290 2286
f 2286 2290 2291
f 2286 2291 2292
f 2286 2292 2293
f 2286 2293 2289
f 2287 2294 2299
f 2287 2299 2305
f 2287 2305 2300
f 2287 2300 2295
f 2288 2296 2297
f 2289 2293 2294
f 2290 2297 2303
f 2290 2303 2302
f 2290 2302 2301
f 2290 2301 2300
f 2290 2300 2305
f 2290 2305 2304
f 2290 2304 2298
f 2290 2298 2293
f 2290 2293 2292
f 2290 2292 2291
f 2293 2298 2294
f 2294 2298 2299
f 2295 2300 2301
f 2295 2301 2302
f 2295 2302 2303
f 2295 2303 2297
f 2295 2297 2296
f 2298 2304 2299
f 2299 2304 2305
