o convex_0
v -0.543098 0.211238 -0.030174
v -0.543098 0.228207 -0.0263491
v -0.528015 0.226324 -0.030174
v -0.528015 0.211238 -0.030174
v -0.538051 0.201181 -0.0250923
v -0.550667 0.203685 -0.0225788
v -0.553133 0.216267 -0.0250923
v -0.535585 0.237621 -0.0225788
v -0.528015 0.236381 -0.0250923
v -0.550667 0.23009 -0.0225788
v -0.482768 0.241409 -0.030174
v -0.522969 0.201181 -0.0250923
v -0.452604 0.241409 -0.030174
v -0.437522 0.241409 -0.0290811
v -0.226312 0.211238 0.0151239
v -0.221323 0.201181 0.0201509
v -0.543098 0.201181 -0.0200653
v -0.520445 0.199919 -0.0225788
v -0.550667 0.203685 -0.0188085
v -0.61352 0.321843 0.36707
v -0.618566 0.3319 0.377124
v -0.554395 0.211238 -0.0131804
v -0.55818 0.226324 4.28342e-05
v -0.554395 0.228207 -0.0150383
v -0.543098 0.261523 0.0100969
v -0.528015 0.247058 -0.0150383
v -0.490281 0.252729 -0.0225788
v -0.482768 0.251466 -0.0250923
v -0.554395 0.258378 0.0151239
v -0.550667 0.267815 0.0226644
v -0.437522 0.251466 -0.0250923
v -0.429952 0.248941 -0.0263491
v -0.113166 0.248941 0.0188942
v -0.0377548 0.233856 0.0490563
v -0.0327083 0.226723 0.0561051
v -0.0327083 0.226213 0.0566515
v -0.0327083 0.217773 0.0669241
v -0.2188 0.199919 0.0226644
v -0.573262 0.286666 0.286638
v -0.588344 0.301751 0.331881
v -0.610997 0.320581 0.384665
v -0.316863 0.196131 0.0452861
v -0.452604 0.241409 0.165989
v -0.482768 0.256495 0.211233
v -0.331888 0.196131 0.0151239
v -0.331888 0.196131 0.030205
v -0.61352 0.321843 0.382151
v -0.618566 0.346986 0.407341
v -0.614781 0.369625 0.414882
v -0.614781 0.333783 0.362043
v -0.55818 0.256495 0.030205
v -0.512933 0.262144 4.28342e-05
v -0.505363 0.267815 0.00758337
v -0.437522 0.256495 -0.0150383
v -0.550667 0.2829 0.0528266
v -0.105654 0.266552 0.035232
v -0.120736 0.261523 0.025178
v -0.105654 0.256495 0.0245222
v -0.0679194 0.248941 0.0339752
v -0.0327083 0.236359 0.0553401
v -0.0327083 0.235096 0.0546844
v -0.0339699 0.233856 0.0528266
v -0.0327083 0.228916 0.0552855
v -0.0327083 0.213764 0.0729347
v -0.256534 0.196131 0.030205
v -0.0327083 0.212501 0.076705
v -0.610997 0.335666 0.414882
v -0.316863 0.3319 0.437503
v -0.331888 0.346986 0.467666
v -0.286699 0.196131 0.0452861
v -0.150901 0.27158 0.271557
v -0.61352 0.336929 0.412368
v -0.61352 0.346986 0.417395
v -0.61352 0.362071 0.417395
v -0.603427 0.362071 0.42805
v -0.599699 0.369625 0.429963
v -0.605319 0.373391 0.422422
v -0.610997 0.373391 0.414882
v -0.497851 0.27158 0.0151239
v -0.467686 0.27158 0.0151239
v -0.105654 0.27158 0.0452861
v -0.588344 0.382828 0.407341
v -0.55818 0.397913 0.407341
v -0.550667 0.297986 0.0980698
v -0.543098 0.286666 0.0603671
v -0.0905715 0.267815 0.0434282
v -0.098084 0.264027 0.0339752
v -0.0603496 0.252729 0.0434282
v -0.0830017 0.264027 0.0415158
v -0.0327083 0.238264 0.0571979
v -0.0327083 0.215314 0.0894365
v -0.610997 0.339454 0.418652
v -0.331888 0.352014 0.47772
v -0.301781 0.3319 0.437503
v -0.0452673 0.362071 0.512909
v -0.0327083 0.226324 0.135827
v -0.0452673 0.241409 0.18107
v -0.0905715 0.256495 0.226314
v -0.0327083 0.350752 0.482091
v -0.0327083 0.362071 0.512909
v -0.595914 0.369625 0.433733
v -0.590237 0.377157 0.433733
v -0.584617 0.384711 0.429963
v -0.593391 0.382185 0.422422
v -0.583355 0.387214 0.422422
v -0.550667 0.403562 0.414882
v -0.512933 0.407328 0.407341
v -0.482768 0.407328 0.407341
v -0.165983 0.422436 0.467666
v -0.150901 0.286666 0.0754482
v -0.0327083 0.362071 0.301719
v -0.543098 0.301751 0.10561
v -0.0327083 0.36123 0.300025
v -0.0327083 0.345723 0.268989
v -0.0503138 0.251466 0.0553401
v -0.0327083 0.239859 0.0602578
v -0.339401 0.35454 0.478976
v -0.0452673 0.3671 0.522963
v -0.0528371 0.369625 0.52422
v -0.0327083 0.366258 0.521324
v -0.331888 0.362071 0.482747
v -0.264047 0.399796 0.494057
v -0.241394 0.407328 0.497828
v -0.578309 0.387214 0.432476
v -0.573262 0.392242 0.422422
v -0.246441 0.417385 0.492801
v -0.241394 0.422436 0.482747
v -0.196148 0.422436 0.467666
v -0.150901 0.422436 0.482747
v -0.0603496 0.392242 0.407341
v -0.0754892 0.392242 0.39226
v -0.0452673 0.377157 0.346962
v -0.0327083 0.374033 0.345378
v -0.0327083 0.342378 0.262322
v -0.0452673 0.377157 0.528044
v -0.0327083 0.3671 0.522963
v -0.0503138 0.387214 0.522963
v -0.155947 0.417385 0.492801
v -0.0327083 0.387214 0.522963
v -0.0327083 0.386904 0.512636
v -0.0327083 0.377157 0.35953
v -0.0327083 0.377157 0.528044
f 1 2 3
f 1 3 11
f 1 11 13
f 1 13 4
f 1 4 12
f 1 12 5
f 1 5 6
f 1 6 7
f 1 7 2
f 2 8 9
f 2 9 3
f 2 7 10
f 2 10 8
f 3 9 28
f 3 28 11
f 4 13 14
f 4 14 15
f 4 15 16
f 4 16 12
f 5 17 6
f 5 12 18
f 5 18 17
f 6 19 47
f 6 47 20
f 6 20 21
f 6 21 22
f 6 22 7
f 6 17 19
f 7 22 23
f 7 23 24
f 7 24 10
f 8 10 25
f 8 25 26
f 8 26 27
f 8 27 9
f 9 27 28
f 10 24 29
f 10 29 30
f 10 30 25
f 11 28 31
f 11 31 13
f 12 16 38
f 12 38 18
f 13 31 32
f 13 32 14
f 14 32 33
f 14 33 15
f 15 33 16
f 16 33 34
f 16 34 35
f 16 35 36
f 16 36 37
f 16 37 38
f 17 39 40
f 17 40 41
f 17 41 19
f 17 18 42
f 17 42 43
f 17 43 44
f 17 44 39
f 18 45 46
f 18 46 42
f 18 38 45
f 19 41 47
f 20 47 21
f 21 47 72
f 21 72 48
f 21 48 49
f 21 49 50
f 21 50 29
f 21 29 51
f 21 51 23
f 21 23 22
f 23 51 29
f 23 29 24
f 25 52 27
f 25 27 26
f 25 30 52
f 27 53 54
f 27 54 31
f 27 31 28
f 27 52 53
f 29 50 49
f 29 49 30
f 30 55 53
f 30 53 52
f 30 49 55
f 31 54 81
f 31 81 56
f 31 56 57
f 31 57 32
f 32 57 33
f 33 57 58
f 33 58 59
f 33 59 34
f 34 59 60
f 34 60 61
f 34 61 62
f 34 62 63
f 34 63 35
f 35 63 61
f 35 61 60
f 35 60 90
f 35 90 116
f 35 116 134
f 35 134 114
f 35 114 113
f 35 113 111
f 35 111 133
f 35 133 141
f 35 141 140
f 35 140 139
f 35 139 142
f 35 142 136
f 35 136 120
f 35 120 100
f 35 100 99
f 35 99 96
f 35 96 91
f 35 91 66
f 35 66 64
f 35 64 37
f 35 37 36
f 37 64 38
f 38 65 45
f 38 64 66
f 38 66 65
f 39 44 40
f 40 44 41
f 41 67 72
f 41 72 47
f 41 44 68
f 41 68 69
f 41 69 67
f 42 68 44
f 42 44 43
f 42 46 45
f 42 45 65
f 42 65 70
f 42 70 71
f 42 71 68
f 48 72 73
f 48 73 74
f 48 74 49
f 49 74 75
f 49 75 76
f 49 76 77
f 49 77 78
f 49 78 55
f 53 79 80
f 53 80 54
f 53 55 79
f 54 80 81
f 55 78 82
f 55 82 83
f 55 83 84
f 55 84 112
f 55 112 85
f 55 85 79
f 56 81 86
f 56 86 87
f 56 87 57
f 57 87 58
f 58 87 59
f 59 88 60
f 59 87 89
f 59 89 88
f 60 88 90
f 61 63 62
f 65 66 70
f 66 91 70
f 67 92 72
f 67 69 93
f 67 93 92
f 68 71 94
f 68 94 100
f 68 100 95
f 68 95 69
f 69 95 118
f 69 118 93
f 70 91 96
f 70 96 97
f 70 97 98
f 70 98 71
f 71 98 99
f 71 99 100
f 71 100 94
f 72 92 73
f 73 92 75
f 73 75 74
f 75 92 101
f 75 101 76
f 76 101 77
f 77 101 102
f 77 102 103
f 77 103 78
f 78 103 104
f 78 104 105
f 78 105 106
f 78 106 83
f 78 83 82
f 79 85 107
f 79 107 108
f 79 108 80
f 80 108 109
f 80 109 110
f 80 110 81
f 81 110 111
f 81 111 86
f 83 106 84
f 84 106 107
f 84 107 112
f 85 112 107
f 86 89 87
f 86 111 89
f 88 111 113
f 88 113 114
f 88 114 115
f 88 115 90
f 88 89 111
f 90 115 116
f 92 93 117
f 92 117 101
f 93 118 119
f 93 119 117
f 95 100 120
f 95 120 118
f 96 99 97
f 97 99 98
f 101 117 121
f 101 121 122
f 101 122 123
f 101 123 102
f 102 124 103
f 102 123 124
f 103 124 125
f 103 125 105
f 103 105 104
f 105 125 106
f 106 125 124
f 106 124 126
f 106 126 127
f 106 127 107
f 107 127 128
f 107 128 109
f 107 109 108
f 109 128 127
f 109 127 129
f 109 129 130
f 109 130 131
f 109 131 132
f 109 132 111
f 109 111 110
f 111 132 133
f 114 134 115
f 115 134 116
f 117 119 135
f 117 135 121
f 118 120 136
f 118 136 142
f 118 142 135
f 118 135 119
f 121 135 123
f 121 123 122
f 123 135 126
f 123 126 124
f 126 135 137
f 126 137 139
f 126 139 138
f 126 138 129
f 126 129 127
f 129 139 140
f 129 140 130
f 129 138 139
f 130 140 141
f 130 141 132
f 130 132 131
f 132 141 133
f 135 142 139
f 135 139 137
o convex_1
v -0.101226 0.0390089 0.0519166
v -0.101828 0.0390089 0.052235
v -0.0976105 0.0483784 0.0519166
v 0.181044 0.0390089 0.0519166
v -0.0980359 0.049037 0.0528081
v -0.116892 0.0390089 0.0823857
v -0.113135 0.049037 0.0829906
v -0.0900611 0.0605811 0.0519166
v 0.181044 0.0519199 0.0519166
v 0.226305 0.0603574 0.241385
v 0.222512 0.0528146 0.233839
v 0.221272 0.0502921 0.241385
v 0.211206 0.0452718 0.241385
v 0.185439 0.0390089 0.194297
v -0.0980359 0.0792083 0.0829906
v -0.13199 0.0390089 0.127659
v -0.116892 0.0622338 0.105627
v -0.113135 0.0641226 0.0980818
v -0.0833978 0.0705595 0.0519166
v 0.179165 0.0603574 0.0519166
v 0.222512 0.105602 0.239475
v 0.226305 0.0905287 0.241385
v 0.226305 0.0603574 0.301718
v 0.221272 0.0502921 0.301718
v 0.211206 0.0452718 0.301718
v 0.185439 0.0390089 0.196143
v -0.110618 0.0804757 0.120719
v -0.0980359 0.0867511 0.0980818
v -0.0653572 0.110635 0.0905362
v -0.0527749 0.10938 0.0678993
v -0.080456 0.0804757 0.0603537
v -0.0776206 0.077655 0.0519166
v -0.135783 0.0390089 0.144629
v -0.13199 0.0471482 0.13581
v -0.116892 0.0773319 0.13581
v 0.176365 0.0675523 0.0519166
v 0.218755 0.113145 0.237596
v 0.221272 0.115655 0.251446
v 0.226305 0.105602 0.256476
v 0.226305 0.0754431 0.31681
v 0.222512 0.0584686 0.31681
v 0.218755 0.049037 0.309264
v 0.167894 0.0390089 0.241385
v 0.180831 0.0390089 0.211012
v 0.196107 0.0452718 0.31681
v 0.155879 0.0390089 0.261507
v -0.110618 0.0955614 0.150901
v -0.0955194 0.110635 0.150901
v -0.0905219 0.0961827 0.105627
v -0.080456 0.110635 0.120719
v -0.0452609 0.126342 0.0905362
v -0.0527749 0.116922 0.0829906
v -0.0687598 0.0854214 0.0519166
v -0.0377115 0.10938 0.0528081
v -0.135783 0.0452718 0.150901
v -0.135783 0.0390089 0.196143
v 0.173388 0.0725104 0.0519166
v 0.176011 0.0704104 0.0553233
v 0.216239 0.12572 0.261507
v 0.155879 0.0955614 0.0519166
v 0.143297 0.113145 0.0565968
v 0.143297 0.12823 0.0867793
v 0.226305 0.105602 0.301718
v 0.226305 0.0905287 0.31681
v 0.221272 0.0704104 0.32687
v 0.218755 0.0565798 0.324355
v 0.203657 0.049037 0.324355
v 0.165945 0.0603574 0.362083
v -0.0629116 0.0390089 0.329322
v 0.0904865 0.0390089 0.301718
v 0.102998 0.0390089 0.295478
v 0.129509 0.0390089 0.282233
v 0.133196 0.0390089 0.280387
v 0.14078 0.0390089 0.276566
v -0.110618 0.0955614 0.181052
v -0.080456 0.12572 0.181052
v -0.0754231 0.126342 0.165961
v -0.0829725 0.116922 0.143356
v -0.0603243 0.126342 0.120719
v -0.0452609 0.14144 0.150901
v -0.0377115 0.132008 0.0980818
v 0.00754941 0.132008 0.0528081
v -0.0150634 0.126342 0.0603537
v -0.0368255 0.108932 0.0519166
v 0.00666332 0.130678 0.0519166
v -0.135783 0.0452718 0.196143
v -0.131671 0.0390089 0.217443
v 0.206173 0.130753 0.251446
v 0.176011 0.145839 0.296688
v 0.216239 0.12572 0.306749
v 0.145813 0.130753 0.100597
v 0.154142 0.097562 0.0519166
v 0.141454 0.111281 0.0519166
v 0.133975 0.116463 0.0519166
v 0.128233 0.143316 0.101839
v 0.218755 0.113145 0.324355
v 0.216239 0.0955614 0.336931
v 0.206173 0.0704104 0.357053
v 0.203657 0.0641226 0.354538
v 0.173494 0.0641226 0.369629
v -0.0780105 0.0390089 0.329322
v 0.165945 0.0653777 0.372144
v -0.0955194 0.110635 0.196143
v -0.125717 0.0653777 0.196143
v -0.13199 0.0528146 0.203689
v -0.116892 0.0829859 0.188598
v -0.111256 0.0905287 0.196143
v -0.040228 0.145839 0.165961
v -0.0377115 0.147094 0.158415
v -0.0678737 0.132008 0.173506
v -0.0641167 0.12823 0.203689
v -0.0622028 0.132008 0.196143
v -0.00187848 0.162179 0.196143
v 5.17071e-09 0.165957 0.181052
v -0.0301621 0.14144 0.120719
v -0.00751395 0.162179 0.158415
v 0.00754941 0.162179 0.143356
v 0.037747 0.162179 0.113173
v 0.0518888 0.138271 0.0519166
v 0.0102076 0.131561 0.0519166
v -0.131033 0.0390089 0.220022
v 0.196107 0.135773 0.256476
v 0.13075 0.145839 0.115688
v 0.115651 0.160924 0.16093
v 0.105585 0.165957 0.165961
v 0.165945 0.150859 0.301718
v 0.206173 0.130753 0.311779
v 0.203657 0.12823 0.339446
v 0.213722 0.12321 0.319325
v 0.0990283 0.132008 0.0519166
v 0.113135 0.12823 0.0565968
v 0.113135 0.143316 0.0867793
v 0.105585 0.147094 0.0886578
v 0.120684 0.147094 0.103749
v 0.203657 0.0980715 0.354538
v 0.176011 0.0704104 0.372144
v 0.186041 0.0955614 0.367114
v 0.176011 0.085496 0.372144
v -0.082051 0.0390089 0.327857
v 0.135783 0.0653777 0.372144
v 0.128233 0.0679002 0.373386
v 0.135783 0.0754431 0.377143
v 0.135783 0.0905287 0.377143
v 0.088608 0.105602 0.358295
v 0.0867295 0.113145 0.354538
v 0.165945 0.0754431 0.377143
v -0.0955194 0.0955614 0.226294
v -0.0791801 0.113145 0.218748
v -0.102998 0.0390089 0.301718
v -0.12632 0.0603574 0.211234
v -0.111256 0.0754431 0.226294
v 5.17071e-09 0.165957 0.165961
v -0.0188558 0.143316 0.233839
v -0.0169418 0.147094 0.226294
v 0.0132203 0.162179 0.211234
v 0.0301976 0.165957 0.211234
v 0.045261 0.165957 0.120719
v 0.0678737 0.147094 0.0678993
v 0.0603243 0.138271 0.0519166
v 0.0904865 0.165957 0.13581
v 0.105585 0.165957 0.196143
v 0.163429 0.148349 0.314294
v 0.173494 0.143316 0.324355
v 0.196107 0.135773 0.31681
v 0.150846 0.150859 0.31681
v 0.188558 0.12823 0.354538
v 0.20114 0.110635 0.352023
v 0.0904865 0.133909 0.0519166
v 0.0904865 0.162179 0.11884
v 0.183525 0.108112 0.364599
v 0.165945 0.0905287 0.377143
v -0.0936409 0.0390089 0.321776
v 0.0716307 0.12823 0.339446
v 0.13075 0.100582 0.372144
v 0.100552 0.115655 0.357053
v 0.116892 0.12823 0.354538
v -0.101828 0.0829859 0.233839
v -0.0986029 0.0390089 0.311843
v -0.0942789 0.0829859 0.248931
v -0.0905219 0.0905287 0.241385
v 0.0735446 0.132008 0.331901
v 0.103707 0.147094 0.31681
v 0.120684 0.150859 0.31681
v 0.0904865 0.165957 0.211234
v 0.0754231 0.165957 0.120719
v 0.0754231 0.137252 0.0519166
v 0.165945 0.135773 0.346992
v 0.145813 0.145839 0.32687
v 0.160912 0.130753 0.357053
v 0.170978 0.110635 0.367114
v 0.160912 0.100582 0.372144
v 0.085489 0.130753 0.341962
v 0.115651 0.145839 0.32687
v 0.101828 0.143316 0.324355
v 0.13075 0.130753 0.357053
f 143 144 145
f 143 145 150
f 143 150 161
f 143 161 174
f 143 174 195
f 143 195 226
f 143 226 227
f 143 227 262
f 143 262 261
f 143 261 301
f 143 301 328
f 143 328 310
f 143 310 272
f 143 272 236
f 143 236 235
f 143 235 234
f 143 234 202
f 143 202 199
f 143 199 178
f 143 178 162
f 143 162 151
f 143 151 146
f 143 146 156
f 143 156 168
f 143 168 186
f 143 186 185
f 143 185 188
f 143 188 216
f 143 216 215
f 143 215 214
f 143 214 213
f 143 213 212
f 143 212 211
f 143 211 243
f 143 243 281
f 143 281 314
f 143 314 320
f 143 320 291
f 143 291 263
f 143 263 229
f 143 229 198
f 143 198 175
f 143 175 158
f 143 158 148
f 143 148 144
f 144 147 145
f 144 148 149
f 144 149 147
f 145 147 150
f 146 151 164
f 146 164 152
f 146 152 153
f 146 153 154
f 146 154 155
f 146 155 156
f 147 157 150
f 147 149 160
f 147 160 157
f 148 158 159
f 148 159 160
f 148 160 149
f 150 157 161
f 151 162 163
f 151 163 164
f 152 164 181
f 152 181 205
f 152 205 206
f 152 206 182
f 152 182 165
f 152 165 166
f 152 166 154
f 152 154 153
f 154 166 184
f 154 184 167
f 154 167 155
f 155 167 168
f 155 168 156
f 157 160 169
f 157 169 189
f 157 189 170
f 157 170 171
f 157 171 172
f 157 172 173
f 157 173 174
f 157 174 161
f 158 175 176
f 158 176 159
f 159 177 169
f 159 169 160
f 159 176 177
f 162 178 163
f 163 179 180
f 163 180 181
f 163 181 164
f 163 178 179
f 165 182 183
f 165 183 166
f 166 183 184
f 167 185 186
f 167 186 168
f 167 184 209
f 167 209 187
f 167 187 188
f 167 188 185
f 169 177 189
f 170 189 190
f 170 190 191
f 170 191 171
f 171 191 192
f 171 192 193
f 171 193 194
f 171 194 172
f 172 195 173
f 172 194 193
f 172 193 196
f 172 196 195
f 173 195 174
f 175 197 176
f 175 198 228
f 175 228 197
f 176 197 177
f 177 197 189
f 178 199 200
f 178 200 179
f 179 201 180
f 179 200 199
f 179 199 202
f 179 202 203
f 179 203 204
f 179 204 201
f 180 201 181
f 181 201 232
f 181 232 205
f 182 206 239
f 182 239 240
f 182 240 207
f 182 207 183
f 183 207 208
f 183 208 184
f 184 208 241
f 184 241 209
f 187 209 242
f 187 242 210
f 187 210 211
f 187 211 212
f 187 212 213
f 187 213 214
f 187 214 215
f 187 215 216
f 187 216 188
f 189 217 218
f 189 218 190
f 189 197 228
f 189 228 217
f 190 218 219
f 190 219 220
f 190 220 221
f 190 221 193
f 190 193 192
f 190 192 191
f 193 221 222
f 193 222 223
f 193 223 224
f 193 224 225
f 193 225 196
f 195 196 226
f 196 225 224
f 196 224 227
f 196 227 226
f 198 229 228
f 201 230 231
f 201 231 232
f 201 204 233
f 201 233 230
f 202 234 203
f 203 235 236
f 203 236 204
f 203 234 235
f 204 236 237
f 204 237 233
f 205 238 206
f 205 232 238
f 206 238 239
f 207 240 208
f 208 240 241
f 209 241 242
f 210 242 211
f 211 242 244
f 211 244 282
f 211 282 243
f 217 245 218
f 217 228 246
f 217 246 247
f 217 247 248
f 217 248 249
f 217 249 245
f 218 250 251
f 218 251 252
f 218 252 219
f 218 245 253
f 218 253 254
f 218 254 255
f 218 255 256
f 218 256 294
f 218 294 250
f 219 252 222
f 219 222 221
f 219 221 220
f 222 252 251
f 222 251 223
f 223 251 257
f 223 257 258
f 223 258 224
f 224 258 259
f 224 259 260
f 224 260 261
f 224 261 262
f 224 262 227
f 228 229 263
f 228 263 247
f 228 247 246
f 230 264 268
f 230 268 231
f 230 233 265
f 230 265 266
f 230 266 267
f 230 267 264
f 231 268 306
f 231 306 269
f 231 269 232
f 232 269 270
f 232 270 271
f 232 271 238
f 233 237 265
f 236 272 273
f 236 273 274
f 236 274 237
f 237 274 275
f 237 275 276
f 237 276 265
f 238 271 270
f 238 270 239
f 239 270 277
f 239 277 240
f 240 278 242
f 240 242 241
f 240 277 279
f 240 279 280
f 240 280 278
f 242 278 244
f 243 282 283
f 243 283 284
f 243 284 285
f 243 285 286
f 243 286 287
f 243 287 281
f 244 278 288
f 244 288 284
f 244 284 282
f 245 249 289
f 245 289 290
f 245 290 253
f 247 263 291
f 247 291 292
f 247 292 249
f 247 249 248
f 249 292 293
f 249 293 289
f 250 294 251
f 251 294 258
f 251 258 257
f 253 290 295
f 253 295 296
f 253 296 254
f 254 296 255
f 255 296 297
f 255 297 298
f 255 298 256
f 256 298 326
f 256 326 303
f 256 303 267
f 256 267 302
f 256 302 327
f 256 327 299
f 256 299 294
f 258 294 259
f 259 294 299
f 259 299 260
f 260 299 300
f 260 300 261
f 261 300 301
f 264 267 268
f 265 276 302
f 265 302 267
f 265 267 266
f 267 303 268
f 268 304 305
f 268 305 270
f 268 270 306
f 268 303 326
f 268 326 307
f 268 307 304
f 269 306 270
f 270 308 309
f 270 309 277
f 270 305 308
f 272 310 300
f 272 300 275
f 272 275 274
f 272 274 273
f 275 311 276
f 275 300 311
f 276 311 302
f 277 309 308
f 277 308 279
f 278 280 313
f 278 313 288
f 279 308 312
f 279 312 313
f 279 313 280
f 281 287 315
f 281 315 314
f 282 284 283
f 284 288 313
f 284 313 285
f 285 313 333
f 285 333 316
f 285 316 286
f 286 316 287
f 287 316 317
f 287 317 318
f 287 318 315
f 289 319 320
f 289 320 314
f 289 314 321
f 289 321 322
f 289 322 290
f 289 293 319
f 290 322 314
f 290 314 295
f 291 320 293
f 291 293 292
f 293 320 319
f 295 315 323
f 295 323 296
f 295 314 315
f 296 323 297
f 297 323 324
f 297 324 298
f 298 324 325
f 298 325 307
f 298 307 326
f 299 327 300
f 300 328 301
f 300 327 311
f 300 310 328
f 302 311 327
f 304 307 305
f 305 307 329
f 305 329 308
f 307 325 335
f 307 335 330
f 307 330 331
f 307 331 329
f 308 329 331
f 308 331 332
f 308 332 312
f 312 332 313
f 313 332 333
f 314 322 321
f 315 318 337
f 315 337 334
f 315 334 335
f 315 335 336
f 315 336 324
f 315 324 323
f 316 337 317
f 316 333 331
f 316 331 337
f 317 337 318
f 324 336 335
f 324 335 325
f 330 335 337
f 330 337 331
f 331 333 332
f 334 337 335
o convex_2
v -0.108937 -0.0235586 0.0519166
v -0.108937 0.0117163 0.0519166
v -0.105591 -0.0301781 0.0301715
v -0.105591 -0.0452832 0.0452581
v -0.10691 -0.0386192 0.0519166
v -0.105591 -1.23942e-05 0.0301715
v -0.107264 0.0208682 0.0519166
v -0.0955199 -0.0352428 0.010056
v -0.0980617 -0.0528358 0.022624
v -0.103917 -0.0587001 0.0519166
v -0.100571 -0.0251579 0.0201137
v -0.101826 0.0169586 0.0301715
v -0.100571 0.00500783 0.0201137
v -0.10514 0.0303755 0.0519166
v -0.0804623 -0.0654085 -0.0050224
v -0.0955199 -0.00503261 0.010056
v -0.0829719 -0.0829571 0.00754566
v -0.0980617 -0.0678964 0.0377106
v -0.0948443 -0.0797584 0.0519166
v -0.0980617 0.0339296 0.0377106
v -0.0980617 0.0188245 0.022624
v -0.0804623 0.010028 -0.0050224
v -0.0854815 0.0201129 0.00503534
v -0.101826 0.0386833 0.0519166
v -0.0653725 -0.0503034 -0.020109
v -0.0517948 -0.0472824 -0.0321668
v -0.0423355 -0.0939305 -0.0321668
v -0.0371876 -0.111612 -0.0321668
v -0.0340024 -0.120675 -0.0321668
v -0.0279536 -0.13578 -0.0321668
v -0.026377 -0.139646 -0.0321668
v 0.0188603 -0.245248 -0.0321668
v 0.0324057 -0.271549 -0.0321668
v -0.0829719 -0.0980622 0.0377106
v -0.078757 -0.108902 0.0519166
v -0.0976113 0.0483239 0.0519166
v -0.0122202 0.151127 -0.0321668
v -0.0829719 0.0339296 0.00754566
v -0.0460034 0.0301534 -0.0321668
v -0.0492531 0.0135378 -0.0321668
v -0.0517948 -0.00201159 -0.0321668
v -0.0653725 -0.00503261 -0.020109
v 0.0343684 -0.274792 -0.0321668
v 0.0377467 -0.279101 -0.0263971
v 0.0603332 -0.276569 -0.0100513
v 0.0528365 -0.263996 -0.00377135
v 0.0683124 -0.20322 0.0519166
v -0.0900503 0.0605412 0.0519166
v -0.0776309 0.0776455 0.0519166
v -0.0113837 0.151127 -0.0283643
v 0.174488 0.151127 -0.0321668
v -0.0833902 0.0705373 0.0519166
v 0.0377467 -0.279101 -0.0321668
v 0.0420259 -0.282433 -0.0321668
v 0.0452755 -0.284432 -0.0321668
v 0.0715299 -0.297938 -0.0321668
v 0.067862 -0.294162 -0.0263971
v 0.0905128 -0.291674 -0.0100513
v 0.0905128 -0.276569 0.00503534
v 0.067862 -0.263996 0.00377607
v 0.0829518 -0.263996 0.011307
v 0.0947277 -0.206997 0.0519166
v -0.0687508 0.0853758 0.0519166
v -0.0112872 0.151127 -0.028142
v -0.0368015 0.108922 0.0519166
v 0.21461 0.06374 -0.0321668
v 0.173362 0.151127 -0.0299116
v 0.176354 0.0675162 0.0519166
v 0.20367 0.0829767 -0.0226276
v 0.075423 -0.299493 -0.0321668
v 0.075423 -0.297938 -0.0282819
v 0.0905128 -0.302736 -0.0321668
v 0.135782 -0.291674 -0.0100513
v 0.120692 -0.276569 0.00503534
v 0.0974625 -0.206375 0.0519166
v -0.00379054 0.151127 -0.0168497
v -0.0235135 0.115586 0.0519166
v 0.00512179 0.151127 -0.00484955
v 0.213709 0.0628514 -0.0276564
v 0.219758 0.0432592 -0.0321668
v 0.170627 0.151127 -0.0264548
v 0.155891 0.0955495 0.0519166
v 0.173394 0.072492 0.0519166
v 0.20367 0.0678716 -0.00754095
v 0.179154 0.0603191 0.0519166
v 0.135782 -0.302736 -0.0321668
v 0.143311 -0.297938 -0.0226276
v 0.173491 -0.282877 -0.0226276
v 0.158401 -0.275325 -0.00754095
v 0.143311 -0.26022 0.00754566
v 0.141252 -0.191803 0.0519166
v 0.136812 -0.193979 0.0519166
v 0.108691 -0.20322 0.0519166
v 0.00666617 0.130647 0.0519166
v 0.0150315 0.151127 0.00565263
v 0.216218 0.0502787 -0.0251379
v 0.219758 -0.0774038 -0.0321668
v 0.191895 -0.120675 0.0519166
v 0.156824 0.151127 -0.00909652
v 0.154122 0.0975487 0.0519166
v 0.18102 0.051878 0.0519166
v 0.15084 -0.29816 -0.0321668
v 0.16593 -0.29354 -0.0321668
v 0.16593 -0.292296 -0.0301667
v 0.176 -0.276569 -0.020109
v 0.173491 -0.26022 -0.00754095
v 0.167925 -0.291807 -0.0321668
v 0.175325 -0.283944 -0.0321668
v 0.185781 -0.271149 -0.0321668
v 0.188581 -0.26022 -0.0226276
v 0.145982 -0.189004 0.0519166
v 0.169051 -0.173055 0.0519166
v 0.0102375 0.131535 0.0519166
v 0.0153533 0.151127 0.0058584
v 0.191895 -0.140623 0.0519166
v 0.191669 -0.144177 0.0519166
v 0.197107 -0.240361 -0.0321668
v 0.141735 0.151127 0.00599009
v 0.141445 0.111277 0.0519166
v 0.186393 -0.153062 0.0519166
v 0.192345 -0.260353 -0.0321668
v 0.193342 -0.257865 -0.0321668
v 0.0519356 0.138244 0.0519166
v 0.0605906 0.151127 0.0209368
v 0.196624 -0.243115 -0.0321668
v 0.120692 0.151127 0.0150849
v 0.0990391 0.131979 0.0519166
v 0.133948 0.11643 0.0519166
v 0.0603332 0.138244 0.0519166
v 0.075423 0.151127 0.0227557
v 0.075423 0.137222 0.0519166
v 0.0820831 0.135756 0.0519166
v 0.0905128 0.13389 0.0519166
f 338 339 343
f 338 343 340
f 338 340 341
f 338 341 342
f 338 342 347
f 338 347 356
f 338 356 372
f 338 372 384
f 338 384 399
f 338 399 412
f 338 412 430
f 338 430 429
f 338 429 428
f 338 428 448
f 338 448 449
f 338 449 457
f 338 457 453
f 338 453 452
f 338 452 435
f 338 435 438
f 338 438 422
f 338 422 405
f 338 405 420
f 338 420 419
f 338 419 437
f 338 437 456
f 338 456 465
f 338 465 464
f 338 464 470
f 338 470 469
f 338 469 468
f 338 468 466
f 338 466 460
f 338 460 450
f 338 450 431
f 338 431 414
f 338 414 402
f 338 402 400
f 338 400 386
f 338 386 389
f 338 389 385
f 338 385 373
f 338 373 361
f 338 361 351
f 338 351 344
f 338 344 339
f 339 344 343
f 340 345 346
f 340 346 347
f 340 347 341
f 340 343 350
f 340 350 348
f 340 348 345
f 341 347 342
f 343 344 349
f 343 349 350
f 344 351 349
f 345 352 346
f 345 348 350
f 345 350 353
f 345 353 359
f 345 359 352
f 346 352 354
f 346 354 355
f 346 355 347
f 347 355 356
f 349 351 357
f 349 357 358
f 349 358 350
f 350 359 353
f 350 358 375
f 350 375 360
f 350 360 359
f 351 361 357
f 352 359 379
f 352 379 362
f 352 362 363
f 352 363 364
f 352 364 365
f 352 365 366
f 352 366 367
f 352 367 368
f 352 368 369
f 352 369 354
f 354 369 370
f 354 370 371
f 354 371 355
f 355 371 356
f 356 371 372
f 357 361 373
f 357 373 374
f 357 374 358
f 358 374 375
f 359 376 377
f 359 377 378
f 359 378 379
f 359 360 374
f 359 374 376
f 360 375 374
f 362 379 378
f 362 378 363
f 363 378 377
f 363 377 376
f 363 376 374
f 363 374 388
f 363 388 403
f 363 403 417
f 363 417 434
f 363 434 454
f 363 454 462
f 363 462 459
f 363 459 458
f 363 458 446
f 363 446 445
f 363 445 444
f 363 444 440
f 363 440 439
f 363 439 423
f 363 423 409
f 363 409 407
f 363 407 393
f 363 393 392
f 363 392 391
f 363 391 390
f 363 390 380
f 363 380 370
f 363 370 369
f 363 369 368
f 363 368 367
f 363 367 366
f 363 366 365
f 363 365 364
f 370 380 372
f 370 372 371
f 372 380 381
f 372 381 382
f 372 382 383
f 372 383 384
f 373 385 374
f 374 386 387
f 374 387 401
f 374 401 413
f 374 413 415
f 374 415 432
f 374 432 451
f 374 451 461
f 374 461 467
f 374 467 463
f 374 463 455
f 374 455 436
f 374 436 418
f 374 418 404
f 374 404 388
f 374 385 389
f 374 389 386
f 380 390 381
f 381 390 391
f 381 391 392
f 381 392 393
f 381 393 394
f 381 394 395
f 381 395 382
f 382 395 396
f 382 396 397
f 382 397 383
f 383 397 384
f 384 397 398
f 384 398 396
f 384 396 399
f 386 400 387
f 387 400 402
f 387 402 401
f 388 404 405
f 388 405 406
f 388 406 403
f 393 407 408
f 393 408 394
f 394 408 395
f 395 408 409
f 395 409 423
f 395 423 410
f 395 410 411
f 395 411 396
f 396 398 397
f 396 411 399
f 399 411 412
f 401 402 413
f 402 414 415
f 402 415 413
f 403 416 417
f 403 406 416
f 404 418 419
f 404 419 420
f 404 420 405
f 405 421 406
f 405 422 421
f 406 421 416
f 407 409 408
f 410 423 424
f 410 424 425
f 410 425 426
f 410 426 427
f 410 427 411
f 411 427 428
f 411 428 429
f 411 429 430
f 411 430 412
f 414 431 415
f 415 431 432
f 416 421 433
f 416 433 417
f 417 433 435
f 417 435 452
f 417 452 434
f 418 436 419
f 419 436 437
f 421 422 433
f 422 438 433
f 423 439 424
f 424 439 440
f 424 440 441
f 424 441 425
f 425 442 443
f 425 443 426
f 425 441 440
f 425 440 444
f 425 444 445
f 425 445 446
f 425 446 447
f 425 447 442
f 426 448 428
f 426 428 427
f 426 443 449
f 426 449 448
f 431 450 451
f 431 451 432
f 433 438 435
f 434 452 453
f 434 453 454
f 436 455 456
f 436 456 437
f 442 447 457
f 442 457 443
f 443 457 449
f 446 458 447
f 447 458 459
f 447 459 453
f 447 453 457
f 450 460 451
f 451 460 461
f 453 459 462
f 453 462 454
f 455 463 464
f 455 464 465
f 455 465 456
f 460 466 467
f 460 467 461
f 463 467 468
f 463 468 469
f 463 469 470
f 463 470 464
f 466 468 467
o convex_3
v -0.0783115 -0.175217 -0.391808
v -0.0755325 -0.180837 -0.391808
v -0.0783115 -0.175217 -0.334813
v 0.236743 -0.175217 -0.391808
v -0.0754228 -0.181049 -0.316824
v -0.0681096 -0.195687 -0.391808
v -0.0768855 -0.175217 -0.317528
v 0.236743 -0.175217 -0.316824
v 0.291665 -0.28162 -0.28162
v 0.295212 -0.288684 -0.288661
v 0.288667 -0.288684 -0.302742
v 0.2585 -0.288684 -0.332912
v 0.221787 -0.20685 -0.391808
v -0.0707789 -0.175217 -0.251838
v -0.0653671 -0.201163 -0.321823
v -0.0703767 -0.191111 -0.31179
v -0.0703767 -0.176017 -0.251415
v -0.0653671 -0.201163 -0.391808
v 0.291665 -0.28162 -0.206214
v 0.221641 -0.175217 -0.211248
v 0.295212 -0.288684 -0.213219
v 0.254441 -0.288684 -0.334954
v 0.17096 -0.261506 -0.391808
v 0.186062 -0.246412 -0.391808
v 0.201127 -0.23134 -0.391808
v 0.217326 -0.214913 -0.391808
v -0.0617836 -0.175217 -0.206143
v -0.0502653 -0.216257 -0.276586
v -0.0553114 -0.206194 -0.266518
v -0.0352 -0.246412 -0.352028
v -0.0553114 -0.191111 -0.206214
v -0.0352 -0.246412 -0.391808
v 0.288667 -0.288684 -0.194104
v 0.293091 -0.288684 -0.204806
v 0.221385 -0.175217 -0.209769
v 0.213121 -0.175217 -0.165976
v 0.18566 -0.175217 -0.0545563
v 0.182881 -0.175217 -0.0434319
v 0.181601 -0.175217 -0.0388555
v 0.188585 -0.18859 -0.0377289
v 0.241387 -0.288684 -0.340446
v 0.151141 -0.271413 -0.391808
v -0.0557136 -0.175217 -0.176432
v -0.0553114 -0.176017 -0.176044
v 0.0236715 -0.288684 -0.0925763
v 0.0201246 -0.28162 -0.0855004
v 0.00505936 -0.251443 -0.0704332
v -0.0251443 -0.251443 -0.391808
v 0.0236715 -0.288684 -0.122746
v 0.197105 -0.240392 -0.032202
v 0.196593 -0.243135 -0.032202
v 0.193339 -0.257863 -0.032202
v 0.192351 -0.260351 -0.032202
v 0.20365 -0.288684 -0.0678985
v 0.193339 -0.213214 -0.032202
v 0.19652 -0.225909 -0.032202
v 0.197105 -0.228308 -0.032202
v 0.178237 -0.175217 -0.032202
v 0.185806 -0.191367 -0.032202
v 0.150849 -0.271558 -0.391808
v 0.135381 -0.288684 -0.349106
v 0.106092 -0.286652 -0.391808
v 0.12251 -0.282987 -0.391808
v -0.0553845 -0.175217 -0.175094
v -0.0402096 -0.176017 -0.11567
v -0.0403193 -0.175217 -0.114755
v 0.0433076 -0.288684 -0.0457906
v 0.0352265 -0.28162 -0.0402636
v 0.0226477 -0.279099 -0.0716653
v 0.00754586 -0.248933 -0.0565981
v 0.0155539 -0.271791 -0.391808
v 0.044368 -0.286196 -0.391808
v 0.0452822 -0.286652 -0.391808
v 0.0312042 -0.288684 -0.164955
v 0.185806 -0.271169 -0.032202
v 0.188585 -0.275334 -0.0377289
v 0.170887 -0.288684 -0.032202
v 0.00842344 -0.175217 -0.032202
v 0.116257 -0.288684 -0.344529
v -0.0359679 -0.175217 -0.102715
v 0.00377954 -0.241392 -0.0584639
v 0.0452822 -0.288684 -0.0427983
v 0.0452822 -0.28443 -0.032202
v 0.0420278 -0.282465 -0.032202
v 0.0377495 -0.279099 -0.032202
v 0.0343854 -0.274823 -0.032202
v 0.0226477 -0.264016 -0.0414957
v 0.0188814 -0.245268 -0.032202
v 0.017309 -0.241392 -0.032202
v 0.0349705 -0.288684 -0.183085
v 0.110662 -0.288684 -0.34291
v 0.100716 -0.288684 -0.33682
v 0.0925622 -0.288684 -0.329849
v 0.0623951 -0.288684 -0.29968
v 0.175348 -0.283942 -0.032202
v 0.0559229 -0.288684 -0.032202
v -0.00580079 -0.175217 -0.0423758
v 0.0140912 -0.226309 -0.032202
v -0.0209026 -0.175217 -0.0725454
v 0.0324109 -0.271558 -0.032202
f 471 472 473
f 471 473 477
f 471 477 484
f 471 484 497
f 471 497 513
f 471 513 534
f 471 534 536
f 471 536 550
f 471 550 569
f 471 569 567
f 471 567 548
f 471 548 528
f 471 528 509
f 471 509 508
f 471 508 507
f 471 507 506
f 471 506 505
f 471 505 490
f 471 490 478
f 471 478 474
f 471 474 483
f 471 483 496
f 471 496 495
f 471 495 494
f 471 494 493
f 471 493 512
f 471 512 530
f 471 530 533
f 471 533 532
f 471 532 543
f 471 543 542
f 471 542 541
f 471 541 518
f 471 518 502
f 471 502 488
f 471 488 476
f 471 476 472
f 472 475 473
f 472 476 475
f 473 475 477
f 474 478 489
f 474 489 479
f 474 479 480
f 474 480 481
f 474 481 482
f 474 482 483
f 475 484 477
f 475 476 485
f 475 485 486
f 475 486 487
f 475 487 484
f 476 488 485
f 478 490 489
f 479 489 491
f 479 491 480
f 480 491 504
f 480 504 503
f 480 503 524
f 480 524 547
f 480 547 566
f 480 566 552
f 480 552 537
f 480 537 515
f 480 515 519
f 480 519 544
f 480 544 560
f 480 560 564
f 480 564 563
f 480 563 562
f 480 562 561
f 480 561 549
f 480 549 531
f 480 531 511
f 480 511 492
f 480 492 482
f 480 482 481
f 482 492 493
f 482 493 494
f 482 494 495
f 482 495 496
f 482 496 483
f 484 487 497
f 485 498 499
f 485 499 486
f 485 488 502
f 485 502 500
f 485 500 498
f 486 499 487
f 487 499 501
f 487 501 497
f 489 503 504
f 489 504 491
f 489 490 505
f 489 505 506
f 489 506 507
f 489 507 508
f 489 508 509
f 489 509 510
f 489 510 503
f 492 511 493
f 493 511 512
f 497 501 514
f 497 514 513
f 498 500 515
f 498 515 516
f 498 516 499
f 499 516 501
f 500 502 519
f 500 519 515
f 501 516 517
f 501 517 514
f 502 518 519
f 503 520 521
f 503 521 522
f 503 522 523
f 503 523 524
f 503 510 525
f 503 525 526
f 503 526 527
f 503 527 520
f 509 528 510
f 510 528 529
f 510 529 525
f 511 530 512
f 511 531 532
f 511 532 533
f 511 533 530
f 513 514 534
f 514 535 536
f 514 536 534
f 514 517 535
f 515 537 538
f 515 538 516
f 516 538 539
f 516 539 540
f 516 540 517
f 517 540 535
f 518 541 519
f 519 541 542
f 519 542 543
f 519 543 544
f 520 527 526
f 520 526 525
f 520 525 529
f 520 529 528
f 520 528 548
f 520 548 568
f 520 568 559
f 520 559 558
f 520 558 570
f 520 570 556
f 520 556 555
f 520 555 554
f 520 554 553
f 520 553 566
f 520 566 547
f 520 547 565
f 520 565 545
f 520 545 523
f 520 523 522
f 520 522 521
f 523 545 546
f 523 546 524
f 524 546 547
f 531 549 543
f 531 543 532
f 535 540 536
f 536 540 551
f 536 551 550
f 537 552 538
f 538 552 553
f 538 553 554
f 538 554 555
f 538 555 556
f 538 556 557
f 538 557 539
f 539 557 540
f 540 557 558
f 540 558 559
f 540 559 551
f 543 560 544
f 543 549 561
f 543 561 562
f 543 562 563
f 543 563 564
f 543 564 560
f 545 565 546
f 546 565 547
f 548 567 568
f 550 551 569
f 551 559 567
f 551 567 569
f 552 566 553
f 556 570 557
f 557 570 558
f 559 568 567
o convex_4
v 0.100701 -0.288705 -0.33682
v 0.0236463 -0.288705 -0.122746
v 0.0558943 -0.288705 -0.032202
v 0.0236463 -0.288705 -0.0925763
v 0.0432949 -0.288705 -0.0457906
v 0.04528 -0.288705 -0.0427983
v 0.0528153 -0.294213 -0.0414957
v 0.0377446 -0.294213 -0.0716653
v 0.0679265 -0.324375 -0.10187
v 0.0654147 -0.326893 -0.11567
v 0.0352329 -0.296711 -0.0855004
v 0.0251453 -0.291694 -0.0955686
v 0.0251453 -0.291694 -0.125738
v 0.0704383 -0.352038 -0.216212
v 0.085509 -0.367129 -0.216212
v 0.0955561 -0.372146 -0.206214
v 0.0980679 -0.369648 -0.192379
v 0.113179 -0.369648 -0.162209
v 0.0679265 -0.309284 -0.0565981
v 0.0715726 -0.297981 -0.032202
v 0.0754618 -0.299537 -0.032202
v 0.0754618 -0.313072 -0.0584639
v 0.181078 -0.418648 -0.209347
v 0.173502 -0.41488 -0.207481
v 0.143361 -0.399789 -0.207481
v 0.140849 -0.402307 -0.221246
v 0.110667 -0.387237 -0.236348
v 0.186102 -0.43249 -0.251415
v 0.15592 -0.417399 -0.266518
v 0.196149 -0.437506 -0.286619
v 0.176055 -0.427452 -0.291653
v 0.145873 -0.412361 -0.276586
v 0.10062 -0.38222 -0.246416
v 0.085509 -0.367129 -0.261484
v 0.0704383 -0.336947 -0.261484
v 0.0829972 -0.354557 -0.279086
v 0.0603507 -0.316839 -0.25645
v 0.0377446 -0.294213 -0.188612
v 0.0624168 -0.288705 -0.29968
v 0.0754618 -0.33193 -0.286619
v 0.085509 -0.352038 -0.291653
v 0.0980679 -0.369648 -0.294188
v 0.10062 -0.38222 -0.261484
v 0.130761 -0.39727 -0.291653
v 0.173502 -0.41488 -0.324357
v 0.143361 -0.399789 -0.309255
v 0.113179 -0.354557 -0.324357
v 0.143361 -0.369648 -0.339425
v 0.130761 -0.352038 -0.336925
v 0.10062 -0.336947 -0.321823
v 0.085509 -0.336947 -0.306756
v 0.0980679 -0.354557 -0.309255
v 0.0774875 -0.288705 -0.314782
v 0.0312221 -0.288705 -0.164955
v 0.0349898 -0.288705 -0.183085
v 0.0925581 -0.288705 -0.329849
v 0.110708 -0.288705 -0.34291
v 0.173502 -0.369648 -0.354527
v 0.176055 -0.38222 -0.352028
v 0.196149 -0.377183 -0.362061
v 0.181078 -0.347001 -0.362061
v 0.116299 -0.288705 -0.344529
v 0.13542 -0.288705 -0.349106
v 0.258498 -0.288705 -0.332912
v 0.241361 -0.288705 -0.340446
v 0.211219 -0.296711 -0.352028
v 0.248896 -0.294213 -0.343227
v 0.254446 -0.288705 -0.334954
v 0.264007 -0.294213 -0.335658
v 0.407341 -0.402307 -0.367095
v 0.384694 -0.399789 -0.373396
v 0.264007 -0.324375 -0.358294
v 0.226331 -0.301748 -0.352626
v 0.218795 -0.309284 -0.358294
v 0.384694 -0.429971 -0.388463
v 0.414876 -0.41488 -0.373396
v 0.422411 -0.407345 -0.362061
v 0.427435 -0.422415 -0.367095
v 0.429947 -0.41488 -0.358294
v 0.432458 -0.412361 -0.352028
v 0.417388 -0.39727 -0.352028
v 0.414876 -0.399789 -0.358294
v 0.30926 -0.309284 -0.320591
v 0.295202 -0.288705 -0.288661
v 0.427435 -0.402307 -0.341959
v 0.437523 -0.422415 -0.346993
v 0.437523 -0.437506 -0.346993
v 0.437523 -0.422415 -0.301721
v 0.427435 -0.402307 -0.296687
v 0.429947 -0.41488 -0.279086
v 0.437523 -0.437506 -0.286619
v 0.427435 -0.43249 -0.266518
v 0.203684 -0.288705 -0.0678985
v 0.294189 -0.294213 -0.188612
v 0.424923 -0.404826 -0.28412
v 0.306748 -0.296711 -0.221246
v 0.293055 -0.288705 -0.204806
v 0.288679 -0.288705 -0.194104
v 0.295202 -0.288705 -0.213219
v 0.306748 -0.296711 -0.28162
v 0.412364 -0.387237 -0.326857
v 0.412364 -0.387237 -0.296687
v 0.288679 -0.288705 -0.302742
v 0.170909 -0.288705 -0.032202
v 0.417388 -0.442543 -0.261484
v 0.414876 -0.456365 -0.264018
v 0.167952 -0.291817 -0.032202
v 0.165967 -0.293558 -0.032202
v 0.135785 -0.302752 -0.032202
v 0.150896 -0.306785 -0.0402636
v 0.39223 -0.472705 -0.266518
v 0.135785 -0.321856 -0.0553308
v 0.39223 -0.488431 -0.286619
v 0.384694 -0.494082 -0.294188
v 0.120714 -0.321856 -0.0553308
v 0.0905325 -0.302752 -0.032202
v 0.226331 -0.427452 -0.206214
v 0.211219 -0.433739 -0.224414
v 0.226331 -0.437506 -0.22628
v 0.377159 -0.494082 -0.29982
v 0.377159 -0.49787 -0.316824
v 0.39223 -0.49787 -0.316824
v 0.362048 -0.49787 -0.331891
v 0.362048 -0.494082 -0.314923
v 0.241361 -0.44883 -0.254584
v 0.196149 -0.433739 -0.239481
v 0.196149 -0.437506 -0.25645
v 0.188613 -0.429971 -0.237616
v 0.17099 -0.417399 -0.221246
v 0.188613 -0.429971 -0.309255
v 0.32433 -0.475224 -0.354527
v 0.344465 -0.485278 -0.349493
v 0.339442 -0.475224 -0.369629
v 0.188613 -0.41488 -0.339425
v 0.191125 -0.39727 -0.352028
v 0.369624 -0.460133 -0.384697
v 0.374647 -0.470207 -0.379662
v 0.387206 -0.487796 -0.367095
v 0.390366 -0.467688 -0.38093
v 0.397253 -0.477742 -0.372129
v 0.395997 -0.460133 -0.384697
v 0.394134 -0.452597 -0.388463
v 0.379671 -0.450079 -0.389731
v 0.377628 -0.439791 -0.391808
v 0.377175 -0.437523 -0.392262
v 0.399765 -0.445062 -0.388463
v 0.411108 -0.475224 -0.369629
v 0.397253 -0.492833 -0.357026
v 0.39223 -0.49787 -0.346993
v 0.403573 -0.490315 -0.354527
v 0.412364 -0.487796 -0.346993
v 0.418644 -0.475224 -0.354527
v 0.428083 -0.467688 -0.346993
v 0.428083 -0.452597 -0.362061
v 0.433714 -0.445062 -0.354527
v 0.433714 -0.460133 -0.339425
v 0.437523 -0.452597 -0.331891
v 0.433714 -0.475224 -0.309255
v 0.437523 -0.452597 -0.301721
v 0.427435 -0.437506 -0.367095
v 0.418644 -0.460133 -0.369629
v 0.407341 -0.437506 -0.382831
v 0.211219 -0.316839 -0.362061
v 0.433714 -0.454481 -0.286619
v 0.433714 -0.469572 -0.301721
v 0.429947 -0.471456 -0.294188
v 0.429947 -0.456365 -0.279086
v 0.432458 -0.442543 -0.276586
v 0.414876 -0.471456 -0.279086
v 0.407341 -0.488431 -0.301721
v 0.429947 -0.478991 -0.309255
v 0.402317 -0.492833 -0.316824
v 0.369624 -0.490315 -0.354527
v 0.399765 -0.494082 -0.309255
v 0.399765 -0.478991 -0.279086
f 572 573 571
f 574 573 572
f 575 573 574
f 576 573 575
f 576 577 573
f 576 575 577
f 578 577 575
f 578 579 577
f 578 580 579
f 581 580 578
f 581 582 580
f 581 578 582
f 578 575 582
f 575 574 582
f 582 574 583
f 582 583 584
f 585 582 584
f 580 582 585
f 580 585 586
f 580 586 587
f 579 580 587
f 579 587 588
f 579 588 589
f 579 589 577
f 590 577 589
f 590 573 577
f 590 591 573
f 590 589 591
f 592 591 589
f 592 593 591
f 592 594 593
f 592 589 594
f 588 594 589
f 588 595 594
f 588 596 595
f 587 596 588
f 587 586 596
f 597 596 586
f 597 598 596
f 599 598 597
f 599 600 598
f 599 601 600
f 599 602 601
f 599 603 602
f 599 597 603
f 585 603 597
f 585 604 603
f 585 584 604
f 583 604 584
f 605 604 583
f 605 606 604
f 605 607 606
f 605 583 607
f 607 583 608
f 607 608 609
f 607 609 610
f 607 610 611
f 607 611 606
f 606 611 612
f 606 612 604
f 613 604 612
f 613 603 604
f 613 602 603
f 614 602 613
f 614 615 602
f 616 615 614
f 616 612 615
f 616 614 612
f 614 613 612
f 617 615 612
f 617 618 615
f 617 619 618
f 617 620 619
f 617 621 620
f 617 622 621
f 617 612 622
f 622 612 621
f 611 621 612
f 609 621 611
f 609 623 621
f 609 572 623
f 624 572 609
f 624 583 572
f 624 608 583
f 625 608 624
f 625 609 608
f 625 624 609
f 574 572 583
f 623 572 571
f 626 623 571
f 626 621 623
f 620 621 626
f 620 626 571
f 619 620 571
f 619 571 627
f 619 627 618
f 628 618 627
f 628 629 618
f 628 630 629
f 628 631 630
f 628 627 631
f 632 631 627
f 632 633 631
f 632 627 633
f 627 571 633
f 633 571 634
f 635 633 634
f 635 636 633
f 635 637 636
f 638 637 635
f 638 639 637
f 638 634 639
f 638 635 634
f 639 634 640
f 639 640 637
f 641 637 640
f 642 637 641
f 642 643 637
f 642 644 643
f 642 645 644
f 642 641 645
f 641 646 645
f 641 640 646
f 647 646 640
f 647 648 646
f 647 649 648
f 647 650 649
f 647 651 650
f 647 652 651
f 647 640 652
f 640 634 652
f 652 634 653
f 651 652 653
f 651 653 654
f 651 654 655
f 651 655 650
f 656 650 655
f 656 648 650
f 656 657 648
f 656 658 657
f 656 655 658
f 658 655 659
f 660 658 659
f 660 661 658
f 660 662 661
f 660 663 662
f 660 664 663
f 660 665 664
f 660 659 665
f 665 659 664
f 666 664 659
f 667 664 666
f 667 668 664
f 667 669 668
f 667 666 669
f 666 654 669
f 670 654 666
f 670 671 654
f 670 666 671
f 666 672 671
f 666 659 672
f 672 659 655
f 671 672 655
f 671 655 654
f 654 634 669
f 673 634 654
f 673 653 634
f 673 654 653
f 634 571 669
f 573 669 571
f 674 669 573
f 663 669 674
f 668 669 663
f 668 663 664
f 663 674 662
f 675 662 674
f 675 676 662
f 675 674 676
f 677 676 674
f 677 678 676
f 677 674 678
f 678 674 679
f 680 678 679
f 680 681 678
f 680 679 681
f 682 681 679
f 682 683 681
f 682 684 683
f 682 685 684
f 682 679 685
f 686 685 679
f 686 687 685
f 686 591 687
f 686 679 591
f 679 674 591
f 674 573 591
f 687 591 688
f 689 687 688
f 684 687 689
f 684 685 687
f 684 689 688
f 690 684 688
f 691 684 690
f 691 692 684
f 691 693 692
f 691 690 693
f 690 694 693
f 690 695 694
f 690 688 695
f 696 695 688
f 694 695 696
f 694 696 693
f 697 693 696
f 697 600 693
f 697 598 600
f 697 696 598
f 698 598 696
f 699 598 698
f 699 596 598
f 699 594 596
f 699 698 594
f 698 696 594
f 593 594 696
f 593 696 688
f 593 688 591
f 596 594 595
f 700 693 600
f 701 693 700
f 701 702 693
f 701 703 702
f 615 703 701
f 615 704 703
f 615 618 704
f 629 704 618
f 705 704 629
f 705 703 704
f 705 630 703
f 705 629 630
f 703 630 706
f 707 703 706
f 707 708 703
f 709 708 707
f 709 710 708
f 709 711 710
f 709 712 711
f 709 713 712
f 709 707 713
f 713 707 706
f 713 706 714
f 713 714 712
f 712 714 715
f 712 715 716
f 711 712 716
f 711 716 717
f 710 711 717
f 710 717 708
f 718 708 717
f 718 719 708
f 720 719 718
f 720 721 719
f 720 717 721
f 720 718 717
f 722 721 717
f 722 723 721
f 722 717 723
f 724 723 717
f 725 723 724
f 725 726 723
f 727 726 725
f 727 728 726
f 727 729 728
f 727 657 729
f 727 725 657
f 725 730 657
f 725 724 730
f 731 730 724
f 731 716 730
f 731 717 716
f 731 724 717
f 732 730 716
f 732 648 730
f 732 646 648
f 732 716 646
f 645 646 716
f 645 716 715
f 645 715 644
f 644 715 733
f 644 733 633
f 644 633 636
f 643 644 636
f 643 636 637
f 633 733 631
f 715 631 733
f 715 630 631
f 714 630 715
f 714 706 630
f 730 648 657
f 729 657 661
f 734 729 661
f 735 729 734
f 735 728 729
f 735 736 728
f 735 737 736
f 735 734 737
f 734 738 737
f 734 661 738
f 738 661 662
f 738 662 737
f 737 662 676
f 737 676 739
f 736 737 739
f 736 739 740
f 736 740 741
f 736 741 728
f 721 728 741
f 721 723 728
f 726 728 723
f 721 741 742
f 721 742 719
f 692 719 742
f 692 693 719
f 743 719 693
f 743 708 719
f 743 703 708
f 743 693 703
f 703 693 702
f 692 742 744
f 692 744 684
f 684 744 740
f 684 740 683
f 740 739 683
f 745 683 739
f 745 681 683
f 745 739 681
f 739 676 681
f 678 681 676
f 741 740 744
f 741 744 742
f 658 661 657
f 615 701 700
f 615 700 602
f 601 602 700
f 601 700 600
f 649 650 648
f 610 609 611
f 585 597 586
o convex_5
v 0.0905359 -0.196132 -0.693972
v 0.0855264 -0.216257 -0.683914
v 0.0729738 -0.213735 -0.6814
v 0.0528206 -0.218763 -0.671343
v 0.0679067 -0.188598 -0.686429
v 0.0779833 -0.178544 -0.691457
v 0.0812654 -0.175233 -0.692138
v 0.0905359 -0.175233 -0.693972
v 0.105622 -0.196132 -0.693972
v 0.362086 -0.330383 -0.6638
v 0.100613 -0.246421 -0.668828
v 0.0829928 -0.23386 -0.671343
v 0.0704403 -0.231339 -0.668828
v 0.0528206 -0.23386 -0.656257
v 0.0377345 -0.218763 -0.656257
v 0.040268 -0.201175 -0.668828
v 0.0578877 -0.183571 -0.6814
v 0.059212 -0.175233 -0.68208
v 0.0713616 -0.175233 -0.688174
v 0.0774075 -0.175233 -0.691191
v 0.120708 -0.175233 -0.693972
v 0.120708 -0.18105 -0.693972
v 0.392258 -0.330383 -0.663238
v 0.377172 -0.330383 -0.6638
v 0.354428 -0.330383 -0.662291
v 0.115699 -0.276585 -0.638656
v 0.0704403 -0.246421 -0.653742
v 0.348497 -0.330383 -0.660812
v 0.288153 -0.330383 -0.645726
v 0.267021 -0.330383 -0.638183
v 0.21871 -0.324368 -0.626085
v 0.0528206 -0.248942 -0.641171
v 0.0377345 -0.23386 -0.641171
v 0.0226483 -0.203681 -0.641171
v 0.0251819 -0.186077 -0.653742
v 0.040268 -0.175233 -0.668828
v 0.124624 -0.175233 -0.692049
v 0.452603 -0.326874 -0.653742
v 0.452603 -0.330383 -0.655517
v 0.393756 -0.330383 -0.66306
v 0.098079 -0.279107 -0.626085
v 0.235006 -0.330383 -0.624901
v 0.224756 -0.330383 -0.62008
v 0.0528206 -0.264009 -0.610999
v 0.040268 -0.261503 -0.593398
v 0.040268 -0.246421 -0.62357
v 0.0829928 -0.279107 -0.610999
v 0.0226483 -0.23386 -0.610999
v -0.0653349 -0.186077 -0.47274
v -0.0675229 -0.175233 -0.474899
v 0.0251819 -0.175233 -0.653742
v 0.186926 -0.175233 -0.660901
v 0.482775 -0.326874 -0.638656
v 0.482775 -0.330383 -0.640431
v 0.17351 -0.324368 -0.595913
v 0.191647 -0.330383 -0.592925
v 0.128251 -0.309271 -0.580827
v -0.00499036 -0.261503 -0.442568
v -0.0351626 -0.246421 -0.427482
v -0.0200765 -0.246421 -0.47274
v 0.0251819 -0.246421 -0.593398
v 0.115699 -0.306765 -0.563226
v 0.158423 -0.324368 -0.580827
v -0.0502487 -0.216257 -0.47274
v -0.0678684 -0.188598 -0.460168
v -0.0783481 -0.175233 -0.440438
v 0.189172 -0.175233 -0.659747
v 0.493255 -0.330383 -0.635166
v 0.407345 -0.281613 -0.638656
v 0.429974 -0.279107 -0.622328
v 0.185544 -0.330383 -0.586861
v -0.0251436 -0.251464 -0.417424
v 0.159402 -0.330383 -0.549678
v 0.0251819 -0.276585 -0.442568
v 0.0151053 -0.271558 -0.437539
v -0.0351626 -0.246421 -0.391808
v -0.0653349 -0.201175 -0.442568
v 0.145871 -0.321847 -0.563226
v 0.170458 -0.330383 -0.571745
v 0.169479 -0.330383 -0.569793
v -0.070402 -0.191105 -0.43251
v -0.0783481 -0.175233 -0.391808
v 0.220438 -0.175233 -0.636556
v 0.369629 -0.23386 -0.607242
v 0.496307 -0.330383 -0.632859
v 0.414888 -0.264009 -0.607242
v 0.475232 -0.309271 -0.622328
v 0.490318 -0.324368 -0.629871
v -0.0251436 -0.251464 -0.391808
v 0.0452775 -0.28664 -0.437539
v 0.0443562 -0.286184 -0.391808
v 0.157675 -0.330383 -0.536367
v -0.0653349 -0.201175 -0.391808
v -0.0680987 -0.195692 -0.391808
v -0.070402 -0.191105 -0.391808
v 0.236733 -0.175233 -0.391808
v 0.232127 -0.175233 -0.624901
v 0.279055 -0.188598 -0.607242
v 0.339457 -0.218763 -0.607242
v 0.324313 -0.203681 -0.592156
v 0.326847 -0.201175 -0.578312
v 0.372105 -0.231339 -0.593398
v 0.497055 -0.330383 -0.632119
v 0.417364 -0.261503 -0.593398
v 0.477708 -0.306765 -0.608484
v 0.492794 -0.321847 -0.62357
v 0.0452775 -0.28664 -0.391808
v 0.157675 -0.330383 -0.526517
v 0.221762 -0.206855 -0.391808
v 0.286598 -0.28664 -0.422453
v 0.362086 -0.330383 -0.452625
v 0.362086 -0.301737 -0.452625
v 0.382182 -0.29671 -0.462682
v 0.442526 -0.326874 -0.492854
v 0.460146 -0.324368 -0.505426
v 0.505289 -0.330383 -0.535717
v 0.399801 -0.264009 -0.49034
v 0.354543 -0.23386 -0.475254
v 0.367096 -0.236366 -0.492854
v 0.382182 -0.236366 -0.523026
v 0.306751 -0.191105 -0.492854
v 0.291665 -0.176022 -0.523026
v 0.290053 -0.175233 -0.524624
v 0.247213 -0.175233 -0.609815
v 0.294141 -0.188598 -0.592156
v 0.296675 -0.186077 -0.578312
v 0.357019 -0.216257 -0.563226
v 0.284986 -0.175233 -0.553642
v 0.290053 -0.175233 -0.53971
v 0.382182 -0.236366 -0.583341
v 0.502871 -0.326874 -0.613513
v 0.504598 -0.330383 -0.617033
v 0.42744 -0.26653 -0.583341
v 0.487785 -0.311792 -0.598427
v 0.159921 -0.330383 -0.510691
v 0.162915 -0.330383 -0.496345
v 0.175007 -0.330383 -0.465433
v 0.181053 -0.330383 -0.456352
v 0.190035 -0.330383 -0.451856
v 0.196139 -0.330383 -0.449549
v 0.196139 -0.326874 -0.442568
v 0.271512 -0.330383 -0.43677
v 0.106083 -0.28664 -0.391808
v 0.217328 -0.21492 -0.391808
v 0.201206 -0.231339 -0.391808
v 0.271512 -0.301737 -0.422453
v 0.286598 -0.303621 -0.42621
v 0.31677 -0.316819 -0.437539
v 0.304736 -0.330383 -0.440556
v 0.392258 -0.330383 -0.467711
v 0.392258 -0.316819 -0.467711
v 0.442526 -0.330383 -0.492854
v 0.509896 -0.330383 -0.546188
v 0.42744 -0.26653 -0.538113
v 0.412354 -0.26653 -0.50794
v 0.367096 -0.221284 -0.538113
v 0.291665 -0.176022 -0.538113
v 0.260572 -0.175233 -0.596445
v 0.267424 -0.175233 -0.589582
v 0.28251 -0.175233 -0.55941
v 0.367096 -0.221284 -0.553169
v 0.509896 -0.330383 -0.591446
v 0.506844 -0.330383 -0.610289
v 0.412354 -0.251464 -0.553169
v 0.487785 -0.311792 -0.553169
v 0.226253 -0.330383 -0.444313
v 0.286598 -0.330383 -0.437184
v 0.122551 -0.28298 -0.391808
v 0.171034 -0.261503 -0.391808
v 0.151226 -0.271406 -0.391808
v 0.15088 -0.271558 -0.391808
f 746 747 748
f 746 748 749
f 746 749 750
f 746 750 751
f 746 751 752
f 746 752 753
f 746 753 766
f 746 766 767
f 746 767 754
f 746 754 769
f 746 769 755
f 746 755 747
f 747 756 757
f 747 757 749
f 747 749 748
f 747 755 756
f 749 757 758
f 749 758 759
f 749 759 778
f 749 778 760
f 749 760 761
f 749 761 750
f 750 761 762
f 750 762 763
f 750 763 764
f 750 764 765
f 750 765 751
f 751 765 752
f 752 765 764
f 752 764 763
f 752 763 781
f 752 781 796
f 752 796 795
f 752 795 811
f 752 811 827
f 752 827 841
f 752 841 868
f 752 868 874
f 752 874 873
f 752 873 905
f 752 905 904
f 752 904 903
f 752 903 869
f 752 869 842
f 752 842 828
f 752 828 812
f 752 812 797
f 752 797 782
f 752 782 766
f 752 766 753
f 754 767 768
f 754 768 769
f 755 769 768
f 755 768 785
f 755 785 784
f 755 784 799
f 755 799 813
f 755 813 830
f 755 830 848
f 755 848 877
f 755 877 908
f 755 908 907
f 755 907 898
f 755 898 861
f 755 861 897
f 755 897 895
f 755 895 856
f 755 856 894
f 755 894 912
f 755 912 887
f 755 887 911
f 755 911 885
f 755 885 884
f 755 884 883
f 755 883 882
f 755 882 881
f 755 881 880
f 755 880 853
f 755 853 837
f 755 837 818
f 755 818 825
f 755 825 824
f 755 824 816
f 755 816 801
f 755 801 788
f 755 788 787
f 755 787 775
f 755 775 774
f 755 774 773
f 755 773 770
f 755 770 756
f 756 771 772
f 756 772 758
f 756 758 757
f 756 770 773
f 756 773 774
f 756 774 775
f 756 775 776
f 756 776 771
f 758 772 777
f 758 777 759
f 759 777 778
f 760 778 779
f 760 779 761
f 761 779 780
f 761 780 796
f 761 796 781
f 761 781 762
f 762 781 763
f 766 782 783
f 766 783 784
f 766 784 785
f 766 785 768
f 766 768 767
f 771 786 777
f 771 777 772
f 771 776 786
f 775 787 776
f 776 787 788
f 776 788 786
f 777 789 790
f 777 790 791
f 777 791 778
f 777 786 792
f 777 792 789
f 778 791 806
f 778 806 793
f 778 793 779
f 779 793 794
f 779 794 795
f 779 795 780
f 780 795 796
f 782 797 783
f 783 798 799
f 783 799 784
f 783 797 798
f 786 800 808
f 786 808 792
f 786 788 800
f 788 801 800
f 789 792 808
f 789 808 802
f 789 802 807
f 789 807 790
f 790 803 804
f 790 804 805
f 790 805 809
f 790 809 806
f 790 806 791
f 790 807 803
f 793 806 809
f 793 809 794
f 794 809 810
f 794 810 811
f 794 811 795
f 797 812 798
f 798 813 799
f 798 812 814
f 798 814 815
f 798 815 813
f 800 801 816
f 800 816 808
f 802 808 807
f 803 817 804
f 803 807 818
f 803 818 819
f 803 819 835
f 803 835 820
f 803 820 817
f 804 821 838
f 804 838 822
f 804 822 809
f 804 809 805
f 804 817 834
f 804 834 821
f 807 808 823
f 807 823 818
f 808 816 824
f 808 824 825
f 808 825 818
f 808 818 823
f 809 822 810
f 810 822 811
f 811 826 840
f 811 840 827
f 811 822 826
f 812 828 829
f 812 829 815
f 812 815 814
f 813 815 830
f 815 829 831
f 815 831 832
f 815 832 833
f 815 833 830
f 817 820 835
f 817 835 836
f 817 836 834
f 818 837 835
f 818 835 819
f 821 834 836
f 821 836 852
f 821 852 888
f 821 888 913
f 821 913 916
f 821 916 915
f 821 915 914
f 821 914 890
f 821 890 889
f 821 889 854
f 821 854 841
f 821 841 827
f 821 827 840
f 821 840 839
f 821 839 838
f 822 838 839
f 822 839 826
f 826 839 840
f 828 842 843
f 828 843 844
f 828 844 829
f 829 844 845
f 829 845 846
f 829 846 847
f 829 847 831
f 830 833 848
f 831 849 850
f 831 850 832
f 831 847 849
f 832 850 851
f 832 851 833
f 833 851 848
f 835 852 836
f 835 837 853
f 835 853 852
f 841 854 855
f 841 855 856
f 841 856 857
f 841 857 858
f 841 858 859
f 841 859 860
f 841 860 861
f 841 861 862
f 841 862 863
f 841 863 864
f 841 864 865
f 841 865 866
f 841 866 867
f 841 867 868
f 842 869 870
f 842 870 843
f 843 870 844
f 844 870 845
f 845 870 871
f 845 871 846
f 846 872 847
f 846 871 873
f 846 873 874
f 846 874 872
f 847 872 906
f 847 906 875
f 847 875 878
f 847 878 849
f 848 851 876
f 848 876 877
f 849 878 879
f 849 879 850
f 850 879 876
f 850 876 851
f 852 853 880
f 852 880 881
f 852 881 882
f 852 882 883
f 852 883 884
f 852 884 885
f 852 885 886
f 852 886 887
f 852 887 888
f 854 889 855
f 855 889 890
f 855 890 891
f 855 891 892
f 855 892 856
f 856 892 893
f 856 893 894
f 856 895 896
f 856 896 857
f 857 896 859
f 857 859 858
f 859 896 895
f 859 895 897
f 859 897 861
f 859 861 860
f 861 898 899
f 861 899 900
f 861 900 862
f 862 900 864
f 862 864 863
f 864 900 899
f 864 899 865
f 865 899 901
f 865 901 866
f 866 901 867
f 867 902 874
f 867 874 868
f 867 901 906
f 867 906 902
f 869 903 870
f 870 903 904
f 870 904 871
f 871 904 905
f 871 905 873
f 872 874 902
f 872 902 906
f 875 906 878
f 876 907 908
f 876 908 877
f 876 879 907
f 878 909 879
f 878 906 909
f 879 910 898
f 879 898 907
f 879 909 910
f 885 911 886
f 886 911 887
f 887 912 888
f 888 912 913
f 890 914 891
f 891 912 894
f 891 894 892
f 891 914 915
f 891 915 916
f 891 916 913
f 891 913 912
f 892 894 893
f 898 910 909
f 898 909 899
f 899 909 901
f 901 909 906
o convex_6
v 0.271566 0.181042 -0.0321668
v 0.187593 0.261524 0.0804815
v 0.187593 0.271573 0.0778879
v 0.1355 0.377074 0.467753
v 0.187593 0.256489 0.0905621
v 0.276595 0.170986 -0.0321668
v 0.301741 0.15378 -0.0321668
v 0.286721 0.162104 -0.0321668
v 0.276595 0.170986 -0.010053
v 0.298481 0.155052 -0.0321668
v 0.187593 0.271573 0.271523
v 0.301741 0.154644 -0.028287
v 0.309281 0.154644 -0.0226273
v 0.181049 0.377188 0.663816
v 0.165961 0.380957 0.665698
v 0.155906 0.382208 0.653761
v 0.145851 0.387243 0.643707
v 0.140817 0.397299 0.668843
v 0.158416 0.384725 0.667581
v 0.143328 0.399817 0.675132
v 0.135784 0.407355 0.663816
v 0.140817 0.407355 0.67387
v 0.145851 0.42243 0.683925
v 0.150872 0.407355 0.684567
v 0.158416 0.399817 0.682684
v 0.181049 0.387243 0.683925
v 0.20367 0.380957 0.671368
v 0.196125 0.387243 0.683925
v 0.211214 0.38661 0.678897
v 0.218758 0.396048 0.686449
v 0.211214 0.397299 0.688952
v 0.211214 0.407355 0.693979
v 0.221269 0.402335 0.688952
v 0.233846 0.396048 0.671368
v 0.226302 0.38661 0.663816
v 0.324369 0.169728 0.00754936
v 0.196125 0.377188 0.663816
v 0.329915 0.158805 -0.0321668
v 0.331909 0.160301 -0.0301736
v 0.333903 0.160799 -0.0321668
v 0.3413 0.168661 -0.0321668
v 0.339457 0.169728 -0.0226273
v 0.336938 0.176014 3.13604e-06
v 0.343227 0.179155 -0.0150811
v 0.342132 0.170071 -0.0321668
v 0.346502 0.178801 -0.0321668
v 0.347499 0.181292 -0.0321668
v 0.343225 0.194254 0.0151044
v 0.339453 0.19238 0.0226404
v 0.236357 0.402335 0.67387
v 0.231324 0.41239 0.683925
v 0.211214 0.437521 0.693979
v 0.181049 0.407355 0.693979
v 0.173505 0.399817 0.690214
v 0.158416 0.414892 0.690214
v 0.165961 0.42243 0.693979
v 0.15465 0.429967 0.686449
v 0.147106 0.46015 0.671368
v 0.160939 0.432485 0.688952
v 0.176015 0.477743 0.67387
v 0.196125 0.437521 0.693979
v 0.201159 0.487799 0.668843
v 0.216235 0.457632 0.683925
v 0.233846 0.475225 0.671368
v 0.228813 0.455114 0.681422
v 0.231324 0.442541 0.683925
v 0.236357 0.447577 0.67387
v 0.24139 0.452596 0.663816
v 0.251445 0.437521 0.638679
v 0.24139 0.467688 0.648734
v 0.346998 0.211235 0.0151044
v 0.252701 0.429967 0.641182
v 0.24139 0.407355 0.663816
v 0.346998 0.196151 3.24307e-05
v 0.347389 0.209226 -0.0321668
v 0.346998 0.211235 -0.0321668
v 0.336932 0.231355 -0.0321668
v 0.316817 0.241404 -0.0321668
v 0.318815 0.15603 -0.0321668
v 0.299739 0.240411 -0.0321668
v 0.301727 0.240659 -0.0321668
v 0.294181 0.252717 -0.00750355
v 0.301727 0.256489 3.24307e-05
v 0.187593 0.285032 0.0897302
v 0.187593 0.282186 0.0840048
v 0.187593 0.279454 0.0794049
v 0.1355 0.399833 0.467753
v 0.187593 0.278122 0.0787198
v 0.271561 0.211235 -0.0321668
v 0.274833 0.225958 -0.0321668
v 0.27632 0.228691 -0.0321668
v 0.284648 0.234246 -0.0321668
v 0.28864 0.236233 -0.0321668
v 0.1355 0.377074 0.482502
v 0.1355 0.40266 0.5545
v 0.1355 0.407355 0.48279
v 0.145851 0.472724 0.618548
v 0.139562 0.475225 0.641182
v 0.135784 0.452596 0.618548
v 0.135784 0.452596 0.648734
v 0.135784 0.437521 0.663816
v 0.139562 0.445059 0.671368
v 0.147106 0.475225 0.656264
v 0.143328 0.47901 0.641182
v 0.160939 0.487799 0.648734
v 0.181049 0.497854 0.648734
v 0.176015 0.492835 0.658788
v 0.169739 0.490317 0.656264
v 0.162194 0.475225 0.671368
v 0.186082 0.487799 0.668843
v 0.164077 0.467688 0.675132
v 0.196125 0.497854 0.648734
v 0.196125 0.497854 0.633652
v 0.20618 0.492835 0.628603
v 0.236357 0.477743 0.643707
v 0.236357 0.477743 0.628603
v 0.24139 0.467688 0.633652
v 0.216235 0.487799 0.653761
v 0.213724 0.485297 0.66634
v 0.326883 0.251453 0.0100641
v 0.324362 0.248946 -0.00373557
v 0.316817 0.252717 -0.00187604
v 0.181049 0.497854 0.633652
v 0.173505 0.494085 0.6261
v 0.165961 0.488432 0.618548
f 918 919 917
f 918 920 919
f 918 921 920
f 918 922 921
f 918 917 922
f 922 917 923
f 924 922 923
f 924 925 922
f 926 925 924
f 926 927 925
f 926 928 927
f 926 923 928
f 926 924 923
f 928 923 929
f 928 929 930
f 928 930 931
f 928 931 927
f 932 927 931
f 933 927 932
f 933 934 927
f 933 932 934
f 935 934 932
f 936 934 935
f 936 937 934
f 936 938 937
f 936 939 938
f 936 940 939
f 936 941 940
f 936 942 941
f 936 935 942
f 935 931 942
f 935 932 931
f 930 942 931
f 943 942 930
f 943 944 942
f 945 944 943
f 946 944 945
f 946 947 944
f 946 948 947
f 946 949 948
f 946 950 949
f 946 945 950
f 945 951 950
f 945 952 951
f 945 943 952
f 943 929 952
f 943 953 929
f 943 930 953
f 929 953 930
f 954 952 929
f 955 952 954
f 955 956 952
f 955 954 956
f 956 954 957
f 958 956 957
f 958 959 956
f 958 960 959
f 958 957 960
f 961 960 957
f 961 962 960
f 961 957 962
f 962 957 963
f 962 963 960
f 960 963 964
f 960 964 959
f 965 959 964
f 965 950 959
f 965 964 950
f 950 964 966
f 949 950 966
f 949 966 967
f 949 967 948
f 968 948 967
f 969 948 968
f 970 948 969
f 970 947 948
f 970 944 947
f 970 942 944
f 970 941 942
f 940 941 970
f 940 970 971
f 940 971 939
f 972 939 971
f 973 939 972
f 973 974 939
f 973 975 974
f 973 972 975
f 972 976 975
f 977 976 972
f 977 978 976
f 977 968 978
f 977 972 968
f 972 969 968
f 972 971 969
f 970 969 971
f 979 978 968
f 979 980 978
f 979 968 980
f 981 980 968
f 981 982 980
f 981 968 982
f 982 968 967
f 982 967 983
f 982 983 980
f 984 980 983
f 985 980 984
f 985 986 980
f 985 987 986
f 985 988 987
f 985 984 988
f 984 989 988
f 984 983 989
f 989 983 967
f 989 967 966
f 989 966 964
f 989 964 988
f 987 988 964
f 990 987 964
f 990 963 987
f 990 964 963
f 991 987 963
f 991 992 987
f 991 963 992
f 963 993 992
f 963 994 993
f 963 917 994
f 963 957 917
f 957 923 917
f 954 923 957
f 995 923 954
f 995 929 923
f 995 954 929
f 996 994 917
f 997 994 996
f 998 994 997
f 998 999 994
f 998 1000 999
f 998 1001 1000
f 998 996 1001
f 998 997 996
f 1002 1001 996
f 1002 1003 1001
f 1004 1003 1002
f 1004 919 1003
f 1004 1005 919
f 1004 1006 1005
f 1004 1002 1006
f 1002 1007 1006
f 1002 1008 1007
f 1002 1009 1008
f 1002 996 1009
f 1009 996 1008
f 1008 996 1007
f 996 917 1007
f 1006 1007 917
f 1006 917 1005
f 919 1005 917
f 919 920 1003
f 1003 920 1010
f 1011 1003 1010
f 1012 1003 1011
f 1012 1001 1003
f 1012 1000 1001
f 1012 1013 1000
f 1012 1014 1013
f 1012 1015 1014
f 1012 1016 1015
f 1012 1011 1016
f 1017 1016 1011
f 1017 1018 1016
f 1017 937 1018
f 1017 1011 937
f 937 1011 1010
f 937 1010 934
f 1010 927 934
f 921 927 1010
f 921 925 927
f 922 925 921
f 921 1010 920
f 937 938 1018
f 938 939 1018
f 974 1018 939
f 974 1014 1018
f 1019 1014 974
f 1019 1020 1014
f 1021 1020 1019
f 1021 1022 1020
f 1021 1023 1022
f 1024 1023 1021
f 1024 1019 1023
f 1024 1021 1019
f 1023 1019 1025
f 1026 1023 1025
f 1026 978 1023
f 1026 976 978
f 1026 1025 976
f 1027 976 1025
f 1027 975 976
f 1027 1025 975
f 1025 974 975
f 1025 1019 974
f 1023 978 1028
f 1023 1028 1022
f 1028 1029 1022
f 1028 1030 1029
f 1031 1030 1028
f 1031 1032 1030
f 1031 1033 1032
f 1031 986 1033
f 1031 980 986
f 1031 1034 980
f 1031 1028 1034
f 1035 1034 1028
f 1035 980 1034
f 1035 978 980
f 1035 1028 978
f 1033 986 992
f 1033 992 1032
f 993 1032 992
f 993 1036 1032
f 1037 1036 993
f 1037 1032 1036
f 1037 1030 1032
f 1037 1038 1030
f 1037 994 1038
f 1037 993 994
f 1038 994 999
f 1038 999 1029
f 1030 1038 1029
f 1039 1029 999
f 1039 1022 1029
f 1039 1020 1022
f 1039 1040 1020
f 1039 1000 1040
f 1039 999 1000
f 1040 1000 1041
f 1040 1041 1020
f 1020 1041 1013
f 1020 1013 1014
f 1000 1013 1041
f 987 992 986
f 1016 1018 1014
f 1015 1016 1014
f 959 950 951
f 959 951 952
f 956 959 952
o convex_7
v 0.135488 0.402634 0.554495
v 0.128227 0.399798 0.554407
v 0.135488 0.397378 0.553212
v 0.135488 0.40742 0.542859
v 0.100568 0.417394 0.538081
v 0.0854866 0.417394 0.538081
v -0.0327083 0.377173 0.528038
v -0.0327083 0.375479 0.527197
v -0.0327083 0.367104 0.522994
v 0.135488 0.397257 0.552991
v -0.0150753 0.367104 0.522994
v -0.00753484 0.365854 0.520472
v 0.00754616 0.350784 0.490299
v 0.135488 0.40742 0.528038
v 0.105606 0.418658 0.526135
v 0.113146 0.414881 0.535559
v 0.0905082 0.422422 0.528038
v 0.0527892 0.418658 0.520472
v 0.00754616 0.403575 0.520472
v -0.0327083 0.387228 0.522994
v -0.0327083 0.362076 0.512951
v 0.135488 0.392323 0.543125
v -0.0150753 0.362076 0.512951
v 5.66193e-06 0.357049 0.502864
v 5.66193e-06 0.347007 0.482777
v 0.0678866 0.335688 0.445038
v 0.135488 0.407339 0.482777
v 5.66193e-06 0.362076 0.301778
v -0.0327083 0.374027 0.345402
v -0.0327083 0.377173 0.359516
v -0.0327083 0.386919 0.512597
v -0.0327083 0.350784 0.482114
v -0.0301728 0.350784 0.484635
v -0.0150753 0.347007 0.482777
v 0.113146 0.320605 0.399777
v 0.135488 0.301744 0.346995
v 0.0603461 0.331924 0.437516
v 0.135488 0.290425 0.318458
v 0.105606 0.316827 0.392256
v 0.135488 0.301744 0.135822
v 0.120687 0.316827 0.181083
v 0.0151031 0.347007 0.256518
v -0.0327083 0.362076 0.301778
v -0.0327083 0.285102 0.240856
v 0.0151031 0.331924 0.437516
v 0.135488 0.286728 0.301778
v 0.0905082 0.301744 0.346995
v 0.135488 0.30165 0.135601
v 0.120687 0.301744 0.135822
v 0.00754616 0.343229 0.248952
v 0.113146 0.29798 0.128257
v -0.0327083 0.36123 0.300053
v -0.0327083 0.285102 0.195595
v -0.0311936 0.285102 0.240369
v 0.135488 0.286661 0.301469
v 0.135488 0.285102 0.102507
v -0.0327083 0.345743 0.269038
v 0.00754616 0.328146 0.218778
v 0.132672 0.285102 0.102507
v 0.120687 0.291689 0.115692
v 0.105606 0.292321 0.120735
v 0.0678866 0.29798 0.143344
v -0.0327083 0.300051 0.210416
v -0.0226158 0.290425 0.188604
v -0.0324942 0.285102 0.195374
v 0.116554 0.285102 0.176924
v 0.135488 0.285102 0.162899
v -0.0327083 0.342396 0.262358
v 5.66193e-06 0.322487 0.211257
v 0.0998268 0.285102 0.11494
v 0.0754271 0.291689 0.130779
v -0.0327083 0.315147 0.225503
v -0.0150753 0.285102 0.178605
v -0.0226158 0.305522 0.203691
v -0.0327083 0.337059 0.252315
v 5.66193e-06 0.306772 0.191126
v -0.00753484 0.313063 0.203691
v 0.06978 0.285102 0.128876
v 0.0580083 0.285102 0.135026
v 0.0395027 0.285102 0.145113
v -0.0327083 0.318104 0.228866
f 1042 1043 1044
f 1042 1044 1051
f 1042 1051 1063
f 1042 1063 1077
f 1042 1077 1079
f 1042 1079 1087
f 1042 1087 1096
f 1042 1096 1108
f 1042 1108 1097
f 1042 1097 1089
f 1042 1089 1081
f 1042 1081 1068
f 1042 1068 1055
f 1042 1055 1045
f 1042 1045 1046
f 1042 1046 1047
f 1042 1047 1043
f 1043 1047 1048
f 1043 1048 1049
f 1043 1049 1050
f 1043 1050 1044
f 1044 1050 1052
f 1044 1052 1053
f 1044 1053 1054
f 1044 1054 1051
f 1045 1055 1056
f 1045 1056 1057
f 1045 1057 1046
f 1046 1057 1058
f 1046 1058 1047
f 1047 1058 1059
f 1047 1059 1060
f 1047 1060 1061
f 1047 1061 1048
f 1048 1061 1072
f 1048 1072 1071
f 1048 1071 1070
f 1048 1070 1084
f 1048 1084 1093
f 1048 1093 1098
f 1048 1098 1109
f 1048 1109 1116
f 1048 1116 1122
f 1048 1122 1113
f 1048 1113 1104
f 1048 1104 1094
f 1048 1094 1085
f 1048 1085 1073
f 1048 1073 1062
f 1048 1062 1050
f 1048 1050 1049
f 1050 1062 1064
f 1050 1064 1052
f 1051 1054 1063
f 1052 1064 1065
f 1052 1065 1053
f 1053 1065 1054
f 1054 1066 1067
f 1054 1067 1063
f 1054 1065 1066
f 1055 1068 1056
f 1056 1058 1057
f 1056 1068 1058
f 1058 1068 1069
f 1058 1069 1070
f 1058 1070 1059
f 1059 1070 1071
f 1059 1071 1060
f 1060 1072 1061
f 1060 1071 1072
f 1062 1073 1074
f 1062 1074 1075
f 1062 1075 1066
f 1062 1066 1064
f 1063 1067 1076
f 1063 1076 1077
f 1064 1066 1065
f 1066 1078 1067
f 1066 1075 1079
f 1066 1079 1078
f 1067 1078 1080
f 1067 1080 1076
f 1068 1081 1082
f 1068 1082 1069
f 1069 1082 1083
f 1069 1083 1084
f 1069 1084 1070
f 1073 1085 1074
f 1074 1085 1075
f 1075 1086 1079
f 1075 1085 1086
f 1076 1080 1077
f 1077 1080 1079
f 1078 1079 1080
f 1079 1085 1087
f 1079 1086 1088
f 1079 1088 1085
f 1081 1089 1090
f 1081 1090 1083
f 1081 1083 1082
f 1083 1091 1084
f 1083 1090 1092
f 1083 1092 1091
f 1084 1091 1093
f 1085 1094 1106
f 1085 1106 1114
f 1085 1114 1121
f 1085 1121 1120
f 1085 1120 1119
f 1085 1119 1111
f 1085 1111 1100
f 1085 1100 1097
f 1085 1097 1108
f 1085 1108 1107
f 1085 1107 1095
f 1085 1095 1096
f 1085 1096 1087
f 1085 1088 1086
f 1089 1097 1092
f 1089 1092 1090
f 1091 1098 1093
f 1091 1092 1099
f 1091 1099 1098
f 1092 1097 1100
f 1092 1100 1101
f 1092 1101 1102
f 1092 1102 1103
f 1092 1103 1099
f 1094 1104 1105
f 1094 1105 1106
f 1095 1107 1096
f 1096 1107 1108
f 1098 1099 1109
f 1099 1103 1110
f 1099 1110 1109
f 1100 1111 1112
f 1100 1112 1102
f 1100 1102 1101
f 1102 1112 1103
f 1103 1112 1110
f 1104 1113 1115
f 1104 1115 1105
f 1105 1114 1106
f 1105 1115 1114
f 1109 1110 1116
f 1110 1112 1117
f 1110 1117 1118
f 1110 1118 1116
f 1111 1119 1112
f 1112 1119 1120
f 1112 1120 1121
f 1112 1121 1117
f 1113 1122 1115
f 1114 1115 1121
f 1115 1118 1117
f 1115 1117 1121
f 1115 1122 1116
f 1115 1116 1118
o convex_8
v 0.135488 0.285092 0.16285
v 0.116554 0.285092 0.176906
v 0.135488 0.184228 0.00684723
v 0.135488 0.285092 0.102512
v -0.0311936 0.285092 0.240343
v -0.0327083 0.282851 0.238847
v 5.66193e-06 0.251441 0.186071
v 0.00754616 0.245161 0.173485
v 0.0527892 0.230083 0.128218
v 0.0678866 0.214996 0.0980759
v 0.120045 0.184228 0.014463
v 0.135488 0.184228 -0.0321401
v 0.135488 0.243384 -0.0321401
v 0.127124 0.247817 -0.0321401
v 0.0915125 0.257474 -0.0321401
v 0.132672 0.285092 0.102512
v -0.0327083 0.285092 0.240824
v -0.0327083 0.250918 0.196974
v -0.0301728 0.250819 0.196119
v -0.0327083 0.248913 0.19358
v 0.0226436 0.214996 0.113147
v 0.0786047 0.184228 0.0210633
v -0.0138899 0.184228 -0.0321401
v 0.0462694 0.257474 -0.0321401
v 0.0998268 0.285092 0.114911
v -0.0327083 0.285092 0.195557
v -0.0327083 0.226311 0.135781
v 0.029789 0.184228 0.0143027
v 0.0333617 0.184228 0.0151043
v -0.00853914 0.211224 -0.0321401
v -0.0138899 0.184228 -0.0301626
v -0.0327083 0.212488 0.0767251
v -0.0327083 0.213761 0.0729038
v -0.0327083 0.21776 0.0668914
v -0.0327083 0.226203 0.0566302
v -0.0327083 0.226706 0.0560957
v -0.0327083 0.228908 0.0552941
v -0.0327083 0.23508 0.0546795
v -0.0327083 0.236344 0.0553208
v 0.04352 0.256971 -0.0321401
v -0.0324942 0.285092 0.195344
v -0.0150753 0.285092 0.178562
v 0.0395027 0.285092 0.14508
v 0.0580083 0.285092 0.135006
v 0.06978 0.285092 0.12886
v 0.0288012 0.253702 -0.0321401
v 0.0262986 0.252705 -0.0321401
v -0.0327083 0.239829 0.0602109
v -0.0327083 0.215312 0.089418
v -0.0301728 0.214996 0.0924108
v -0.0150753 0.211224 0.0905403
v 0.0218534 0.184228 0.0103478
v -0.00297432 0.224317 -0.0321401
v -0.0327083 0.238249 0.0572181
v -0.0134948 0.184228 -0.0269827
v -0.0301728 0.211224 0.0754424
v 0.0140988 0.243384 -0.0321401
v -0.000652896 0.226973 -0.0321401
v -0.00514756 0.184228 -0.0111099
v 0.0115304 0.184228 0.00478965
v 0.013786 0.184228 0.00609902
v -0.0105807 0.184228 -0.0211573
f 1123 1124 1125
f 1123 1125 1134
f 1123 1134 1135
f 1123 1135 1126
f 1123 1126 1138
f 1123 1138 1147
f 1123 1147 1167
f 1123 1167 1166
f 1123 1166 1165
f 1123 1165 1164
f 1123 1164 1163
f 1123 1163 1148
f 1123 1148 1139
f 1123 1139 1127
f 1123 1127 1124
f 1124 1127 1128
f 1124 1128 1129
f 1124 1129 1130
f 1124 1130 1131
f 1124 1131 1132
f 1124 1132 1125
f 1125 1132 1133
f 1125 1133 1144
f 1125 1144 1151
f 1125 1151 1150
f 1125 1150 1174
f 1125 1174 1183
f 1125 1183 1182
f 1125 1182 1181
f 1125 1181 1184
f 1125 1184 1177
f 1125 1177 1153
f 1125 1153 1145
f 1125 1145 1134
f 1126 1135 1136
f 1126 1136 1137
f 1126 1137 1146
f 1126 1146 1138
f 1127 1139 1128
f 1128 1139 1148
f 1128 1148 1170
f 1128 1170 1176
f 1128 1176 1161
f 1128 1161 1160
f 1128 1160 1159
f 1128 1159 1158
f 1128 1158 1157
f 1128 1157 1156
f 1128 1156 1155
f 1128 1155 1154
f 1128 1154 1171
f 1128 1171 1149
f 1128 1149 1142
f 1128 1142 1140
f 1128 1140 1141
f 1128 1141 1129
f 1129 1141 1130
f 1130 1141 1142
f 1130 1142 1143
f 1130 1143 1132
f 1130 1132 1131
f 1132 1143 1133
f 1133 1143 1144
f 1134 1145 1152
f 1134 1152 1175
f 1134 1175 1180
f 1134 1180 1179
f 1134 1179 1169
f 1134 1169 1168
f 1134 1168 1162
f 1134 1162 1146
f 1134 1146 1137
f 1134 1137 1136
f 1134 1136 1135
f 1138 1146 1147
f 1140 1142 1141
f 1142 1149 1143
f 1143 1149 1150
f 1143 1150 1151
f 1143 1151 1144
f 1145 1153 1154
f 1145 1154 1155
f 1145 1155 1156
f 1145 1156 1157
f 1145 1157 1158
f 1145 1158 1159
f 1145 1159 1160
f 1145 1160 1161
f 1145 1161 1152
f 1146 1162 1163
f 1146 1163 1164
f 1146 1164 1165
f 1146 1165 1166
f 1146 1166 1167
f 1146 1167 1147
f 1148 1163 1162
f 1148 1162 1168
f 1148 1168 1169
f 1148 1169 1170
f 1149 1171 1172
f 1149 1172 1173
f 1149 1173 1150
f 1150 1173 1174
f 1152 1161 1176
f 1152 1176 1175
f 1153 1177 1154
f 1154 1177 1178
f 1154 1178 1172
f 1154 1172 1171
f 1169 1179 1170
f 1170 1179 1180
f 1170 1180 1176
f 1172 1178 1181
f 1172 1181 1182
f 1172 1182 1173
f 1173 1182 1183
f 1173 1183 1174
f 1175 1176 1180
f 1177 1184 1178
f 1178 1184 1181
o convex_9
v 0.0905047 -0.211218 0.0603499
v 0.0679115 -0.203674 0.0528165
v 0.0947368 -0.20698 0.0519166
v 0.107477 -0.207446 0.0603499
v 0.105604 -0.211218 0.0754424
v 0.0754499 -0.211218 0.0754424
v -0.0050261 -0.155887 0.0553362
v -0.0043428 -0.155201 0.0519166
v 0.0683523 -0.203208 0.0519166
v 0.0553254 -0.201151 0.0704287
v 0.09747 -0.206368 0.0519166
v 0.109373 -0.203674 0.0528165
v 0.136815 -0.193999 0.0519166
v 0.135779 -0.19613 0.0603499
v 0.105604 -0.211218 0.105627
v 0.0754499 -0.211218 0.0905349
v -0.0290521 -0.136341 0.0519166
v 0.0553254 -0.201151 0.0854955
v -0.0290521 -0.136047 0.135658
v -0.0290521 -0.136341 0.120154
v 0.108712 -0.203208 0.0519166
v 0.141268 -0.191794 0.0519166
v 0.155882 -0.186063 0.0603499
v 0.165955 -0.181042 0.0754424
v 0.135779 -0.19613 0.12072
v 0.113142 -0.207446 0.113161
v 0.128219 -0.192358 0.158438
v 0.0980652 -0.207446 0.128253
v 0.0905047 -0.211218 0.105627
v 0.0653986 -0.206172 0.0955743
v 0.0754499 -0.207446 0.107504
v -0.0290521 0.0390089 0.0519166
v -0.0290521 -0.131712 0.156844
v 0.145985 -0.189027 0.0519166
v 0.177263 -0.173498 0.067909
v 0.176006 -0.175996 0.0754424
v 0.169724 -0.173498 0.0528165
v 0.173493 -0.17727 0.113161
v 0.165955 -0.181042 0.105627
v 0.143318 -0.192358 0.128253
v 0.140805 -0.186063 0.150879
v 0.173493 -0.162182 0.143346
v 0.135779 -0.181042 0.165972
v 0.12068 -0.186063 0.171011
v 0.0905047 -0.186063 0.171011
v 0.0905047 -0.207446 0.122597
v 0.0905047 -0.19613 0.150879
v 0.0679115 -0.203674 0.109381
v -0.0290521 -0.117187 0.212946
v -0.0251286 -0.130732 0.171011
v 0.0804755 -0.191084 0.155919
v 0.181032 0.0390089 0.0519166
v -0.0290521 0.0390089 0.306792
v 0.169041 -0.173032 0.0519166
v 0.18641 -0.15307 0.0519166
v 0.191678 -0.144203 0.0519166
v 0.19234 -0.143321 0.0528165
v 0.196131 -0.135777 0.0603499
v 0.196131 -0.135777 0.0905349
v 0.181032 -0.165954 0.105627
v 0.176006 -0.175996 0.105627
v 0.177263 -0.16784 0.12072
v 0.176006 -0.155887 0.145866
v 0.158395 -0.154638 0.173505
v 0.143318 -0.169726 0.173505
v 0.0980652 -0.0339575 0.279101
v 0.0754499 -0.0502948 0.276582
v 0.0301752 -0.0502948 0.291674
v 0.0150984 -0.0804709 0.276582
v -0.0290521 -0.0804709 0.276582
v -0.0150773 -0.0955345 0.261489
v -0.0290521 -0.101266 0.244674
v 0.0829883 -0.188586 0.162192
v -0.0290521 -0.116819 0.213692
v -0.0290521 -0.101731 0.243877
v 0.196131 -0.105601 0.0905349
v 0.196131 -0.120689 0.0603499
v 0.191899 -0.120689 0.0519166
v 0.18544 0.0390089 0.19428
v -0.0290521 0.0312934 0.310675
v 0.0905047 0.0390089 0.301727
v 0.191899 -0.140652 0.0519166
v 0.181032 -0.150866 0.135787
v 0.18544 0.0390089 0.196105
v 0.180834 0.0390089 0.210992
v 0.167917 0.0390089 0.241383
v 0.160907 0.025121 0.251436
v 0.160907 -0.140799 0.176025
v 0.158395 0.0113066 0.248916
v 0.143318 -0.00378142 0.264009
v 0.130754 -0.0201187 0.266529
v 0.113142 -0.0188695 0.279101
v 0.0980652 -0.00378142 0.294194
v 0.0905047 -0.0320715 0.282881
v 0.0452741 -0.0320715 0.297948
v 0.0301752 -0.0301855 0.301727
v 0.0150984 -0.0704285 0.281621
v -0.0290521 -0.0797361 0.276967
v -0.0290521 0.0162054 0.314557
v 0.0905047 0.0150787 0.301727
v 0.103025 0.0390089 0.295479
v 0.155882 0.0390089 0.261489
v 0.155882 0.0351879 0.261489
v 0.145831 0.0100575 0.266529
v 0.130754 0.025121 0.281621
v 0.128219 0.0113066 0.279101
v 0.100578 0.0100575 0.296688
v 0.0905047 -0.00189541 0.297948
v 0.0754499 -9.40036e-06 0.301727
v -0.0290521 -0.0301855 0.301727
v -0.0290521 0.00111731 0.314557
v -0.0290521 -0.0704285 0.281621
v 0.130754 0.0390089 0.281621
v 0.140805 0.0390089 0.276582
v 0.140805 0.0351879 0.276582
f 1185 1186 1187
f 1185 1187 1188
f 1185 1188 1189
f 1185 1189 1199
f 1185 1199 1213
f 1185 1213 1200
f 1185 1200 1190
f 1185 1190 1186
f 1186 1191 1192
f 1186 1192 1193
f 1186 1193 1187
f 1186 1190 1194
f 1186 1194 1191
f 1187 1195 1188
f 1187 1193 1192
f 1187 1192 1201
f 1187 1201 1216
f 1187 1216 1236
f 1187 1236 1262
f 1187 1262 1266
f 1187 1266 1240
f 1187 1240 1239
f 1187 1239 1238
f 1187 1238 1218
f 1187 1218 1206
f 1187 1206 1197
f 1187 1197 1205
f 1187 1205 1195
f 1188 1195 1196
f 1188 1196 1197
f 1188 1197 1198
f 1188 1198 1189
f 1189 1198 1208
f 1189 1208 1223
f 1189 1223 1209
f 1189 1209 1199
f 1190 1200 1202
f 1190 1202 1194
f 1191 1201 1192
f 1191 1194 1202
f 1191 1202 1203
f 1191 1203 1204
f 1191 1204 1201
f 1195 1205 1196
f 1196 1205 1197
f 1197 1206 1198
f 1198 1207 1208
f 1198 1206 1207
f 1199 1209 1224
f 1199 1224 1210
f 1199 1210 1211
f 1199 1211 1212
f 1199 1212 1213
f 1200 1214 1202
f 1200 1213 1230
f 1200 1230 1215
f 1200 1215 1214
f 1201 1204 1203
f 1201 1203 1217
f 1201 1217 1233
f 1201 1233 1258
f 1201 1258 1259
f 1201 1259 1256
f 1201 1256 1254
f 1201 1254 1282
f 1201 1282 1296
f 1201 1296 1294
f 1201 1294 1295
f 1201 1295 1283
f 1201 1283 1264
f 1201 1264 1237
f 1201 1237 1216
f 1202 1214 1203
f 1203 1214 1217
f 1206 1218 1207
f 1207 1219 1220
f 1207 1220 1208
f 1207 1218 1221
f 1207 1221 1219
f 1208 1220 1222
f 1208 1222 1223
f 1209 1223 1222
f 1209 1222 1224
f 1210 1224 1211
f 1211 1224 1222
f 1211 1222 1225
f 1211 1225 1226
f 1211 1226 1227
f 1211 1227 1228
f 1211 1228 1229
f 1211 1229 1212
f 1212 1230 1213
f 1212 1229 1231
f 1212 1231 1230
f 1214 1215 1232
f 1214 1232 1233
f 1214 1233 1234
f 1214 1234 1217
f 1215 1230 1235
f 1215 1235 1232
f 1216 1237 1265
f 1216 1265 1285
f 1216 1285 1297
f 1216 1297 1298
f 1216 1298 1286
f 1216 1286 1270
f 1216 1270 1269
f 1216 1269 1268
f 1216 1268 1263
f 1216 1263 1236
f 1217 1234 1233
f 1218 1238 1221
f 1219 1221 1239
f 1219 1239 1240
f 1219 1240 1241
f 1219 1241 1242
f 1219 1242 1243
f 1219 1243 1244
f 1219 1244 1245
f 1219 1245 1220
f 1220 1245 1222
f 1221 1238 1239
f 1222 1245 1246
f 1222 1246 1226
f 1222 1226 1225
f 1226 1246 1247
f 1226 1247 1248
f 1226 1248 1249
f 1226 1249 1227
f 1227 1249 1228
f 1228 1249 1250
f 1228 1250 1251
f 1228 1251 1252
f 1228 1252 1253
f 1228 1253 1254
f 1228 1254 1229
f 1229 1254 1255
f 1229 1255 1256
f 1229 1256 1257
f 1229 1257 1231
f 1230 1231 1235
f 1231 1257 1235
f 1232 1235 1233
f 1233 1235 1258
f 1235 1257 1259
f 1235 1259 1258
f 1236 1260 1261
f 1236 1261 1262
f 1236 1263 1260
f 1237 1264 1265
f 1240 1266 1241
f 1241 1266 1242
f 1242 1261 1260
f 1242 1260 1243
f 1242 1266 1262
f 1242 1262 1261
f 1243 1267 1246
f 1243 1246 1244
f 1243 1260 1268
f 1243 1268 1267
f 1244 1246 1245
f 1246 1267 1247
f 1247 1267 1269
f 1247 1269 1270
f 1247 1270 1271
f 1247 1271 1272
f 1247 1272 1248
f 1248 1272 1271
f 1248 1271 1273
f 1248 1273 1274
f 1248 1274 1275
f 1248 1275 1276
f 1248 1276 1250
f 1248 1250 1249
f 1250 1276 1277
f 1250 1277 1278
f 1250 1278 1251
f 1251 1278 1252
f 1252 1279 1280
f 1252 1280 1281
f 1252 1281 1253
f 1252 1278 1279
f 1253 1281 1282
f 1253 1282 1254
f 1254 1256 1255
f 1256 1259 1257
f 1260 1263 1268
f 1264 1283 1265
f 1265 1283 1295
f 1265 1295 1284
f 1265 1284 1285
f 1267 1268 1269
f 1270 1286 1287
f 1270 1287 1271
f 1271 1287 1288
f 1271 1288 1274
f 1271 1274 1273
f 1274 1288 1289
f 1274 1289 1290
f 1274 1290 1277
f 1274 1277 1276
f 1274 1276 1275
f 1277 1291 1292
f 1277 1292 1278
f 1277 1290 1289
f 1277 1289 1291
f 1278 1292 1279
f 1279 1292 1293
f 1279 1293 1280
f 1280 1294 1296
f 1280 1296 1281
f 1280 1293 1295
f 1280 1295 1294
f 1281 1296 1282
f 1284 1295 1293
f 1284 1293 1292
f 1284 1292 1291
f 1284 1291 1289
f 1284 1289 1285
f 1285 1289 1297
f 1286 1298 1299
f 1286 1299 1287
f 1287 1299 1288
f 1288 1299 1289
f 1289 1299 1298
f 1289 1298 1297
o convex_10
v -0.0290521 -0.136344 0.0519166
v -0.128233 -0.128225 0.248931
v -0.140803 -0.125719 0.266505
v -0.0402419 -0.130748 0.0519166
v -0.0290521 0.0390089 0.0519166
v -0.0290521 -0.136344 0.120146
v -0.120688 -0.135777 0.271536
v -0.130752 -0.130748 0.276566
v -0.140803 -0.125719 0.281597
v -0.155893 -0.110631 0.266505
v -0.143323 -0.113137 0.233839
v -0.0804718 -0.110631 0.0553233
v -0.0502927 -0.125719 0.0519166
v -0.101243 0.0390089 0.0519166
v -0.0290521 0.0390089 0.306781
v -0.0290521 -0.136052 0.135651
v -0.120688 -0.135777 0.286627
v -0.130752 -0.130748 0.291657
v -0.155893 -0.110631 0.281597
v -0.145829 -0.115661 0.306749
v -0.165943 -0.0905145 0.271536
v -0.158412 -0.0980498 0.248931
v -0.140803 -0.110631 0.221263
v -0.143323 -0.0980498 0.203689
v -0.0948779 -0.0797696 0.0519166
v -0.0787698 -0.108932 0.0519166
v -0.101833 0.0386999 0.0519166
v -0.101833 0.0390089 0.052235
v -0.0403089 0.0390089 0.321776
v -0.0377225 0.0377044 0.324355
v -0.0377225 0.0226168 0.339446
v -0.0290521 0.0312849 0.310665
v -0.0290521 -0.131727 0.156823
v -0.113143 -0.132001 0.294173
v -0.105599 -0.12069 0.331901
v -0.120688 -0.12069 0.331901
v -0.130752 -0.115661 0.336931
v -0.143323 -0.113137 0.320598
v -0.160918 -0.100573 0.291657
v -0.165943 -0.0905145 0.286627
v -0.165943 -0.0754269 0.256476
v -0.163437 -0.0879914 0.258992
v -0.135778 -0.0301813 0.120719
v -0.10391 -0.0586572 0.0519166
v -0.105156 0.0303923 0.0519166
v -0.113143 0.0339454 0.0678993
v -0.116923 0.0390089 0.0823857
v -0.0629432 0.0390089 0.329322
v -0.0553315 0.0351984 0.336931
v -0.0704076 0.0201108 0.352023
v -0.0528121 0.00752918 0.354538
v -0.0502927 -0.0201229 0.357053
v -0.0377225 -0.00378223 0.339446
v -0.0326972 0.0125584 0.329386
v -0.0290521 0.0161973 0.314581
v -0.0290521 -0.117188 0.212986
v -0.0980539 -0.116914 0.339446
v -0.105599 -0.110631 0.352023
v -0.120688 -0.110631 0.352023
v -0.128233 -0.113137 0.343203
v -0.135778 -0.105602 0.346992
v -0.145829 -0.100573 0.336931
v -0.158412 -0.0980498 0.305507
v -0.160918 -0.0854853 0.32184
v -0.165943 -0.0754269 0.31681
v -0.165943 -0.0603393 0.256476
v -0.133258 -0.0125876 0.108143
v -0.128233 -0.022646 0.0980818
v -0.120688 -0.0150937 0.0754449
v -0.106939 -0.038609 0.0519166
v -0.10726 0.0209003 0.0519166
v -0.115663 0.0201108 0.0653841
v -0.116923 0.0320573 0.0754449
v -0.131999 0.0390089 0.127659
v -0.0780194 0.0390089 0.329322
v -0.0704076 0.0351984 0.336931
v -0.0854971 0.0201108 0.352023
v -0.0754464 -6.03939e-06 0.362083
v -0.0628628 -0.00252922 0.359568
v -0.0603568 -0.0150937 0.362083
v -0.0704076 -0.0402397 0.367114
v -0.0804718 -0.0653685 0.372144
v -0.0792121 -0.077315 0.362083
v -0.0290521 -0.0804561 0.276566
v -0.0339568 -0.00189414 0.331901
v -0.0290521 0.00110966 0.314581
v -0.0290521 -0.116828 0.213718
v -0.0943016 -0.10749 0.346992
v -0.0290521 -0.10174 0.243868
v -0.0290521 -0.10126 0.244664
v -0.0905225 -0.0924026 0.358295
v -0.0905225 -0.0804561 0.367114
v -0.120688 -0.0905145 0.362083
v -0.128233 -0.0980498 0.358295
v -0.143323 -0.0980498 0.343203
v -0.140803 -0.0905145 0.352023
v -0.154633 -0.0905145 0.330022
v -0.158412 -0.0829622 0.328112
v -0.155893 -0.0754269 0.336931
v -0.162178 -0.0377337 0.324355
v -0.165943 -0.0452689 0.31681
v -0.165943 -0.0452689 0.286627
v -0.135778 0.0390089 0.144629
v -0.135778 0.0150816 0.120719
v -0.131999 0.00188206 0.105627
v -0.120688 0.0150816 0.0754449
v -0.110637 -0.0201229 0.0553233
v -0.108936 -0.0235214 0.0519166
v -0.108936 0.0117517 0.0519166
v -0.110637 0.0100524 0.0553233
v -0.131999 0.0320573 0.120719
v -0.0820665 0.0390089 0.327857
v -0.0955613 0.02514 0.341962
v -0.109378 0.0226168 0.339446
v -0.109378 0.00752918 0.354538
v -0.0955613 0.0100524 0.357053
v -0.0905225 -6.03939e-06 0.362083
v -0.0905225 -0.0452689 0.377143
v -0.0804718 -0.0502809 0.372144
v -0.0905225 -0.0603393 0.377143
v -0.0905225 -0.0703977 0.372144
v -0.0829912 -0.0716507 0.369629
v -0.0290521 -0.0797009 0.276948
v -0.0290521 -0.0394844 0.29707
v -0.0290521 -0.0301813 0.301718
v -0.105599 -0.0703977 0.372144
v -0.113143 -0.0678745 0.373386
v -0.143323 -0.0678745 0.358295
v -0.145829 -0.0603393 0.357053
v -0.150867 -0.0603393 0.346992
v -0.155893 -0.0452689 0.336931
v -0.147088 -0.0528041 0.354538
v -0.156523 -0.0301813 0.331901
v -0.147088 -0.00755843 0.324355
v -0.135778 0.0390089 0.196143
v -0.0936584 0.0390089 0.321776
v -0.0943016 0.0377044 0.324355
v -0.125714 0.0201108 0.31681
v -0.124467 0.00752918 0.339446
v -0.124467 -0.00755843 0.354538
v -0.110637 -0.0352105 0.372144
v -0.107488 -6.03939e-06 0.358295
v -0.105599 -0.0452689 0.377143
v -0.105599 -0.0603393 0.377143
v -0.115663 -0.0603393 0.372144
v -0.135778 -0.0603393 0.362083
v -0.125714 -0.0452689 0.367114
v -0.140803 -0.0301813 0.352023
v -0.147088 -0.022646 0.339446
v -0.139543 -0.00755843 0.339446
v -0.140803 0.00502317 0.31681
v -0.131677 0.0390089 0.217443
v -0.0961376 0.0390089 0.31681
v -0.110637 0.0351984 0.301718
v -0.131034 0.0390089 0.220022
v -0.116923 -0.0377337 0.369629
v -0.115663 -0.0452689 0.372144
v -0.0986033 0.0390089 0.311843
v -0.103026 0.0390089 0.301718
f 1300 1301 1302
f 1300 1302 1303
f 1300 1303 1312
f 1300 1312 1325
f 1300 1325 1324
f 1300 1324 1343
f 1300 1343 1369
f 1300 1369 1407
f 1300 1407 1408
f 1300 1408 1370
f 1300 1370 1344
f 1300 1344 1326
f 1300 1326 1313
f 1300 1313 1304
f 1300 1304 1314
f 1300 1314 1331
f 1300 1331 1354
f 1300 1354 1385
f 1300 1385 1424
f 1300 1424 1423
f 1300 1423 1422
f 1300 1422 1383
f 1300 1383 1389
f 1300 1389 1388
f 1300 1388 1386
f 1300 1386 1355
f 1300 1355 1332
f 1300 1332 1315
f 1300 1315 1305
f 1300 1305 1316
f 1300 1316 1306
f 1300 1306 1301
f 1301 1306 1302
f 1302 1306 1307
f 1302 1307 1317
f 1302 1317 1308
f 1302 1308 1318
f 1302 1318 1309
f 1302 1309 1310
f 1302 1310 1311
f 1302 1311 1312
f 1302 1312 1303
f 1304 1313 1327
f 1304 1327 1346
f 1304 1346 1373
f 1304 1373 1402
f 1304 1402 1434
f 1304 1434 1451
f 1304 1451 1454
f 1304 1454 1458
f 1304 1458 1457
f 1304 1457 1452
f 1304 1452 1435
f 1304 1435 1411
f 1304 1411 1374
f 1304 1374 1347
f 1304 1347 1328
f 1304 1328 1314
f 1305 1315 1316
f 1306 1316 1317
f 1306 1317 1307
f 1308 1317 1319
f 1308 1319 1318
f 1309 1318 1338
f 1309 1338 1339
f 1309 1339 1320
f 1309 1320 1321
f 1309 1321 1323
f 1309 1323 1322
f 1309 1322 1310
f 1310 1322 1311
f 1311 1322 1323
f 1311 1323 1324
f 1311 1324 1325
f 1311 1325 1312
f 1313 1326 1327
f 1314 1328 1329
f 1314 1329 1330
f 1314 1330 1331
f 1315 1332 1333
f 1315 1333 1316
f 1316 1333 1356
f 1316 1356 1334
f 1316 1334 1335
f 1316 1335 1336
f 1316 1336 1317
f 1317 1336 1337
f 1317 1337 1319
f 1318 1319 1338
f 1319 1337 1362
f 1319 1362 1338
f 1320 1339 1364
f 1320 1364 1400
f 1320 1400 1401
f 1320 1401 1365
f 1320 1365 1340
f 1320 1340 1341
f 1320 1341 1321
f 1321 1342 1323
f 1321 1341 1340
f 1321 1340 1342
f 1323 1342 1343
f 1323 1343 1324
f 1326 1344 1345
f 1326 1345 1327
f 1327 1345 1346
f 1328 1347 1348
f 1328 1348 1329
f 1329 1348 1330
f 1330 1349 1350
f 1330 1350 1351
f 1330 1351 1352
f 1330 1352 1353
f 1330 1353 1331
f 1330 1348 1349
f 1331 1353 1354
f 1332 1355 1356
f 1332 1356 1333
f 1334 1356 1357
f 1334 1357 1358
f 1334 1358 1335
f 1335 1358 1336
f 1336 1358 1359
f 1336 1359 1360
f 1336 1360 1337
f 1337 1360 1361
f 1337 1361 1363
f 1337 1363 1362
f 1338 1362 1363
f 1338 1363 1364
f 1338 1364 1339
f 1340 1365 1366
f 1340 1366 1342
f 1342 1366 1367
f 1342 1367 1343
f 1343 1367 1368
f 1343 1368 1369
f 1344 1370 1371
f 1344 1371 1345
f 1345 1371 1372
f 1345 1372 1346
f 1346 1372 1410
f 1346 1410 1373
f 1347 1374 1375
f 1347 1375 1348
f 1348 1375 1376
f 1348 1376 1349
f 1349 1376 1415
f 1349 1415 1416
f 1349 1416 1377
f 1349 1377 1350
f 1350 1377 1378
f 1350 1378 1379
f 1350 1379 1351
f 1351 1379 1380
f 1351 1380 1381
f 1351 1381 1382
f 1351 1382 1383
f 1351 1383 1352
f 1352 1384 1353
f 1352 1383 1384
f 1353 1384 1385
f 1353 1385 1354
f 1355 1386 1356
f 1356 1383 1387
f 1356 1387 1357
f 1356 1386 1388
f 1356 1388 1389
f 1356 1389 1383
f 1357 1387 1390
f 1357 1390 1391
f 1357 1391 1420
f 1357 1420 1425
f 1357 1425 1392
f 1357 1392 1358
f 1358 1392 1393
f 1358 1393 1360
f 1358 1360 1359
f 1360 1394 1361
f 1360 1393 1395
f 1360 1395 1394
f 1361 1396 1363
f 1361 1394 1396
f 1363 1396 1397
f 1363 1397 1398
f 1363 1398 1364
f 1364 1398 1399
f 1364 1399 1400
f 1365 1401 1402
f 1365 1402 1403
f 1365 1403 1366
f 1366 1403 1404
f 1366 1404 1405
f 1366 1405 1368
f 1366 1368 1367
f 1368 1405 1371
f 1368 1371 1409
f 1368 1409 1406
f 1368 1406 1407
f 1368 1407 1369
f 1370 1408 1371
f 1371 1405 1372
f 1371 1408 1409
f 1372 1405 1403
f 1372 1403 1410
f 1373 1410 1403
f 1373 1403 1402
f 1374 1411 1412
f 1374 1412 1376
f 1374 1376 1375
f 1376 1412 1413
f 1376 1413 1414
f 1376 1414 1415
f 1377 1416 1442
f 1377 1442 1417
f 1377 1417 1379
f 1377 1379 1378
f 1379 1417 1418
f 1379 1418 1380
f 1380 1418 1381
f 1381 1418 1417
f 1381 1417 1419
f 1381 1419 1420
f 1381 1420 1391
f 1381 1391 1421
f 1381 1421 1382
f 1382 1421 1390
f 1382 1390 1387
f 1382 1387 1383
f 1383 1422 1384
f 1384 1422 1423
f 1384 1423 1424
f 1384 1424 1385
f 1390 1421 1391
f 1392 1425 1426
f 1392 1426 1393
f 1393 1426 1427
f 1393 1427 1395
f 1394 1395 1396
f 1395 1427 1398
f 1395 1398 1396
f 1396 1398 1397
f 1398 1427 1428
f 1398 1428 1429
f 1398 1429 1399
f 1399 1429 1430
f 1399 1430 1431
f 1399 1431 1432
f 1399 1432 1433
f 1399 1433 1434
f 1399 1434 1400
f 1400 1434 1402
f 1400 1402 1401
f 1403 1405 1404
f 1406 1409 1408
f 1406 1408 1407
f 1411 1435 1436
f 1411 1436 1412
f 1412 1436 1413
f 1413 1436 1453
f 1413 1453 1437
f 1413 1437 1450
f 1413 1450 1438
f 1413 1438 1439
f 1413 1439 1414
f 1414 1439 1440
f 1414 1440 1441
f 1414 1441 1415
f 1415 1441 1440
f 1415 1440 1416
f 1416 1440 1442
f 1417 1442 1443
f 1417 1443 1419
f 1419 1443 1425
f 1419 1425 1420
f 1425 1443 1426
f 1426 1443 1444
f 1426 1444 1427
f 1427 1444 1445
f 1427 1445 1428
f 1428 1445 1456
f 1428 1456 1446
f 1428 1446 1431
f 1428 1431 1429
f 1429 1431 1430
f 1431 1446 1447
f 1431 1447 1432
f 1432 1448 1449
f 1432 1449 1433
f 1432 1447 1448
f 1433 1449 1450
f 1433 1450 1434
f 1434 1450 1451
f 1435 1452 1453
f 1435 1453 1436
f 1437 1453 1454
f 1437 1454 1450
f 1438 1450 1449
f 1438 1449 1439
f 1439 1447 1446
f 1439 1446 1455
f 1439 1455 1440
f 1439 1449 1447
f 1440 1455 1446
f 1440 1446 1456
f 1440 1456 1442
f 1442 1456 1444
f 1442 1444 1443
f 1444 1456 1445
f 1447 1449 1448
f 1450 1454 1451
f 1452 1457 1453
f 1453 1457 1458
f 1453 1458 1454
o convex_11
v 0.135488 0.248803 0.090527
v 0.135488 0.249942 0.0859955
v 0.187578 0.256487 0.090527
v 0.187578 0.27158 0.271594
v 0.135488 0.25061 0.10535
v 0.135488 0.253571 0.080696
v 0.187578 0.261513 0.0804656
v 0.181041 0.27158 0.271594
v 0.187578 0.349009 0.467753
v 0.1735 0.290425 0.324358
v 0.165953 0.286659 0.316793
v 0.165953 0.27158 0.256502
v 0.135488 0.286659 0.301432
v 0.135488 0.254649 0.0794671
v 0.181041 0.27158 0.0754349
v 0.187578 0.27158 0.0778926
v 0.150871 0.286659 0.316793
v 0.135783 0.286659 0.30174
v 0.187578 0.403114 0.467753
v 0.135488 0.377056 0.467753
v 0.135488 0.32693 0.397361
v 0.135488 0.326793 0.397169
v 0.135488 0.306673 0.356847
v 0.135488 0.301753 0.346977
v 0.135488 0.290425 0.318406
v 0.135488 0.256487 0.0787375
v 0.165953 0.27158 0.0754349
v 0.181041 0.281633 0.0804656
v 0.187578 0.279446 0.0793903
v 0.187578 0.27811 0.0787375
v 0.135783 0.290425 0.318675
v 0.187578 0.403918 0.467676
v 0.135488 0.399819 0.467753
v 0.135488 0.266342 0.0803888
v 0.150871 0.273463 0.0792367
v 0.165953 0.281633 0.0804656
v 0.181041 0.286659 0.090527
v 0.187578 0.285019 0.0897205
v 0.187578 0.28218 0.084037
v 0.187578 0.40281 0.459112
v 0.135488 0.301753 0.135803
v 0.135488 0.266539 0.0804656
v 0.135488 0.276409 0.0854195
v 0.158417 0.282893 0.0830002
v 0.165953 0.286659 0.090527
v 0.165953 0.301753 0.135803
v 0.135488 0.281679 0.0956729
v 0.135488 0.276622 0.0856115
f 1459 1460 1461
f 1459 1461 1462
f 1459 1462 1463
f 1459 1463 1471
f 1459 1471 1483
f 1459 1483 1482
f 1459 1482 1481
f 1459 1481 1480
f 1459 1480 1479
f 1459 1479 1478
f 1459 1478 1491
f 1459 1491 1499
f 1459 1499 1505
f 1459 1505 1506
f 1459 1506 1501
f 1459 1501 1500
f 1459 1500 1492
f 1459 1492 1484
f 1459 1484 1472
f 1459 1472 1464
f 1459 1464 1460
f 1460 1464 1465
f 1460 1465 1461
f 1461 1465 1474
f 1461 1474 1488
f 1461 1488 1487
f 1461 1487 1497
f 1461 1497 1496
f 1461 1496 1498
f 1461 1498 1490
f 1461 1490 1477
f 1461 1477 1467
f 1461 1467 1462
f 1462 1466 1463
f 1462 1467 1468
f 1462 1468 1469
f 1462 1469 1475
f 1462 1475 1466
f 1463 1466 1470
f 1463 1470 1471
f 1464 1472 1465
f 1465 1472 1473
f 1465 1473 1474
f 1466 1475 1476
f 1466 1476 1470
f 1467 1477 1491
f 1467 1491 1478
f 1467 1478 1479
f 1467 1479 1480
f 1467 1480 1481
f 1467 1481 1482
f 1467 1482 1475
f 1467 1475 1469
f 1467 1469 1468
f 1470 1476 1471
f 1471 1476 1483
f 1472 1484 1473
f 1473 1485 1494
f 1473 1494 1486
f 1473 1486 1487
f 1473 1487 1488
f 1473 1488 1474
f 1473 1484 1485
f 1475 1482 1489
f 1475 1489 1483
f 1475 1483 1476
f 1477 1490 1491
f 1482 1483 1489
f 1484 1492 1485
f 1485 1492 1493
f 1485 1493 1494
f 1486 1494 1503
f 1486 1503 1495
f 1486 1495 1496
f 1486 1496 1497
f 1486 1497 1487
f 1490 1498 1491
f 1491 1498 1499
f 1492 1500 1493
f 1493 1500 1501
f 1493 1501 1502
f 1493 1502 1494
f 1494 1502 1503
f 1495 1503 1499
f 1495 1499 1504
f 1495 1504 1498
f 1495 1498 1496
f 1498 1504 1499
f 1499 1503 1502
f 1499 1502 1505
f 1501 1506 1502
f 1502 1506 1505
o convex_12
v -0.015087 0.163964 -0.0321668
v 0.135488 0.243385 -0.0321668
v 0.174497 0.184234 -0.0321668
v 0.167948 0.213216 -0.0321668
v 0.174497 0.194141 -0.0321668
v 0.170984 0.201165 -0.0251447
v 0.172389 0.202567 -0.0321668
v 0.15841 0.218757 -0.0226297
v 0.143327 0.218757 -0.00754356
v 0.155897 0.201165 -0.0100586
v 0.15841 0.188588 -0.00754356
v 0.140814 0.186075 0.00502755
v 0.135488 0.200054 0.00391699
v 0.12068 0.181043 0.0150831
v 0.141761 0.151131 0.00597849
v 0.12068 0.151131 0.0150831
v 0.0754366 0.165957 0.030174
v 0.120049 0.184228 0.0144484
v 0.0786285 0.184228 0.0210328
v 0.135488 0.218757 -0.00754356
v 0.135488 0.226598 -0.0147908
v 0.143327 0.233847 -0.0226297
v 0.135488 0.241537 -0.0300258
v 0.137779 0.243385 -0.0321668
v 0.0333667 0.184228 0.0150831
v 0.0704075 0.176014 0.0251396
v 0.0297851 0.184228 0.0142898
v 0.0301748 0.181043 0.0150831
v 0.0301748 0.165957 0.0150831
v 0.0100585 0.181043 0.00502654
v 0.0218425 0.184228 0.0103233
v 0.0137885 0.184228 0.00608833
v 0.0115245 0.184228 0.00475804
v -0.0051587 0.184228 -0.011114
v -0.0050288 0.181043 -0.0100522
v 0.0100585 0.165957 0.00502654
v 0.0226405 0.158414 0.0113119
v 0.0679023 0.158414 0.0263967
v 0.0754366 0.151131 0.0227536
v 0.0606092 0.151131 0.0209351
v 0.0153474 0.151131 0.00585034
v 0.0150133 0.151131 0.00564287
v -0.0050288 0.165957 -0.0100522
v -0.015087 0.181043 -0.0301713
v -0.015087 0.165957 -0.0301713
v -0.0112827 0.151131 -0.0281454
v -0.0113755 0.151131 -0.028359
v -0.0122291 0.151131 -0.0321668
v -0.015087 0.181043 -0.0321668
v -0.0138807 0.184228 -0.0321668
v -0.0138807 0.184228 -0.0301713
v -0.013491 0.184228 -0.0269859
v -0.0105775 0.184228 -0.0211766
v 0.174497 0.151131 -0.0321668
v 0.00512217 0.151131 -0.00485303
v -0.00378545 0.151131 -0.0168501
v 0.156849 0.151131 -0.00910021
v 0.158407 0.162186 -0.00753803
v 0.170971 0.1559 -0.0251431
v 0.173365 0.151131 -0.029915
v 0.170984 0.184234 -0.0251447
f 1508 1509 1507
f 1510 1509 1508
f 1511 1509 1510
f 1511 1512 1509
f 1513 1512 1511
f 1513 1510 1512
f 1513 1511 1510
f 1512 1510 1514
f 1512 1514 1515
f 1516 1512 1515
f 1516 1517 1512
f 1516 1518 1517
f 1516 1515 1518
f 1518 1515 1519
f 1520 1518 1519
f 1520 1521 1518
f 1520 1522 1521
f 1520 1523 1522
f 1524 1523 1520
f 1524 1525 1523
f 1524 1519 1525
f 1524 1520 1519
f 1515 1525 1519
f 1526 1525 1515
f 1526 1527 1525
f 1526 1515 1527
f 1528 1527 1515
f 1528 1529 1527
f 1528 1530 1529
f 1528 1510 1530
f 1528 1514 1510
f 1528 1515 1514
f 1530 1510 1508
f 1529 1530 1508
f 1529 1508 1531
f 1529 1531 1525
f 1529 1525 1527
f 1532 1525 1531
f 1532 1523 1525
f 1532 1531 1523
f 1533 1523 1531
f 1534 1523 1533
f 1534 1535 1523
f 1534 1536 1535
f 1534 1537 1536
f 1534 1533 1537
f 1533 1508 1537
f 1533 1531 1508
f 1538 1537 1508
f 1536 1537 1538
f 1536 1538 1539
f 1536 1539 1540
f 1536 1540 1541
f 1536 1541 1542
f 1536 1542 1535
f 1543 1535 1542
f 1543 1523 1535
f 1544 1523 1543
f 1544 1545 1523
f 1544 1546 1545
f 1544 1543 1546
f 1543 1547 1546
f 1543 1542 1547
f 1542 1548 1547
f 1542 1549 1548
f 1542 1541 1549
f 1550 1549 1541
f 1551 1549 1550
f 1551 1552 1549
f 1551 1553 1552
f 1551 1554 1553
f 1551 1507 1554
f 1551 1550 1507
f 1555 1507 1550
f 1555 1556 1507
f 1555 1550 1556
f 1557 1556 1550
f 1557 1508 1556
f 1557 1558 1508
f 1557 1550 1558
f 1550 1541 1558
f 1559 1558 1541
f 1559 1508 1558
f 1559 1540 1508
f 1559 1541 1540
f 1540 1539 1508
f 1538 1508 1539
f 1556 1508 1507
f 1554 1507 1560
f 1554 1560 1547
f 1548 1554 1547
f 1552 1554 1548
f 1553 1554 1552
f 1561 1552 1548
f 1562 1552 1561
f 1562 1549 1552
f 1562 1561 1549
f 1561 1548 1549
f 1522 1547 1560
f 1545 1547 1522
f 1546 1547 1545
f 1545 1522 1523
f 1521 1522 1560
f 1563 1521 1560
f 1563 1564 1521
f 1563 1565 1564
f 1566 1565 1563
f 1566 1560 1565
f 1566 1563 1560
f 1565 1560 1567
f 1565 1567 1564
f 1512 1564 1567
f 1512 1517 1564
f 1521 1564 1517
f 1518 1521 1517
f 1512 1567 1509
f 1567 1560 1509
f 1560 1507 1509
o convex_13
v 0.316832 0.241387 -0.0321668
v 0.307749 0.262468 -0.180869
v 0.299464 0.264553 -0.180869
v 0.301747 0.24064 -0.0321668
v 0.320818 0.239395 -0.0321668
v 0.316513 0.256634 -0.180869
v 0.326889 0.236361 -0.0321668
v 0.336946 0.23132 -0.0321668
v 0.299464 0.240282 -0.0321668
v 0.299753 0.240391 -0.0321668
v 0.299464 0.13282 -0.180869
v 0.316992 0.256152 -0.180869
v 0.336946 0.23132 -0.0402461
v 0.345003 0.215202 -0.0321668
v 0.36711 0.186061 -0.160926
v 0.299464 0.15468 -0.0321668
v 0.305695 0.119254 -0.180869
v 0.299464 0.129382 -0.157258
v 0.335607 0.229982 -0.180869
v 0.346996 0.211203 -0.0321668
v 0.377175 0.16596 -0.165948
v 0.372138 0.176026 -0.170985
v 0.299464 0.139853 -0.0913567
v 0.306775 0.140817 -0.0704088
v 0.301747 0.153793 -0.0321668
v 0.309286 0.113155 -0.180869
v 0.299464 0.129382 -0.138056
v 0.373181 0.167687 -0.180869
v 0.347399 0.209212 -0.0321668
v 0.362081 0.181051 -0.0754456
v 0.37385 0.16596 -0.180869
v 0.377175 0.150884 -0.150867
v 0.377175 0.151039 -0.180869
v 0.309286 0.113155 -0.177259
v 0.306775 0.125726 -0.130749
v 0.321861 0.11065 -0.160926
v 0.331918 0.105609 -0.165948
v 0.316832 0.135792 -0.0754456
v 0.318825 0.156034 -0.0321668
v 0.324371 0.139557 -0.0679049
v 0.316832 0.108705 -0.180869
v 0.347498 0.194385 -0.0321668
v 0.358316 0.179169 -0.0603497
v 0.373401 0.13391 -0.150867
v 0.377175 0.135792 -0.165948
v 0.377175 0.135792 -0.180869
v 0.331918 0.105609 -0.180869
v 0.346996 0.105671 -0.180869
v 0.347156 0.105702 -0.180869
v 0.354542 0.10939 -0.173489
v 0.339457 0.10939 -0.158408
v 0.331918 0.1207 -0.12069
v 0.331918 0.14522 -0.0603497
v 0.329925 0.158818 -0.0321668
v 0.339457 0.124481 -0.113149
v 0.346996 0.130129 -0.105623
v 0.347498 0.1813 -0.0321668
v 0.354542 0.177286 -0.052809
v 0.358316 0.148986 -0.0905269
v 0.369628 0.132011 -0.143326
v 0.373318 0.118771 -0.180869
v 0.373386 0.118896 -0.180869
v 0.373439 0.119005 -0.180869
v 0.361922 0.111241 -0.180869
v 0.362241 0.111397 -0.180869
v 0.369628 0.116935 -0.173489
v 0.362081 0.115053 -0.165948
v 0.354542 0.124481 -0.12823
v 0.333911 0.16081 -0.0321668
v 0.354542 0.132011 -0.113149
v 0.354542 0.147103 -0.0829862
v 0.346501 0.178811 -0.0321668
v 0.339457 0.162195 -0.0377276
v 0.341305 0.168667 -0.0321668
v 0.342135 0.170083 -0.0321668
f 1568 1569 1570
f 1568 1570 1571
f 1568 1571 1577
f 1568 1577 1576
f 1568 1576 1583
f 1568 1583 1592
f 1568 1592 1606
f 1568 1606 1621
f 1568 1621 1636
f 1568 1636 1641
f 1568 1641 1642
f 1568 1642 1639
f 1568 1639 1624
f 1568 1624 1609
f 1568 1609 1596
f 1568 1596 1587
f 1568 1587 1581
f 1568 1581 1575
f 1568 1575 1574
f 1568 1574 1572
f 1568 1572 1569
f 1569 1573 1579
f 1569 1579 1586
f 1569 1586 1595
f 1569 1595 1598
f 1569 1598 1600
f 1569 1600 1613
f 1569 1613 1630
f 1569 1630 1629
f 1569 1629 1628
f 1569 1628 1632
f 1569 1632 1631
f 1569 1631 1616
f 1569 1616 1615
f 1569 1615 1614
f 1569 1614 1608
f 1569 1608 1593
f 1569 1593 1584
f 1569 1584 1578
f 1569 1578 1570
f 1569 1572 1574
f 1569 1574 1575
f 1569 1575 1573
f 1570 1576 1577
f 1570 1577 1571
f 1570 1578 1585
f 1570 1585 1594
f 1570 1594 1590
f 1570 1590 1583
f 1570 1583 1576
f 1573 1575 1579
f 1575 1580 1579
f 1575 1581 1582
f 1575 1582 1580
f 1578 1584 1585
f 1579 1580 1586
f 1580 1582 1586
f 1581 1587 1582
f 1582 1587 1588
f 1582 1588 1589
f 1582 1589 1586
f 1583 1590 1591
f 1583 1591 1592
f 1584 1593 1585
f 1585 1593 1601
f 1585 1601 1594
f 1586 1589 1595
f 1587 1596 1597
f 1587 1597 1588
f 1588 1598 1595
f 1588 1595 1589
f 1588 1597 1599
f 1588 1599 1612
f 1588 1612 1613
f 1588 1613 1600
f 1588 1600 1598
f 1590 1594 1601
f 1590 1601 1602
f 1590 1602 1591
f 1591 1602 1603
f 1591 1603 1604
f 1591 1604 1605
f 1591 1605 1592
f 1592 1605 1607
f 1592 1607 1606
f 1593 1608 1601
f 1596 1609 1610
f 1596 1610 1597
f 1597 1610 1599
f 1599 1610 1611
f 1599 1611 1612
f 1601 1608 1603
f 1601 1603 1602
f 1603 1608 1604
f 1604 1608 1614
f 1604 1614 1615
f 1604 1615 1616
f 1604 1616 1617
f 1604 1617 1618
f 1604 1618 1622
f 1604 1622 1619
f 1604 1619 1605
f 1605 1619 1607
f 1606 1620 1621
f 1606 1607 1620
f 1607 1619 1622
f 1607 1622 1623
f 1607 1623 1620
f 1609 1624 1610
f 1610 1624 1625
f 1610 1625 1638
f 1610 1638 1626
f 1610 1626 1611
f 1611 1627 1628
f 1611 1628 1629
f 1611 1629 1630
f 1611 1630 1612
f 1611 1626 1627
f 1612 1630 1613
f 1616 1631 1617
f 1617 1631 1632
f 1617 1632 1633
f 1617 1633 1634
f 1617 1634 1635
f 1617 1635 1622
f 1617 1622 1618
f 1620 1636 1621
f 1620 1623 1636
f 1622 1635 1623
f 1623 1635 1637
f 1623 1637 1638
f 1623 1638 1636
f 1624 1639 1625
f 1625 1639 1638
f 1626 1638 1627
f 1627 1637 1633
f 1627 1633 1628
f 1627 1638 1637
f 1628 1633 1632
f 1633 1635 1634
f 1633 1637 1635
f 1636 1640 1641
f 1636 1638 1640
f 1638 1639 1642
f 1638 1642 1641
f 1638 1641 1640
o convex_14
v 0.299457 0.114314 -0.243677
v 0.299457 0.114314 -0.228604
v 0.299457 0.115135 -0.246979
v 0.316828 0.090542 -0.316819
v 0.326895 0.0704157 -0.321844
v 0.326895 0.0704157 -0.306753
v 0.311803 0.100605 -0.216248
v 0.306778 0.110643 -0.19111
v 0.299457 0.119011 -0.211934
v 0.299457 0.155901 -0.326868
v 0.335239 0.0603526 -0.36225
v 0.335903 0.0586326 -0.36225
v 0.339474 0.0528052 -0.36225
v 0.339474 0.0528052 -0.358308
v 0.336944 0.0653842 -0.296705
v 0.32187 0.0955736 -0.2062
v 0.316828 0.101837 -0.198033
v 0.309291 0.113158 -0.180884
v 0.305702 0.119243 -0.180884
v 0.299457 0.132823 -0.180884
v 0.299457 0.120706 -0.206413
v 0.331919 0.0752933 -0.36225
v 0.299457 0.165964 -0.33191
v 0.345288 0.0492626 -0.36225
v 0.347011 0.0482357 -0.36225
v 0.362103 0.0418949 -0.36225
v 0.347011 0.0603526 -0.301729
v 0.331919 0.090542 -0.211224
v 0.316828 0.108692 -0.180884
v 0.299457 0.264542 -0.180884
v 0.331919 0.105457 -0.36225
v 0.299457 0.176002 -0.336934
v 0.299457 0.196128 -0.347
v 0.376854 0.0395332 -0.36225
v 0.362103 0.0452835 -0.347
v 0.377015 0.0395075 -0.36225
v 0.347011 0.090542 -0.211224
v 0.331919 0.105611 -0.180884
v 0.301915 0.263926 -0.180884
v 0.299457 0.278045 -0.189654
v 0.331955 0.105637 -0.36225
v 0.299457 0.241386 -0.347
v 0.392251 0.0451809 -0.36225
v 0.399788 0.0490572 -0.354527
v 0.377177 0.0396102 -0.362072
v 0.384732 0.0490572 -0.339455
v 0.36964 0.079221 -0.248949
v 0.362103 0.0754473 -0.256494
v 0.354548 0.0943157 -0.203679
v 0.347011 0.105688 -0.180884
v 0.307747 0.262463 -0.180884
v 0.306778 0.276582 -0.19111
v 0.299457 0.291548 -0.206306
v 0.336944 0.115597 -0.36225
v 0.299457 0.269266 -0.339277
v 0.407342 0.211197 -0.362072
v 0.336998 0.1157 -0.36225
v 0.402156 0.0501354 -0.36225
v 0.402318 0.0502381 -0.36225
v 0.472716 0.130769 -0.286639
v 0.460137 0.124479 -0.279094
v 0.362103 0.0999634 -0.196134
v 0.347173 0.105714 -0.180884
v 0.324382 0.264003 -0.188589
v 0.316522 0.256635 -0.180884
v 0.339474 0.279098 -0.233859
v 0.309291 0.294192 -0.233859
v 0.301754 0.301714 -0.256494
v 0.299457 0.299455 -0.245079
v 0.339474 0.264003 -0.203679
v 0.445063 0.233839 -0.264039
v 0.299457 0.27232 -0.337466
v 0.445063 0.218744 -0.358308
v 0.437508 0.211197 -0.362072
v 0.362103 0.128176 -0.36225
v 0.347496 0.126353 -0.36225
v 0.347011 0.126251 -0.36225
v 0.34685 0.126174 -0.36225
v 0.407307 0.0601729 -0.36225
v 0.463923 0.143348 -0.339455
v 0.473344 0.1358 -0.301729
v 0.478997 0.143348 -0.294184
v 0.482766 0.150895 -0.286639
v 0.478997 0.148996 -0.271567
v 0.475229 0.147122 -0.264039
v 0.460137 0.132027 -0.264039
v 0.36964 0.109385 -0.188589
v 0.362264 0.111387 -0.180884
v 0.361941 0.111233 -0.180884
v 0.339474 0.248934 -0.188589
v 0.429971 0.233839 -0.248949
v 0.316989 0.256147 -0.180884
v 0.32187 0.291677 -0.251453
v 0.301754 0.301714 -0.286639
v 0.299457 0.301714 -0.256494
v 0.437508 0.241386 -0.286639
v 0.445063 0.218744 -0.248949
v 0.470204 0.213713 -0.269064
v 0.455112 0.228808 -0.269064
v 0.457625 0.231323 -0.281615
v 0.299457 0.280843 -0.328394
v 0.309291 0.279098 -0.328128
v 0.422434 0.231323 -0.352024
v 0.460137 0.218744 -0.350763
v 0.460137 0.20365 -0.358308
v 0.4526 0.196128 -0.362072
v 0.399788 0.113158 -0.36225
v 0.393884 0.116727 -0.36225
v 0.377177 0.124017 -0.36225
v 0.366266 0.127124 -0.36225
v 0.407342 0.0603526 -0.36225
v 0.4526 0.181033 -0.362072
v 0.462667 0.181033 -0.357048
v 0.463923 0.173486 -0.354527
v 0.473344 0.181033 -0.347
v 0.478997 0.188581 -0.339455
v 0.478997 0.173486 -0.324364
v 0.482766 0.181033 -0.316819
v 0.482766 0.165964 -0.271567
v 0.477741 0.160933 -0.261519
v 0.460137 0.147122 -0.248949
v 0.373337 0.11878 -0.180884
v 0.472716 0.17097 -0.251453
v 0.335616 0.229988 -0.180884
v 0.373193 0.167684 -0.180884
v 0.460137 0.20365 -0.248949
v 0.301754 0.297966 -0.303611
v 0.299457 0.301714 -0.288929
v 0.437508 0.241386 -0.316819
v 0.311803 0.296708 -0.291681
v 0.447575 0.236355 -0.291681
v 0.475229 0.20365 -0.264039
v 0.472716 0.216229 -0.281615
v 0.457625 0.231323 -0.311795
v 0.475229 0.218744 -0.294184
v 0.299457 0.290598 -0.315985
v 0.301754 0.281613 -0.326868
v 0.299457 0.296811 -0.306469
v 0.437508 0.237613 -0.333791
v 0.445063 0.233839 -0.335673
v 0.475229 0.218744 -0.320583
v 0.477741 0.206165 -0.336934
v 0.467692 0.211197 -0.347
v 0.472716 0.196128 -0.352024
v 0.462667 0.196128 -0.357048
v 0.407342 0.090542 -0.36225
v 0.403933 0.105714 -0.36225
v 0.403359 0.107254 -0.36225
v 0.482766 0.196128 -0.33191
v 0.482766 0.181033 -0.271567
v 0.373444 0.119011 -0.180884
v 0.472716 0.186065 -0.251453
v 0.377177 0.1358 -0.180884
v 0.373875 0.165964 -0.180884
v 0.299457 0.297761 -0.304854
v 0.299457 0.298531 -0.303327
v 0.447575 0.236355 -0.321844
v 0.482766 0.196128 -0.286639
v 0.480253 0.193612 -0.27407
v 0.480253 0.208681 -0.30425
v 0.478997 0.211197 -0.318701
v 0.475229 0.20365 -0.343218
v 0.377177 0.151049 -0.180884
f 1643 1644 1651
f 1643 1651 1663
f 1643 1663 1662
f 1643 1662 1672
f 1643 1672 1682
f 1643 1682 1695
f 1643 1695 1711
f 1643 1711 1737
f 1643 1737 1770
f 1643 1770 1798
f 1643 1798 1797
f 1643 1797 1780
f 1643 1780 1778
f 1643 1778 1743
f 1643 1743 1714
f 1643 1714 1697
f 1643 1697 1684
f 1643 1684 1675
f 1643 1675 1674
f 1643 1674 1665
f 1643 1665 1652
f 1643 1652 1645
f 1643 1645 1646
f 1643 1646 1647
f 1643 1647 1648
f 1643 1648 1644
f 1644 1648 1649
f 1644 1649 1650
f 1644 1650 1651
f 1645 1652 1646
f 1646 1653 1654
f 1646 1654 1647
f 1646 1652 1653
f 1647 1654 1655
f 1647 1655 1656
f 1647 1656 1648
f 1648 1656 1657
f 1648 1657 1649
f 1649 1658 1650
f 1649 1657 1658
f 1650 1658 1659
f 1650 1659 1660
f 1650 1660 1661
f 1650 1661 1662
f 1650 1662 1663
f 1650 1663 1651
f 1652 1664 1653
f 1652 1665 1664
f 1653 1664 1673
f 1653 1673 1683
f 1653 1683 1696
f 1653 1696 1699
f 1653 1699 1720
f 1653 1720 1719
f 1653 1719 1718
f 1653 1718 1717
f 1653 1717 1752
f 1653 1752 1751
f 1653 1751 1750
f 1653 1750 1749
f 1653 1749 1790
f 1653 1790 1789
f 1653 1789 1788
f 1653 1788 1753
f 1653 1753 1721
f 1653 1721 1701
f 1653 1701 1700
f 1653 1700 1685
f 1653 1685 1678
f 1653 1678 1676
f 1653 1676 1668
f 1653 1668 1667
f 1653 1667 1666
f 1653 1666 1655
f 1653 1655 1654
f 1655 1666 1656
f 1656 1666 1667
f 1656 1667 1657
f 1657 1667 1668
f 1657 1668 1669
f 1657 1669 1670
f 1657 1670 1658
f 1658 1670 1671
f 1658 1671 1660
f 1658 1660 1659
f 1660 1671 1680
f 1660 1680 1692
f 1660 1692 1705
f 1660 1705 1731
f 1660 1731 1730
f 1660 1730 1764
f 1660 1764 1793
f 1660 1793 1795
f 1660 1795 1805
f 1660 1805 1796
f 1660 1796 1767
f 1660 1767 1766
f 1660 1766 1734
f 1660 1734 1707
f 1660 1707 1693
f 1660 1693 1681
f 1660 1681 1672
f 1660 1672 1662
f 1660 1662 1661
f 1664 1665 1674
f 1664 1674 1675
f 1664 1675 1684
f 1664 1684 1673
f 1668 1676 1677
f 1668 1677 1669
f 1669 1677 1678
f 1669 1678 1670
f 1670 1679 1680
f 1670 1680 1671
f 1670 1678 1679
f 1672 1681 1682
f 1673 1684 1683
f 1676 1678 1677
f 1678 1685 1686
f 1678 1686 1687
f 1678 1687 1688
f 1678 1688 1689
f 1678 1689 1690
f 1678 1690 1679
f 1679 1691 1680
f 1679 1690 1689
f 1679 1689 1691
f 1680 1691 1692
f 1681 1693 1682
f 1682 1693 1694
f 1682 1694 1695
f 1683 1684 1696
f 1684 1697 1698
f 1684 1698 1699
f 1684 1699 1696
f 1685 1700 1686
f 1686 1689 1688
f 1686 1688 1687
f 1686 1700 1701
f 1686 1701 1702
f 1686 1702 1703
f 1686 1703 1689
f 1689 1704 1691
f 1689 1703 1704
f 1691 1704 1705
f 1691 1705 1692
f 1693 1706 1694
f 1693 1707 1706
f 1694 1706 1695
f 1695 1708 1709
f 1695 1709 1710
f 1695 1710 1711
f 1695 1706 1712
f 1695 1712 1713
f 1695 1713 1708
f 1697 1714 1715
f 1697 1715 1716
f 1697 1716 1698
f 1698 1716 1717
f 1698 1717 1718
f 1698 1718 1719
f 1698 1719 1720
f 1698 1720 1699
f 1701 1721 1722
f 1701 1722 1723
f 1701 1723 1702
f 1702 1723 1724
f 1702 1724 1725
f 1702 1725 1726
f 1702 1726 1727
f 1702 1727 1728
f 1702 1728 1703
f 1703 1728 1704
f 1704 1729 1730
f 1704 1730 1731
f 1704 1731 1705
f 1704 1728 1729
f 1706 1707 1732
f 1706 1732 1733
f 1706 1733 1713
f 1706 1713 1712
f 1707 1734 1732
f 1708 1713 1709
f 1709 1735 1710
f 1709 1713 1735
f 1710 1736 1770
f 1710 1770 1737
f 1710 1737 1711
f 1710 1735 1738
f 1710 1738 1771
f 1710 1771 1736
f 1713 1733 1739
f 1713 1739 1740
f 1713 1740 1741
f 1713 1741 1742
f 1713 1742 1735
f 1714 1743 1744
f 1714 1744 1745
f 1714 1745 1715
f 1715 1746 1747
f 1715 1747 1748
f 1715 1748 1716
f 1715 1745 1746
f 1716 1748 1749
f 1716 1749 1750
f 1716 1750 1751
f 1716 1751 1752
f 1716 1752 1717
f 1721 1753 1754
f 1721 1754 1755
f 1721 1755 1756
f 1721 1756 1722
f 1722 1724 1723
f 1722 1756 1757
f 1722 1757 1758
f 1722 1758 1759
f 1722 1759 1724
f 1724 1759 1760
f 1724 1760 1725
f 1725 1760 1791
f 1725 1791 1800
f 1725 1800 1792
f 1725 1792 1761
f 1725 1761 1726
f 1726 1761 1762
f 1726 1762 1727
f 1727 1763 1764
f 1727 1764 1728
f 1727 1762 1765
f 1727 1765 1763
f 1728 1764 1729
f 1729 1764 1730
f 1732 1734 1766
f 1732 1766 1767
f 1732 1767 1768
f 1732 1768 1739
f 1732 1739 1733
f 1735 1742 1738
f 1736 1769 1770
f 1736 1771 1772
f 1736 1772 1769
f 1738 1742 1773
f 1738 1773 1799
f 1738 1799 1771
f 1739 1768 1774
f 1739 1774 1740
f 1740 1775 1742
f 1740 1742 1741
f 1740 1774 1775
f 1742 1776 1799
f 1742 1799 1773
f 1742 1775 1777
f 1742 1777 1783
f 1742 1783 1776
f 1743 1778 1779
f 1743 1779 1744
f 1744 1779 1778
f 1744 1778 1745
f 1745 1778 1780
f 1745 1780 1769
f 1745 1769 1781
f 1745 1781 1782
f 1745 1782 1746
f 1746 1783 1784
f 1746 1784 1785
f 1746 1785 1786
f 1746 1786 1747
f 1746 1782 1783
f 1747 1786 1787
f 1747 1787 1748
f 1748 1787 1755
f 1748 1755 1754
f 1748 1754 1753
f 1748 1753 1788
f 1748 1788 1789
f 1748 1789 1790
f 1748 1790 1749
f 1755 1787 1786
f 1755 1786 1756
f 1756 1786 1757
f 1757 1786 1758
f 1758 1786 1791
f 1758 1791 1760
f 1758 1760 1759
f 1761 1792 1794
f 1761 1794 1765
f 1761 1765 1762
f 1763 1793 1764
f 1763 1765 1793
f 1765 1794 1805
f 1765 1805 1795
f 1765 1795 1793
f 1767 1796 1794
f 1767 1794 1768
f 1768 1794 1774
f 1769 1780 1797
f 1769 1797 1798
f 1769 1798 1770
f 1769 1772 1799
f 1769 1799 1781
f 1771 1799 1772
f 1774 1800 1777
f 1774 1777 1775
f 1774 1794 1792
f 1774 1792 1801
f 1774 1801 1800
f 1776 1783 1799
f 1777 1800 1802
f 1777 1802 1803
f 1777 1803 1783
f 1781 1799 1782
f 1782 1799 1783
f 1783 1803 1784
f 1784 1791 1786
f 1784 1786 1804
f 1784 1804 1785
f 1784 1803 1791
f 1785 1804 1786
f 1791 1803 1802
f 1791 1802 1800
f 1792 1800 1801
f 1794 1796 1805
o convex_15
v 0.429973 -0.0565762 -0.641185
v 0.392262 -0.0452563 -0.648713
v 0.404832 -0.0477698 -0.651252
v 0.427457 -0.0553104 -0.643695
v 0.439401 -0.0452563 -0.644964
v 0.448829 -0.0377158 -0.641185
v 0.437523 -0.0509163 -0.633628
v 0.44506 -0.041477 -0.611016
v 0.429973 -0.041477 -0.595931
v 0.422424 -0.0452563 -0.603459
v 0.407337 -0.0452563 -0.603459
v 0.422424 -0.0553104 -0.638676
v 0.414886 -0.0527969 -0.637407
v 0.382208 -0.0402293 -0.643695
v 0.384724 -0.0377158 -0.65627
v 0.397283 -0.0402293 -0.658779
v 0.41237 -0.0402293 -0.658779
v 0.426204 -0.0377158 -0.65627
v 0.442544 -0.0251301 -0.658779
v 0.448829 -0.0226166 -0.65627
v 0.45261 -0.015076 -0.648713
v 0.45261 -0.0301571 -0.633628
v 0.447577 -0.0402293 -0.633628
v 0.447577 -0.0402293 -0.618543
v 0.448829 -0.0320558 -0.603459
v 0.44506 -0.0339364 -0.595931
v 0.399799 0.0339466 -0.384744
v 0.414886 -0.0113148 -0.505422
v 0.407337 -0.015076 -0.512979
v 0.392262 5.10091e-06 -0.467725
v 0.377186 0.0151043 -0.422441
v 0.392262 -0.0301571 -0.558204
v 0.397283 -0.0402293 -0.59844
v 0.362099 5.10091e-06 -0.573289
v 0.377186 -0.0301571 -0.648713
v 0.382208 -0.0251301 -0.553186
v 0.372153 -0.0201031 -0.563223
v 0.336947 0.0502755 -0.372168
v 0.336947 0.0502755 -0.402338
v 0.382208 -0.0251301 -0.658779
v 0.392262 -0.0301571 -0.663827
v 0.407337 -0.0301571 -0.663827
v 0.437523 -0.015076 -0.663827
v 0.447577 -0.015076 -0.658779
v 0.45261 5.10091e-06 -0.648713
v 0.45261 -0.0301571 -0.618543
v 0.45261 5.10091e-06 -0.588374
v 0.448829 -0.00187552 -0.573289
v 0.418655 0.0433678 -0.407356
v 0.414886 0.0414872 -0.399829
v 0.402327 0.0502031 -0.36225
v 0.40215 0.0501127 -0.36225
v 0.392262 0.0451761 -0.36225
v 0.377021 0.03948 -0.36225
v 0.369637 0.0339466 -0.369659
v 0.362099 0.0339466 -0.375298
v 0.362099 0.0151043 -0.573289
v 0.364604 0.00251862 -0.585865
v 0.331925 0.0603476 -0.407356
v 0.377186 5.10091e-06 -0.648713
v 0.35455 0.0377079 -0.373408
v 0.352034 0.0352124 -0.387253
v 0.34198 0.0402214 -0.39732
v 0.339463 0.052789 -0.36225
v 0.335907 0.0586117 -0.36225
v 0.331925 0.0603476 -0.377187
v 0.382208 0.00503214 -0.658779
v 0.392262 5.10091e-06 -0.663827
v 0.437523 5.10091e-06 -0.663827
v 0.44506 0.00754566 -0.660049
v 0.447577 5.10091e-06 -0.658779
v 0.447577 0.0100592 -0.653761
v 0.45261 0.0151043 -0.618543
v 0.45261 0.0151043 -0.588374
v 0.437523 0.0301854 -0.497895
v 0.422424 0.0603476 -0.407356
v 0.433742 0.0283048 -0.48281
v 0.407301 0.0601487 -0.36225
v 0.362099 0.0418669 -0.36225
v 0.331925 0.0754287 -0.407356
v 0.335694 0.0923905 -0.407356
v 0.347012 0.0481959 -0.36225
v 0.345288 0.0492447 -0.36225
v 0.335233 0.0603476 -0.36225
v 0.331925 0.075266 -0.36225
v 0.384724 0.011325 -0.65627
v 0.407337 0.0169849 -0.660049
v 0.339463 0.0942892 -0.414914
v 0.422424 0.0151043 -0.663827
v 0.429973 0.0226449 -0.660049
v 0.43249 0.0251584 -0.653761
v 0.44506 0.0226449 -0.637407
v 0.447577 0.0251584 -0.623591
v 0.417403 0.0854828 -0.442574
v 0.417403 0.0854828 -0.427489
v 0.422424 0.0754287 -0.422441
v 0.437523 0.0452484 -0.497895
v 0.407337 0.0905099 -0.36225
v 0.407337 0.0603476 -0.36225
v 0.331925 0.0905099 -0.392272
v 0.331961 0.105627 -0.36225
v 0.335694 0.10749 -0.377187
v 0.331925 0.105446 -0.36225
v 0.384724 0.0565683 -0.565761
v 0.392262 0.0207461 -0.648713
v 0.399799 0.0188655 -0.65627
v 0.35455 0.07919 -0.475253
v 0.35455 0.0867486 -0.460168
v 0.414886 0.0264061 -0.65627
v 0.422424 0.0251584 -0.658779
v 0.339463 0.116911 -0.369659
v 0.422424 0.0301854 -0.648713
v 0.43249 0.0402214 -0.608507
v 0.442544 0.0352124 -0.59844
v 0.41237 0.0955369 -0.417423
v 0.403367 0.107218 -0.36225
v 0.403934 0.105699 -0.36225
v 0.336935 0.115573 -0.36225
v 0.399799 0.0414872 -0.611016
v 0.392262 0.0358273 -0.618543
v 0.35455 0.10183 -0.429998
v 0.347012 0.126224 -0.36225
v 0.369637 0.116911 -0.399829
v 0.337006 0.115681 -0.36225
v 0.346847 0.126133 -0.36225
v 0.422424 0.0452484 -0.603459
v 0.384724 0.10183 -0.445083
v 0.377186 0.12069 -0.392272
v 0.417403 0.0704017 -0.517968
v 0.38724 0.115663 -0.39732
v 0.402316 0.100564 -0.427489
v 0.399799 0.11315 -0.365881
v 0.399799 0.11315 -0.36225
v 0.347497 0.126332 -0.36225
v 0.362099 0.128158 -0.36225
v 0.36627 0.12711 -0.36225
v 0.377186 0.123999 -0.36225
v 0.39388 0.116712 -0.36225
f 1806 1807 1808
f 1806 1808 1809
f 1806 1809 1810
f 1806 1810 1811
f 1806 1811 1812
f 1806 1812 1813
f 1806 1813 1814
f 1806 1814 1815
f 1806 1815 1816
f 1806 1816 1817
f 1806 1817 1807
f 1807 1817 1818
f 1807 1818 1816
f 1807 1816 1838
f 1807 1838 1819
f 1807 1819 1820
f 1807 1820 1808
f 1808 1820 1821
f 1808 1821 1822
f 1808 1822 1809
f 1809 1822 1823
f 1809 1823 1824
f 1809 1824 1810
f 1810 1824 1825
f 1810 1825 1811
f 1811 1826 1827
f 1811 1827 1828
f 1811 1828 1812
f 1811 1825 1826
f 1812 1828 1829
f 1812 1829 1813
f 1813 1829 1830
f 1813 1830 1831
f 1813 1831 1832
f 1813 1832 1833
f 1813 1833 1814
f 1814 1833 1815
f 1815 1833 1834
f 1815 1834 1835
f 1815 1835 1836
f 1815 1836 1816
f 1816 1837 1841
f 1816 1841 1838
f 1816 1818 1817
f 1816 1836 1837
f 1819 1839 1840
f 1819 1840 1820
f 1819 1838 1841
f 1819 1841 1842
f 1819 1842 1843
f 1819 1843 1844
f 1819 1844 1839
f 1820 1845 1846
f 1820 1846 1821
f 1820 1840 1845
f 1821 1846 1847
f 1821 1847 1822
f 1822 1847 1848
f 1822 1848 1824
f 1822 1824 1823
f 1824 1848 1825
f 1825 1848 1849
f 1825 1849 1826
f 1826 1850 1878
f 1826 1878 1879
f 1826 1879 1852
f 1826 1852 1851
f 1826 1851 1827
f 1826 1849 1876
f 1826 1876 1850
f 1827 1851 1829
f 1827 1829 1828
f 1829 1851 1830
f 1830 1851 1852
f 1830 1852 1853
f 1830 1853 1854
f 1830 1854 1855
f 1830 1855 1831
f 1831 1855 1832
f 1832 1855 1856
f 1832 1856 1857
f 1832 1857 1858
f 1832 1858 1859
f 1832 1859 1860
f 1832 1860 1833
f 1833 1860 1835
f 1833 1835 1834
f 1835 1860 1836
f 1836 1860 1861
f 1836 1861 1837
f 1837 1861 1841
f 1839 1862 1863
f 1839 1863 1840
f 1839 1844 1864
f 1839 1864 1885
f 1839 1885 1862
f 1840 1865 1872
f 1840 1872 1845
f 1840 1863 1865
f 1841 1861 1866
f 1841 1866 1867
f 1841 1867 1868
f 1841 1868 1842
f 1842 1868 1843
f 1843 1868 1867
f 1843 1867 1866
f 1843 1866 1869
f 1843 1869 1870
f 1843 1870 1871
f 1843 1871 1864
f 1843 1864 1844
f 1845 1872 1873
f 1845 1873 1846
f 1846 1873 1894
f 1846 1894 1874
f 1846 1874 1848
f 1846 1848 1847
f 1848 1874 1875
f 1848 1875 1849
f 1849 1875 1876
f 1850 1876 1875
f 1850 1875 1877
f 1850 1877 1898
f 1850 1898 1878
f 1852 1879 1902
f 1852 1902 1880
f 1852 1880 1881
f 1852 1881 1853
f 1853 1881 1882
f 1853 1882 1854
f 1854 1882 1881
f 1854 1881 1883
f 1854 1883 1855
f 1855 1883 1856
f 1856 1883 1904
f 1856 1904 1903
f 1856 1903 1922
f 1856 1922 1921
f 1856 1921 1938
f 1856 1938 1943
f 1856 1943 1942
f 1856 1942 1941
f 1856 1941 1940
f 1856 1940 1939
f 1856 1939 1927
f 1856 1927 1930
f 1856 1930 1929
f 1856 1929 1923
f 1856 1923 1906
f 1856 1906 1908
f 1856 1908 1890
f 1856 1890 1889
f 1856 1889 1870
f 1856 1870 1869
f 1856 1869 1888
f 1856 1888 1887
f 1856 1887 1884
f 1856 1884 1859
f 1856 1859 1858
f 1856 1858 1857
f 1859 1884 1860
f 1860 1884 1866
f 1860 1866 1861
f 1862 1865 1863
f 1862 1885 1865
f 1864 1871 1890
f 1864 1890 1908
f 1864 1908 1905
f 1864 1905 1885
f 1865 1885 1886
f 1865 1886 1872
f 1866 1884 1887
f 1866 1887 1888
f 1866 1888 1869
f 1870 1889 1871
f 1871 1889 1890
f 1872 1891 1892
f 1872 1892 1873
f 1872 1886 1893
f 1872 1893 1891
f 1873 1892 1894
f 1874 1894 1895
f 1874 1895 1875
f 1875 1895 1896
f 1875 1896 1877
f 1877 1896 1897
f 1877 1897 1898
f 1878 1898 1899
f 1878 1899 1900
f 1878 1900 1879
f 1879 1900 1901
f 1879 1901 1902
f 1880 1902 1881
f 1881 1903 1904
f 1881 1904 1883
f 1881 1902 1901
f 1881 1901 1903
f 1885 1905 1886
f 1886 1905 1906
f 1886 1906 1907
f 1886 1907 1893
f 1891 1909 1925
f 1891 1925 1910
f 1891 1910 1911
f 1891 1911 1892
f 1891 1893 1912
f 1891 1912 1913
f 1891 1913 1926
f 1891 1926 1909
f 1892 1911 1914
f 1892 1914 1915
f 1892 1915 1894
f 1893 1907 1916
f 1893 1916 1926
f 1893 1926 1913
f 1893 1913 1912
f 1894 1915 1895
f 1895 1915 1917
f 1895 1917 1896
f 1896 1917 1931
f 1896 1931 1918
f 1896 1918 1897
f 1897 1918 1898
f 1898 1918 1919
f 1898 1919 1920
f 1898 1920 1899
f 1899 1920 1900
f 1900 1920 1901
f 1901 1920 1921
f 1901 1921 1922
f 1901 1922 1903
f 1905 1908 1906
f 1906 1923 1907
f 1907 1923 1916
f 1909 1924 1925
f 1909 1926 1927
f 1909 1927 1928
f 1909 1928 1924
f 1910 1914 1911
f 1910 1925 1914
f 1914 1917 1915
f 1914 1925 1924
f 1914 1924 1917
f 1916 1923 1929
f 1916 1929 1930
f 1916 1930 1926
f 1917 1924 1928
f 1917 1928 1932
f 1917 1932 1933
f 1917 1933 1931
f 1918 1934 1919
f 1918 1931 1933
f 1918 1933 1935
f 1918 1935 1934
f 1919 1934 1936
f 1919 1936 1920
f 1920 1937 1938
f 1920 1938 1921
f 1920 1936 1937
f 1926 1930 1927
f 1927 1939 1928
f 1928 1939 1933
f 1928 1933 1932
f 1933 1939 1940
f 1933 1940 1941
f 1933 1941 1942
f 1933 1942 1943
f 1933 1943 1935
f 1934 1935 1936
f 1935 1943 1937
f 1935 1937 1936
f 1937 1943 1938
o convex_16
v 0.271566 -0.0150797 -0.271595
v 0.271566 -0.0301654 -0.271595
v 0.271566 5.99027e-06 -0.286686
v 0.256465 -0.0150797 -0.135836
v 0.271566 -0.0452511 -0.286686
v 0.256465 -0.0452511 -0.135836
v 0.271566 0.03016 -0.331959
v 0.256465 0.0603314 -0.241413
v 0.256465 0.03016 -0.19614
v 0.256465 5.99027e-06 -0.150927
v 0.226302 0.0452457 -0.0452894
v 0.271566 -0.0754224 -0.331959
v 0.226302 -0.0754224 -0.0452894
v 0.223939 -0.0859477 -0.0452894
v 0.256465 -0.0859477 -0.221789
v 0.256465 0.0905201 -0.316868
v 0.256465 0.0754344 -0.271595
v 0.271566 0.03016 -0.437477
v 0.241365 0.0754344 -0.181049
v 0.241365 0.0603314 -0.150927
v 0.226302 0.0905201 -0.135836
v 0.216223 0.0653599 -0.0402789
v 0.214598 0.0637473 -0.0322264
v 0.215964 0.0583546 -0.0322264
v 0.21973 0.0432516 -0.0322264
v 0.221244 0.0402171 -0.0352088
v 0.266286 -0.0859477 -0.331959
v 0.271566 -0.0754224 -0.422386
v 0.221244 -0.080451 -0.0352088
v 0.221834 -0.0859477 -0.0398614
v 0.256133 0.0911963 -0.317166
v 0.241365 0.0905201 -0.211231
v 0.256465 0.0905201 -0.437477
v 0.271566 5.99027e-06 -0.452568
v 0.256465 0.0452457 -0.512932
v 0.256465 0.0603314 -0.497841
v 0.256465 0.0754344 -0.467659
v 0.225933 0.0911963 -0.136134
v 0.222167 0.0911963 -0.120029
v 0.241033 0.0911963 -0.211589
v 0.202008 0.0911963 -0.0393842
v 0.200975 0.0911963 -0.0352685
v 0.200199 0.0911963 -0.0322264
v 0.21973 -0.0774165 -0.0322264
v 0.266286 -0.0859477 -0.422386
v 0.267763 -0.0829653 -0.429961
v 0.256465 -0.0859477 -0.497841
v 0.256465 -0.0754224 -0.512932
v 0.271566 -0.0603367 -0.437477
v 0.217478 -0.0853928 -0.0322264
v 0.217146 -0.0859477 -0.0322264
v 0.256133 0.0911963 -0.437835
v 0.271566 -0.0301654 -0.452568
v 0.251444 0.0452457 -0.523013
v 0.2527 0.0603314 -0.514841
v 0.251444 0.0704058 -0.502852
v -0.0208775 0.0911963 -0.0322264
v 0.265548 -0.0859477 -0.432944
v 0.251961 -0.0859477 -0.517525
v 0.2527 -0.0829653 -0.520448
v 0.251444 -0.0754224 -0.523013
v -0.0433618 -0.0859477 -0.0322264
v 0.251444 0.0854915 -0.47267
v 0.252367 0.0911963 -0.454656
v 0.248934 0.0527885 -0.524265
v 0.201159 0.0150743 -0.593398
v 0.151207 0.0911963 -0.619226
v 0.171402 0.0911963 -0.593159
v 0.207103 0.0911963 -0.545142
v 0.237562 0.0911963 -0.499392
v 0.237784 0.0911963 -0.498975
v 0.248934 0.0829772 -0.486508
v -0.0373069 0.0583546 -0.0322264
v -0.0349809 0.0911963 -0.0597243
v -0.0358301 0.0905201 -0.0603804
v -0.0358301 0.0754344 -0.0452894
v 0.248971 -0.0859477 -0.521939
v 0.188643 -0.0859477 -0.597394
v 0.192335 -0.0829653 -0.595903
v 0.201787 -0.0754224 -0.588387
v 0.201159 -0.0603367 -0.593398
v -0.0456877 -0.0754224 -0.0322264
v -0.0592005 -0.0859477 -0.0703417
v 0.244983 0.0911963 -0.480961
v 0.18857 0.0377029 -0.599661
v 0.186059 0.0603314 -0.593398
v 0.186059 5.99027e-06 -0.608489
v 0.148474 0.0911963 -0.621254
v -0.0414789 0.0527885 -0.0377737
v -0.0459831 0.03016 -0.0322264
v -0.0508935 0.0754344 -0.0754714
v -0.0356455 0.0911963 -0.0610365
v -0.0508935 0.0905201 -0.0905625
v 0.153902 -0.0859477 -0.620955
v 0.186059 -0.0452511 -0.608489
v -0.0517795 -0.0472451 -0.0322264
v -0.060345 -0.0603367 -0.0603804
v -0.0742638 -0.0859477 -0.115555
v 0.165938 5.99027e-06 -0.61851
v 0.173469 0.00753149 -0.614752
v 0.122298 0.0911963 -0.638731
v -0.0565422 0.0678742 -0.0829871
v -0.049269 0.0135658 -0.0322264
v -0.0565422 0.0226172 -0.0528051
v -0.0565422 0.0829772 -0.0980781
v -0.0503766 0.0911963 -0.0905625
v -0.0750761 0.0911963 -0.180393
v 0.150837 -0.0859477 -0.622506
v 0.165938 -0.0452511 -0.61851
v -0.0517795 -0.00198809 -0.0322264
v -0.0716425 -0.0226225 -0.0829871
v -0.0754083 -0.0603367 -0.105653
v -0.0905086 -0.0754224 -0.165958
v -0.0878873 -0.0859477 -0.164646
v 0.105573 -0.0859477 -0.639566
v 0.106275 0.0911963 -0.641474
v -0.060345 0.0603314 -0.0905625
v -0.0716425 0.0226172 -0.0980781
v -0.060345 0.0150743 -0.0603804
v -0.060345 0.0754344 -0.105653
v -0.0901763 0.0911963 -0.28603
v -0.0867428 0.0829772 -0.233897
v -0.0905086 0.0754344 -0.241413
v -0.0754083 0.0905201 -0.181049
v -0.0905086 0.0452457 -0.19614
v -0.0754083 0.0150743 -0.105653
v -0.0905086 -0.0150797 -0.150927
v -0.0905086 -0.0301654 -0.150927
v -0.105609 -0.0301654 -0.241413
v -0.105609 -0.0603367 -0.256504
v -0.105609 -0.0754224 -0.271595
v -0.0905086 -0.0859477 -0.176516
v 0.0905101 -0.0859477 -0.639566
v 0.0977095 0.0911963 -0.641474
v -0.0905086 0.0150743 -0.165958
v -0.0905086 0.0911963 -0.331959
v -0.105609 0.0603314 -0.346991
v -0.0905086 0.0905201 -0.286686
v -0.105609 0.03016 -0.271595
v -0.105609 -0.0150797 -0.241413
v -0.105609 -0.0859477 -0.297184
v 0.0754467 -0.0859477 -0.639088
v 0.0452831 0.0150743 -0.633601
v 0.0847875 0.0911963 -0.639327
v -0.0905086 0.0911963 -0.436821
v -0.105609 0.0603314 -0.422386
v -0.105609 -0.0859477 -0.452568
v 0.0603834 -0.0859477 -0.635987
v 0.0452831 -0.0603367 -0.633601
v 1.9204e-05 0.03016 -0.61851
v 0.0151195 0.0603314 -0.61851
v 0.00504032 0.0653599 -0.613499
v 0.0151195 0.0773071 -0.614752
v 0.0421449 0.0911963 -0.621671
v -0.0903609 0.0911963 -0.451972
v -0.0905086 0.0905201 -0.452568
v -0.105609 0.0452457 -0.452568
v -0.105609 -0.0754224 -0.467659
v -0.103504 -0.0859477 -0.465571
v 0.00212364 -0.0859477 -0.616422
v 1.9204e-05 -0.0754224 -0.61851
v -0.0201022 0.0251315 -0.608489
v -0.010023 0.0351886 -0.613499
v 0.00755088 0.0791972 -0.610994
v 1.9204e-05 0.0911963 -0.600138
v -0.089844 0.0911963 -0.45394
v -0.100551 0.0502743 -0.462649
v -0.060345 5.99027e-06 -0.558205
v -0.060345 -0.0452511 -0.558205
v -0.0502658 -0.0502796 -0.578307
v -0.0352025 -0.0859477 -0.593398
v -0.0189946 -0.0859477 -0.607356
v -0.0201022 -0.080451 -0.608489
v -0.0352025 0.0402171 -0.593398
v -0.00751248 0.0490258 -0.610994
v -0.0251233 0.0502743 -0.598408
v -0.0226127 0.0641115 -0.595903
v -0.010023 0.080463 -0.598408
v -0.00751248 0.0911963 -0.595903
v -0.0854875 0.0911963 -0.462649
v -0.037713 0.0641115 -0.580812
v -0.0527764 0.0641115 -0.55063
v -0.0402236 0.0502743 -0.583317
v -0.0552869 0.00501721 -0.568226
v -0.0502658 -0.00502257 -0.578307
v -0.0164102 0.0911963 -0.587016
v -0.0268586 0.0911963 -0.573296
v -0.037713 0.0791972 -0.565721
v -0.0226127 0.0911963 -0.580812
f 1944 1945 1948
f 1944 1948 1955
f 1944 1955 1971
f 1944 1971 1992
f 1944 1992 1996
f 1944 1996 1977
f 1944 1977 1961
f 1944 1961 1950
f 1944 1950 1946
f 1944 1946 1953
f 1944 1953 1947
f 1944 1947 1949
f 1944 1949 1945
f 1945 1949 1948
f 1946 1950 1951
f 1946 1951 1952
f 1946 1952 1953
f 1947 1953 1954
f 1947 1954 1956
f 1947 1956 1949
f 1948 1949 1955
f 1949 1956 1957
f 1949 1957 1958
f 1949 1958 1955
f 1950 1959 1960
f 1950 1960 1951
f 1950 1961 1976
f 1950 1976 1959
f 1951 1960 1962
f 1951 1962 1963
f 1951 1963 1952
f 1952 1963 1953
f 1953 1963 1954
f 1954 1964 1965
f 1954 1965 1966
f 1954 1966 1967
f 1954 1967 1968
f 1954 1968 1969
f 1954 1969 1972
f 1954 1972 1956
f 1954 1963 1962
f 1954 1962 1964
f 1955 1958 1970
f 1955 1970 1988
f 1955 1988 1971
f 1956 1972 1973
f 1956 1973 1957
f 1957 1973 1994
f 1957 1994 2005
f 1957 2005 2026
f 1957 2026 2041
f 1957 2041 2057
f 1957 2057 2075
f 1957 2075 2084
f 1957 2084 2090
f 1957 2090 2102
f 1957 2102 2114
f 1957 2114 2115
f 1957 2115 2103
f 1957 2103 2091
f 1957 2091 2085
f 1957 2085 2076
f 1957 2076 2058
f 1957 2058 2051
f 1957 2051 2037
f 1957 2037 2021
f 1957 2021 2020
f 1957 2020 2002
f 1957 2002 1990
f 1957 1990 2001
f 1957 2001 1988
f 1957 1988 1970
f 1957 1970 1958
f 1959 1974 1975
f 1959 1975 1960
f 1959 1976 1995
f 1959 1995 1974
f 1960 1975 1962
f 1961 1977 1978
f 1961 1978 1979
f 1961 1979 1980
f 1961 1980 1976
f 1962 1975 1964
f 1964 1981 1982
f 1964 1982 1965
f 1964 1975 1983
f 1964 1983 1981
f 1965 1984 1985
f 1965 1985 1986
f 1965 1986 1966
f 1965 1982 1984
f 1966 1986 2000
f 1966 2000 2016
f 1966 2016 2033
f 1966 2033 2046
f 1966 2046 2053
f 1966 2053 2039
f 1966 2039 2025
f 1966 2025 2005
f 1966 2005 1994
f 1966 1994 1993
f 1966 1993 1987
f 1966 1987 1968
f 1966 1968 1967
f 1968 1987 1972
f 1968 1972 1969
f 1971 1988 1989
f 1971 1989 1990
f 1971 1990 1991
f 1971 1991 1992
f 1972 1987 1993
f 1972 1993 1973
f 1973 1993 1994
f 1974 1983 1975
f 1974 1995 2007
f 1974 2007 2027
f 1974 2027 2014
f 1974 2014 2013
f 1974 2013 2012
f 1974 2012 2011
f 1974 2011 2010
f 1974 2010 2031
f 1974 2031 2044
f 1974 2044 2059
f 1974 2059 2077
f 1974 2077 2087
f 1974 2087 2097
f 1974 2097 2108
f 1974 2108 2122
f 1974 2122 2129
f 1974 2129 2132
f 1974 2132 2130
f 1974 2130 2123
f 1974 2123 2109
f 1974 2109 2098
f 1974 2098 2088
f 1974 2088 2079
f 1974 2079 2064
f 1974 2064 2050
f 1974 2050 2049
f 1974 2049 2035
f 1974 2035 2017
f 1974 2017 2000
f 1974 2000 1986
f 1974 1986 1985
f 1974 1985 1984
f 1974 1984 1982
f 1974 1982 1981
f 1974 1981 1983
f 1976 1980 1995
f 1977 1996 1991
f 1977 1991 1978
f 1978 1991 2004
f 1978 2004 1997
f 1978 1997 1998
f 1978 1998 1979
f 1979 1998 1999
f 1979 1999 1995
f 1979 1995 1980
f 1988 2001 1989
f 1989 2001 1990
f 1990 2002 2003
f 1990 2003 1991
f 1991 1996 1992
f 1991 2003 2004
f 1995 1999 2006
f 1995 2006 2007
f 1997 2008 1998
f 1997 2004 2024
f 1997 2024 2009
f 1997 2009 2008
f 1998 2008 2010
f 1998 2010 2011
f 1998 2011 2012
f 1998 2012 2013
f 1998 2013 1999
f 1999 2013 2014
f 1999 2014 2015
f 1999 2015 2006
f 2000 2017 2018
f 2000 2018 2019
f 2000 2019 2016
f 2002 2020 2003
f 2003 2020 2021
f 2003 2021 2022
f 2003 2022 2023
f 2003 2023 2024
f 2003 2024 2004
f 2005 2025 2026
f 2006 2015 2027
f 2006 2027 2007
f 2008 2009 2028
f 2008 2028 2029
f 2008 2029 2010
f 2009 2024 2038
f 2009 2038 2030
f 2009 2030 2028
f 2010 2029 2028
f 2010 2028 2030
f 2010 2030 2031
f 2014 2027 2015
f 2016 2032 2033
f 2016 2019 2034
f 2016 2034 2032
f 2017 2035 2018
f 2018 2035 2036
f 2018 2036 2034
f 2018 2034 2019
f 2021 2037 2022
f 2022 2037 2038
f 2022 2038 2024
f 2022 2024 2023
f 2025 2039 2026
f 2026 2039 2040
f 2026 2040 2041
f 2030 2038 2052
f 2030 2052 2042
f 2030 2042 2043
f 2030 2043 2044
f 2030 2044 2031
f 2032 2034 2045
f 2032 2045 2033
f 2033 2045 2047
f 2033 2047 2046
f 2034 2036 2048
f 2034 2048 2045
f 2035 2049 2036
f 2036 2049 2050
f 2036 2050 2048
f 2037 2051 2038
f 2038 2051 2052
f 2039 2053 2054
f 2039 2054 2040
f 2040 2054 2055
f 2040 2055 2041
f 2041 2055 2056
f 2041 2056 2057
f 2042 2052 2044
f 2042 2044 2043
f 2044 2058 2059
f 2044 2052 2058
f 2045 2048 2063
f 2045 2063 2060
f 2045 2060 2061
f 2045 2061 2047
f 2046 2047 2053
f 2047 2061 2062
f 2047 2062 2053
f 2048 2050 2063
f 2050 2064 2065
f 2050 2065 2066
f 2050 2066 2067
f 2050 2067 2068
f 2050 2068 2063
f 2051 2058 2052
f 2053 2062 2054
f 2054 2062 2069
f 2054 2069 2070
f 2054 2070 2071
f 2054 2071 2055
f 2055 2071 2056
f 2056 2071 2072
f 2056 2072 2073
f 2056 2073 2074
f 2056 2074 2075
f 2056 2075 2057
f 2058 2076 2077
f 2058 2077 2059
f 2060 2063 2078
f 2060 2078 2061
f 2061 2078 2069
f 2061 2069 2062
f 2063 2068 2078
f 2064 2079 2080
f 2064 2080 2081
f 2064 2081 2066
f 2064 2066 2065
f 2066 2068 2067
f 2066 2081 2080
f 2066 2080 2082
f 2066 2082 2068
f 2068 2082 2078
f 2069 2078 2070
f 2070 2078 2083
f 2070 2083 2072
f 2070 2072 2071
f 2072 2083 2082
f 2072 2082 2080
f 2072 2080 2089
f 2072 2089 2100
f 2072 2100 2101
f 2072 2101 2090
f 2072 2090 2084
f 2072 2084 2074
f 2072 2074 2073
f 2074 2084 2075
f 2076 2085 2077
f 2077 2085 2086
f 2077 2086 2087
f 2078 2082 2083
f 2079 2088 2089
f 2079 2089 2080
f 2085 2091 2092
f 2085 2092 2086
f 2086 2093 2087
f 2086 2092 2104
f 2086 2104 2093
f 2087 2093 2094
f 2087 2094 2095
f 2087 2095 2096
f 2087 2096 2097
f 2088 2098 2089
f 2089 2098 2099
f 2089 2099 2100
f 2090 2101 2102
f 2091 2103 2104
f 2091 2104 2092
f 2093 2104 2116
f 2093 2116 2105
f 2093 2105 2106
f 2093 2106 2095
f 2093 2095 2094
f 2095 2106 2118
f 2095 2118 2107
f 2095 2107 2096
f 2096 2107 2097
f 2097 2107 2108
f 2098 2109 2099
f 2099 2109 2100
f 2100 2109 2110
f 2100 2110 2111
f 2100 2111 2101
f 2101 2111 2112
f 2101 2112 2113
f 2101 2113 2114
f 2101 2114 2102
f 2103 2115 2116
f 2103 2116 2104
f 2105 2116 2114
f 2105 2114 2117
f 2105 2117 2119
f 2105 2119 2106
f 2106 2119 2120
f 2106 2120 2118
f 2107 2118 2120
f 2107 2120 2121
f 2107 2121 2122
f 2107 2122 2108
f 2109 2123 2124
f 2109 2124 2125
f 2109 2125 2110
f 2110 2125 2124
f 2110 2124 2126
f 2110 2126 2127
f 2110 2127 2111
f 2111 2127 2128
f 2111 2128 2113
f 2111 2113 2112
f 2113 2128 2117
f 2113 2117 2114
f 2114 2116 2115
f 2117 2128 2126
f 2117 2126 2124
f 2117 2124 2120
f 2117 2120 2119
f 2120 2124 2129
f 2120 2129 2122
f 2120 2122 2121
f 2123 2130 2131
f 2123 2131 2124
f 2124 2131 2130
f 2124 2130 2132
f 2124 2132 2129
f 2126 2128 2127
o convex_17
v 0.290087 -0.175217 -0.524591
v 0.290087 -0.175217 -0.539686
v 0.266305 -0.0859477 -0.331923
v 0.256467 -0.0859477 -0.22179
v 0.256467 -0.0905266 -0.226325
v 0.241361 -0.1207 -0.181105
v 0.237604 -0.122587 -0.166011
v 0.222498 -0.152751 -0.150916
v 0.216223 -0.170979 -0.166011
v 0.213125 -0.175217 -0.166011
v 0.284974 -0.175217 -0.553614
v 0.251935 -0.0859477 -0.517529
v 0.256467 -0.0859477 -0.497835
v 0.26553 -0.0859477 -0.432921
v 0.266305 -0.0859477 -0.422426
v 0.223931 -0.0859477 -0.045318
v 0.222498 -0.092414 -0.045318
v 0.222498 -0.0980676 -0.0528329
v 0.207934 -0.122334 -0.0321668
v 0.207276 -0.123662 -0.0321668
v 0.182874 -0.175217 -0.0434392
v 0.185663 -0.175217 -0.0545821
v 0.282534 -0.175217 -0.55938
v 0.267428 -0.175217 -0.589569
v 0.248991 -0.0859477 -0.521935
v 0.22184 -0.0859477 -0.0398761
v 0.218741 -0.0943015 -0.0377382
v 0.217153 -0.0859477 -0.0321668
v 0.178265 -0.175217 -0.0321668
v 0.181596 -0.175217 -0.0389043
v 0.18179 -0.175217 -0.0395522
v 0.252361 -0.175217 -0.604664
v 0.26402 -0.173496 -0.592161
v 0.188645 -0.0859477 -0.597408
v -0.043365 -0.0859477 -0.0321668
v 0.00842094 -0.175217 -0.0321668
v 0.220445 -0.175217 -0.636538
v 0.218741 -0.173496 -0.63738
v 0.158395 -0.113159 -0.652475
v 0.153902 -0.0859477 -0.620925
v -0.0423192 -0.0939782 -0.0321668
v -0.0591681 -0.0859477 -0.0703246
v -0.00130103 -0.167283 -0.0321668
v -0.00753704 -0.173496 -0.0414957
v -0.00579405 -0.175217 -0.0424027
v 0.189149 -0.175217 -0.65973
v 0.188568 -0.173496 -0.660054
v 0.155877 -0.135782 -0.6688
v 0.150842 -0.1207 -0.663812
v 0.135775 -0.115675 -0.6688
v 0.128222 -0.0980676 -0.652475
v 0.150842 -0.0859477 -0.62248
v 0.105602 -0.100584 -0.6688
v -0.0372065 -0.111629 -0.0321668
v -0.0603301 -0.0905266 -0.0754426
v -0.056573 -0.105617 -0.0735638
v -0.0414671 -0.1207 -0.0434392
v -0.0742739 -0.0859477 -0.115609
v -0.0164069 -0.152192 -0.0321668
v -0.0208999 -0.175217 -0.0725273
v -0.0226042 -0.158405 -0.0414957
v -0.03771 -0.173496 -0.101874
v 0.186864 -0.175217 -0.660897
v 0.154754 -0.175217 -0.676963
v 0.120669 -0.165955 -0.694001
v 0.150842 -0.165955 -0.678907
v 0.158395 -0.158405 -0.675084
v 0.143289 -0.128241 -0.675084
v 0.120669 -0.0943015 -0.650596
v 0.105602 -0.0859477 -0.639583
v 0.113116 -0.113159 -0.675084
v 0.105602 -0.1207 -0.678907
v 0.0905348 -0.100584 -0.6688
v 0.105602 -0.095551 -0.658759
v -0.0341466 -0.120271 -0.0321668
v -0.03771 -0.128241 -0.0414957
v -0.0753972 -0.0905266 -0.120727
v -0.0414671 -0.135782 -0.0584691
v -0.0716401 -0.105617 -0.118848
v -0.056573 -0.135782 -0.103753
v -0.0878692 -0.0859477 -0.16465
v -0.0264 -0.139653 -0.0321668
v -0.035967 -0.175217 -0.102717
v -0.03771 -0.143323 -0.0565904
v -0.0527771 -0.143323 -0.101874
v -0.0552948 -0.14584 -0.115674
v -0.0403051 -0.175217 -0.114767
v 0.120669 -0.175217 -0.694001
v 0.105602 -0.150864 -0.694001
v 0.128222 -0.158405 -0.690179
v 0.135775 -0.150864 -0.684543
v 0.113116 -0.143323 -0.690179
v 0.120669 -0.135782 -0.684543
v 0.0905348 -0.0859477 -0.639583
v 0.0905348 -0.1207 -0.678907
v 0.0603618 -0.0859477 -0.635955
v 0.0829819 -0.0943015 -0.656232
v 0.0905348 -0.095551 -0.658759
v 0.0754677 -0.118812 -0.675084
v 0.0679148 -0.116925 -0.671327
v -0.019002 -0.0859477 -0.607385
v 0.00210747 -0.0859477 -0.616455
v -0.0339916 -0.1207 -0.0321668
v -0.0867459 -0.0905266 -0.164132
v -0.0716401 -0.1207 -0.133943
v -0.067883 -0.128241 -0.132064
v -0.090503 -0.0859477 -0.176506
v -0.0704006 -0.130749 -0.145863
v -0.0704006 -0.14584 -0.176052
v -0.0552948 -0.160922 -0.145863
v -0.055411 -0.175217 -0.175081
v 0.0905348 -0.175217 -0.694001
v 0.0905348 -0.150864 -0.694001
v 0.0754677 -0.0859477 -0.639064
v 0.0804642 -0.14584 -0.688948
v 0.0528089 -0.132007 -0.671327
v 0.0377418 -0.116925 -0.656232
v -0.0351924 -0.0859477 -0.593392
v 0.0502913 -0.14584 -0.673853
v 0.0402594 -0.155897 -0.6688
v -0.090503 -0.0905266 -0.181105
v -0.0753972 -0.1207 -0.150916
v -0.105609 -0.0859477 -0.297199
v -0.0753972 -0.150864 -0.21123
v -0.0704006 -0.160922 -0.206242
v -0.0618019 -0.175217 -0.206177
v 0.0812776 -0.175217 -0.692123
v 0.0774043 -0.175217 -0.691151
v 0.0754677 -0.164067 -0.690179
v 0.0679148 -0.16218 -0.686422
v -0.103479 -0.0859477 -0.465573
v 0.0251536 -0.170979 -0.653706
v -0.0351924 -0.095551 -0.593392
v 0.0603618 -0.167842 -0.682664
v 0.0591998 -0.175217 -0.682081
v 0.0402594 -0.175217 -0.6688
v -0.105609 -0.0905266 -0.301798
v -0.090503 -0.105617 -0.21123
v -0.105609 -0.0859477 -0.452551
v -0.090503 -0.135782 -0.271609
v -0.070788 -0.175217 -0.25185
v 0.071362 -0.175217 -0.688171
v -0.098056 -0.0980676 -0.475225
v -0.103091 -0.08801 -0.465119
v -0.105609 -0.0905266 -0.452551
v 0.0251536 -0.175217 -0.653706
v -0.03771 -0.113159 -0.580823
v -0.105609 -0.105617 -0.331923
v -0.090503 -0.150864 -0.331923
v -0.0854677 -0.160922 -0.326935
v -0.076869 -0.175217 -0.317606
v -0.090503 -0.135782 -0.467646
v -0.105609 -0.105617 -0.422426
v -0.0675344 -0.175217 -0.474837
v -0.0804325 -0.155897 -0.472699
v -0.0783409 -0.175217 -0.334838
v -0.090503 -0.150864 -0.437521
v -0.0829501 -0.158405 -0.460131
v -0.0783409 -0.175217 -0.440371
v -0.0804325 -0.170979 -0.442509
f 2133 2134 2147
f 2133 2147 2135
f 2133 2135 2136
f 2133 2136 2137
f 2133 2137 2138
f 2133 2138 2139
f 2133 2139 2140
f 2133 2140 2141
f 2133 2141 2142
f 2133 2142 2154
f 2133 2154 2153
f 2133 2153 2163
f 2133 2163 2162
f 2133 2162 2161
f 2133 2161 2168
f 2133 2168 2177
f 2133 2177 2192
f 2133 2192 2215
f 2133 2215 2219
f 2133 2219 2243
f 2133 2243 2258
f 2133 2258 2273
f 2133 2273 2283
f 2133 2283 2288
f 2133 2288 2291
f 2133 2291 2286
f 2133 2286 2278
f 2133 2278 2268
f 2133 2268 2267
f 2133 2267 2274
f 2133 2274 2260
f 2133 2260 2259
f 2133 2259 2244
f 2133 2244 2220
f 2133 2220 2196
f 2133 2196 2195
f 2133 2195 2178
f 2133 2178 2169
f 2133 2169 2164
f 2133 2164 2156
f 2133 2156 2155
f 2133 2155 2143
f 2133 2143 2134
f 2134 2143 2144
f 2134 2144 2145
f 2134 2145 2146
f 2134 2146 2147
f 2135 2147 2146
f 2135 2146 2145
f 2135 2145 2144
f 2135 2144 2157
f 2135 2157 2166
f 2135 2166 2172
f 2135 2172 2184
f 2135 2184 2202
f 2135 2202 2226
f 2135 2226 2246
f 2135 2246 2228
f 2135 2228 2234
f 2135 2234 2233
f 2135 2233 2250
f 2135 2250 2263
f 2135 2263 2271
f 2135 2271 2255
f 2135 2255 2239
f 2135 2239 2213
f 2135 2213 2190
f 2135 2190 2174
f 2135 2174 2167
f 2135 2167 2160
f 2135 2160 2158
f 2135 2158 2148
f 2135 2148 2136
f 2136 2148 2137
f 2137 2148 2149
f 2137 2149 2138
f 2138 2149 2150
f 2138 2150 2139
f 2139 2150 2140
f 2140 2150 2151
f 2140 2151 2152
f 2140 2152 2153
f 2140 2153 2141
f 2141 2153 2154
f 2141 2154 2142
f 2143 2155 2144
f 2144 2155 2156
f 2144 2156 2157
f 2148 2158 2149
f 2149 2158 2159
f 2149 2159 2151
f 2149 2151 2150
f 2151 2159 2160
f 2151 2160 2167
f 2151 2167 2173
f 2151 2173 2186
f 2151 2186 2207
f 2151 2207 2235
f 2151 2235 2214
f 2151 2214 2191
f 2151 2191 2175
f 2151 2175 2168
f 2151 2168 2161
f 2151 2161 2152
f 2152 2161 2162
f 2152 2162 2163
f 2152 2163 2153
f 2156 2164 2165
f 2156 2165 2157
f 2157 2165 2166
f 2158 2160 2159
f 2164 2169 2170
f 2164 2170 2165
f 2165 2170 2171
f 2165 2171 2166
f 2166 2171 2172
f 2167 2174 2173
f 2168 2175 2176
f 2168 2176 2177
f 2169 2178 2179
f 2169 2179 2170
f 2170 2179 2180
f 2170 2180 2181
f 2170 2181 2171
f 2171 2181 2182
f 2171 2182 2185
f 2171 2185 2183
f 2171 2183 2172
f 2172 2183 2185
f 2172 2185 2184
f 2173 2174 2187
f 2173 2187 2188
f 2173 2188 2189
f 2173 2189 2186
f 2174 2190 2187
f 2175 2191 2176
f 2176 2192 2177
f 2176 2191 2193
f 2176 2193 2194
f 2176 2194 2192
f 2178 2195 2179
f 2179 2195 2196
f 2179 2196 2197
f 2179 2197 2198
f 2179 2198 2199
f 2179 2199 2200
f 2179 2200 2180
f 2180 2200 2181
f 2181 2200 2182
f 2182 2200 2185
f 2184 2185 2201
f 2184 2201 2202
f 2185 2200 2203
f 2185 2203 2204
f 2185 2204 2227
f 2185 2227 2205
f 2185 2205 2230
f 2185 2230 2206
f 2185 2206 2201
f 2186 2189 2208
f 2186 2208 2207
f 2187 2190 2209
f 2187 2209 2211
f 2187 2211 2188
f 2188 2210 2189
f 2188 2211 2237
f 2188 2237 2212
f 2188 2212 2210
f 2189 2210 2208
f 2190 2213 2209
f 2191 2214 2193
f 2192 2194 2215
f 2193 2214 2208
f 2193 2208 2216
f 2193 2216 2194
f 2194 2217 2218
f 2194 2218 2219
f 2194 2219 2215
f 2194 2216 2217
f 2196 2220 2197
f 2197 2220 2244
f 2197 2244 2245
f 2197 2245 2221
f 2197 2221 2222
f 2197 2222 2199
f 2197 2199 2198
f 2199 2222 2223
f 2199 2223 2200
f 2200 2223 2222
f 2200 2222 2224
f 2200 2224 2225
f 2200 2225 2203
f 2201 2206 2202
f 2202 2206 2230
f 2202 2230 2226
f 2203 2225 2224
f 2203 2224 2221
f 2203 2221 2204
f 2204 2221 2245
f 2204 2245 2227
f 2205 2228 2229
f 2205 2229 2230
f 2205 2227 2231
f 2205 2231 2232
f 2205 2232 2233
f 2205 2233 2234
f 2205 2234 2228
f 2207 2208 2235
f 2208 2214 2235
f 2208 2210 2216
f 2209 2213 2236
f 2209 2236 2211
f 2210 2212 2216
f 2211 2236 2237
f 2212 2237 2238
f 2212 2238 2217
f 2212 2217 2216
f 2213 2239 2236
f 2217 2238 2218
f 2218 2238 2240
f 2218 2240 2241
f 2218 2241 2257
f 2218 2257 2242
f 2218 2242 2219
f 2219 2242 2243
f 2221 2224 2222
f 2226 2230 2229
f 2226 2229 2246
f 2227 2245 2231
f 2228 2246 2229
f 2231 2245 2247
f 2231 2247 2232
f 2232 2247 2248
f 2232 2248 2249
f 2232 2249 2233
f 2233 2249 2248
f 2233 2248 2251
f 2233 2251 2252
f 2233 2252 2250
f 2236 2239 2253
f 2236 2253 2254
f 2236 2254 2237
f 2237 2254 2240
f 2237 2240 2238
f 2239 2255 2269
f 2239 2269 2253
f 2240 2254 2256
f 2240 2256 2241
f 2241 2256 2257
f 2242 2257 2243
f 2243 2257 2258
f 2244 2259 2245
f 2245 2259 2260
f 2245 2260 2261
f 2245 2261 2247
f 2247 2261 2262
f 2247 2262 2251
f 2247 2251 2248
f 2250 2252 2264
f 2250 2264 2278
f 2250 2278 2265
f 2250 2265 2263
f 2251 2262 2266
f 2251 2266 2252
f 2252 2266 2267
f 2252 2267 2268
f 2252 2268 2278
f 2252 2278 2264
f 2253 2269 2280
f 2253 2280 2270
f 2253 2270 2254
f 2254 2270 2256
f 2255 2271 2277
f 2255 2277 2285
f 2255 2285 2280
f 2255 2280 2269
f 2256 2270 2272
f 2256 2272 2257
f 2257 2272 2273
f 2257 2273 2258
f 2260 2274 2261
f 2261 2274 2262
f 2262 2274 2266
f 2263 2275 2276
f 2263 2276 2277
f 2263 2277 2271
f 2263 2265 2275
f 2265 2278 2279
f 2265 2279 2275
f 2266 2274 2267
f 2270 2280 2272
f 2272 2280 2281
f 2272 2281 2273
f 2273 2281 2282
f 2273 2282 2283
f 2275 2284 2277
f 2275 2277 2276
f 2275 2279 2284
f 2277 2284 2285
f 2278 2286 2287
f 2278 2287 2279
f 2279 2287 2284
f 2280 2285 2289
f 2280 2289 2281
f 2281 2288 2282
f 2281 2289 2291
f 2281 2291 2288
f 2282 2288 2283
f 2284 2287 2290
f 2284 2290 2289
f 2284 2289 2285
f 2286 2291 2292
f 2286 2292 2290
f 2286 2290 2287
f 2289 2290 2292
f 2289 2292 2291
o convex_18
v 0.565761 -0.494099 -0.52052
v 0.568275 -0.492833 -0.528068
v 0.573305 -0.488426 -0.512972
v 0.580848 -0.479003 -0.475261
v 0.573305 -0.482769 -0.482809
v 0.558217 -0.482769 -0.482809
v 0.54313 -0.479003 -0.480901
v 0.54313 -0.482769 -0.497876
v 0.533072 -0.477753 -0.492854
v 0.459967 -0.441199 -0.546784
v 0.459967 -0.441199 -0.596112
v 0.533072 -0.477753 -0.598441
v 0.563246 -0.492833 -0.553181
v 0.568275 -0.492833 -0.558204
v 0.578952 -0.482769 -0.528068
v 0.583363 -0.477753 -0.482809
v 0.595936 -0.463923 -0.460165
v 0.580848 -0.463923 -0.445069
v 0.565761 -0.463923 -0.430001
v 0.558217 -0.467689 -0.437549
v 0.54313 -0.463923 -0.435641
v 0.512969 -0.463923 -0.465833
v 0.502911 -0.462657 -0.477758
v 0.472736 -0.447577 -0.492854
v 0.482794 -0.452609 -0.497876
v 0.459967 -0.437513 -0.53455
v 0.459967 -0.438987 -0.611207
v 0.523027 -0.472721 -0.608486
v 0.54313 -0.482769 -0.603463
v 0.545644 -0.480269 -0.616034
v 0.558217 -0.482769 -0.603463
v 0.5601 -0.479003 -0.618559
v 0.569526 -0.490317 -0.565752
v 0.584613 -0.475237 -0.52052
v 0.5997 -0.460141 -0.460165
v 0.595936 -0.456375 -0.445069
v 0.580848 -0.456375 -0.430001
v 0.558217 -0.457625 -0.417431
v 0.558217 -0.462657 -0.427476
v 0.512969 -0.442545 -0.417431
v 0.505425 -0.445061 -0.426213
v 0.502911 -0.447577 -0.432498
v 0.505425 -0.460141 -0.463953
v 0.475251 -0.445061 -0.479021
v 0.471472 -0.437513 -0.480901
v 0.467707 -0.437513 -0.497876
v 0.459967 -0.43575 -0.531042
v 0.459967 -0.437513 -0.618559
v 0.535586 -0.475237 -0.626107
v 0.561982 -0.475237 -0.626107
v 0.569526 -0.475237 -0.611011
v 0.584613 -0.445061 -0.595915
v 0.603479 -0.437513 -0.482809
v 0.603479 -0.437513 -0.452617
v 0.5997 -0.454484 -0.452617
v 0.588392 -0.437513 -0.588367
v 0.603479 -0.407353 -0.558204
v 0.59845 -0.442545 -0.442572
v 0.583363 -0.427449 -0.41238
v 0.580848 -0.441279 -0.414905
v 0.573305 -0.439404 -0.411145
v 0.558217 -0.447577 -0.41238
v 0.54313 -0.447577 -0.41238
v 0.535586 -0.445061 -0.411145
v 0.497882 -0.437513 -0.422453
v 0.512969 -0.422433 -0.401718
v 0.505425 -0.429965 -0.411145
v 0.490338 -0.445061 -0.448857
v 0.487824 -0.432481 -0.432498
v 0.482794 -0.422433 -0.437549
v 0.471472 -0.429965 -0.475261
v 0.459967 -0.410157 -0.504162
v 0.459967 -0.42418 -0.517714
v 0.459967 -0.429917 -0.524252
v 0.459967 -0.427449 -0.638677
v 0.490338 -0.429965 -0.671366
v 0.490338 -0.445061 -0.641175
v 0.520513 -0.445061 -0.671366
v 0.535586 -0.460141 -0.656271
v 0.545644 -0.465173 -0.646225
v 0.5601 -0.463923 -0.648723
v 0.561982 -0.460141 -0.656271
v 0.569526 -0.460141 -0.641175
v 0.584613 -0.414885 -0.656271
v 0.588392 -0.407353 -0.648723
v 0.588392 -0.422433 -0.618559
v 0.603479 -0.407353 -0.452617
v 0.603479 -0.392273 -0.588367
v 0.593421 -0.402321 -0.432498
v 0.580848 -0.399821 -0.414905
v 0.563246 -0.402321 -0.402335
v 0.573305 -0.422433 -0.407357
v 0.54313 -0.407353 -0.39229
v 0.558217 -0.437513 -0.407357
v 0.520513 -0.414885 -0.39605
v 0.490338 -0.429965 -0.426213
v 0.492853 -0.422433 -0.417431
v 0.50794 -0.407353 -0.402335
v 0.487824 -0.422433 -0.427476
v 0.486559 -0.399821 -0.430001
v 0.482794 -0.407353 -0.437549
v 0.459967 -0.392273 -0.497876
v 0.459967 -0.404565 -0.501356
v 0.459967 -0.414853 -0.656242
v 0.459967 -0.392273 -0.663818
v 0.477765 -0.412369 -0.668841
v 0.497882 -0.407353 -0.678886
v 0.500396 -0.419917 -0.676389
v 0.512969 -0.422433 -0.678886
v 0.54313 -0.437513 -0.678886
v 0.548159 -0.447577 -0.673864
v 0.540615 -0.455109 -0.666316
v 0.561982 -0.445061 -0.671366
v 0.578952 -0.422433 -0.663818
v 0.578334 -0.407353 -0.668841
v 0.583363 -0.407353 -0.658796
v 0.584613 -0.392273 -0.650603
v 0.5997 -0.384725 -0.611011
v 0.595936 -0.384725 -0.460165
v 0.593421 -0.387241 -0.447594
v 0.603479 -0.392273 -0.482809
v 0.603479 -0.377177 -0.558204
v 0.580848 -0.384725 -0.430001
v 0.550674 -0.384725 -0.399809
v 0.540615 -0.394789 -0.394787
v 0.528057 -0.392273 -0.39229
v 0.528057 -0.407353 -0.39229
v 0.50794 -0.392273 -0.402335
v 0.492853 -0.407353 -0.417431
v 0.492221 -0.392273 -0.422453
v 0.459967 -0.330399 -0.50534
v 0.459967 -0.348475 -0.499363
v 0.459967 -0.362097 -0.497876
v 0.459967 -0.362097 -0.663818
v 0.497882 -0.392273 -0.678886
v 0.558217 -0.422433 -0.678886
v 0.5601 -0.437513 -0.675126
v 0.569526 -0.429965 -0.671366
v 0.568275 -0.422433 -0.673864
v 0.565761 -0.399821 -0.675126
v 0.565761 -0.384725 -0.667578
v 0.580848 -0.384725 -0.652511
v 0.59845 -0.382209 -0.608486
v 0.59845 -0.367129 -0.563226
v 0.580848 -0.369645 -0.622319
v 0.593421 -0.372161 -0.477758
v 0.578334 -0.372161 -0.447594
v 0.603479 -0.377177 -0.543108
v 0.565761 -0.369645 -0.430001
v 0.550674 -0.369645 -0.414905
v 0.533072 -0.372161 -0.402335
v 0.523027 -0.382209 -0.397312
v 0.516734 -0.384725 -0.399809
v 0.50919 -0.369645 -0.414905
v 0.501647 -0.384725 -0.414905
v 0.459967 -0.330399 -0.651837
v 0.50794 -0.352033 -0.442572
v 0.50794 -0.336953 -0.472735
v 0.512969 -0.331921 -0.482809
v 0.460163 -0.330399 -0.505424
v 0.459967 -0.339645 -0.660143
v 0.54313 -0.392273 -0.678886
v 0.558217 -0.407353 -0.678886
v 0.550674 -0.384725 -0.675126
v 0.493288 -0.330399 -0.63517
v 0.565761 -0.369645 -0.644963
v 0.568275 -0.367129 -0.638677
v 0.593421 -0.372161 -0.598441
v 0.568275 -0.352033 -0.563226
v 0.59845 -0.367129 -0.548158
v 0.583363 -0.367129 -0.608486
v 0.578334 -0.357065 -0.50795
v 0.563246 -0.357065 -0.46269
v 0.550674 -0.354549 -0.445069
v 0.523027 -0.367129 -0.41238
v 0.533072 -0.357065 -0.432498
v 0.512969 -0.377177 -0.407357
v 0.463113 -0.330399 -0.650266
v 0.460163 -0.339469 -0.66003
v 0.459967 -0.339405 -0.660002
v 0.512969 -0.347001 -0.452617
v 0.528057 -0.331921 -0.512972
v 0.505313 -0.330399 -0.535672
v 0.528057 -0.347001 -0.452617
v 0.54313 -0.347001 -0.467713
v 0.496351 -0.330399 -0.632869
v 0.497109 -0.330399 -0.632112
v 0.553188 -0.352033 -0.608486
v 0.538101 -0.336953 -0.563226
v 0.528057 -0.331921 -0.558204
v 0.558217 -0.347001 -0.558204
v 0.558217 -0.347001 -0.512972
v 0.548159 -0.341985 -0.50795
v 0.509907 -0.330399 -0.546166
v 0.499413 -0.330399 -0.62751
v 0.504653 -0.330399 -0.617016
v 0.5069 -0.330399 -0.610282
v 0.509907 -0.330399 -0.591454
f 2293 2294 2295
f 2293 2295 2296
f 2293 2296 2297
f 2293 2297 2298
f 2293 2298 2299
f 2293 2299 2300
f 2293 2300 2301
f 2293 2301 2302
f 2293 2302 2303
f 2293 2303 2304
f 2293 2304 2305
f 2293 2305 2306
f 2293 2306 2294
f 2294 2306 2295
f 2295 2306 2307
f 2295 2307 2308
f 2295 2308 2296
f 2296 2308 2309
f 2296 2309 2310
f 2296 2310 2311
f 2296 2311 2312
f 2296 2312 2297
f 2297 2312 2298
f 2298 2312 2313
f 2298 2313 2299
f 2299 2301 2300
f 2299 2313 2314
f 2299 2314 2301
f 2301 2314 2315
f 2301 2315 2316
f 2301 2316 2317
f 2301 2317 2302
f 2302 2317 2316
f 2302 2316 2318
f 2302 2318 2339
f 2302 2339 2366
f 2302 2366 2365
f 2302 2365 2364
f 2302 2364 2395
f 2302 2395 2394
f 2302 2394 2425
f 2302 2425 2424
f 2302 2424 2423
f 2302 2423 2448
f 2302 2448 2472
f 2302 2472 2453
f 2302 2453 2426
f 2302 2426 2397
f 2302 2397 2396
f 2302 2396 2367
f 2302 2367 2340
f 2302 2340 2319
f 2302 2319 2303
f 2303 2319 2320
f 2303 2320 2304
f 2304 2320 2321
f 2304 2321 2305
f 2305 2321 2306
f 2306 2321 2322
f 2306 2322 2323
f 2306 2323 2324
f 2306 2324 2325
f 2306 2325 2307
f 2307 2326 2327
f 2307 2327 2308
f 2307 2325 2326
f 2308 2327 2309
f 2309 2327 2328
f 2309 2328 2310
f 2310 2328 2329
f 2310 2329 2311
f 2311 2329 2330
f 2311 2330 2331
f 2311 2331 2312
f 2312 2331 2313
f 2313 2331 2330
f 2313 2330 2332
f 2313 2332 2333
f 2313 2333 2334
f 2313 2334 2314
f 2314 2334 2335
f 2314 2335 2315
f 2315 2336 2316
f 2315 2335 2336
f 2316 2336 2337
f 2316 2337 2338
f 2316 2338 2339
f 2316 2339 2318
f 2319 2340 2320
f 2320 2340 2341
f 2320 2341 2321
f 2321 2341 2322
f 2322 2341 2342
f 2322 2342 2324
f 2322 2324 2323
f 2324 2342 2325
f 2325 2342 2343
f 2325 2343 2326
f 2326 2343 2344
f 2326 2344 2327
f 2327 2345 2346
f 2327 2346 2347
f 2327 2347 2328
f 2327 2344 2348
f 2327 2348 2349
f 2327 2349 2345
f 2328 2347 2350
f 2328 2350 2351
f 2328 2351 2352
f 2328 2352 2329
f 2329 2352 2330
f 2330 2352 2353
f 2330 2353 2354
f 2330 2354 2355
f 2330 2355 2356
f 2330 2356 2332
f 2332 2357 2333
f 2332 2356 2358
f 2332 2358 2359
f 2332 2359 2357
f 2333 2357 2334
f 2334 2357 2360
f 2334 2360 2335
f 2335 2360 2336
f 2336 2360 2361
f 2336 2361 2337
f 2337 2361 2362
f 2337 2362 2363
f 2337 2363 2364
f 2337 2364 2365
f 2337 2365 2338
f 2338 2365 2366
f 2338 2366 2339
f 2340 2367 2368
f 2340 2368 2369
f 2340 2369 2341
f 2341 2369 2368
f 2341 2368 2370
f 2341 2370 2371
f 2341 2371 2372
f 2341 2372 2342
f 2342 2372 2373
f 2342 2373 2374
f 2342 2374 2375
f 2342 2375 2343
f 2343 2375 2376
f 2343 2376 2344
f 2344 2376 2377
f 2344 2377 2378
f 2344 2378 2348
f 2345 2349 2380
f 2345 2380 2414
f 2345 2414 2440
f 2345 2440 2413
f 2345 2413 2379
f 2345 2379 2346
f 2346 2379 2381
f 2346 2381 2351
f 2346 2351 2350
f 2346 2350 2347
f 2348 2378 2349
f 2349 2378 2377
f 2349 2377 2380
f 2351 2381 2382
f 2351 2382 2383
f 2351 2383 2385
f 2351 2385 2384
f 2351 2384 2353
f 2351 2353 2352
f 2353 2384 2385
f 2353 2385 2386
f 2353 2386 2354
f 2354 2386 2385
f 2354 2385 2387
f 2354 2387 2355
f 2355 2387 2356
f 2356 2387 2358
f 2357 2388 2361
f 2357 2361 2360
f 2357 2359 2389
f 2357 2389 2388
f 2358 2387 2390
f 2358 2390 2389
f 2358 2389 2359
f 2361 2388 2391
f 2361 2391 2362
f 2362 2391 2392
f 2362 2392 2393
f 2362 2393 2425
f 2362 2425 2394
f 2362 2394 2395
f 2362 2395 2363
f 2363 2395 2364
f 2367 2396 2368
f 2368 2396 2397
f 2368 2397 2398
f 2368 2398 2399
f 2368 2399 2400
f 2368 2400 2401
f 2368 2401 2370
f 2370 2401 2402
f 2370 2402 2403
f 2370 2403 2404
f 2370 2404 2371
f 2371 2404 2373
f 2371 2373 2372
f 2373 2404 2374
f 2374 2404 2403
f 2374 2403 2405
f 2374 2405 2406
f 2374 2406 2375
f 2375 2406 2376
f 2376 2406 2407
f 2376 2407 2408
f 2376 2408 2377
f 2377 2408 2409
f 2377 2409 2410
f 2377 2410 2380
f 2379 2411 2412
f 2379 2412 2381
f 2379 2413 2411
f 2380 2410 2414
f 2381 2415 2382
f 2381 2412 2415
f 2382 2416 2383
f 2382 2415 2416
f 2383 2416 2385
f 2385 2416 2417
f 2385 2417 2418
f 2385 2418 2419
f 2385 2419 2387
f 2387 2419 2418
f 2387 2418 2420
f 2387 2420 2390
f 2388 2389 2391
f 2389 2421 2392
f 2389 2392 2391
f 2389 2390 2420
f 2389 2420 2421
f 2392 2421 2422
f 2392 2422 2423
f 2392 2423 2424
f 2392 2424 2393
f 2393 2424 2425
f 2397 2426 2427
f 2397 2427 2399
f 2397 2399 2398
f 2399 2427 2454
f 2399 2454 2455
f 2399 2455 2428
f 2399 2428 2402
f 2399 2402 2401
f 2399 2401 2400
f 2402 2428 2429
f 2402 2429 2403
f 2403 2429 2405
f 2405 2429 2430
f 2405 2430 2406
f 2406 2430 2407
f 2407 2430 2431
f 2407 2431 2432
f 2407 2432 2433
f 2407 2433 2434
f 2407 2434 2409
f 2407 2409 2408
f 2409 2434 2410
f 2410 2435 2436
f 2410 2436 2414
f 2410 2434 2437
f 2410 2437 2435
f 2411 2413 2438
f 2411 2438 2412
f 2412 2438 2439
f 2412 2439 2441
f 2412 2441 2415
f 2413 2440 2438
f 2414 2436 2462
f 2414 2462 2440
f 2415 2441 2442
f 2415 2442 2416
f 2416 2442 2443
f 2416 2443 2418
f 2416 2418 2417
f 2418 2443 2444
f 2418 2444 2445
f 2418 2445 2420
f 2420 2445 2446
f 2420 2446 2447
f 2420 2447 2422
f 2420 2422 2421
f 2422 2447 2423
f 2423 2447 2446
f 2423 2446 2449
f 2423 2449 2450
f 2423 2450 2451
f 2423 2451 2452
f 2423 2452 2475
f 2423 2475 2486
f 2423 2486 2490
f 2423 2490 2489
f 2423 2489 2488
f 2423 2488 2487
f 2423 2487 2479
f 2423 2479 2478
f 2423 2478 2457
f 2423 2457 2470
f 2423 2470 2448
f 2426 2453 2427
f 2427 2453 2454
f 2428 2455 2432
f 2428 2432 2431
f 2428 2431 2429
f 2429 2431 2430
f 2432 2455 2456
f 2432 2456 2433
f 2433 2456 2470
f 2433 2470 2457
f 2433 2457 2458
f 2433 2458 2434
f 2434 2458 2459
f 2434 2459 2437
f 2435 2460 2436
f 2435 2437 2460
f 2436 2461 2483
f 2436 2483 2484
f 2436 2484 2464
f 2436 2464 2462
f 2436 2460 2463
f 2436 2463 2480
f 2436 2480 2461
f 2437 2459 2463
f 2437 2463 2460
f 2438 2464 2465
f 2438 2465 2466
f 2438 2466 2439
f 2438 2440 2462
f 2438 2462 2464
f 2439 2466 2441
f 2441 2466 2442
f 2442 2466 2468
f 2442 2468 2443
f 2443 2467 2446
f 2443 2446 2444
f 2443 2468 2467
f 2444 2446 2469
f 2444 2469 2445
f 2445 2469 2446
f 2446 2467 2449
f 2448 2470 2456
f 2448 2456 2471
f 2448 2471 2472
f 2449 2467 2473
f 2449 2473 2450
f 2450 2473 2451
f 2451 2474 2475
f 2451 2475 2452
f 2451 2473 2476
f 2451 2476 2466
f 2451 2466 2477
f 2451 2477 2474
f 2453 2472 2471
f 2453 2471 2456
f 2453 2456 2454
f 2454 2456 2455
f 2457 2478 2458
f 2458 2478 2459
f 2459 2478 2479
f 2459 2479 2480
f 2459 2480 2463
f 2461 2481 2482
f 2461 2482 2483
f 2461 2480 2481
f 2464 2484 2474
f 2464 2474 2485
f 2464 2485 2465
f 2465 2477 2466
f 2465 2485 2474
f 2465 2474 2477
f 2466 2476 2468
f 2467 2468 2476
f 2467 2476 2473
f 2474 2484 2483
f 2474 2483 2482
f 2474 2482 2490
f 2474 2490 2486
f 2474 2486 2475
f 2479 2487 2480
f 2480 2487 2488
f 2480 2488 2481
f 2481 2488 2482
f 2482 2488 2489
f 2482 2489 2490
o convex_19
v 0.442537 -0.330383 -0.492858
v 0.459967 -0.330383 -0.505327
v 0.459967 -0.330383 -0.651825
v 0.459967 -0.348475 -0.499348
v 0.363613 -0.330383 -0.453383
v 0.459967 -0.362091 -0.497881
v 0.459967 -0.392258 -0.497881
v 0.362074 -0.330383 -0.452627
v 0.362074 -0.331914 -0.452627
v 0.304783 -0.330383 -0.440536
v 0.286672 -0.330383 -0.437202
v 0.286672 -0.331914 -0.437535
v 0.346982 -0.347003 -0.452627
v 0.286672 -0.352039 -0.447582
v 0.27158 -0.330383 -0.436757
v 0.196148 -0.330383 -0.44956
v 0.226332 -0.330383 -0.444314
v 0.264034 -0.339463 -0.441314
v 0.27158 -0.352039 -0.447582
v 0.190022 -0.330383 -0.451849
v 0.241395 -0.352039 -0.462674
v 0.181056 -0.330383 -0.456339
v 0.174989 -0.330383 -0.46543
v 0.186086 -0.341976 -0.477766
v 0.226332 -0.358321 -0.4809
v 0.256487 -0.358321 -0.46583
v 0.346982 -0.403577 -0.511084
v 0.256487 -0.37341 -0.495992
v 0.256487 -0.377179 -0.512973
v 0.301764 -0.392258 -0.512973
v 0.33189 -0.403577 -0.526176
v 0.459962 -0.441201 -0.546819
v 0.422438 -0.433752 -0.556334
v 0.33189 -0.407346 -0.543135
v 0.286672 -0.392258 -0.543135
v 0.33189 -0.407346 -0.573297
v 0.422438 -0.437522 -0.573311
v 0.459962 -0.441201 -0.596115
v 0.459967 -0.427461 -0.638666
v 0.459962 -0.438993 -0.611206
v 0.459962 -0.437522 -0.618563
v 0.45261 -0.437522 -0.618563
v 0.437519 -0.437522 -0.603472
v 0.42996 -0.429974 -0.626108
v 0.440037 -0.435008 -0.616047
v 0.447567 -0.427461 -0.638666
v 0.459967 -0.414846 -0.656226
v 0.447567 -0.412372 -0.653759
v 0.324343 -0.384709 -0.626108
v 0.339436 -0.399797 -0.611016
v 0.324343 -0.399797 -0.595924
v 0.248941 -0.36964 -0.580832
v 0.188602 -0.339463 -0.580832
v 0.17351 -0.339463 -0.55067
v 0.160933 -0.33695 -0.533089
v 0.236364 -0.367117 -0.563228
v 0.256487 -0.377179 -0.558205
v 0.181056 -0.347003 -0.528065
v 0.170994 -0.341976 -0.52302
v 0.162915 -0.330383 -0.496347
v 0.157677 -0.330383 -0.526532
v 0.159897 -0.330383 -0.510684
v 0.157677 -0.330383 -0.536356
v 0.159423 -0.330383 -0.549692
v 0.170462 -0.330383 -0.571763
v 0.163448 -0.334437 -0.545647
v 0.19162 -0.330383 -0.592923
v 0.218786 -0.339463 -0.611016
v 0.224794 -0.330383 -0.620085
v 0.392259 -0.330383 -0.663249
v 0.288211 -0.330383 -0.645712
v 0.235062 -0.330383 -0.624886
v 0.236364 -0.33695 -0.623574
v 0.279126 -0.339463 -0.641178
v 0.267052 -0.330383 -0.638177
v 0.35441 -0.330383 -0.662294
v 0.339436 -0.339463 -0.65627
v 0.362074 -0.331914 -0.663827
v 0.362074 -0.330383 -0.663827
v 0.377166 -0.330383 -0.663827
v 0.392259 -0.331914 -0.663827
v 0.452598 -0.347003 -0.663827
v 0.452598 -0.392258 -0.663827
v 0.42996 -0.399797 -0.65627
v 0.294218 -0.36964 -0.626108
v 0.459967 -0.392258 -0.663827
v 0.459967 -0.424192 -0.517708
v 0.459962 -0.437522 -0.534557
v 0.459962 -0.435764 -0.531036
v 0.362074 -0.397284 -0.492858
v 0.459967 -0.410144 -0.504149
v 0.346982 -0.367117 -0.462674
v 0.459967 -0.404548 -0.501349
v 0.362074 -0.348887 -0.456383
v 0.459967 -0.33965 -0.660138
v 0.452598 -0.330383 -0.655514
v 0.459967 -0.362091 -0.663827
f 2492 2493 2491
f 2492 2494 2493
f 2492 2491 2494
f 2495 2494 2491
f 2496 2494 2495
f 2496 2497 2494
f 2498 2497 2496
f 2498 2499 2497
f 2498 2500 2499
f 2498 2495 2500
f 2498 2496 2495
f 2500 2495 2501
f 2502 2500 2501
f 2502 2503 2500
f 2502 2504 2503
f 2502 2505 2504
f 2502 2501 2505
f 2505 2501 2506
f 2507 2505 2506
f 2507 2508 2505
f 2507 2506 2508
f 2506 2509 2508
f 2510 2509 2506
f 2510 2511 2509
f 2510 2512 2511
f 2510 2506 2512
f 2512 2506 2513
f 2512 2513 2514
f 2512 2514 2515
f 2512 2515 2511
f 2511 2515 2509
f 2516 2509 2515
f 2516 2517 2509
f 2516 2518 2517
f 2516 2515 2518
f 2518 2515 2514
f 2518 2514 2519
f 2518 2519 2520
f 2517 2518 2520
f 2521 2517 2520
f 2521 2522 2517
f 2521 2523 2522
f 2521 2524 2523
f 2521 2520 2524
f 2524 2520 2519
f 2524 2519 2525
f 2524 2525 2526
f 2524 2526 2527
f 2523 2524 2527
f 2523 2527 2522
f 2528 2522 2527
f 2528 2529 2522
f 2530 2529 2528
f 2530 2531 2529
f 2530 2532 2531
f 2530 2528 2532
f 2528 2533 2532
f 2528 2527 2533
f 2533 2527 2526
f 2533 2526 2534
f 2533 2534 2535
f 2533 2535 2532
f 2535 2534 2532
f 2536 2532 2534
f 2536 2529 2532
f 2536 2537 2529
f 2536 2538 2537
f 2536 2539 2538
f 2536 2534 2539
f 2540 2539 2534
f 2540 2541 2539
f 2540 2534 2541
f 2541 2534 2526
f 2542 2541 2526
f 2542 2539 2541
f 2542 2543 2539
f 2542 2544 2543
f 2542 2545 2544
f 2542 2546 2545
f 2542 2547 2546
f 2542 2526 2547
f 2547 2526 2525
f 2548 2547 2525
f 2545 2547 2548
f 2545 2546 2547
f 2549 2545 2548
f 2549 2550 2545
f 2549 2514 2550
f 2549 2519 2514
f 2549 2548 2519
f 2548 2525 2519
f 2550 2514 2513
f 2550 2513 2551
f 2552 2550 2551
f 2552 2545 2550
f 2552 2551 2545
f 2553 2545 2551
f 2553 2554 2545
f 2553 2551 2554
f 2554 2551 2555
f 2556 2554 2555
f 2545 2554 2556
f 2545 2556 2543
f 2545 2543 2544
f 2556 2555 2543
f 2557 2543 2555
f 2557 2558 2543
f 2557 2559 2558
f 2557 2555 2559
f 2555 2551 2559
f 2559 2551 2560
f 2561 2559 2560
f 2562 2559 2561
f 2562 2563 2559
f 2562 2564 2563
f 2565 2564 2562
f 2565 2561 2564
f 2565 2562 2561
f 2566 2564 2561
f 2566 2567 2564
f 2566 2568 2567
f 2566 2569 2568
f 2566 2561 2569
f 2569 2561 2560
f 2570 2569 2560
f 2570 2571 2569
f 2570 2560 2571
f 2571 2560 2572
f 2571 2572 2569
f 2569 2572 2573
f 2568 2569 2573
f 2568 2573 2567
f 2573 2574 2567
f 2537 2574 2573
f 2537 2538 2574
f 2575 2574 2538
f 2575 2564 2574
f 2575 2563 2564
f 2575 2558 2563
f 2575 2539 2558
f 2575 2538 2539
f 2558 2539 2543
f 2558 2559 2563
f 2564 2567 2574
f 2537 2573 2576
f 2537 2576 2529
f 2529 2576 2577
f 2529 2577 2522
f 2522 2577 2578
f 2517 2522 2578
f 2579 2517 2578
f 2579 2580 2517
f 2579 2577 2580
f 2579 2578 2577
f 2580 2577 2509
f 2517 2580 2509
f 2504 2509 2577
f 2505 2509 2504
f 2505 2508 2509
f 2504 2577 2581
f 2504 2581 2582
f 2504 2582 2503
f 2583 2503 2582
f 2583 2584 2503
f 2583 2497 2584
f 2583 2581 2497
f 2583 2582 2581
f 2497 2581 2494
f 2581 2576 2494
f 2577 2576 2581
f 2493 2494 2576
f 2585 2493 2576
f 2586 2493 2585
f 2586 2560 2493
f 2586 2585 2560
f 2585 2572 2560
f 2587 2572 2585
f 2587 2576 2572
f 2587 2585 2576
f 2573 2572 2576
f 2493 2560 2491
f 2560 2551 2491
f 2495 2491 2551
f 2506 2495 2551
f 2501 2495 2506
f 2513 2506 2551
f 2584 2497 2499
f 2584 2499 2503
f 2500 2503 2499
f 2529 2531 2532
o convex_20
v 0.478337 0.291973 -0.588386
v 0.478337 0.293762 -0.596361
v 0.605362 0.350783 -0.588386
v 0.603467 0.347016 -0.573294
v 0.54314 0.316828 -0.543108
v 0.478337 0.291973 -0.543108
v 0.499764 0.305527 -0.60345
v 0.478337 0.295775 -0.60345
v 0.614792 0.35455 -0.580825
v 0.613529 0.352038 -0.573294
v 0.578334 0.352038 -0.628615
v 0.607242 0.35455 -0.595918
v 0.59342 0.341976 -0.558201
v 0.54314 0.316828 -0.482795
v 0.478337 0.292764 -0.532475
v 0.501645 0.309294 -0.611011
v 0.478337 0.302982 -0.618543
v 0.48656 0.309294 -0.626104
v 0.599706 0.369635 -0.626104
v 0.599706 0.384703 -0.641197
v 0.614792 0.369635 -0.595918
v 0.618566 0.362101 -0.573294
v 0.618566 0.362101 -0.512981
v 0.613529 0.352038 -0.512981
v 0.577071 0.369635 -0.65626
v 0.592157 0.369635 -0.641197
v 0.584607 0.35455 -0.626104
v 0.59342 0.357061 -0.618543
v 0.59342 0.341976 -0.482795
v 0.580846 0.335698 -0.475264
v 0.550662 0.320612 -0.475264
v 0.53559 0.320612 -0.460171
v 0.528054 0.316828 -0.467702
v 0.478337 0.293315 -0.528044
v 0.478337 0.306181 -0.623889
v 0.478337 0.31239 -0.63142
v 0.48656 0.324379 -0.641197
v 0.563235 0.367123 -0.658771
v 0.603467 0.392254 -0.633636
v 0.59342 0.392254 -0.65375
v 0.598443 0.392254 -0.643707
v 0.618566 0.377186 -0.558201
v 0.618566 0.377186 -0.452639
v 0.608505 0.357061 -0.452639
v 0.611017 0.350783 -0.50542
v 0.563235 0.397276 -0.673864
v 0.575191 0.377186 -0.660041
v 0.578334 0.407339 -0.668843
v 0.588382 0.341357 -0.467702
v 0.595932 0.350783 -0.445078
v 0.565761 0.335698 -0.445078
v 0.558211 0.326272 -0.467702
v 0.53559 0.335698 -0.414892
v 0.520505 0.339465 -0.418673
v 0.478337 0.302689 -0.512981
v 0.478337 0.319064 -0.638096
v 0.478337 0.326598 -0.644298
v 0.598443 0.402316 -0.638657
v 0.588382 0.437509 -0.633636
v 0.603467 0.407339 -0.60345
v 0.618566 0.407339 -0.497888
v 0.580846 0.44506 -0.644948
v 0.595932 0.399805 -0.644948
v 0.618566 0.392254 -0.437546
v 0.614792 0.375294 -0.437546
v 0.611017 0.373419 -0.429985
v 0.595932 0.373419 -0.399829
v 0.595932 0.365868 -0.414892
v 0.595932 0.358317 -0.429985
v 0.558211 0.407339 -0.678914
v 0.569522 0.399805 -0.671353
v 0.565761 0.41489 -0.675134
v 0.588382 0.356442 -0.422453
v 0.573297 0.341357 -0.437546
v 0.54314 0.341357 -0.40736
v 0.54314 0.357061 -0.387246
v 0.520505 0.35455 -0.40358
v 0.478337 0.311066 -0.500546
v 0.478337 0.331931 -0.646366
v 0.583358 0.447572 -0.638657
v 0.583358 0.462657 -0.6085
v 0.588382 0.452594 -0.60345
v 0.618566 0.422424 -0.467702
v 0.573297 0.437509 -0.65437
v 0.558211 0.427464 -0.668843
v 0.558211 0.442549 -0.65375
v 0.573297 0.447572 -0.643707
v 0.573297 0.457634 -0.623593
v 0.580846 0.460145 -0.614792
v 0.618566 0.422424 -0.437546
v 0.613529 0.387231 -0.427474
v 0.598443 0.387231 -0.397318
v 0.588382 0.375294 -0.396048
v 0.553188 0.372146 -0.382225
v 0.550662 0.365868 -0.384736
v 0.565761 0.358317 -0.399829
v 0.573297 0.356442 -0.40736
v 0.497884 0.377186 -0.663821
v 0.497884 0.394146 -0.660041
v 0.548164 0.412362 -0.673864
v 0.550662 0.418657 -0.671353
v 0.550662 0.350783 -0.399829
v 0.54314 0.377186 -0.377175
v 0.53559 0.369635 -0.380955
v 0.507932 0.392254 -0.402339
v 0.50542 0.369635 -0.418673
v 0.523017 0.377186 -0.387246
v 0.478337 0.340686 -0.486576
v 0.501645 0.377186 -0.420563
v 0.478337 0.342561 -0.648729
v 0.573297 0.467697 -0.60345
v 0.588382 0.467697 -0.497888
v 0.598443 0.462657 -0.502909
v 0.603467 0.452594 -0.497888
v 0.608505 0.442549 -0.462681
v 0.50542 0.411106 -0.65626
v 0.528054 0.427464 -0.65375
v 0.53559 0.441293 -0.641197
v 0.550662 0.448827 -0.641197
v 0.608505 0.442549 -0.432496
v 0.608505 0.427464 -0.417432
v 0.613529 0.417401 -0.427474
v 0.603467 0.392254 -0.40736
v 0.598443 0.402316 -0.397318
v 0.588382 0.392254 -0.392267
v 0.487822 0.382191 -0.658771
v 0.478337 0.372731 -0.654045
v 0.490334 0.396021 -0.65626
v 0.54314 0.392254 -0.377175
v 0.507932 0.407339 -0.402339
v 0.501645 0.41489 -0.414892
v 0.502908 0.392254 -0.412381
v 0.523017 0.392254 -0.387246
v 0.478337 0.345674 -0.485454
v 0.497884 0.392254 -0.422453
v 0.565761 0.463912 -0.611011
v 0.558211 0.467697 -0.588386
v 0.588382 0.467697 -0.467702
v 0.598443 0.462657 -0.472753
v 0.478337 0.407184 -0.640163
v 0.478337 0.410882 -0.63718
v 0.520505 0.433742 -0.641197
v 0.528054 0.443168 -0.633636
v 0.53559 0.448827 -0.626104
v 0.550662 0.463912 -0.595918
v 0.59342 0.457634 -0.447588
v 0.59342 0.442549 -0.417432
v 0.59342 0.427464 -0.402339
v 0.603467 0.407339 -0.40736
v 0.588382 0.407339 -0.392267
v 0.478337 0.386474 -0.651387
v 0.478337 0.39148 -0.650264
v 0.548164 0.412362 -0.387246
v 0.538116 0.402316 -0.382225
v 0.531829 0.399805 -0.384736
v 0.511075 0.418657 -0.40736
v 0.529935 0.407339 -0.388516
v 0.51673 0.41489 -0.399829
v 0.48656 0.41489 -0.460171
v 0.497884 0.407339 -0.422453
v 0.509194 0.429975 -0.429985
v 0.501645 0.429975 -0.445078
v 0.48656 0.429975 -0.475264
v 0.478337 0.357646 -0.482795
v 0.478337 0.388986 -0.481614
v 0.478337 0.43529 -0.577724
v 0.482785 0.437509 -0.573294
v 0.558211 0.467697 -0.497888
v 0.571416 0.463912 -0.467702
v 0.556331 0.448827 -0.437546
v 0.568273 0.447572 -0.427474
v 0.578334 0.442549 -0.417432
v 0.478337 0.418141 -0.627138
v 0.478337 0.420205 -0.623003
v 0.548164 0.427464 -0.402339
v 0.523017 0.417401 -0.397318
v 0.52428 0.429975 -0.414892
v 0.482785 0.422424 -0.482795
v 0.478337 0.410573 -0.494669
v 0.478337 0.391463 -0.482323
v 0.511075 0.433742 -0.437546
v 0.49599 0.433742 -0.467702
v 0.487822 0.432486 -0.482795
v 0.478337 0.43529 -0.543108
v 0.478337 0.433347 -0.53277
v 0.478337 0.43271 -0.530082
v 0.478337 0.432039 -0.528044
v 0.478337 0.4297 -0.521044
v 0.482785 0.437509 -0.543108
v 0.497884 0.437509 -0.482795
v 0.556331 0.463912 -0.482795
v 0.52616 0.433742 -0.422453
v 0.554437 0.44506 -0.429985
v 0.538116 0.432486 -0.412381
v 0.478337 0.423559 -0.511268
v 0.478337 0.422424 -0.509732
f 2588 2589 2590
f 2588 2590 2591
f 2588 2591 2592
f 2588 2592 2601
f 2588 2601 2593
f 2588 2593 2602
f 2588 2602 2621
f 2588 2621 2642
f 2588 2642 2665
f 2588 2665 2695
f 2588 2695 2721
f 2588 2721 2751
f 2588 2751 2752
f 2588 2752 2767
f 2588 2767 2766
f 2588 2766 2783
f 2588 2783 2782
f 2588 2782 2775
f 2588 2775 2774
f 2588 2774 2773
f 2588 2773 2772
f 2588 2772 2771
f 2588 2771 2753
f 2588 2753 2761
f 2588 2761 2760
f 2588 2760 2728
f 2588 2728 2727
f 2588 2727 2739
f 2588 2739 2738
f 2588 2738 2714
f 2588 2714 2697
f 2588 2697 2666
f 2588 2666 2644
f 2588 2644 2643
f 2588 2643 2623
f 2588 2623 2622
f 2588 2622 2604
f 2588 2604 2595
f 2588 2595 2589
f 2589 2594 2590
f 2589 2595 2594
f 2590 2596 2597
f 2590 2597 2591
f 2590 2594 2598
f 2590 2598 2599
f 2590 2599 2596
f 2591 2597 2592
f 2592 2597 2600
f 2592 2600 2616
f 2592 2616 2601
f 2593 2601 2602
f 2594 2595 2603
f 2594 2603 2598
f 2595 2604 2605
f 2595 2605 2603
f 2596 2599 2613
f 2596 2613 2606
f 2596 2606 2607
f 2596 2607 2608
f 2596 2608 2609
f 2596 2609 2610
f 2596 2610 2611
f 2596 2611 2597
f 2597 2611 2616
f 2597 2616 2600
f 2598 2603 2605
f 2598 2605 2612
f 2598 2612 2613
f 2598 2613 2614
f 2598 2614 2599
f 2599 2614 2615
f 2599 2615 2613
f 2601 2616 2617
f 2601 2617 2618
f 2601 2618 2619
f 2601 2619 2620
f 2601 2620 2621
f 2601 2621 2602
f 2604 2622 2605
f 2605 2622 2623
f 2605 2623 2624
f 2605 2624 2625
f 2605 2625 2612
f 2606 2613 2607
f 2607 2626 2608
f 2607 2613 2627
f 2607 2627 2628
f 2607 2628 2626
f 2608 2629 2609
f 2608 2626 2629
f 2609 2629 2648
f 2609 2648 2670
f 2609 2670 2677
f 2609 2677 2651
f 2609 2651 2630
f 2609 2630 2610
f 2610 2630 2631
f 2610 2631 2611
f 2611 2631 2632
f 2611 2632 2616
f 2612 2625 2633
f 2612 2633 2634
f 2612 2634 2635
f 2612 2635 2627
f 2612 2627 2613
f 2613 2615 2614
f 2616 2632 2631
f 2616 2631 2636
f 2616 2636 2617
f 2617 2636 2637
f 2617 2637 2638
f 2617 2638 2639
f 2617 2639 2618
f 2618 2639 2638
f 2618 2638 2619
f 2619 2638 2640
f 2619 2640 2620
f 2620 2640 2621
f 2621 2640 2641
f 2621 2641 2642
f 2623 2643 2624
f 2624 2644 2625
f 2624 2643 2644
f 2625 2644 2633
f 2626 2628 2645
f 2626 2645 2667
f 2626 2667 2646
f 2626 2646 2669
f 2626 2669 2647
f 2626 2647 2670
f 2626 2670 2648
f 2626 2648 2629
f 2627 2635 2649
f 2627 2649 2650
f 2627 2650 2628
f 2628 2650 2645
f 2630 2651 2652
f 2630 2652 2631
f 2631 2652 2653
f 2631 2653 2654
f 2631 2654 2655
f 2631 2655 2656
f 2631 2656 2637
f 2631 2637 2636
f 2633 2657 2635
f 2633 2635 2658
f 2633 2658 2634
f 2633 2644 2657
f 2634 2658 2635
f 2635 2657 2659
f 2635 2659 2649
f 2637 2656 2660
f 2637 2660 2661
f 2637 2661 2638
f 2638 2661 2662
f 2638 2662 2640
f 2640 2662 2663
f 2640 2663 2641
f 2641 2663 2664
f 2641 2664 2665
f 2641 2665 2642
f 2644 2666 2657
f 2645 2650 2649
f 2645 2649 2667
f 2646 2667 2668
f 2646 2668 2669
f 2647 2669 2670
f 2649 2659 2671
f 2649 2671 2672
f 2649 2672 2673
f 2649 2673 2674
f 2649 2674 2675
f 2649 2675 2676
f 2649 2676 2668
f 2649 2668 2667
f 2651 2677 2709
f 2651 2709 2678
f 2651 2678 2652
f 2652 2678 2653
f 2653 2678 2679
f 2653 2679 2654
f 2654 2679 2680
f 2654 2680 2681
f 2654 2681 2682
f 2654 2682 2663
f 2654 2663 2683
f 2654 2683 2684
f 2654 2684 2660
f 2654 2660 2655
f 2655 2660 2656
f 2657 2685 2686
f 2657 2686 2687
f 2657 2687 2688
f 2657 2688 2672
f 2657 2672 2659
f 2657 2666 2685
f 2659 2672 2671
f 2660 2684 2662
f 2660 2662 2661
f 2662 2684 2683
f 2662 2683 2689
f 2662 2689 2663
f 2663 2689 2683
f 2663 2682 2681
f 2663 2681 2690
f 2663 2690 2691
f 2663 2691 2664
f 2664 2692 2693
f 2664 2693 2665
f 2664 2691 2694
f 2664 2694 2692
f 2665 2693 2696
f 2665 2696 2695
f 2666 2697 2685
f 2668 2676 2698
f 2668 2698 2699
f 2668 2699 2700
f 2668 2700 2701
f 2668 2701 2669
f 2669 2701 2670
f 2670 2701 2700
f 2670 2700 2702
f 2670 2702 2707
f 2670 2707 2677
f 2672 2688 2703
f 2672 2703 2704
f 2672 2704 2673
f 2673 2704 2705
f 2673 2705 2706
f 2673 2706 2675
f 2673 2675 2674
f 2675 2706 2698
f 2675 2698 2676
f 2677 2707 2708
f 2677 2708 2709
f 2678 2709 2736
f 2678 2736 2710
f 2678 2710 2679
f 2679 2710 2736
f 2679 2736 2711
f 2679 2711 2737
f 2679 2737 2712
f 2679 2712 2690
f 2679 2690 2681
f 2679 2681 2680
f 2685 2713 2686
f 2685 2697 2714
f 2685 2714 2713
f 2686 2713 2715
f 2686 2715 2687
f 2687 2715 2703
f 2687 2703 2688
f 2690 2716 2720
f 2690 2720 2694
f 2690 2694 2691
f 2690 2712 2737
f 2690 2737 2716
f 2692 2717 2718
f 2692 2718 2719
f 2692 2719 2696
f 2692 2696 2693
f 2692 2694 2720
f 2692 2720 2717
f 2695 2696 2722
f 2695 2722 2721
f 2696 2719 2722
f 2698 2706 2723
f 2698 2723 2724
f 2698 2724 2755
f 2698 2755 2725
f 2698 2725 2699
f 2699 2725 2726
f 2699 2726 2700
f 2700 2726 2707
f 2700 2707 2702
f 2703 2715 2727
f 2703 2727 2728
f 2703 2728 2729
f 2703 2729 2704
f 2704 2729 2705
f 2705 2729 2730
f 2705 2730 2706
f 2706 2730 2731
f 2706 2731 2732
f 2706 2732 2723
f 2707 2733 2734
f 2707 2734 2735
f 2707 2735 2708
f 2707 2726 2725
f 2707 2725 2733
f 2708 2735 2711
f 2708 2711 2736
f 2708 2736 2709
f 2711 2735 2737
f 2713 2714 2738
f 2713 2738 2739
f 2713 2739 2715
f 2715 2739 2727
f 2716 2740 2741
f 2716 2741 2742
f 2716 2742 2720
f 2716 2737 2735
f 2716 2735 2740
f 2717 2743 2718
f 2717 2720 2744
f 2717 2744 2745
f 2717 2745 2743
f 2718 2746 2747
f 2718 2747 2722
f 2718 2722 2719
f 2718 2743 2748
f 2718 2748 2749
f 2718 2749 2750
f 2718 2750 2746
f 2720 2742 2744
f 2721 2722 2751
f 2722 2747 2752
f 2722 2752 2751
f 2723 2732 2724
f 2724 2732 2753
f 2724 2753 2754
f 2724 2754 2776
f 2724 2776 2755
f 2725 2755 2778
f 2725 2778 2756
f 2725 2756 2757
f 2725 2757 2758
f 2725 2758 2759
f 2725 2759 2734
f 2725 2734 2733
f 2728 2760 2729
f 2729 2760 2730
f 2730 2760 2761
f 2730 2761 2753
f 2730 2753 2731
f 2731 2753 2732
f 2734 2759 2762
f 2734 2762 2735
f 2735 2762 2740
f 2740 2762 2763
f 2740 2763 2741
f 2741 2763 2744
f 2741 2744 2742
f 2743 2764 2748
f 2743 2745 2763
f 2743 2763 2764
f 2744 2763 2745
f 2746 2750 2765
f 2746 2765 2766
f 2746 2766 2767
f 2746 2767 2752
f 2746 2752 2747
f 2748 2768 2769
f 2748 2769 2749
f 2748 2764 2779
f 2748 2779 2768
f 2749 2769 2750
f 2750 2769 2770
f 2750 2770 2771
f 2750 2771 2772
f 2750 2772 2773
f 2750 2773 2774
f 2750 2774 2775
f 2750 2775 2765
f 2753 2771 2776
f 2753 2776 2754
f 2755 2776 2777
f 2755 2777 2769
f 2755 2769 2778
f 2756 2778 2768
f 2756 2768 2779
f 2756 2779 2757
f 2757 2779 2780
f 2757 2780 2758
f 2758 2780 2764
f 2758 2764 2781
f 2758 2781 2762
f 2758 2762 2759
f 2762 2781 2763
f 2763 2781 2764
f 2764 2780 2779
f 2765 2775 2782
f 2765 2782 2783
f 2765 2783 2766
f 2768 2778 2769
f 2769 2777 2770
f 2770 2777 2771
f 2771 2777 2776
o convex_21
v 0.299474 0.284371 -0.421317
v 0.316844 0.301744 -0.422456
v 0.299474 0.299479 -0.422
v 0.299474 0.242547 -0.421317
v 0.299474 0.301744 -0.422456
v 0.316844 0.271579 -0.422456
v 0.362089 0.316801 -0.437539
v 0.478337 0.388997 -0.481605
v 0.478337 0.391467 -0.482311
v 0.33192 0.331909 -0.437539
v 0.326895 0.341947 -0.442552
v 0.311801 0.311782 -0.427469
v 0.299474 0.239407 -0.421886
v 0.299474 0.311782 -0.427469
v 0.372158 0.281643 -0.442552
v 0.362089 0.286662 -0.437539
v 0.478337 0.357622 -0.48279
v 0.478337 0.410565 -0.49466
v 0.336945 0.352011 -0.447587
v 0.299474 0.341947 -0.442552
v 0.311801 0.23637 -0.427469
v 0.299474 0.224993 -0.425076
v 0.309297 0.222548 -0.429998
v 0.369636 0.267796 -0.445081
v 0.478337 0.34066 -0.486572
v 0.478337 0.345654 -0.485455
v 0.478337 0.42243 -0.509744
v 0.306776 0.352011 -0.447587
v 0.299474 0.344701 -0.443942
v 0.30175 0.224427 -0.426215
v 0.299474 0.222136 -0.426215
v 0.369636 0.237631 -0.460164
v 0.299474 0.210091 -0.435261
v 0.309297 0.192383 -0.460164
v 0.414882 0.267796 -0.475248
v 0.460145 0.297987 -0.490331
v 0.478337 0.311036 -0.500539
v 0.478337 0.423563 -0.511247
v 0.299474 0.355666 -0.454901
v 0.299474 0.351522 -0.449615
v 0.309297 0.184816 -0.475248
v 0.429975 0.267796 -0.490331
v 0.299474 0.195008 -0.450344
v 0.299474 0.186154 -0.465428
v 0.299474 0.184996 -0.467706
v 0.472717 0.296725 -0.512979
v 0.478337 0.302697 -0.512979
v 0.478337 0.429689 -0.521045
v 0.357064 0.387221 -0.487825
v 0.326895 0.372138 -0.472742
v 0.299474 0.372318 -0.487073
v 0.299474 0.173697 -0.500174
v 0.30175 0.175396 -0.497873
v 0.324373 0.184816 -0.505415
v 0.33192 0.190478 -0.497873
v 0.429975 0.260254 -0.505415
v 0.442547 0.26656 -0.512979
v 0.478337 0.293328 -0.528062
v 0.478337 0.432726 -0.530113
v 0.33192 0.39224 -0.512979
v 0.326895 0.387221 -0.502908
v 0.299474 0.374866 -0.493316
v 0.299474 0.172359 -0.512979
v 0.326895 0.186077 -0.512979
v 0.35456 0.199924 -0.550665
v 0.336945 0.191122 -0.512979
v 0.382208 0.221287 -0.512979
v 0.369636 0.215007 -0.505415
v 0.422428 0.250834 -0.512979
v 0.472717 0.281643 -0.543123
v 0.478337 0.292762 -0.532505
v 0.478337 0.433343 -0.532779
v 0.377183 0.407348 -0.528062
v 0.33192 0.39224 -0.558206
v 0.299474 0.377157 -0.500174
v 0.299474 0.376642 -0.497873
v 0.299474 0.172359 -0.558206
v 0.326895 0.186077 -0.543123
v 0.306776 0.176039 -0.558206
v 0.36398 0.215007 -0.588373
v 0.382208 0.221287 -0.57329
v 0.427454 0.251452 -0.588373
v 0.41236 0.23637 -0.558206
v 0.41236 0.23637 -0.543123
v 0.407335 0.235752 -0.528062
v 0.452598 0.265917 -0.543123
v 0.472717 0.281643 -0.588373
v 0.478337 0.29199 -0.543123
v 0.457623 0.26656 -0.558206
v 0.478337 0.435299 -0.543123
v 0.377183 0.407348 -0.558206
v 0.324373 0.388482 -0.565748
v 0.299474 0.377157 -0.543123
v 0.299474 0.173929 -0.564472
v 0.365872 0.218765 -0.595915
v 0.409226 0.245172 -0.603479
v 0.299474 0.17712 -0.573609
v 0.411117 0.248955 -0.611021
v 0.45638 0.279121 -0.611021
v 0.478337 0.30298 -0.618562
v 0.478337 0.295799 -0.603479
v 0.478337 0.293766 -0.59637
v 0.478337 0.29199 -0.588373
v 0.478337 0.435299 -0.577733
v 0.369636 0.403564 -0.565748
v 0.414882 0.403564 -0.611021
v 0.369636 0.388482 -0.611021
v 0.309297 0.373399 -0.595915
v 0.299474 0.376025 -0.575568
v 0.335702 0.203682 -0.595915
v 0.350778 0.218765 -0.611021
v 0.299474 0.183169 -0.588373
v 0.305515 0.1886 -0.595915
v 0.441287 0.279121 -0.626104
v 0.478337 0.306171 -0.623894
v 0.478337 0.420191 -0.623005
v 0.475238 0.418647 -0.626104
v 0.475238 0.433729 -0.580831
v 0.460145 0.418647 -0.611021
v 0.377183 0.382202 -0.623575
v 0.33192 0.367737 -0.618562
v 0.309297 0.35075 -0.626104
v 0.299474 0.363207 -0.601178
v 0.299474 0.369796 -0.590674
v 0.299474 0.372087 -0.586095
v 0.326895 0.221287 -0.623575
v 0.350778 0.233873 -0.626104
v 0.299474 0.185279 -0.591882
v 0.299474 0.19385 -0.602317
v 0.299474 0.197273 -0.605758
v 0.305515 0.203682 -0.611021
v 0.365872 0.264038 -0.641187
v 0.426193 0.294203 -0.641187
v 0.472717 0.321846 -0.643694
v 0.478337 0.31904 -0.638089
v 0.478337 0.315694 -0.634762
v 0.478337 0.312374 -0.631413
v 0.478337 0.418132 -0.627129
v 0.478337 0.410874 -0.6372
v 0.324373 0.358291 -0.626104
v 0.299474 0.360556 -0.604231
v 0.316844 0.348871 -0.629864
v 0.309297 0.320585 -0.641187
v 0.299474 0.332733 -0.629681
v 0.299474 0.334355 -0.628724
v 0.299474 0.345473 -0.619314
v 0.305515 0.218765 -0.626104
v 0.336945 0.231351 -0.62861
v 0.299474 0.210657 -0.619132
v 0.352039 0.261516 -0.643694
v 0.467691 0.331909 -0.648729
v 0.478337 0.326556 -0.644286
v 0.478337 0.407168 -0.640162
v 0.478337 0.391467 -0.650279
v 0.316844 0.318706 -0.644947
v 0.299474 0.331214 -0.630433
v 0.30175 0.303649 -0.644947
v 0.299474 0.304189 -0.643808
v 0.299474 0.218765 -0.626104
v 0.299474 0.222806 -0.629431
v 0.299474 0.212382 -0.620841
v 0.347013 0.271579 -0.648729
v 0.478337 0.372704 -0.654038
v 0.478337 0.342539 -0.648729
v 0.478337 0.331909 -0.64636
v 0.478337 0.386474 -0.651395
v 0.33192 0.316801 -0.648729
v 0.316844 0.301744 -0.648729
v 0.30175 0.286662 -0.648729
v 0.299474 0.286945 -0.64816
v 0.299474 0.301358 -0.644947
v 0.299474 0.271579 -0.648729
v 0.299474 0.284371 -0.648729
f 2784 2785 2786
f 2784 2786 2788
f 2784 2788 2797
f 2784 2797 2803
f 2784 2803 2812
f 2784 2812 2823
f 2784 2823 2822
f 2784 2822 2834
f 2784 2834 2845
f 2784 2845 2859
f 2784 2859 2858
f 2784 2858 2876
f 2784 2876 2892
f 2784 2892 2908
f 2784 2908 2907
f 2784 2907 2906
f 2784 2906 2924
f 2784 2924 2929
f 2784 2929 2928
f 2784 2928 2927
f 2784 2927 2939
f 2784 2939 2941
f 2784 2941 2954
f 2784 2954 2953
f 2784 2953 2956
f 2784 2956 2955
f 2784 2955 2943
f 2784 2943 2942
f 2784 2942 2944
f 2784 2944 2932
f 2784 2932 2913
f 2784 2913 2912
f 2784 2912 2911
f 2784 2911 2895
f 2784 2895 2880
f 2784 2880 2877
f 2784 2877 2860
f 2784 2860 2846
f 2784 2846 2835
f 2784 2835 2828
f 2784 2828 2827
f 2784 2827 2826
f 2784 2826 2816
f 2784 2816 2814
f 2784 2814 2805
f 2784 2805 2796
f 2784 2796 2787
f 2784 2787 2789
f 2784 2789 2785
f 2785 2788 2786
f 2785 2789 2799
f 2785 2799 2790
f 2785 2790 2791
f 2785 2791 2792
f 2785 2792 2793
f 2785 2793 2802
f 2785 2802 2794
f 2785 2794 2795
f 2785 2795 2797
f 2785 2797 2788
f 2787 2796 2789
f 2789 2798 2799
f 2789 2796 2798
f 2790 2799 2791
f 2791 2799 2800
f 2791 2800 2809
f 2791 2809 2808
f 2791 2808 2820
f 2791 2820 2830
f 2791 2830 2841
f 2791 2841 2854
f 2791 2854 2871
f 2791 2871 2886
f 2791 2886 2885
f 2791 2885 2884
f 2791 2884 2883
f 2791 2883 2898
f 2791 2898 2920
f 2791 2920 2919
f 2791 2919 2918
f 2791 2918 2935
f 2791 2935 2948
f 2791 2948 2947
f 2791 2947 2946
f 2791 2946 2949
f 2791 2949 2937
f 2791 2937 2936
f 2791 2936 2922
f 2791 2922 2921
f 2791 2921 2899
f 2791 2899 2887
f 2791 2887 2873
f 2791 2873 2855
f 2791 2855 2842
f 2791 2842 2831
f 2791 2831 2821
f 2791 2821 2810
f 2791 2810 2801
f 2791 2801 2792
f 2792 2801 2802
f 2792 2802 2793
f 2794 2802 2811
f 2794 2811 2803
f 2794 2803 2797
f 2794 2797 2795
f 2796 2804 2798
f 2796 2805 2804
f 2798 2804 2806
f 2798 2806 2807
f 2798 2807 2808
f 2798 2808 2809
f 2798 2809 2800
f 2798 2800 2799
f 2801 2810 2811
f 2801 2811 2802
f 2803 2811 2812
f 2804 2805 2813
f 2804 2813 2806
f 2805 2814 2813
f 2806 2815 2807
f 2806 2813 2814
f 2806 2814 2816
f 2806 2816 2826
f 2806 2826 2817
f 2806 2817 2815
f 2807 2818 2819
f 2807 2819 2808
f 2807 2815 2818
f 2808 2819 2820
f 2810 2821 2811
f 2811 2822 2823
f 2811 2823 2812
f 2811 2821 2822
f 2815 2817 2824
f 2815 2824 2825
f 2815 2825 2818
f 2817 2826 2827
f 2817 2827 2828
f 2817 2828 2824
f 2818 2825 2819
f 2819 2825 2829
f 2819 2829 2830
f 2819 2830 2820
f 2821 2831 2832
f 2821 2832 2833
f 2821 2833 2822
f 2822 2833 2834
f 2824 2828 2835
f 2824 2835 2836
f 2824 2836 2837
f 2824 2837 2838
f 2824 2838 2839
f 2824 2839 2825
f 2825 2839 2840
f 2825 2840 2829
f 2829 2841 2830
f 2829 2840 2841
f 2831 2842 2843
f 2831 2843 2844
f 2831 2844 2832
f 2832 2844 2833
f 2833 2844 2834
f 2834 2844 2845
f 2835 2846 2837
f 2835 2837 2836
f 2837 2847 2848
f 2837 2848 2849
f 2837 2849 2838
f 2837 2846 2847
f 2838 2849 2850
f 2838 2850 2851
f 2838 2851 2839
f 2839 2852 2840
f 2839 2851 2852
f 2840 2852 2869
f 2840 2869 2853
f 2840 2853 2841
f 2841 2853 2854
f 2842 2855 2856
f 2842 2856 2843
f 2843 2856 2874
f 2843 2874 2857
f 2843 2857 2876
f 2843 2876 2858
f 2843 2858 2859
f 2843 2859 2844
f 2844 2859 2845
f 2846 2860 2861
f 2846 2861 2847
f 2847 2861 2848
f 2848 2861 2860
f 2848 2860 2862
f 2848 2862 2863
f 2848 2863 2864
f 2848 2864 2865
f 2848 2865 2866
f 2848 2866 2867
f 2848 2867 2849
f 2849 2867 2850
f 2850 2867 2868
f 2850 2868 2852
f 2850 2852 2851
f 2852 2868 2869
f 2853 2870 2886
f 2853 2886 2871
f 2853 2871 2854
f 2853 2869 2872
f 2853 2872 2870
f 2855 2873 2856
f 2856 2873 2887
f 2856 2887 2874
f 2857 2875 2876
f 2857 2874 2875
f 2860 2877 2862
f 2862 2877 2863
f 2863 2878 2879
f 2863 2879 2864
f 2863 2877 2880
f 2863 2880 2878
f 2864 2879 2865
f 2865 2881 2882
f 2865 2882 2870
f 2865 2870 2872
f 2865 2872 2866
f 2865 2879 2881
f 2866 2872 2867
f 2867 2872 2869
f 2867 2869 2868
f 2870 2882 2883
f 2870 2883 2884
f 2870 2884 2885
f 2870 2885 2886
f 2874 2888 2875
f 2874 2887 2888
f 2875 2888 2902
f 2875 2902 2889
f 2875 2889 2890
f 2875 2890 2891
f 2875 2891 2892
f 2875 2892 2876
f 2878 2880 2893
f 2878 2893 2894
f 2878 2894 2881
f 2878 2881 2879
f 2880 2895 2896
f 2880 2896 2893
f 2881 2897 2882
f 2881 2894 2897
f 2882 2897 2898
f 2882 2898 2883
f 2887 2899 2900
f 2887 2900 2901
f 2887 2901 2888
f 2888 2901 2902
f 2889 2902 2900
f 2889 2900 2890
f 2890 2900 2903
f 2890 2903 2904
f 2890 2904 2891
f 2891 2904 2905
f 2891 2905 2906
f 2891 2906 2907
f 2891 2907 2908
f 2891 2908 2892
f 2893 2896 2894
f 2894 2896 2909
f 2894 2909 2910
f 2894 2910 2897
f 2895 2911 2896
f 2896 2911 2912
f 2896 2912 2913
f 2896 2913 2914
f 2896 2914 2909
f 2897 2910 2915
f 2897 2915 2916
f 2897 2916 2917
f 2897 2917 2918
f 2897 2918 2919
f 2897 2919 2920
f 2897 2920 2898
f 2899 2921 2900
f 2900 2902 2901
f 2900 2921 2922
f 2900 2922 2903
f 2903 2922 2923
f 2903 2923 2904
f 2904 2923 2905
f 2905 2924 2906
f 2905 2923 2925
f 2905 2925 2938
f 2905 2938 2926
f 2905 2926 2927
f 2905 2927 2928
f 2905 2928 2929
f 2905 2929 2924
f 2909 2930 2931
f 2909 2931 2910
f 2909 2914 2930
f 2910 2931 2933
f 2910 2933 2915
f 2913 2932 2930
f 2913 2930 2914
f 2915 2933 2917
f 2915 2917 2916
f 2917 2934 2935
f 2917 2935 2918
f 2917 2933 2945
f 2917 2945 2934
f 2922 2936 2923
f 2923 2936 2937
f 2923 2937 2925
f 2925 2937 2938
f 2926 2939 2927
f 2926 2938 2940
f 2926 2940 2941
f 2926 2941 2939
f 2930 2942 2943
f 2930 2943 2931
f 2930 2932 2944
f 2930 2944 2942
f 2931 2943 2933
f 2933 2943 2945
f 2934 2946 2947
f 2934 2947 2948
f 2934 2948 2935
f 2934 2945 2946
f 2937 2949 2950
f 2937 2950 2938
f 2938 2950 2940
f 2940 2951 2952
f 2940 2952 2953
f 2940 2953 2954
f 2940 2954 2941
f 2940 2950 2951
f 2943 2955 2945
f 2945 2955 2946
f 2946 2950 2949
f 2946 2955 2956
f 2946 2956 2952
f 2946 2952 2951
f 2946 2951 2950
f 2952 2956 2953
o convex_22
v 0.299457 0.114294 -0.243669
v 0.256388 0.120658 -0.256458
v 0.299457 0.115127 -0.246966
v 0.299457 0.114294 -0.228568
v 0.256388 0.120697 -0.256612
v 0.256388 0.120658 -0.226411
v 0.256388 0.123949 -0.268292
v 0.299457 0.155907 -0.326877
v 0.256388 0.120678 -0.211279
v 0.299457 0.129401 -0.138087
v 0.256388 0.139432 -0.298494
v 0.276599 0.155907 -0.326877
v 0.299457 0.196132 -0.347001
v 0.299457 0.139848 -0.0913676
v 0.299457 0.154678 -0.0321668
v 0.29847 0.155054 -0.0321668
v 0.291679 0.155907 -0.040241
v 0.286717 0.162112 -0.0321668
v 0.28662 0.162191 -0.0321668
v 0.276599 0.170994 -0.0321668
v 0.256388 0.135784 -0.181047
v 0.256388 0.158424 -0.32435
v 0.256388 0.176029 -0.336923
v 0.256388 0.196132 -0.347001
v 0.299457 0.241373 -0.347001
v 0.299457 0.240282 -0.0321668
v 0.271569 0.181045 -0.0321668
v 0.256388 0.14082 -0.171001
v 0.256388 0.256459 -0.347001
v 0.286649 0.256459 -0.347001
v 0.294195 0.264013 -0.34321
v 0.299457 0.269266 -0.339265
v 0.256388 0.3131 -0.22638
v 0.256388 0.304773 -0.208167
v 0.288643 0.236218 -0.0321668
v 0.299457 0.29155 -0.206287
v 0.294195 0.294186 -0.203667
v 0.264023 0.309273 -0.218737
v 0.271569 0.211219 -0.0321668
v 0.256388 0.211139 -0.143295
v 0.256388 0.164094 -0.154606
v 0.256388 0.152794 -0.162156
v 0.256388 0.276522 -0.336954
v 0.286649 0.276582 -0.336923
v 0.299457 0.272319 -0.337447
v 0.256388 0.316728 -0.240926
v 0.256388 0.294186 -0.188598
v 0.276337 0.228684 -0.0321668
v 0.284659 0.234236 -0.0321668
v 0.286649 0.235227 -0.0321668
v 0.299457 0.29944 -0.245056
v 0.299457 0.30172 -0.256458
v 0.286649 0.30172 -0.226288
v 0.256481 0.316807 -0.241388
v 0.274841 0.225949 -0.0321668
v 0.256388 0.286693 -0.181016
v 0.256388 0.271606 -0.165916
v 0.256388 0.264013 -0.158427
v 0.256388 0.25638 -0.154606
v 0.256388 0.230112 -0.147055
v 0.256481 0.276582 -0.336923
v 0.256388 0.297914 -0.318802
v 0.286649 0.291669 -0.321853
v 0.299457 0.280844 -0.328387
v 0.256388 0.316807 -0.241388
v 0.275507 0.227277 -0.0321668
v 0.299457 0.30172 -0.288909
v 0.256481 0.316807 -0.271559
v 0.256388 0.313 -0.288632
v 0.256481 0.297953 -0.31871
v 0.286649 0.296704 -0.311776
v 0.299457 0.297775 -0.304842
v 0.299457 0.296823 -0.306475
v 0.299457 0.290598 -0.315967
v 0.256388 0.316807 -0.271651
v 0.299457 0.298528 -0.303332
v 0.256481 0.31304 -0.288509
v 0.286649 0.30172 -0.301729
v 0.256388 0.31306 -0.288509
f 2957 2958 2959
f 2957 2959 2964
f 2957 2964 2969
f 2957 2969 2981
f 2957 2981 2988
f 2957 2988 3001
f 2957 3001 3020
f 2957 3020 3030
f 2957 3030 3029
f 2957 3029 3028
f 2957 3028 3032
f 2957 3032 3023
f 2957 3023 3008
f 2957 3008 3007
f 2957 3007 2992
f 2957 2992 2982
f 2957 2982 2971
f 2957 2971 2970
f 2957 2970 2966
f 2957 2966 2960
f 2957 2960 2962
f 2957 2962 2958
f 2958 2961 2959
f 2958 2962 2965
f 2958 2965 2977
f 2958 2977 2984
f 2958 2984 2998
f 2958 2998 2997
f 2958 2997 2996
f 2958 2996 3016
f 2958 3016 3015
f 2958 3015 3014
f 2958 3014 3013
f 2958 3013 3012
f 2958 3012 3003
f 2958 3003 2990
f 2958 2990 2989
f 2958 2989 3002
f 2958 3002 3021
f 2958 3021 3031
f 2958 3031 3035
f 2958 3035 3025
f 2958 3025 3018
f 2958 3018 2999
f 2958 2999 2985
f 2958 2985 2980
f 2958 2980 2979
f 2958 2979 2978
f 2958 2978 2967
f 2958 2967 2963
f 2958 2963 2961
f 2959 2961 2963
f 2959 2963 2964
f 2960 2965 2962
f 2960 2966 2965
f 2963 2967 2964
f 2964 2967 2968
f 2964 2968 2980
f 2964 2980 2969
f 2965 2966 2970
f 2965 2970 2971
f 2965 2971 2972
f 2965 2972 2973
f 2965 2973 2974
f 2965 2974 2975
f 2965 2975 2976
f 2965 2976 2977
f 2967 2978 2968
f 2968 2978 2979
f 2968 2979 2980
f 2969 2980 2985
f 2969 2985 2986
f 2969 2986 2981
f 2971 2982 2991
f 2971 2991 3006
f 2971 3006 3005
f 2971 3005 3004
f 2971 3004 3022
f 2971 3022 3011
f 2971 3011 2995
f 2971 2995 2983
f 2971 2983 2976
f 2971 2976 2975
f 2971 2975 2974
f 2971 2974 2972
f 2972 2974 2973
f 2976 2983 2984
f 2976 2984 2977
f 2981 2986 2987
f 2981 2987 2988
f 2982 2989 2990
f 2982 2990 2991
f 2982 2992 2993
f 2982 2993 2994
f 2982 2994 2989
f 2983 2995 2996
f 2983 2996 2997
f 2983 2997 2998
f 2983 2998 2984
f 2985 2999 2986
f 2986 2999 3000
f 2986 3000 2987
f 2987 3000 2988
f 2988 3000 3001
f 2989 2994 3002
f 2990 3003 3004
f 2990 3004 3005
f 2990 3005 3006
f 2990 3006 2991
f 2992 3007 2993
f 2993 3007 3008
f 2993 3008 3009
f 2993 3009 2994
f 2994 3009 3010
f 2994 3010 3002
f 2995 3011 3003
f 2995 3003 3012
f 2995 3012 3013
f 2995 3013 3014
f 2995 3014 3015
f 2995 3015 3016
f 2995 3016 2996
f 2999 3017 3000
f 2999 3018 3017
f 3000 3017 3018
f 3000 3018 3019
f 3000 3019 3001
f 3001 3019 3020
f 3002 3010 3021
f 3003 3011 3022
f 3003 3022 3004
f 3008 3010 3009
f 3008 3023 3024
f 3008 3024 3010
f 3010 3024 3031
f 3010 3031 3021
f 3018 3025 3026
f 3018 3026 3019
f 3019 3026 3025
f 3019 3025 3027
f 3019 3027 3028
f 3019 3028 3029
f 3019 3029 3030
f 3019 3030 3020
f 3023 3032 3024
f 3024 3032 3033
f 3024 3033 3031
f 3025 3034 3027
f 3025 3035 3034
f 3027 3034 3028
f 3028 3034 3032
f 3031 3033 3035
f 3032 3034 3035
f 3032 3035 3033
o convex_23
v -0.0905219 0.0911964 -0.348482
v -0.0905219 0.0911964 -0.331886
v -0.0905219 0.105617 -0.348482
v 0.256117 0.0911964 -0.348482
v -0.0905219 0.105617 -0.331886
v -0.0901823 0.0911964 -0.285968
v -0.0658687 0.154934 -0.348482
v 0.222499 0.161908 -0.348482
v 0.256388 0.256466 -0.346995
v 0.256388 0.196145 -0.346995
v 0.256388 0.180971 -0.339409
v 0.256388 0.176022 -0.336932
v 0.256388 0.158421 -0.324362
v 0.256388 0.139429 -0.298508
v 0.256388 0.123949 -0.268288
v 0.256388 0.120697 -0.256615
v 0.256388 0.120673 -0.25646
v 0.256117 0.0911964 -0.317147
v -0.0867187 0.113157 -0.324362
v -0.0716415 0.143341 -0.324362
v -0.0150683 0.226282 -0.0754526
v -0.011299 0.233845 -0.0678977
v -0.0750712 0.0911964 -0.180385
v -0.0653594 0.1559 -0.331886
v -0.0653594 0.1559 -0.348482
v 0.216217 0.171003 -0.348482
v 0.211191 0.256466 -0.346995
v 0.248918 0.29419 -0.328139
v 0.256388 0.276518 -0.336963
v 0.19085 0.20656 -0.348482
v 0.162156 0.222488 -0.348482
v 0.131696 0.237592 -0.348482
v 0.120694 0.241385 -0.348482
v 0.256388 0.120673 -0.211286
v 0.24104 0.0911964 -0.211534
v -0.0150683 0.211225 -0.045264
v -0.011299 0.218742 -0.03774
v -0.00562806 0.241385 -0.0603738
v -0.00501682 0.246404 -0.0754526
v -0.0503841 0.0911964 -0.0905314
v -0.00501682 0.246404 -0.0905314
v -0.0351711 0.201164 -0.348482
v 0.211191 0.276588 -0.336932
v 0.0437802 0.241385 -0.348482
v 0.241379 0.296687 -0.32687
v 0.256388 0.297913 -0.318819
v 0.256388 0.14082 -0.171003
v 0.225962 0.0911964 -0.136139
v -0.00851445 0.211225 -0.0321668
v -0.00297937 0.224302 -0.0321668
v 0.0113168 0.248926 -0.03774
v 0.00377818 0.248926 -0.0528189
v -0.0150683 0.181065 -0.0321668
v 0.00503461 0.251447 -0.0603738
v 0.0402486 0.276588 -0.135799
v -0.0500445 0.0911964 -0.0898502
v 0.0402486 0.276588 -0.150878
v 0.0704368 0.291668 -0.211193
v 0.100557 0.306749 -0.25646
v 0.113121 0.31304 -0.264015
v 0.0275145 0.237474 -0.348482
v 0.0284993 0.237969 -0.348482
v 0.150848 0.306749 -0.306744
v 0.165925 0.291668 -0.321854
v 0.233841 0.29796 -0.324362
v 0.241379 0.30173 -0.316807
v 0.256388 0.297983 -0.318695
v 0.256388 0.152789 -0.162148
v 0.200223 0.0911964 -0.0321668
v 0.222193 0.0911964 -0.120039
v -0.000636298 0.226965 -0.0321668
v 0.0141013 0.243365 -0.0321668
v 0.026326 0.252696 -0.0321668
v 0.0402486 0.266527 -0.0503109
v 0.0132184 0.252696 -0.045264
v -0.0356465 0.0911964 -0.061024
v -0.0349674 0.0911964 -0.0596926
v -0.020875 0.0911964 -0.0321668
v 0.0352229 0.266527 -0.0603738
v 0.0603514 0.28665 -0.135799
v 0.0528129 0.28288 -0.158433
v 0.0829672 0.29796 -0.218748
v 0.110609 0.311791 -0.25646
v 0.120694 0.31681 -0.25646
v 0.165925 0.331914 -0.25646
v 0.158387 0.32812 -0.264015
v 0.14331 0.31304 -0.294173
v 0.120694 0.307385 -0.286649
v 0.150848 0.311791 -0.296681
v 0.241379 0.31681 -0.286649
v 0.165925 0.321852 -0.276586
v 0.256388 0.313063 -0.288507
v 0.256388 0.163958 -0.154717
v 0.256388 0.1641 -0.154624
v 0.256388 0.211131 -0.143292
v 0.256388 0.230099 -0.147069
v 0.186062 0.186084 -0.040248
v 0.199543 0.0939532 -0.0321668
v 0.0288049 0.253685 -0.0321668
v 0.0435425 0.25696 -0.0321668
v 0.0462591 0.257455 -0.0321668
v 0.100557 0.266527 -0.0503109
v 0.0452743 0.271546 -0.0603738
v 0.0905057 0.30173 -0.165987
v 0.110609 0.311791 -0.196114
v 0.120694 0.31681 -0.196114
v 0.165925 0.331914 -0.241382
v 0.181037 0.331914 -0.241382
v 0.150848 0.31681 -0.286649
v 0.256388 0.31681 -0.271632
v 0.256388 0.256371 -0.154624
v 0.201139 0.216244 -0.0704366
v 0.173498 0.218742 -0.03774
v 0.172377 0.202578 -0.0321668
v 0.0914905 0.257455 -0.0321668
v 0.110609 0.261485 -0.040248
v 0.105583 0.271546 -0.0603738
v 0.120694 0.30173 -0.135799
v 0.150848 0.31681 -0.181066
v 0.165925 0.31681 -0.181066
v 0.196114 0.31681 -0.196114
v 0.241379 0.31681 -0.226303
v 0.256388 0.31681 -0.241382
v 0.256388 0.264006 -0.158433
v 0.14331 0.248926 -0.03774
v 0.137775 0.243365 -0.0321668
v 0.167929 0.213204 -0.0321668
v 0.127112 0.247818 -0.0321668
v 0.123207 0.258987 -0.042756
v 0.128233 0.264006 -0.0528189
v 0.170985 0.306749 -0.160941
v 0.188575 0.30927 -0.173511
v 0.218729 0.30927 -0.18859
v 0.256388 0.313087 -0.226365
v 0.256388 0.316716 -0.240917
v 0.256388 0.271593 -0.165926
v 0.246405 0.276588 -0.160941
v 0.246405 0.291668 -0.176019
v 0.188575 0.29419 -0.143354
v 0.256388 0.304769 -0.208159
v 0.256388 0.286697 -0.181004
v 0.256388 0.29419 -0.18859
f 3036 3037 3040
f 3036 3040 3038
f 3036 3038 3042
f 3036 3042 3060
f 3036 3060 3077
f 3036 3077 3096
f 3036 3096 3097
f 3036 3097 3079
f 3036 3079 3068
f 3036 3068 3067
f 3036 3067 3066
f 3036 3066 3065
f 3036 3065 3061
f 3036 3061 3043
f 3036 3043 3039
f 3036 3039 3053
f 3036 3053 3070
f 3036 3070 3083
f 3036 3083 3105
f 3036 3105 3104
f 3036 3104 3113
f 3036 3113 3112
f 3036 3112 3111
f 3036 3111 3091
f 3036 3091 3075
f 3036 3075 3058
f 3036 3058 3041
f 3036 3041 3037
f 3037 3041 3040
f 3038 3040 3042
f 3039 3043 3044
f 3039 3044 3045
f 3039 3045 3046
f 3039 3046 3047
f 3039 3047 3048
f 3039 3048 3049
f 3039 3049 3050
f 3039 3050 3051
f 3039 3051 3052
f 3039 3052 3069
f 3039 3069 3053
f 3040 3054 3055
f 3040 3055 3042
f 3040 3041 3056
f 3040 3056 3057
f 3040 3057 3054
f 3041 3058 3056
f 3042 3055 3059
f 3042 3059 3060
f 3043 3061 3044
f 3044 3062 3063
f 3044 3063 3064
f 3044 3064 3081
f 3044 3081 3102
f 3044 3102 3127
f 3044 3127 3145
f 3044 3145 3158
f 3044 3158 3170
f 3044 3170 3169
f 3044 3169 3175
f 3044 3175 3177
f 3044 3177 3176
f 3044 3176 3171
f 3044 3171 3159
f 3044 3159 3146
f 3044 3146 3131
f 3044 3131 3130
f 3044 3130 3129
f 3044 3129 3128
f 3044 3128 3103
f 3044 3103 3082
f 3044 3082 3069
f 3044 3069 3052
f 3044 3052 3051
f 3044 3051 3050
f 3044 3050 3049
f 3044 3049 3048
f 3044 3048 3047
f 3044 3047 3046
f 3044 3046 3045
f 3044 3061 3065
f 3044 3065 3066
f 3044 3066 3067
f 3044 3067 3068
f 3044 3068 3079
f 3044 3079 3062
f 3053 3069 3070
f 3054 3057 3055
f 3055 3057 3059
f 3056 3071 3057
f 3056 3058 3071
f 3057 3071 3072
f 3057 3072 3073
f 3057 3073 3074
f 3057 3074 3059
f 3058 3075 3071
f 3059 3074 3076
f 3059 3076 3060
f 3060 3076 3077
f 3062 3078 3063
f 3062 3079 3078
f 3063 3080 3081
f 3063 3081 3064
f 3063 3078 3080
f 3069 3082 3083
f 3069 3083 3070
f 3071 3075 3072
f 3072 3084 3085
f 3072 3085 3086
f 3072 3086 3087
f 3072 3087 3073
f 3072 3075 3088
f 3072 3088 3084
f 3073 3087 3074
f 3074 3087 3089
f 3074 3089 3090
f 3074 3090 3092
f 3074 3092 3076
f 3075 3091 3088
f 3076 3092 3077
f 3077 3092 3093
f 3077 3093 3094
f 3077 3094 3095
f 3077 3095 3096
f 3078 3079 3080
f 3079 3097 3098
f 3079 3098 3099
f 3079 3099 3080
f 3080 3100 3101
f 3080 3101 3102
f 3080 3102 3081
f 3080 3099 3098
f 3080 3098 3100
f 3082 3103 3104
f 3082 3104 3105
f 3082 3105 3083
f 3084 3088 3113
f 3084 3113 3104
f 3084 3104 3133
f 3084 3133 3149
f 3084 3149 3162
f 3084 3162 3161
f 3084 3161 3163
f 3084 3163 3150
f 3084 3150 3136
f 3084 3136 3135
f 3084 3135 3134
f 3084 3134 3108
f 3084 3108 3107
f 3084 3107 3106
f 3084 3106 3085
f 3085 3106 3086
f 3086 3106 3107
f 3086 3107 3108
f 3086 3108 3109
f 3086 3109 3110
f 3086 3110 3087
f 3087 3110 3089
f 3088 3111 3112
f 3088 3112 3113
f 3088 3091 3111
f 3089 3110 3114
f 3089 3114 3115
f 3089 3115 3090
f 3090 3115 3116
f 3090 3116 3092
f 3092 3116 3118
f 3092 3118 3117
f 3092 3117 3094
f 3092 3094 3093
f 3094 3117 3118
f 3094 3118 3095
f 3095 3118 3119
f 3095 3119 3120
f 3095 3120 3121
f 3095 3121 3122
f 3095 3122 3123
f 3095 3123 3097
f 3095 3097 3096
f 3097 3123 3122
f 3097 3122 3098
f 3098 3122 3124
f 3098 3124 3100
f 3100 3125 3101
f 3100 3124 3126
f 3100 3126 3120
f 3100 3120 3125
f 3101 3125 3102
f 3102 3125 3127
f 3103 3128 3104
f 3104 3128 3129
f 3104 3129 3130
f 3104 3130 3131
f 3104 3131 3132
f 3104 3132 3133
f 3108 3134 3109
f 3109 3134 3135
f 3109 3135 3136
f 3109 3136 3150
f 3109 3150 3137
f 3109 3137 3152
f 3109 3152 3138
f 3109 3138 3110
f 3110 3138 3114
f 3114 3138 3115
f 3115 3139 3140
f 3115 3140 3116
f 3115 3138 3139
f 3116 3140 3118
f 3118 3140 3141
f 3118 3141 3119
f 3119 3141 3142
f 3119 3142 3120
f 3120 3142 3143
f 3120 3143 3125
f 3120 3126 3144
f 3120 3144 3122
f 3120 3122 3121
f 3122 3144 3124
f 3124 3144 3126
f 3125 3145 3127
f 3125 3143 3145
f 3131 3146 3132
f 3132 3146 3147
f 3132 3147 3148
f 3132 3148 3149
f 3132 3149 3133
f 3137 3150 3151
f 3137 3151 3152
f 3138 3152 3153
f 3138 3153 3141
f 3138 3141 3139
f 3139 3141 3140
f 3141 3153 3154
f 3141 3154 3142
f 3142 3154 3155
f 3142 3155 3143
f 3143 3155 3156
f 3143 3156 3157
f 3143 3157 3158
f 3143 3158 3145
f 3146 3159 3148
f 3146 3148 3147
f 3148 3160 3161
f 3148 3161 3162
f 3148 3162 3149
f 3148 3159 3160
f 3150 3163 3151
f 3151 3163 3160
f 3151 3160 3164
f 3151 3164 3165
f 3151 3165 3166
f 3151 3166 3152
f 3152 3166 3155
f 3152 3155 3153
f 3153 3155 3154
f 3155 3166 3167
f 3155 3167 3156
f 3156 3167 3168
f 3156 3168 3157
f 3157 3168 3169
f 3157 3169 3170
f 3157 3170 3158
f 3159 3171 3172
f 3159 3172 3160
f 3160 3165 3164
f 3160 3163 3161
f 3160 3172 3173
f 3160 3173 3165
f 3165 3173 3174
f 3165 3174 3167
f 3165 3167 3166
f 3167 3174 3168
f 3168 3173 3175
f 3168 3175 3169
f 3168 3174 3173
f 3171 3176 3172
f 3172 3176 3173
f 3173 3176 3177
f 3173 3177 3175
o convex_24
v 0.191526 0.0911964 -0.56312
v 0.191526 0.132738 -0.6367
v 0.196809 0.0911964 -0.557201
v 0.191526 0.0911964 -0.348482
v 0.191526 0.162915 -0.651787
v 0.299457 0.22282 -0.629415
v 0.299457 0.218789 -0.626106
v 0.299457 0.212379 -0.620825
v 0.299457 0.210671 -0.619125
v 0.299457 0.208936 -0.617395
v 0.299457 0.195583 -0.604038
v 0.299457 0.193875 -0.602308
v 0.299457 0.188613 -0.595934
v 0.299457 0.185281 -0.591897
v 0.299457 0.183154 -0.588375
v 0.207109 0.0911964 -0.545181
v 0.256141 0.0911964 -0.348482
v 0.191526 0.205548 -0.348482
v 0.191526 0.172852 -0.656613
v 0.299457 0.271556 -0.648721
v 0.299457 0.177135 -0.573623
v 0.23779 0.0911964 -0.499011
v 0.237568 0.0911964 -0.499466
v 0.299457 0.173692 -0.500164
v 0.299457 0.185001 -0.467715
v 0.299457 0.186149 -0.465439
v 0.299457 0.194995 -0.450352
v 0.299457 0.210083 -0.435266
v 0.299457 0.222148 -0.42622
v 0.299457 0.225004 -0.425067
v 0.299457 0.239392 -0.421879
v 0.299457 0.242527 -0.421303
v 0.299457 0.284349 -0.421303
v 0.299457 0.299438 -0.422001
v 0.299457 0.301733 -0.422456
v 0.222524 0.161907 -0.348482
v 0.256141 0.0911964 -0.437876
v 0.299457 0.172377 -0.512944
v 0.216248 0.306744 -0.417417
v 0.20619 0.296694 -0.412378
v 0.192361 0.294175 -0.414898
v 0.191526 0.293615 -0.415475
v 0.216248 0.171005 -0.348482
v 0.299457 0.311783 -0.427465
v 0.299457 0.336473 -0.439819
v 0.299457 0.344703 -0.443947
v 0.261497 0.306744 -0.417417
v 0.191526 0.181054 -0.658556
v 0.299457 0.284349 -0.648721
v 0.299457 0.173944 -0.564456
v 0.244995 0.0911964 -0.481011
v 0.252612 0.0911964 -0.453722
v 0.299457 0.172377 -0.558203
v 0.281623 0.341959 -0.442581
v 0.216248 0.321832 -0.432504
v 0.192361 0.324351 -0.445071
v 0.191526 0.323792 -0.445647
v 0.299457 0.351505 -0.449624
v 0.191526 0.211231 -0.658556
v 0.191526 0.221701 -0.657827
v 0.299457 0.301341 -0.644957
v 0.252369 0.0911964 -0.454693
v 0.299457 0.355676 -0.454905
v 0.20619 0.326871 -0.442581
v 0.252697 0.354528 -0.475243
v 0.194252 0.328131 -0.452629
v 0.191526 0.328131 -0.45533
v 0.191526 0.24138 -0.650451
v 0.299457 0.304168 -0.643803
v 0.299457 0.372332 -0.487082
v 0.29671 0.357047 -0.457668
v 0.29671 0.372136 -0.48784
v 0.28288 0.369616 -0.490329
v 0.284761 0.373396 -0.497888
v 0.254588 0.358307 -0.482801
v 0.239512 0.358307 -0.497888
v 0.209339 0.343219 -0.482801
v 0.191526 0.33191 -0.472329
v 0.191526 0.248378 -0.64696
v 0.299457 0.332749 -0.629688
v 0.299457 0.374879 -0.493335
v 0.299457 0.376643 -0.497888
v 0.299457 0.377175 -0.500164
v 0.286652 0.377175 -0.512944
v 0.241392 0.362086 -0.512944
v 0.211219 0.346998 -0.497888
v 0.191526 0.337144 -0.497888
v 0.191526 0.334233 -0.482801
v 0.191526 0.271556 -0.635365
v 0.191526 0.278527 -0.631874
v 0.286652 0.33692 -0.623587
v 0.299457 0.334345 -0.628717
v 0.299457 0.377175 -0.543116
v 0.286652 0.377175 -0.543116
v 0.241392 0.362086 -0.52803
v 0.211219 0.346998 -0.543116
v 0.191526 0.337144 -0.543116
v 0.191526 0.291655 -0.623587
v 0.286652 0.352009 -0.608501
v 0.299457 0.345458 -0.619307
v 0.299457 0.376027 -0.575566
v 0.294195 0.373396 -0.580847
v 0.279109 0.373396 -0.550675
v 0.233849 0.358307 -0.535558
v 0.203676 0.343219 -0.550675
v 0.191526 0.336976 -0.544391
v 0.191526 0.30694 -0.606953
v 0.294195 0.365837 -0.595934
v 0.299457 0.363206 -0.601185
v 0.299457 0.360547 -0.604221
v 0.299457 0.37208 -0.586099
v 0.248925 0.358307 -0.565761
v 0.286652 0.367741 -0.588375
v 0.196133 0.337564 -0.558203
v 0.191526 0.334093 -0.558203
v 0.191526 0.316709 -0.592989
v 0.196133 0.322476 -0.588375
v 0.256468 0.352653 -0.588375
v 0.299457 0.369784 -0.590652
v 0.191526 0.321328 -0.583762
v 0.191526 0.331798 -0.562817
f 3178 3179 3180
f 3178 3180 3193
f 3178 3193 3200
f 3178 3200 3199
f 3178 3199 3228
f 3178 3228 3239
f 3178 3239 3229
f 3178 3229 3214
f 3178 3214 3194
f 3178 3194 3181
f 3178 3181 3195
f 3178 3195 3219
f 3178 3219 3234
f 3178 3234 3244
f 3178 3244 3255
f 3178 3255 3265
f 3178 3265 3264
f 3178 3264 3274
f 3178 3274 3283
f 3178 3283 3292
f 3178 3292 3298
f 3178 3298 3297
f 3178 3297 3293
f 3178 3293 3284
f 3178 3284 3275
f 3178 3275 3267
f 3178 3267 3266
f 3178 3266 3256
f 3178 3256 3245
f 3178 3245 3237
f 3178 3237 3236
f 3178 3236 3225
f 3178 3225 3196
f 3178 3196 3182
f 3178 3182 3179
f 3179 3182 3183
f 3179 3183 3184
f 3179 3184 3185
f 3179 3185 3186
f 3179 3186 3187
f 3179 3187 3188
f 3179 3188 3189
f 3179 3189 3190
f 3179 3190 3191
f 3179 3191 3192
f 3179 3192 3193
f 3179 3193 3180
f 3181 3194 3213
f 3181 3213 3220
f 3181 3220 3195
f 3182 3196 3183
f 3183 3196 3197
f 3183 3197 3226
f 3183 3226 3238
f 3183 3238 3246
f 3183 3246 3257
f 3183 3257 3269
f 3183 3269 3277
f 3183 3277 3287
f 3183 3287 3286
f 3183 3286 3296
f 3183 3296 3288
f 3183 3288 3278
f 3183 3278 3270
f 3183 3270 3260
f 3183 3260 3259
f 3183 3259 3258
f 3183 3258 3247
f 3183 3247 3240
f 3183 3240 3235
f 3183 3235 3223
f 3183 3223 3222
f 3183 3222 3221
f 3183 3221 3212
f 3183 3212 3211
f 3183 3211 3210
f 3183 3210 3209
f 3183 3209 3208
f 3183 3208 3207
f 3183 3207 3206
f 3183 3206 3205
f 3183 3205 3204
f 3183 3204 3203
f 3183 3203 3202
f 3183 3202 3201
f 3183 3201 3215
f 3183 3215 3230
f 3183 3230 3227
f 3183 3227 3198
f 3183 3198 3192
f 3183 3192 3191
f 3183 3191 3190
f 3183 3190 3189
f 3183 3189 3188
f 3183 3188 3187
f 3183 3187 3186
f 3183 3186 3185
f 3183 3185 3184
f 3192 3198 3199
f 3192 3199 3200
f 3192 3200 3193
f 3194 3201 3202
f 3194 3202 3203
f 3194 3203 3204
f 3194 3204 3205
f 3194 3205 3206
f 3194 3206 3207
f 3194 3207 3208
f 3194 3208 3209
f 3194 3209 3210
f 3194 3210 3211
f 3194 3211 3212
f 3194 3212 3213
f 3194 3214 3230
f 3194 3230 3215
f 3194 3215 3201
f 3195 3216 3217
f 3195 3217 3218
f 3195 3218 3219
f 3195 3220 3212
f 3195 3212 3221
f 3195 3221 3222
f 3195 3222 3223
f 3195 3223 3224
f 3195 3224 3216
f 3196 3225 3197
f 3197 3225 3236
f 3197 3236 3226
f 3198 3227 3228
f 3198 3228 3199
f 3212 3220 3213
f 3214 3229 3227
f 3214 3227 3230
f 3216 3223 3231
f 3216 3231 3232
f 3216 3232 3233
f 3216 3233 3218
f 3216 3218 3217
f 3216 3224 3223
f 3218 3233 3234
f 3218 3234 3219
f 3223 3235 3231
f 3226 3236 3237
f 3226 3237 3238
f 3227 3229 3239
f 3227 3239 3228
f 3231 3235 3232
f 3232 3235 3240
f 3232 3240 3241
f 3232 3241 3233
f 3233 3241 3242
f 3233 3242 3252
f 3233 3252 3243
f 3233 3243 3244
f 3233 3244 3234
f 3237 3245 3238
f 3238 3245 3246
f 3240 3247 3248
f 3240 3248 3241
f 3241 3248 3249
f 3241 3249 3242
f 3242 3249 3250
f 3242 3250 3251
f 3242 3251 3252
f 3243 3252 3244
f 3244 3252 3251
f 3244 3251 3253
f 3244 3253 3254
f 3244 3254 3255
f 3245 3256 3257
f 3245 3257 3246
f 3247 3258 3249
f 3247 3249 3248
f 3249 3258 3251
f 3249 3251 3250
f 3251 3258 3259
f 3251 3259 3260
f 3251 3260 3261
f 3251 3261 3262
f 3251 3262 3253
f 3253 3262 3254
f 3254 3262 3263
f 3254 3263 3264
f 3254 3264 3265
f 3254 3265 3255
f 3256 3266 3257
f 3257 3266 3267
f 3257 3267 3268
f 3257 3268 3269
f 3260 3270 3271
f 3260 3271 3261
f 3261 3271 3272
f 3261 3272 3262
f 3262 3272 3273
f 3262 3273 3263
f 3263 3273 3274
f 3263 3274 3264
f 3267 3275 3268
f 3268 3275 3276
f 3268 3276 3287
f 3268 3287 3277
f 3268 3277 3269
f 3270 3278 3271
f 3271 3278 3279
f 3271 3279 3280
f 3271 3280 3272
f 3272 3280 3281
f 3272 3281 3282
f 3272 3282 3273
f 3273 3282 3274
f 3274 3282 3283
f 3275 3284 3276
f 3276 3284 3285
f 3276 3285 3286
f 3276 3286 3287
f 3278 3288 3279
f 3279 3289 3280
f 3279 3288 3290
f 3279 3290 3289
f 3280 3282 3281
f 3280 3289 3282
f 3282 3291 3283
f 3282 3289 3291
f 3283 3291 3292
f 3284 3293 3294
f 3284 3294 3295
f 3284 3295 3290
f 3284 3290 3285
f 3285 3290 3288
f 3285 3288 3296
f 3285 3296 3286
f 3289 3290 3291
f 3290 3295 3291
f 3291 3295 3294
f 3291 3294 3297
f 3291 3297 3298
f 3291 3298 3292
f 3293 3297 3294
o convex_25
v 0.191526 0.205556 -0.348515
v 0.190864 0.206544 -0.348515
v 0.191526 0.0911964 -0.348515
v 0.191526 0.293626 -0.415448
v 0.162151 0.222506 -0.348515
v -0.0905219 0.0911964 -0.348515
v 0.191526 0.0911964 -0.563112
v 0.120683 0.241381 -0.348515
v 0.131699 0.237601 -0.348515
v 0.191526 0.323793 -0.445651
v -0.0905219 0.105618 -0.348515
v -0.0905219 0.0911964 -0.436857
v 0.171427 0.0911964 -0.59318
v 0.18479 0.128249 -0.641172
v 0.191526 0.132727 -0.636708
v 0.0437933 0.241381 -0.348515
v 0.191526 0.328126 -0.455357
v 0.0284982 0.237987 -0.348515
v -0.0658675 0.154925 -0.348515
v -0.0905219 0.105618 -0.422449
v -0.0903563 0.0911964 -0.452043
v 0.15119 0.0911964 -0.619222
v 0.162178 0.113154 -0.641172
v 0.155884 0.11065 -0.643709
v 0.165933 0.120713 -0.648714
v 0.155884 0.125745 -0.658793
v 0.162178 0.128249 -0.656257
v 0.18479 0.158416 -0.656257
v 0.191526 0.162894 -0.651792
v 0.191526 0.331906 -0.472302
v 0.179158 0.328126 -0.467702
v 0.0301824 0.241381 -0.362112
v 0.0100834 0.231318 -0.362112
v 0.0275043 0.237481 -0.348515
v 0.181035 0.331906 -0.482786
v -0.0653706 0.155912 -0.348515
v -0.0565635 0.173512 -0.414907
v -0.0653706 0.155912 -0.437533
v -0.0754201 0.135785 -0.437533
v -0.0716377 0.137687 -0.452618
v -0.0898317 0.0911964 -0.453971
v 0.148485 0.0911964 -0.621251
v 0.13954 0.098082 -0.641172
v 0.13954 0.113154 -0.656257
v 0.13954 0.128249 -0.671341
v 0.137662 0.135785 -0.675129
v 0.182912 0.165976 -0.660045
v 0.191526 0.172837 -0.656595
v 0.191526 0.334242 -0.482786
v 0.160909 0.321843 -0.482786
v -0.0351945 0.201175 -0.348515
v 0.0264552 0.236879 -0.348515
v 0.100556 0.291676 -0.512989
v 0.191526 0.337155 -0.497871
v 0.191085 0.336938 -0.497871
v -0.0509037 0.181047 -0.407365
v -0.0351945 0.201175 -0.422449
v 0.0251576 0.231318 -0.588377
v 0.0188629 0.213116 -0.603461
v -0.0854695 0.0955541 -0.462697
v -0.0854695 0.0911964 -0.462697
v 0.135233 0.0911964 -0.630113
v 0.122284 0.0911964 -0.638703
v 0.125708 0.0955541 -0.643709
v 0.115658 0.100586 -0.653754
v 0.115658 0.115681 -0.668838
v 0.125708 0.125745 -0.673878
v 0.105609 0.165976 -0.694001
v 0.152736 0.165976 -0.675129
v 0.191085 0.181047 -0.658793
v 0.191526 0.181047 -0.658556
v 0.120683 0.301739 -0.512989
v 0.100556 0.291676 -0.558208
v 0.191526 0.337155 -0.543124
v 0.191085 0.336938 -0.543124
v 0.0553061 0.261485 -0.588377
v 0.0402595 0.246413 -0.603461
v 0.0377195 0.230066 -0.626088
v 0.0226452 0.21497 -0.611003
v 0.0377195 0.21497 -0.641172
v 0.0352071 0.201175 -0.643709
v 0.0201329 0.171008 -0.628591
v -0.022605 0.0943021 -0.580835
v -0.0268844 0.0911964 -0.573293
v 0.106271 0.0911964 -0.64151
v 0.0703803 0.100586 -0.653754
v 0.0854821 0.115681 -0.668838
v 0.0955316 0.125745 -0.673878
v 0.0653556 0.201175 -0.673878
v 0.0754327 0.196143 -0.678883
v 0.0754327 0.213116 -0.675129
v 0.0905069 0.211238 -0.678883
v 0.135757 0.211238 -0.678883
v 0.150859 0.196143 -0.678883
v 0.150859 0.181047 -0.678883
v 0.0905069 0.135785 -0.678883
v 0.0678679 0.128249 -0.671341
v 0.0754327 0.15088 -0.678883
v 0.0553061 0.145848 -0.668838
v 0.0653556 0.155912 -0.673878
v 0.160909 0.181047 -0.673878
v 0.191085 0.211238 -0.658793
v 0.191526 0.211238 -0.658556
v 0.120683 0.301739 -0.558208
v 0.113146 0.297959 -0.56575
v 0.0678679 0.267792 -0.595919
v 0.191526 0.336986 -0.544375
v 0.173498 0.328126 -0.550666
v 0.0603308 0.262135 -0.603461
v 0.0527937 0.252697 -0.611003
v 0.0527937 0.245161 -0.626088
v 0.0527937 0.237601 -0.641172
v 0.0503089 0.231318 -0.643709
v 0.0678679 0.21497 -0.671341
v 0.0553061 0.191111 -0.668838
v 0.0402595 0.191111 -0.653754
v 0.0251576 0.160944 -0.638669
v -0.022605 0.0911964 -0.580835
v 0.0977127 0.0911964 -0.64151
v 0.0527937 0.113154 -0.656257
v 0.0729203 0.118185 -0.666335
v 0.0847919 0.0911964 -0.639346
v 0.0527937 0.098082 -0.641172
v 0.0905069 0.231318 -0.668838
v 0.0905069 0.221254 -0.673878
v 0.143322 0.21875 -0.675129
v 0.158396 0.203679 -0.675129
v 0.0578185 0.133281 -0.666335
v 0.0402595 0.130777 -0.653754
v 0.160909 0.196143 -0.673878
v 0.188572 0.21875 -0.660045
v 0.191526 0.221687 -0.657846
v 0.191526 0.334097 -0.558208
v 0.0829698 0.267792 -0.626088
v 0.0603308 0.247039 -0.63363
v 0.0905069 0.261485 -0.638669
v 0.0905069 0.246413 -0.653754
v -0.0164208 0.0911964 -0.587024
v -0.00753082 0.0911964 -0.595919
v 0.0421092 0.0911964 -0.621691
v 6.29793e-06 0.0911964 -0.600181
v 0.12822 0.267792 -0.641172
v 0.135757 0.266516 -0.643709
v 0.165933 0.27658 -0.638669
v 0.135757 0.231318 -0.668838
v 0.135757 0.221254 -0.673878
v 0.173498 0.264013 -0.64496
v 0.150859 0.226286 -0.669481
v 0.173498 0.233846 -0.660045
v 0.181035 0.241381 -0.654396
v 0.191526 0.241381 -0.650439
v 0.191526 0.33181 -0.562808
v 0.150859 0.307397 -0.588377
v 0.191526 0.316715 -0.592977
v 0.181035 0.307397 -0.603461
v 0.191526 0.30694 -0.606945
v 0.181035 0.291676 -0.623585
v 0.191526 0.291676 -0.623585
v 0.181035 0.271548 -0.639278
v 0.191526 0.27853 -0.631871
v 0.191526 0.248363 -0.646956
v 0.191526 0.319026 -0.588377
f 3299 3300 3303
f 3299 3303 3307
f 3299 3307 3306
f 3299 3306 3314
f 3299 3314 3316
f 3299 3316 3332
f 3299 3332 3350
f 3299 3350 3349
f 3299 3349 3334
f 3299 3334 3317
f 3299 3317 3309
f 3299 3309 3304
f 3299 3304 3301
f 3299 3301 3305
f 3299 3305 3313
f 3299 3313 3327
f 3299 3327 3346
f 3299 3346 3369
f 3299 3369 3401
f 3299 3401 3430
f 3299 3430 3449
f 3299 3449 3459
f 3299 3459 3458
f 3299 3458 3456
f 3299 3456 3454
f 3299 3454 3452
f 3299 3452 3460
f 3299 3460 3450
f 3299 3450 3431
f 3299 3431 3405
f 3299 3405 3372
f 3299 3372 3352
f 3299 3352 3347
f 3299 3347 3328
f 3299 3328 3315
f 3299 3315 3308
f 3299 3308 3302
f 3299 3302 3300
f 3300 3302 3303
f 3301 3304 3310
f 3301 3310 3319
f 3301 3319 3339
f 3301 3339 3359
f 3301 3359 3382
f 3301 3382 3416
f 3301 3416 3436
f 3301 3436 3437
f 3301 3437 3439
f 3301 3439 3438
f 3301 3438 3420
f 3301 3420 3417
f 3301 3417 3383
f 3301 3383 3361
f 3301 3361 3360
f 3301 3360 3340
f 3301 3340 3320
f 3301 3320 3311
f 3301 3311 3305
f 3302 3306 3307
f 3302 3307 3303
f 3302 3308 3306
f 3304 3309 3318
f 3304 3318 3310
f 3305 3311 3312
f 3305 3312 3313
f 3306 3308 3314
f 3308 3315 3316
f 3308 3316 3314
f 3309 3317 3318
f 3310 3318 3319
f 3311 3320 3312
f 3312 3320 3321
f 3312 3321 3322
f 3312 3322 3323
f 3312 3323 3324
f 3312 3324 3325
f 3312 3325 3326
f 3312 3326 3327
f 3312 3327 3313
f 3315 3328 3329
f 3315 3329 3316
f 3316 3330 3331
f 3316 3331 3332
f 3316 3329 3333
f 3316 3333 3330
f 3317 3334 3335
f 3317 3335 3336
f 3317 3336 3318
f 3318 3336 3337
f 3318 3337 3338
f 3318 3338 3319
f 3319 3338 3339
f 3320 3340 3341
f 3320 3341 3322
f 3320 3322 3321
f 3322 3341 3323
f 3323 3341 3342
f 3323 3342 3343
f 3323 3343 3324
f 3324 3343 3325
f 3325 3343 3326
f 3326 3343 3344
f 3326 3344 3345
f 3326 3345 3346
f 3326 3346 3327
f 3328 3347 3333
f 3328 3333 3329
f 3330 3333 3348
f 3330 3348 3331
f 3331 3349 3350
f 3331 3350 3332
f 3331 3348 3351
f 3331 3351 3349
f 3333 3347 3352
f 3333 3352 3353
f 3333 3353 3348
f 3334 3349 3335
f 3335 3349 3354
f 3335 3354 3355
f 3335 3355 3336
f 3336 3338 3337
f 3336 3355 3356
f 3336 3356 3357
f 3336 3357 3338
f 3338 3358 3339
f 3338 3357 3358
f 3339 3358 3359
f 3340 3360 3341
f 3341 3360 3361
f 3341 3361 3362
f 3341 3362 3363
f 3341 3363 3342
f 3342 3363 3364
f 3342 3364 3343
f 3343 3364 3365
f 3343 3365 3344
f 3344 3365 3366
f 3344 3366 3367
f 3344 3367 3345
f 3345 3368 3369
f 3345 3369 3346
f 3345 3367 3399
f 3345 3399 3368
f 3348 3353 3351
f 3349 3351 3371
f 3349 3371 3355
f 3349 3355 3354
f 3351 3353 3370
f 3351 3370 3402
f 3351 3402 3371
f 3352 3372 3373
f 3352 3373 3353
f 3353 3373 3402
f 3353 3402 3370
f 3355 3371 3374
f 3355 3374 3375
f 3355 3375 3356
f 3356 3375 3376
f 3356 3376 3377
f 3356 3377 3357
f 3357 3377 3358
f 3358 3377 3378
f 3358 3378 3379
f 3358 3379 3380
f 3358 3380 3381
f 3358 3381 3382
f 3358 3382 3359
f 3361 3383 3363
f 3361 3363 3362
f 3363 3384 3385
f 3363 3385 3364
f 3363 3383 3417
f 3363 3417 3384
f 3364 3385 3386
f 3364 3386 3365
f 3365 3386 3366
f 3366 3387 3388
f 3366 3388 3389
f 3366 3389 3390
f 3366 3390 3391
f 3366 3391 3392
f 3366 3392 3393
f 3366 3393 3367
f 3366 3386 3385
f 3366 3385 3394
f 3366 3394 3395
f 3366 3395 3396
f 3366 3396 3397
f 3366 3397 3398
f 3366 3398 3387
f 3367 3393 3399
f 3368 3400 3401
f 3368 3401 3369
f 3368 3399 3428
f 3368 3428 3400
f 3371 3402 3403
f 3371 3403 3404
f 3371 3404 3374
f 3372 3405 3406
f 3372 3406 3373
f 3373 3406 3403
f 3373 3403 3402
f 3374 3404 3407
f 3374 3407 3375
f 3375 3407 3408
f 3375 3408 3409
f 3375 3409 3410
f 3375 3410 3376
f 3376 3410 3378
f 3376 3378 3377
f 3378 3410 3411
f 3378 3411 3412
f 3378 3412 3413
f 3378 3413 3414
f 3378 3414 3379
f 3379 3414 3415
f 3379 3415 3380
f 3380 3415 3381
f 3381 3415 3416
f 3381 3416 3382
f 3384 3418 3419
f 3384 3419 3385
f 3384 3417 3420
f 3384 3420 3421
f 3384 3421 3418
f 3385 3395 3394
f 3385 3419 3395
f 3387 3398 3397
f 3387 3397 3413
f 3387 3413 3412
f 3387 3412 3389
f 3387 3389 3388
f 3389 3412 3422
f 3389 3422 3423
f 3389 3423 3390
f 3390 3423 3444
f 3390 3444 3424
f 3390 3424 3391
f 3391 3424 3392
f 3392 3424 3425
f 3392 3425 3428
f 3392 3428 3399
f 3392 3399 3393
f 3395 3419 3418
f 3395 3418 3426
f 3395 3426 3397
f 3395 3397 3396
f 3397 3426 3427
f 3397 3427 3415
f 3397 3415 3413
f 3400 3429 3401
f 3400 3428 3425
f 3400 3425 3429
f 3401 3429 3430
f 3403 3406 3431
f 3403 3431 3432
f 3403 3432 3404
f 3404 3432 3407
f 3405 3431 3406
f 3407 3432 3409
f 3407 3409 3408
f 3409 3432 3433
f 3409 3433 3410
f 3410 3433 3432
f 3410 3432 3434
f 3410 3434 3435
f 3410 3435 3422
f 3410 3422 3412
f 3410 3412 3411
f 3413 3415 3414
f 3415 3427 3416
f 3416 3427 3436
f 3418 3427 3426
f 3418 3421 3437
f 3418 3437 3427
f 3420 3438 3421
f 3421 3438 3439
f 3421 3439 3437
f 3422 3435 3440
f 3422 3440 3441
f 3422 3441 3442
f 3422 3442 3443
f 3422 3443 3444
f 3422 3444 3423
f 3424 3444 3443
f 3424 3443 3442
f 3424 3442 3445
f 3424 3445 3446
f 3424 3446 3448
f 3424 3448 3447
f 3424 3447 3425
f 3425 3447 3429
f 3427 3437 3436
f 3429 3447 3430
f 3430 3447 3448
f 3430 3448 3449
f 3431 3450 3451
f 3431 3451 3432
f 3432 3451 3452
f 3432 3452 3453
f 3432 3453 3434
f 3434 3440 3435
f 3434 3453 3440
f 3440 3453 3454
f 3440 3454 3455
f 3440 3455 3442
f 3440 3442 3441
f 3442 3455 3456
f 3442 3456 3457
f 3442 3457 3445
f 3445 3457 3448
f 3445 3448 3446
f 3448 3457 3458
f 3448 3458 3459
f 3448 3459 3449
f 3450 3460 3451
f 3451 3460 3452
f 3452 3454 3453
f 3454 3456 3455
f 3456 3458 3457
