o convex_0
v 0.68947 0.0313242 0.165283
v 0.68947 -0.0313365 0.165283
v 0.68947 0.0313242 0.125321
v 0.687006 0.0411377 0.165283
v 0.668568 -0.0731245 0.165283
v 0.68947 -0.0313365 0.125321
v 0.680309 0.0574793 0.165283
v 0.68947 1.53407e-05 0.0939905
v 0.681617 0.0313242 0.0901009
v 0.679 0.0522182 0.114877
v 0.626766 -0.0940186 0.165283
v 0.668568 -0.0731245 0.125321
v 0.681617 -0.0469909 0.109656
v 0.681617 -0.0156606 0.0783255
v 0.668568 0.0731123 0.135764
v 0.668568 0.0731123 0.165283
v 0.658099 0.0313242 0.0313302
v 0.650285 0.062676 0.0273873
v 0.650285 -0.0469909 0.0156652
v 0.637236 -0.0313365 -0.0104966
v 0.637236 0.0313242 -0.0104966
v 0.673765 0.0470001 0.086158
v 0.647667 0.08357 0.052217
v 0.626766 -0.0940186 0.125321
v 0.585003 -0.0731245 0.165283
v 0.296275 -0.0940186 -0.219364
v 0.637236 -0.0731245 0.0313302
v 0.652902 0.0848799 0.165283
v 0.618952 0.062676 -0.035273
v 0.6111 0.0783304 -0.0392159
v 0.642433 0.0783304 0.0234977
v 0.618952 -0.0469909 -0.0470484
v 0.595434 0.0313242 -0.0940437
v 0.587582 0.062676 -0.0979866
v 0.626766 0.0940063 0.0626604
v 0.616335 0.08357 -0.0104966
v 0.595434 -0.0940186 0.0313302
v 0.575457 -0.0540772 0.165283
v 0.296275 -0.0427605 -0.157077
v 0.296275 -0.0731245 -0.177537
v 0.296275 -0.0940186 -0.299182
v 0.59936 -0.0861806 -5.31996e-05
v 0.568028 -0.0861806 -0.0627135
v 0.605865 -0.0731245 -0.0313834
v 0.636582 0.0915583 0.165283
v 0.579768 0.0783304 -0.101876
v 0.595434 1.53407e-05 -0.0940437
v 0.571915 -0.0783427 -0.0783786
v 0.556249 -0.0469909 -0.140986
v 0.575842 -0.0313365 -0.125321
v 0.587582 -0.0156606 -0.109655
v 0.574533 1.53407e-05 -0.135764
v 0.585003 1.53407e-05 -0.114877
v 0.585003 0.0313242 -0.114877
v 0.574533 0.0313242 -0.135764
v 0.626766 0.0940063 0.165283
v 0.595434 0.0940063 -5.31996e-05
v 0.344736 0.125358 -0.219364
v 0.585003 0.08357 -0.0731569
v 0.564102 -0.0940186 -0.0313834
v 0.574533 -0.0522305 0.165283
v 0.296275 -0.0313365 -0.151376
v 0.564102 -0.0313365 0.165283
v 0.296275 -0.0908619 -0.313355
v 0.31733 -0.0861806 -0.313355
v 0.411366 -0.0861806 -0.219364
v 0.376107 -0.0940186 -0.219364
v 0.446624 -0.0783427 -0.203699
v 0.564102 0.0861684 -0.0979866
v 0.480574 0.0313242 -0.229808
v 0.391773 0.0783304 -0.289857
v 0.360441 0.109682 -0.258527
v 0.474031 -0.0548288 -0.219364
v 0.505324 -0.0548288 -0.188034
v 0.536657 -0.0548288 -0.156651
v 0.5432 -0.0313365 -0.167094
v 0.511868 -0.0313365 -0.198478
v 0.480574 -0.0313365 -0.229808
v 0.601169 0.0883157 0.165283
v 0.296275 0.125358 -0.250694
v 0.296275 0.1213 -0.234497
v 0.564102 0.0940063 -0.0627135
v 0.344736 0.11752 -0.254584
v 0.313404 0.125358 -0.250694
v 0.296275 -0.0100559 -0.149564
v 0.564102 0.0313242 0.165283
v 0.296275 -0.0839473 -0.331098
v 0.321256 -0.0783427 -0.32902
v 0.442698 -0.0548288 -0.250694
v 0.386539 1.53407e-05 -0.323798
v 0.417871 0.0313242 -0.292468
v 0.391773 0.0470001 -0.305522
v 0.376107 0.0313242 -0.32513
v 0.313404 0.062676 -0.35646
v 0.32907 0.0783304 -0.336852
v 0.344736 0.0861684 -0.317298
v 0.449203 -0.0313365 -0.261138
v 0.595434 0.0854597 0.165283
v 0.296275 0.116597 -0.222987
v 0.296275 0.121063 -0.269983
v 0.296275 0.116339 -0.279467
v 0.296275 0.0313242 -0.149564
v 0.575495 0.0597985 0.165283
v 0.296275 0.062676 -0.15729
v 0.296275 -0.0798244 -0.336106
v 0.296275 -0.0669615 -0.349001
v 0.296275 -0.0540987 -0.361842
v 0.296275 -0.0507273 -0.364133
v 0.352589 -0.0469909 -0.32902
v 0.43092 -0.0469909 -0.26636
v 0.323874 -0.0313365 -0.355128
v 0.296275 1.53407e-05 -0.379052
v 0.296275 0.0313242 -0.379052
v 0.296275 0.062676 -0.36717
v 0.296275 0.0768487 -0.354755
v 0.297738 0.0783304 -0.352517
v 0.296275 0.079082 -0.352144
v 0.296275 0.0849873 -0.342127
v 0.296275 0.0897115 -0.332696
v 0.589352 0.0818736 0.165283
v 0.296275 0.0842572 -0.172795
v 0.578344 0.065532 0.165283
v 0.296275 0.0779009 -0.166401
v 0.296275 -0.0313365 -0.370527
v 0.30559 -0.0469909 -0.360403
f 1 2 6
f 1 6 8
f 1 8 3
f 1 3 4
f 1 4 7
f 1 7 16
f 1 16 28
f 1 28 45
f 1 45 56
f 1 56 79
f 1 79 98
f 1 98 120
f 1 120 122
f 1 122 103
f 1 103 86
f 1 86 63
f 1 63 61
f 1 61 38
f 1 38 25
f 1 25 11
f 1 11 5
f 1 5 2
f 2 5 12
f 2 12 6
f 3 7 4
f 3 8 9
f 3 9 10
f 3 10 7
f 5 11 24
f 5 24 12
f 6 12 13
f 6 13 14
f 6 14 8
f 7 10 15
f 7 15 16
f 8 17 18
f 8 18 9
f 8 14 19
f 8 19 20
f 8 20 21
f 8 21 17
f 9 22 10
f 9 18 22
f 10 22 23
f 10 23 15
f 11 25 26
f 11 26 41
f 11 41 67
f 11 67 60
f 11 60 37
f 11 37 24
f 12 24 37
f 12 37 27
f 12 27 19
f 12 19 13
f 13 19 14
f 15 28 16
f 15 23 28
f 17 21 18
f 18 21 29
f 18 29 46
f 18 46 30
f 18 30 31
f 18 31 22
f 19 27 32
f 19 32 20
f 20 32 21
f 21 32 33
f 21 33 34
f 21 34 29
f 22 31 23
f 23 35 28
f 23 31 30
f 23 30 36
f 23 36 57
f 23 57 35
f 25 38 39
f 25 39 40
f 25 40 26
f 26 40 39
f 26 39 62
f 26 62 85
f 26 85 102
f 26 102 104
f 26 104 123
f 26 123 121
f 26 121 99
f 26 99 81
f 26 81 80
f 26 80 100
f 26 100 101
f 26 101 119
f 26 119 118
f 26 118 117
f 26 117 115
f 26 115 114
f 26 114 113
f 26 113 112
f 26 112 124
f 26 124 108
f 26 108 107
f 26 107 106
f 26 106 105
f 26 105 87
f 26 87 64
f 26 64 41
f 27 37 42
f 27 42 43
f 27 43 44
f 27 44 32
f 28 35 45
f 29 34 46
f 30 46 59
f 30 59 36
f 32 47 33
f 32 44 48
f 32 48 49
f 32 49 50
f 32 50 51
f 32 51 52
f 32 52 53
f 32 53 47
f 33 47 53
f 33 53 54
f 33 54 34
f 34 54 55
f 34 55 46
f 35 56 45
f 35 57 58
f 35 58 56
f 36 59 82
f 36 82 57
f 37 60 42
f 38 61 39
f 39 61 63
f 39 63 62
f 41 64 65
f 41 65 66
f 41 66 67
f 42 60 43
f 43 48 44
f 43 60 67
f 43 67 66
f 43 66 68
f 43 68 48
f 46 69 59
f 46 55 70
f 46 70 71
f 46 71 72
f 46 72 69
f 48 68 73
f 48 73 74
f 48 74 75
f 48 75 49
f 49 75 76
f 49 76 50
f 50 76 52
f 50 52 51
f 52 55 54
f 52 54 53
f 52 76 77
f 52 77 78
f 52 78 70
f 52 70 55
f 56 58 80
f 56 80 81
f 56 81 79
f 57 82 58
f 58 83 84
f 58 84 80
f 58 82 69
f 58 69 83
f 59 69 82
f 62 63 85
f 63 86 102
f 63 102 85
f 64 87 65
f 65 87 88
f 65 88 66
f 66 88 68
f 68 88 89
f 68 89 73
f 69 72 83
f 70 78 90
f 70 90 91
f 70 91 71
f 71 91 92
f 71 92 93
f 71 93 94
f 71 94 95
f 71 95 96
f 71 96 72
f 72 96 83
f 73 89 78
f 73 78 77
f 73 77 74
f 74 77 76
f 74 76 75
f 78 89 97
f 78 97 90
f 79 81 99
f 79 99 98
f 80 84 100
f 83 96 101
f 83 101 100
f 83 100 84
f 86 103 104
f 86 104 102
f 87 105 88
f 88 105 106
f 88 106 107
f 88 107 108
f 88 108 109
f 88 109 89
f 89 110 97
f 89 109 110
f 90 109 111
f 90 111 112
f 90 112 113
f 90 113 93
f 90 93 91
f 90 97 109
f 91 93 92
f 93 113 94
f 94 113 114
f 94 114 95
f 95 114 115
f 95 115 116
f 95 116 117
f 95 117 96
f 96 117 118
f 96 118 119
f 96 119 101
f 97 110 109
f 98 99 120
f 99 121 120
f 103 122 104
f 104 122 123
f 108 124 125
f 108 125 109
f 109 125 111
f 111 125 124
f 111 124 112
f 115 117 116
f 120 121 123
f 120 123 122
o convex_1
v 0.254451 -0.180576 0.669316
v 0.274225 -0.141018 0.673791
v 0.271611 -0.14625 0.689454
v 0.254451 -0.180576 0.689454
v 0.254451 -0.178066 0.636728
v 0.296237 -0.0940001 0.327601
v 0.282054 -0.125357 0.689454
v 0.271611 -0.135786 0.710338
v 0.266387 -0.148831 0.705117
v 0.254451 -0.15781 0.711084
v 0.254451 -0.117863 0.199257
v 0.296237 -0.0908538 0.294669
v 0.296237 -0.0940001 0.407465
v 0.282054 0.125357 0.689454
v 0.296237 -0.082829 0.433971
v 0.296237 -0.0781272 0.443438
v 0.296237 -0.0716225 0.452904
v 0.296237 -0.0682641 0.457379
v 0.296237 -0.0569869 0.467247
v 0.296237 -0.0513306 0.470059
v 0.296237 -0.0227311 0.478665
v 0.271611 0.114893 0.710338
v 0.254451 -0.127195 0.718944
v 0.254451 -0.156184 0.712461
v 0.254451 -0.115388 0.188069
v 0.296237 -0.0820513 0.258983
v 0.261163 0.167143 0.699896
v 0.296237 0.0399121 0.478665
v 0.296237 0.0657895 0.470001
v 0.296237 0.0768546 0.457379
v 0.296237 0.104464 0.417906
v 0.296237 0.118251 0.39031
v 0.296237 0.125357 0.376081
v 0.254451 0.123483 0.718944
v 0.254451 -0.0840663 0.135343
v 0.296237 -0.0712336 0.225018
v 0.254451 0.180576 0.693183
v 0.254451 0.170501 0.703224
v 0.254451 0.160426 0.706609
v 0.296237 0.125357 0.358927
v 0.254451 -0.0514721 0.132876
v 0.292502 -0.0313216 0.177627
v 0.296237 -0.0532043 0.197536
v 0.254451 0.149219 0.305971
v 0.296237 0.117509 0.3237
v 0.254451 0.0313216 0.132876
v 0.292502 0.0313216 0.177627
v 0.296237 -0.0313216 0.185086
v 0.254451 0.143457 0.287268
v 0.296237 0.0790817 0.211937
v 0.254451 0.110403 0.189905
v 0.254451 0.0626785 0.142171
v 0.296237 0.0425281 0.190708
v 0.296237 0.0313216 0.185086
v 0.296237 0.0768546 0.209355
v 0.254451 0.0940001 0.173496
f 126 127 128
f 126 128 129
f 126 129 135
f 126 135 149
f 126 149 148
f 126 148 159
f 126 159 164
f 126 164 163
f 126 163 162
f 126 162 169
f 126 169 174
f 126 174 176
f 126 176 181
f 126 181 177
f 126 177 171
f 126 171 166
f 126 166 160
f 126 160 150
f 126 150 136
f 126 136 130
f 126 130 131
f 126 131 127
f 127 132 128
f 127 131 132
f 128 132 133
f 128 133 129
f 129 133 134
f 129 134 135
f 130 136 137
f 130 137 131
f 131 137 151
f 131 151 161
f 131 161 168
f 131 168 173
f 131 173 179
f 131 179 178
f 131 178 180
f 131 180 175
f 131 175 170
f 131 170 165
f 131 165 158
f 131 158 157
f 131 157 156
f 131 156 155
f 131 155 154
f 131 154 153
f 131 153 146
f 131 146 145
f 131 145 144
f 131 144 143
f 131 143 142
f 131 142 141
f 131 141 140
f 131 140 138
f 131 138 132
f 132 139 147
f 132 147 133
f 132 138 140
f 132 140 141
f 132 141 142
f 132 142 143
f 132 143 144
f 132 144 145
f 132 145 146
f 132 146 153
f 132 153 139
f 133 147 159
f 133 159 148
f 133 148 149
f 133 149 135
f 133 135 134
f 136 150 137
f 137 150 151
f 139 152 147
f 139 153 154
f 139 154 155
f 139 155 156
f 139 156 157
f 139 157 158
f 139 158 152
f 147 152 159
f 150 160 161
f 150 161 151
f 152 158 162
f 152 162 163
f 152 163 164
f 152 164 159
f 158 165 162
f 160 166 167
f 160 167 168
f 160 168 161
f 162 165 169
f 165 170 169
f 166 171 172
f 166 172 167
f 167 172 179
f 167 179 173
f 167 173 168
f 169 170 174
f 170 175 176
f 170 176 174
f 171 177 172
f 172 178 179
f 172 177 180
f 172 180 178
f 175 180 176
f 176 180 181
f 177 181 180
o convex_2
v 0.254451 -0.0940186 -0.313379
v 0.254451 -0.0862236 -0.34472
v 0.282054 -0.0940186 -0.313379
v 0.254451 -0.0940186 -0.21938
v 0.254451 -0.0861591 -0.34487
v 0.292502 -0.0835608 -0.334273
v 0.296237 -0.0908619 -0.313379
v 0.296237 -0.0940186 -0.299199
v 0.296237 -0.0940186 -0.21938
v 0.254451 -0.0731245 -0.177591
v 0.254451 -0.0783427 -0.360403
v 0.258554 -0.0783427 -0.360403
v 0.296237 -0.0839473 -0.331141
v 0.296237 -0.0798244 -0.336152
v 0.296237 -0.0731245 -0.177591
v 0.296237 -0.0427605 -0.157123
v 0.296237 -0.0313365 -0.151386
v 0.254451 -0.0522305 -0.167144
v 0.254451 -0.0552154 -0.383527
v 0.296237 -0.0540987 -0.361881
v 0.258554 -0.0469909 -0.391719
v 0.296237 -0.0100559 -0.149607
v 0.254451 -0.0313365 -0.156722
v 0.254451 -0.0469909 -0.391719
v 0.292502 -0.0522305 -0.365614
v 0.296237 -0.0507273 -0.364111
v 0.254451 -0.0313365 -0.399636
v 0.254635 -0.0313365 -0.399561
v 0.292502 1.53407e-05 -0.386508
v 0.296237 0.0313242 -0.149607
v 0.254451 0.0313242 -0.156722
v 0.296237 -0.0313365 -0.37055
v 0.254451 -0.0298333 -0.399937
v 0.254451 1.53407e-05 -0.405549
v 0.292502 0.0313242 -0.386508
v 0.296237 1.53407e-05 -0.379043
v 0.296237 0.062676 -0.157298
v 0.254451 0.0355975 -0.157774
v 0.254451 0.0350606 -0.405549
v 0.266387 0.0470001 -0.399561
v 0.296237 0.062676 -0.367192
v 0.296237 0.0313242 -0.379043
v 0.296237 0.0779009 -0.166443
v 0.274225 0.0783304 -0.17238
v 0.254451 0.0561265 -0.166167
v 0.254451 0.0509727 -0.397582
v 0.254451 0.0718668 -0.385256
v 0.282054 0.062676 -0.376061
v 0.296237 0.0768487 -0.354791
v 0.296237 0.0842572 -0.172806
v 0.254451 0.0744651 -0.176264
v 0.254451 0.105795 -0.207605
v 0.254451 0.0743577 -0.382149
v 0.296237 0.079082 -0.352186
v 0.296237 0.116597 -0.223038
v 0.254451 0.125358 -0.250721
v 0.254451 0.115652 -0.318239
v 0.266387 0.109682 -0.32122
v 0.296237 0.0849873 -0.342139
v 0.296237 0.1213 -0.234512
v 0.296237 0.125358 -0.250721
v 0.254451 0.125358 -0.278304
v 0.254451 0.11752 -0.313579
v 0.296237 0.121063 -0.270037
f 182 183 184
f 182 184 189
f 182 189 190
f 182 190 185
f 182 185 191
f 182 191 199
f 182 199 204
f 182 204 212
f 182 212 219
f 182 219 226
f 182 226 232
f 182 232 233
f 182 233 237
f 182 237 243
f 182 243 244
f 182 244 238
f 182 238 234
f 182 234 228
f 182 228 227
f 182 227 220
f 182 220 215
f 182 215 214
f 182 214 208
f 182 208 205
f 182 205 200
f 182 200 192
f 182 192 186
f 182 186 183
f 183 186 187
f 183 187 184
f 184 187 188
f 184 188 189
f 185 190 196
f 185 196 191
f 186 192 193
f 186 193 187
f 187 194 188
f 187 193 195
f 187 195 194
f 188 194 195
f 188 195 201
f 188 201 207
f 188 207 213
f 188 213 217
f 188 217 223
f 188 223 222
f 188 222 230
f 188 230 235
f 188 235 240
f 188 240 245
f 188 245 242
f 188 242 241
f 188 241 236
f 188 236 231
f 188 231 224
f 188 224 218
f 188 218 211
f 188 211 203
f 188 203 198
f 188 198 197
f 188 197 196
f 188 196 190
f 188 190 189
f 191 196 197
f 191 197 198
f 191 198 199
f 192 200 193
f 193 201 195
f 193 200 202
f 193 202 201
f 198 203 204
f 198 204 199
f 200 205 202
f 201 202 206
f 201 206 207
f 202 205 208
f 202 208 209
f 202 209 210
f 202 210 207
f 202 207 206
f 203 211 212
f 203 212 204
f 207 210 213
f 208 214 209
f 209 214 210
f 210 214 215
f 210 215 220
f 210 220 216
f 210 216 223
f 210 223 217
f 210 217 213
f 211 218 212
f 212 218 219
f 216 220 221
f 216 221 222
f 216 222 223
f 218 224 225
f 218 225 226
f 218 226 219
f 220 227 221
f 221 227 228
f 221 228 229
f 221 229 222
f 222 229 230
f 224 231 225
f 225 232 226
f 225 231 233
f 225 233 232
f 228 234 235
f 228 235 230
f 228 230 229
f 231 236 233
f 233 236 237
f 234 238 239
f 234 239 235
f 235 239 240
f 236 241 237
f 237 241 242
f 237 242 243
f 238 244 245
f 238 245 239
f 239 245 240
f 242 245 244
f 242 244 243
o convex_3
v -0.328309 0.43874 0.720809
v -0.328309 0.40741 0.720809
v -0.328309 0.455192 0.712483
v -0.3761 0.43874 0.720809
v -0.564083 0.24051 0.720809
v -0.539979 0.24051 0.714741
v -0.328309 0.386508 0.710226
v -0.328309 0.459642 0.710226
v -0.386532 0.459642 0.710226
v -0.438781 0.40741 0.720809
v -0.595438 0.24051 0.720809
v -0.534511 0.24051 0.712483
v -0.328309 0.381541 0.700348
v -0.328309 0.461845 0.705851
v -0.3761 0.470093 0.689341
v -0.46226 0.423075 0.705004
v -0.449213 0.428289 0.710226
v -0.474029 0.40741 0.712907
v -0.599361 0.282066 0.712907
v -0.595438 0.250736 0.720809
v -0.60694 0.24051 0.718128
v -0.522236 0.24051 0.689623
v -0.328309 0.376057 0.689341
v -0.328309 0.470093 0.689341
v -0.391763 0.462249 0.673677
v -0.438781 0.43874 0.658013
v -0.459674 0.428289 0.689341
v -0.344745 0.470093 0.47005
v -0.3761 0.43874 0.187964
v -0.407425 0.43874 0.407395
v -0.480538 0.417838 0.689341
v -0.543189 0.3552 0.689341
v -0.574544 0.323847 0.689341
v -0.618947 0.266401 0.705004
v -0.621027 0.24051 0.711213
v -0.60587 0.292517 0.689341
v -0.334105 0.24051 -0.407395
v -0.328309 0.24051 -0.457632
v -0.328309 0.470093 0.47005
v -0.454443 0.430896 0.64235
v -0.423088 0.430896 0.391732
v -0.459674 0.428289 0.658013
v -0.328309 0.462631 0.329783
v -0.344745 0.43874 0.0626545
v -0.391763 0.430896 0.1723
v -0.3761 0.40741 -0.125309
v -0.480538 0.417838 0.658013
v -0.543189 0.3552 0.407395
v -0.574544 0.323847 0.407395
v -0.631875 0.24051 0.689341
v -0.60587 0.292517 0.564032
v -0.616331 0.271615 0.564032
v -0.631875 0.24051 0.54865
v -0.328309 0.24051 -0.720809
v -0.449213 0.417838 0.407395
v -0.454443 0.399566 0.203627
v -0.328309 0.431301 -0.0461442
v -0.344745 0.40741 -0.250618
v -0.391763 0.399566 -0.140973
v -0.423088 0.399566 0.0156636
v -0.480538 0.386508 0.219291
v -0.511864 0.386508 0.47005
v -0.511864 0.3552 0.125309
v -0.543189 0.323847 0.0939818
v -0.574544 0.292517 0.156636
v -0.60587 0.261164 0.281945
v -0.616213 0.24051 0.281945
v -0.386324 0.24051 -0.720809
v -0.328309 0.282066 -0.720809
v -0.449213 0.386508 0.0313273
v -0.328309 0.399971 -0.328231
v -0.328309 0.368618 -0.57899
v -0.360407 0.399566 -0.266282
v -0.391763 0.368236 -0.391732
v -0.423088 0.368236 -0.266282
v -0.454443 0.368236 -0.109645
v -0.480538 0.3552 -0.0939818
v -0.511864 0.323847 -0.156636
v -0.543189 0.292517 -0.125309
v -0.574544 0.261164 -0.0313273
v -0.584887 0.24051 -0.0313273
v -0.3761 0.250736 -0.720809
v -0.421572 0.24051 -0.712907
v -0.328309 0.293034 -0.715306
v -0.344745 0.282066 -0.720809
v -0.328309 0.368033 -0.580542
v -0.329082 0.368236 -0.579695
v -0.391763 0.336905 -0.579695
v -0.423088 0.336905 -0.485714
v -0.449213 0.3552 -0.250618
v -0.480538 0.292517 -0.532704
v -0.511864 0.292517 -0.3446
v -0.511864 0.261164 -0.501377
v -0.543189 0.261164 -0.281945
v -0.553532 0.24051 -0.281945
v -0.3761 0.285977 -0.712907
v -0.476942 0.24051 -0.633601
v -0.454443 0.258557 -0.64235
v -0.423088 0.28991 -0.64235
v -0.344745 0.302968 -0.710226
v -0.328309 0.302968 -0.710226
v -0.328309 0.352773 -0.611869
v -0.360407 0.305575 -0.705004
v -0.344745 0.356481 -0.595359
v -0.438781 0.325151 -0.501377
v -0.407425 0.325151 -0.595359
v -0.449213 0.323847 -0.47005
v -0.454443 0.305575 -0.548368
v -0.449213 0.292517 -0.595359
v -0.480538 0.261164 -0.595359
v -0.504017 0.24051 -0.581953
v -0.522206 0.24051 -0.501377
v -0.386532 0.292517 -0.689341
v -0.423088 0.305575 -0.611023
v -0.328309 0.337894 -0.641644
f 246 247 252
f 246 252 258
f 246 258 268
f 246 268 283
f 246 283 299
f 246 299 314
f 246 314 329
f 246 329 346
f 246 346 360
f 246 360 347
f 246 347 331
f 246 331 317
f 246 317 316
f 246 316 302
f 246 302 288
f 246 288 284
f 246 284 269
f 246 269 259
f 246 259 253
f 246 253 248
f 246 248 249
f 246 249 255
f 246 255 265
f 246 265 256
f 246 256 250
f 246 250 247
f 247 250 251
f 247 251 252
f 248 253 254
f 248 254 249
f 249 254 255
f 250 256 266
f 250 266 280
f 250 280 295
f 250 295 298
f 250 298 312
f 250 312 326
f 250 326 340
f 250 340 357
f 250 357 356
f 250 356 342
f 250 342 328
f 250 328 313
f 250 313 299
f 250 299 283
f 250 283 282
f 250 282 267
f 250 267 257
f 250 257 251
f 251 257 252
f 252 257 258
f 253 259 254
f 254 259 260
f 254 260 261
f 254 261 262
f 254 262 255
f 255 262 263
f 255 263 264
f 255 264 265
f 256 265 266
f 257 267 268
f 257 268 258
f 259 269 260
f 260 270 285
f 260 285 271
f 260 271 287
f 260 287 272
f 260 272 261
f 260 269 284
f 260 284 273
f 260 273 274
f 260 274 275
f 260 275 286
f 260 286 270
f 261 272 276
f 261 276 263
f 261 263 262
f 263 276 277
f 263 277 278
f 263 278 264
f 264 279 280
f 264 280 266
f 264 266 265
f 264 278 281
f 264 281 279
f 267 282 268
f 268 282 283
f 270 286 285
f 271 285 287
f 272 287 292
f 272 292 276
f 273 284 288
f 273 288 289
f 273 289 274
f 274 290 286
f 274 286 275
f 274 289 303
f 274 303 291
f 274 291 304
f 274 304 290
f 276 292 293
f 276 293 277
f 277 293 294
f 277 294 278
f 278 294 296
f 278 296 281
f 279 295 280
f 279 281 296
f 279 296 297
f 279 297 298
f 279 298 295
f 285 292 287
f 285 286 300
f 285 300 292
f 286 290 301
f 286 301 300
f 288 302 289
f 289 302 303
f 290 304 305
f 290 305 301
f 291 303 318
f 291 318 304
f 292 300 306
f 292 306 307
f 292 307 293
f 293 307 308
f 293 308 309
f 293 309 294
f 294 310 311
f 294 311 296
f 294 309 310
f 296 298 297
f 296 311 298
f 298 311 312
f 299 313 327
f 299 327 330
f 299 330 314
f 300 301 306
f 301 305 315
f 301 315 306
f 302 316 303
f 303 316 317
f 303 317 318
f 304 318 319
f 304 319 320
f 304 320 321
f 304 321 305
f 305 321 322
f 305 322 315
f 306 315 322
f 306 322 308
f 306 308 307
f 308 322 323
f 308 323 309
f 309 323 324
f 309 324 310
f 310 324 325
f 310 325 311
f 311 325 326
f 311 326 312
f 313 328 327
f 314 330 329
f 317 331 332
f 317 332 318
f 318 332 319
f 319 332 333
f 319 333 334
f 319 334 320
f 320 334 335
f 320 335 321
f 321 335 322
f 322 335 336
f 322 336 323
f 323 336 337
f 323 337 324
f 324 337 338
f 324 338 339
f 324 339 325
f 325 339 340
f 325 340 326
f 327 328 341
f 327 341 330
f 328 342 343
f 328 343 344
f 328 344 341
f 329 330 345
f 329 345 346
f 330 341 345
f 331 347 348
f 331 348 332
f 332 348 349
f 332 349 351
f 332 351 333
f 333 350 334
f 333 351 350
f 334 350 352
f 334 352 335
f 335 352 336
f 336 352 350
f 336 350 353
f 336 353 351
f 336 351 354
f 336 354 355
f 336 355 356
f 336 356 338
f 336 338 337
f 338 356 357
f 338 357 340
f 338 340 339
f 341 344 358
f 341 358 348
f 341 348 345
f 342 356 355
f 342 355 343
f 343 355 354
f 343 354 344
f 344 354 359
f 344 359 348
f 344 348 358
f 345 348 360
f 345 360 346
f 347 360 348
f 348 359 351
f 348 351 349
f 350 351 353
f 351 359 354
o convex_4
v -0.453948 -0.144408 -0.358993
v -0.453948 -0.144408 -0.720809
v -0.453948 -0.143506 -0.35984
v -0.570268 -0.144408 0.683273
v -0.470111 -0.144408 -0.720809
v -0.453948 -0.125348 -0.720809
v -0.453948 -0.142013 -0.361392
v -0.595445 -0.000494543 0.689341
v -0.576401 -0.144408 0.701759
v -0.453948 -0.000494543 -0.533551
v -0.501444 -0.0940185 -0.720809
v -0.491369 -0.144408 -0.710649
v -0.453948 -0.000494543 -0.712625
v -0.470111 -0.000494543 -0.720809
v -0.59593 -0.000494543 0.690329
v -0.60589 -0.000494543 0.710226
v -0.579098 -0.144408 0.70571
v -0.501444 -0.000494543 -0.720809
v -0.511889 -0.135801 -0.699783
v -0.517123 -0.109683 -0.705004
v -0.522333 -0.0835659 -0.710226
v -0.494689 -0.144408 -0.708391
v -0.626779 -0.000494543 0.720809
v -0.597889 -0.144408 0.718269
v -0.522333 -0.000494543 -0.710226
v -0.532778 -0.0940185 -0.689341
v -0.5076 -0.144408 -0.69555
v -0.543223 -0.135801 -0.637129
v -0.532547 -0.000494543 -0.689905
v -0.658113 -0.000494543 0.720809
v -0.626779 -0.144408 0.720809
v -0.548456 -0.109683 -0.64235
v -0.564112 -0.0626889 -0.626686
v -0.595192 -0.000494543 -0.564596
v -0.563881 -0.000494543 -0.627251
v -0.538934 -0.144408 -0.632895
v -0.547788 -0.144408 -0.610317
v -0.564112 -0.125348 -0.595359
v -0.658113 -0.125348 0.720809
v -0.679002 -0.000494543 0.710226
v -0.673791 -0.141027 0.712907
v -0.670402 -0.144408 0.71206
v -0.595445 -0.0313452 -0.564032
v -0.595445 -0.000494543 -0.564032
v -0.554589 -0.144408 -0.585904
v -0.560307 -0.144408 -0.560222
v -0.579767 -0.141027 -0.454386
v -0.595445 -0.125348 -0.407395
v -0.595445 -0.0626889 -0.532704
v -0.679186 -0.000494543 0.709943
v -0.679002 -0.125348 0.710226
v -0.68947 -0.125348 0.689341
v -0.679924 -0.144408 0.698936
v -0.677157 -0.144408 0.70444
v -0.626779 -0.0313452 -0.313273
v -0.626779 -0.000494543 -0.313273
v -0.578084 -0.144408 -0.452693
v -0.585923 -0.144408 -0.3978
v -0.595445 -0.144408 -0.313273
v -0.626779 -0.144408 -0.0313273
v -0.626779 -0.125348 -0.125309
v -0.626779 -0.0940185 -0.219291
v -0.626779 -0.0626889 -0.281945
v -0.68947 -0.000494543 0.689341
v -0.68947 -0.0626889 0.438723
v -0.658113 -0.125348 0.187964
v -0.658113 -0.144408 0.3446
v -0.658113 -0.0313452 0
v -0.658021 -0.000494543 -0.0311861
v -0.64859 -0.144408 0.197559
v -0.658113 -0.0940185 0.0939818
v -0.658113 -0.0626889 0.0313273
v -0.68947 -0.000494543 0.407395
v -0.68947 -0.0313452 0.407395
v -0.689354 -0.000494543 0.376068
f 361 362 366
f 361 366 373
f 361 373 370
f 361 370 367
f 361 367 363
f 361 363 364
f 361 364 369
f 361 369 377
f 361 377 384
f 361 384 391
f 361 391 402
f 361 402 414
f 361 414 413
f 361 413 427
f 361 427 430
f 361 430 420
f 361 420 419
f 361 419 418
f 361 418 417
f 361 417 406
f 361 406 405
f 361 405 397
f 361 397 396
f 361 396 387
f 361 387 382
f 361 382 372
f 361 372 365
f 361 365 362
f 362 365 371
f 362 371 378
f 362 378 374
f 362 374 366
f 363 367 364
f 364 368 369
f 364 367 370
f 364 370 368
f 365 372 371
f 366 374 373
f 368 375 369
f 368 370 373
f 368 373 374
f 368 374 378
f 368 378 385
f 368 385 389
f 368 389 395
f 368 395 394
f 368 394 404
f 368 404 416
f 368 416 429
f 368 429 435
f 368 435 433
f 368 433 424
f 368 424 410
f 368 410 400
f 368 400 390
f 368 390 383
f 368 383 376
f 368 376 375
f 369 375 376
f 369 376 377
f 371 372 379
f 371 379 380
f 371 380 381
f 371 381 385
f 371 385 378
f 372 382 379
f 376 383 384
f 376 384 377
f 379 386 380
f 379 382 387
f 379 387 396
f 379 396 388
f 379 388 386
f 380 386 381
f 381 386 389
f 381 389 385
f 383 390 399
f 383 399 391
f 383 391 384
f 386 388 392
f 386 392 393
f 386 393 394
f 386 394 395
f 386 395 389
f 388 396 397
f 388 397 398
f 388 398 392
f 390 400 401
f 390 401 399
f 391 399 401
f 391 401 402
f 392 398 403
f 392 403 393
f 393 403 394
f 394 403 404
f 397 405 398
f 398 405 406
f 398 406 407
f 398 407 408
f 398 408 409
f 398 409 403
f 400 410 411
f 400 411 401
f 401 411 412
f 401 412 413
f 401 413 414
f 401 414 402
f 403 409 423
f 403 423 415
f 403 415 416
f 403 416 404
f 406 417 407
f 407 417 408
f 408 417 418
f 408 418 419
f 408 419 420
f 408 420 421
f 408 421 422
f 408 422 423
f 408 423 409
f 410 424 412
f 410 412 411
f 412 424 433
f 412 433 434
f 412 434 425
f 412 425 426
f 412 426 427
f 412 427 413
f 415 423 432
f 415 432 428
f 415 428 429
f 415 429 416
f 420 430 426
f 420 426 421
f 421 426 431
f 421 431 422
f 422 431 432
f 422 432 423
f 425 434 428
f 425 428 432
f 425 432 431
f 425 431 426
f 426 430 427
f 428 434 429
f 429 434 435
f 433 435 434
o convex_5
v -0.453925 -0.431168 0.665634
v -0.453925 -0.431168 0.696961
v -0.459655 -0.428304 0.668456
v -0.48054 -0.417834 0.647571
v -0.48054 -0.386509 0.208848
v -0.453925 -0.399814 0.226911
v -0.453925 -0.428304 0.702747
v -0.459655 -0.428304 0.699783
v -0.48054 -0.417834 0.678898
v -0.51189 -0.386509 0.459608
v -0.51189 -0.355155 0.114867
v -0.48054 -0.355155 -0.104424
v -0.453925 -0.368488 -0.0863616
v -0.453925 -0.423224 0.712766
v -0.454434 -0.423084 0.712907
v -0.616338 -0.27162 0.699783
v -0.51189 -0.386509 0.678898
v -0.54324 -0.355155 0.396953
v -0.54324 -0.323829 0.0835393
v -0.51189 -0.323829 -0.167079
v -0.48054 -0.323829 -0.323715
v -0.453925 -0.345724 -0.265858
v -0.453925 -0.422578 0.713189
v -0.611117 -0.266399 0.712907
v -0.605895 -0.292475 0.678898
v -0.54324 -0.355155 0.678898
v -0.677179 -0.144408 0.70444
v -0.679015 -0.14626 0.699783
v -0.679945 -0.144408 0.698936
v -0.62678 -0.250736 0.689341
v -0.616338 -0.27162 0.574474
v -0.605895 -0.292475 0.553589
v -0.574546 -0.323829 0.396953
v -0.574546 -0.292475 0.146194
v -0.54324 -0.292475 -0.135751
v -0.51189 -0.292475 -0.355042
v -0.48054 -0.292475 -0.543147
v -0.453925 -0.31437 -0.485149
v -0.453925 -0.376067 0.720809
v -0.470098 -0.376067 0.720809
v -0.564125 -0.282062 0.720809
v -0.595431 -0.250736 0.720809
v -0.62678 -0.188056 0.720809
v -0.642444 -0.203719 0.712907
v -0.670409 -0.144408 0.71206
v -0.658108 -0.144408 0.3446
v -0.658108 -0.156702 0.3446
v -0.658108 -0.188056 0.532704
v -0.62678 -0.250736 0.564032
v -0.637223 -0.229824 0.522262
v -0.605895 -0.261178 0.271503
v -0.574546 -0.261178 -0.0417697
v -0.54324 -0.261178 -0.292388
v -0.51189 -0.261178 -0.51182
v -0.51189 -0.229824 -0.605801
v -0.48054 -0.261178 -0.605801
v -0.453925 -0.297219 -0.582235
v -0.454434 -0.297724 -0.579695
v -0.453925 -0.297949 -0.579272
v -0.453925 -0.344713 0.720809
v -0.62678 -0.144408 0.720809
v -0.648595 -0.144408 0.197559
v -0.62678 -0.156702 -0.0313273
v -0.62678 -0.188056 0.125309
v -0.62678 -0.219382 0.281945
v -0.605895 -0.198498 -0.0417697
v -0.574546 -0.229824 -0.198406
v -0.54324 -0.229824 -0.449165
v -0.54324 -0.198498 -0.543147
v -0.54324 -0.167144 -0.605801
v -0.51189 -0.198498 -0.637129
v -0.48054 -0.198498 -0.699783
v -0.485784 -0.235073 -0.64235
v -0.548461 -0.172393 -0.579695
v -0.454434 -0.266399 -0.64235
v -0.453925 -0.266904 -0.641927
v -0.597909 -0.144408 0.718269
v -0.595431 -0.156702 0.720809
v -0.453925 -0.322875 0.711213
v -0.62678 -0.144408 -0.0313273
v -0.595431 -0.156702 -0.313273
v -0.595431 -0.188056 -0.187964
v -0.574546 -0.198498 -0.323715
v -0.564125 -0.188056 -0.438723
v -0.564125 -0.156702 -0.532704
v -0.55459 -0.144408 -0.585904
v -0.547775 -0.144408 -0.610317
v -0.538926 -0.144408 -0.632895
v -0.507598 -0.144408 -0.69555
v -0.494678 -0.144408 -0.708391
v -0.491359 -0.144408 -0.710649
v -0.470098 -0.156702 -0.720809
v -0.464876 -0.182835 -0.715447
v -0.453925 -0.206217 -0.704581
v -0.453925 -0.234568 -0.676217
v -0.579103 -0.144408 0.70571
v -0.453925 -0.31437 0.705569
v -0.595431 -0.144408 -0.313273
v -0.585917 -0.144408 -0.3978
v -0.56032 -0.144408 -0.560222
v -0.578085 -0.144408 -0.452693
v -0.470098 -0.144408 -0.720809
v -0.453925 -0.156702 -0.720809
v -0.453925 -0.185025 -0.717705
v -0.453925 -0.305808 0.696961
v -0.576382 -0.144408 0.701759
v -0.453925 -0.144408 -0.720809
v -0.570253 -0.144408 0.683273
v -0.453925 -0.144408 -0.358993
f 436 437 443
f 436 443 438
f 436 438 439
f 436 439 440
f 436 440 441
f 436 441 448
f 436 448 457
f 436 457 473
f 436 473 494
f 436 494 492
f 436 492 511
f 436 511 530
f 436 530 529
f 436 529 539
f 436 539 538
f 436 538 542
f 436 542 544
f 436 544 540
f 436 540 532
f 436 532 514
f 436 514 495
f 436 495 474
f 436 474 458
f 436 458 449
f 436 449 442
f 436 442 437
f 437 442 443
f 438 443 444
f 438 444 439
f 439 444 452
f 439 452 445
f 439 445 440
f 440 445 446
f 440 446 447
f 440 447 448
f 440 448 441
f 442 449 450
f 442 450 443
f 443 451 452
f 443 452 444
f 443 450 459
f 443 459 451
f 445 453 446
f 445 452 461
f 445 461 453
f 446 454 455
f 446 455 447
f 446 453 454
f 447 455 456
f 447 456 457
f 447 457 448
f 449 458 450
f 450 458 459
f 451 460 461
f 451 461 452
f 451 459 462
f 451 462 463
f 451 463 464
f 451 464 465
f 451 465 484
f 451 484 466
f 451 466 467
f 451 467 460
f 453 461 460
f 453 460 467
f 453 467 468
f 453 468 454
f 454 469 470
f 454 470 455
f 454 468 469
f 455 470 471
f 455 471 472
f 455 472 456
f 456 472 457
f 457 472 473
f 458 474 475
f 458 475 476
f 458 476 477
f 458 477 459
f 459 477 478
f 459 478 479
f 459 479 462
f 462 464 463
f 462 479 480
f 462 480 496
f 462 496 512
f 462 512 531
f 462 531 541
f 462 541 543
f 462 543 544
f 462 544 542
f 462 542 537
f 462 537 526
f 462 526 525
f 462 525 524
f 462 524 523
f 462 523 522
f 462 522 521
f 462 521 535
f 462 535 536
f 462 536 534
f 462 534 533
f 462 533 515
f 462 515 497
f 462 497 481
f 462 481 464
f 464 481 482
f 464 482 483
f 464 483 484
f 464 484 465
f 466 484 485
f 466 485 467
f 467 485 486
f 467 486 468
f 468 486 469
f 469 487 470
f 469 486 487
f 470 487 488
f 470 488 489
f 470 489 471
f 471 489 472
f 472 489 490
f 472 490 491
f 472 491 492
f 472 492 493
f 472 493 473
f 473 493 494
f 474 495 513
f 474 513 496
f 474 496 478
f 474 478 477
f 474 477 476
f 474 476 475
f 478 496 480
f 478 480 479
f 481 497 482
f 482 497 498
f 482 498 499
f 482 499 500
f 482 500 483
f 483 485 484
f 483 500 486
f 483 486 485
f 486 500 499
f 486 499 501
f 486 501 487
f 487 501 502
f 487 502 503
f 487 503 488
f 488 503 489
f 489 503 504
f 489 504 490
f 490 505 506
f 490 506 507
f 490 507 508
f 490 508 491
f 490 504 509
f 490 509 505
f 491 508 510
f 491 510 492
f 492 510 511
f 492 494 493
f 495 512 513
f 495 514 512
f 496 513 512
f 497 515 498
f 498 515 533
f 498 533 516
f 498 516 517
f 498 517 501
f 498 501 499
f 501 517 502
f 502 517 518
f 502 518 503
f 503 519 504
f 503 518 519
f 504 519 520
f 504 520 509
f 505 521 522
f 505 522 523
f 505 523 524
f 505 524 507
f 505 507 506
f 505 509 521
f 507 524 525
f 507 525 526
f 507 526 527
f 507 527 528
f 507 528 529
f 507 529 530
f 507 530 510
f 507 510 508
f 509 520 521
f 510 530 511
f 512 514 531
f 514 532 531
f 516 533 534
f 516 534 520
f 516 520 519
f 516 519 518
f 516 518 517
f 520 535 521
f 520 534 536
f 520 536 535
f 526 537 527
f 527 537 542
f 527 542 538
f 527 538 539
f 527 539 528
f 528 539 529
f 531 532 540
f 531 540 541
f 540 543 541
f 540 544 543
o convex_6
v 0.296247 -0.0940186 0.327584
v 0.296247 -0.0908619 0.29467
v 0.407314 -0.0940186 0.407408
v 0.296247 -0.0940186 0.407408
v 0.296247 -0.0820577 0.258938
v 0.407314 -0.0939756 0.407284
v 0.407314 -0.073146 0.449116
v 0.296247 -0.0781279 0.44345
v 0.296247 -0.0828522 0.434006
v 0.296247 -0.0712563 0.225002
v 0.407314 -0.0842909 0.383597
v 0.407314 -0.0418157 0.480451
v 0.296247 -0.0682714 0.457383
v 0.297726 -0.0705047 0.454411
v 0.296247 -0.0716214 0.452924
v 0.296247 -0.0532183 0.197507
v 0.407314 -0.0731245 0.365607
v 0.407314 -0.0208572 0.490979
v 0.391744 -0.0156606 0.49358
v 0.296247 -0.0569977 0.467261
v 0.296247 -0.0313365 0.18509
v 0.305565 -0.0469909 0.20373
v 0.407314 -0.0544208 0.341363
v 0.407314 -9.20293e-05 0.501382
v 0.296247 -0.0513501 0.470078
v 0.296247 0.0313242 0.18509
v 0.407314 -0.0313365 0.32904
v 0.407314 -0.0403769 0.3313
v 0.407314 -0.0521446 0.339381
v 0.407314 1.53407e-05 0.501382
v 0.296247 -0.0227469 0.478655
v 0.296247 0.0425335 0.190664
v 0.407314 0.062676 0.332941
v 0.407314 0.0625686 0.33291
v 0.407314 0.0313242 0.32904
v 0.407314 0.000809873 0.501228
v 0.296247 0.0399137 0.478655
v 0.296247 0.0768487 0.209335
v 0.297726 0.0783304 0.211564
v 0.407314 0.08357 0.355111
v 0.407314 0.0313242 0.494416
v 0.296247 0.0657897 0.470016
v 0.296247 0.079082 0.211936
v 0.407314 0.0939848 0.375949
v 0.407314 0.0345453 0.493177
v 0.334292 0.08357 0.459644
v 0.296247 0.0768487 0.457383
v 0.407314 0.0573075 0.480606
v 0.407314 0.062676 0.477014
v 0.296247 0.11752 0.323683
v 0.34474 0.11752 0.372141
v 0.407314 0.0940278 0.376073
v 0.296247 0.125358 0.376073
v 0.296247 0.104464 0.417843
v 0.407314 0.0685169 0.472803
v 0.407314 0.08357 0.459644
v 0.296247 0.125358 0.358888
v 0.313405 0.125358 0.376073
v 0.407314 0.0940278 0.43865
v 0.407314 0.0940063 0.438743
f 545 546 547
f 545 547 548
f 545 548 553
f 545 553 552
f 545 552 559
f 545 559 557
f 545 557 564
f 545 564 569
f 545 569 575
f 545 575 581
f 545 581 586
f 545 586 591
f 545 591 598
f 545 598 597
f 545 597 601
f 545 601 594
f 545 594 587
f 545 587 582
f 545 582 576
f 545 576 570
f 545 570 565
f 545 565 560
f 545 560 554
f 545 554 549
f 545 549 546
f 546 549 547
f 547 550 555
f 547 555 561
f 547 561 567
f 547 567 573
f 547 573 572
f 547 572 571
f 547 571 579
f 547 579 578
f 547 578 577
f 547 577 584
f 547 584 588
f 547 588 596
f 547 596 603
f 547 603 604
f 547 604 600
f 547 600 599
f 547 599 593
f 547 593 592
f 547 592 589
f 547 589 585
f 547 585 580
f 547 580 574
f 547 574 568
f 547 568 562
f 547 562 556
f 547 556 551
f 547 551 552
f 547 552 553
f 547 553 548
f 547 549 554
f 547 554 550
f 550 554 555
f 551 556 557
f 551 557 558
f 551 558 559
f 551 559 552
f 554 560 561
f 554 561 555
f 556 562 563
f 556 563 564
f 556 564 557
f 557 559 558
f 560 565 566
f 560 566 567
f 560 567 561
f 562 568 563
f 563 568 569
f 563 569 564
f 565 570 579
f 565 579 571
f 565 571 572
f 565 572 566
f 566 572 573
f 566 573 567
f 568 574 581
f 568 581 575
f 568 575 569
f 570 576 577
f 570 577 578
f 570 578 579
f 574 580 581
f 576 582 583
f 576 583 577
f 577 583 584
f 580 585 581
f 581 585 586
f 582 587 583
f 583 587 588
f 583 588 584
f 585 589 586
f 586 590 591
f 586 589 592
f 586 592 593
f 586 593 590
f 587 594 595
f 587 595 588
f 588 595 596
f 590 597 598
f 590 598 591
f 590 593 599
f 590 599 600
f 590 600 602
f 590 602 597
f 594 601 595
f 595 601 602
f 595 602 603
f 595 603 596
f 597 602 601
f 600 604 602
f 602 604 603
o convex_7
v 0.214301 0.260868 0.684348
v 0.208929 0.271629 0.679018
v 0.198464 0.292516 0.699914
v 0.209207 0.260868 0.699575
v 0.214301 0.260868 0.558974
v 0.208929 0.271629 0.553644
v 0.167137 0.323846 0.699914
v 0.151473 0.308191 0.715564
v 0.1828 0.27684 0.715564
v 0.204806 0.260868 0.706174
v 0.198464 0.292516 0.57454
v 0.198602 0.260868 0.292153
v 0.198464 0.261165 0.292492
v 0.0731214 0.417856 0.699914
v 0.167137 0.323846 0.417781
v 0.0887849 0.370851 0.715564
v 0.0313637 0.407413 0.720809
v 0.0940176 0.344753 0.720809
v 0.156672 0.282073 0.720809
v 0.185989 0.260868 0.718694
v 0.167276 0.260868 -0.0211113
v 0.167137 0.261165 -0.0208575
v 0.167137 0.292516 0.167203
v 0.0731214 0.417856 0.668528
v 0.0313637 0.438743 0.689423
v 0.0104675 0.449186 0.699914
v 0.0574233 0.402181 0.715564
v 0.135775 0.355197 0.38648
v 0.135775 0.323846 0.104516
v -0.0313248 0.438743 0.720809
v 0.156672 0.260868 0.720809
v 0.151612 0.260868 -0.130411
v 0.146241 0.271629 -0.135741
v 0.135775 0.292516 -0.114845
v 0.0522252 0.428299 0.647632
v 0.0313637 0.438743 0.658122
v 0.104448 0.386505 0.480467
v 0.0417598 0.417856 0.38648
v 0.0208983 0.428299 0.365584
v -0.0313248 0.470072 0.689423
v -0.0417556 0.459629 0.710319
v 0.104448 0.355197 0.104516
v 0.104448 0.323846 -0.143439
v -0.139722 0.438743 0.720809
v -0.139722 0.460413 0.71108
v -0.0940134 0.407413 0.720809
v -0.109677 0.391737 0.712942
v 0.109681 0.266397 0.712942
v 0.115191 0.260868 0.711588
v 0.148701 0.260868 -0.143439
v 0.147038 0.26519 -0.143439
v 0.14035 0.276311 -0.143439
v 0.0731214 0.386505 0.22989
v 2.11327e-06 0.438743 0.376074
v 0.0522252 0.396948 0.208994
v 0.0208983 0.396948 0.0209336
v -0.0104287 0.428299 0.177608
v -0.139722 0.477275 0.665229
v -0.139722 0.477275 0.696614
v -0.0626518 0.470072 0.470062
v -0.139722 0.467467 0.706428
v 0.0731214 0.355197 -0.0835443
v 0.0835522 0.36564 0.0836204
v -0.00571575 0.391081 -0.143439
v -0.0104287 0.396948 -0.135741
v 0.0522252 0.36564 -0.10444
v -0.139722 0.4122 0.709642
v -0.11491 0.386505 0.699914
v 0.105037 0.260868 0.700167
v 0.0106061 0.260868 -0.143439
v -0.0313248 0.438743 0.188098
v -0.0313248 0.407413 -0.125336
v -0.0940134 0.470072 0.344688
v -0.12534 0.470072 0.250785
v -0.139722 0.470072 0.236404
v -0.0626518 0.438743 0.0627248
v -0.0168742 0.397753 -0.143439
v -0.139722 0.407413 0.699998
v -0.139722 0.398918 0.680964
v -0.139722 0.383243 0.571241
v 0.104587 0.260868 0.699575
v -0.122776 0.321876 -0.143439
v 0.0106061 0.260868 -0.0837981
v -0.0313248 0.403388 -0.143439
v -0.139722 0.434209 -0.143439
v -0.139722 0.434506 -0.141832
v -0.12534 0.438743 -0.0939498
v -0.0940134 0.438743 -0.031263
v -0.139722 0.438743 -0.108331
v -0.139722 0.376062 0.487066
v 0.0732601 0.260868 0.480214
v -0.139722 0.344753 0.0483433
v -0.138855 0.331238 -0.143439
v -0.139722 0.332234 -0.143439
f 605 606 607
f 605 607 608
f 605 608 614
f 605 614 624
f 605 624 635
f 605 635 653
f 605 653 673
f 605 673 685
f 605 685 695
f 605 695 687
f 605 687 674
f 605 674 654
f 605 654 636
f 605 636 625
f 605 625 616
f 605 616 609
f 605 609 610
f 605 610 606
f 606 610 615
f 606 615 607
f 607 611 612
f 607 612 613
f 607 613 614
f 607 614 608
f 607 615 619
f 607 619 611
f 609 616 610
f 610 616 617
f 610 617 615
f 611 618 612
f 611 619 628
f 611 628 618
f 612 620 621
f 612 621 622
f 612 622 623
f 612 623 613
f 612 618 620
f 613 623 624
f 613 624 614
f 615 617 619
f 616 625 626
f 616 626 617
f 617 626 627
f 617 627 619
f 618 628 640
f 618 640 629
f 618 629 630
f 618 630 621
f 618 621 631
f 618 631 620
f 619 632 628
f 619 627 633
f 619 633 632
f 620 631 621
f 621 634 648
f 621 648 650
f 621 650 635
f 621 635 623
f 621 623 622
f 621 630 634
f 623 635 624
f 625 636 637
f 625 637 626
f 626 637 638
f 626 638 627
f 627 638 633
f 628 639 640
f 628 632 641
f 628 641 642
f 628 642 643
f 628 643 639
f 629 640 644
f 629 644 630
f 630 644 645
f 630 645 634
f 632 633 646
f 632 646 641
f 633 638 647
f 633 647 646
f 634 645 649
f 634 649 648
f 635 650 651
f 635 651 652
f 635 652 653
f 636 654 655
f 636 655 637
f 637 655 656
f 637 656 647
f 637 647 638
f 639 643 640
f 640 643 644
f 641 646 657
f 641 657 642
f 642 657 643
f 643 658 644
f 643 657 659
f 643 659 660
f 643 660 661
f 643 661 675
f 643 675 658
f 644 662 663
f 644 663 645
f 644 658 664
f 644 664 662
f 645 665 649
f 645 663 665
f 646 647 666
f 646 666 670
f 646 670 667
f 646 667 659
f 646 659 657
f 647 656 655
f 647 655 654
f 647 654 674
f 647 674 686
f 647 686 697
f 647 697 698
f 647 698 689
f 647 689 688
f 647 688 681
f 647 681 668
f 647 668 669
f 647 669 670
f 647 670 666
f 648 651 650
f 648 649 665
f 648 665 663
f 648 663 662
f 648 662 679
f 648 679 693
f 648 693 690
f 648 690 689
f 648 689 698
f 648 698 696
f 648 696 694
f 648 694 684
f 648 684 683
f 648 683 682
f 648 682 671
f 648 671 651
f 651 653 652
f 651 671 672
f 651 672 653
f 653 672 673
f 658 675 664
f 659 667 670
f 659 670 660
f 660 670 669
f 660 669 661
f 661 669 676
f 661 676 675
f 662 664 677
f 662 677 678
f 662 678 679
f 664 675 680
f 664 680 677
f 668 681 669
f 669 681 676
f 671 682 672
f 672 683 684
f 672 684 685
f 672 685 673
f 672 682 683
f 674 687 686
f 675 676 680
f 676 681 688
f 676 688 689
f 676 689 690
f 676 690 691
f 676 691 692
f 676 692 680
f 677 680 678
f 678 680 692
f 678 692 691
f 678 691 693
f 678 693 679
f 684 694 685
f 685 694 695
f 686 696 697
f 686 687 695
f 686 695 694
f 686 694 696
f 690 693 691
f 696 698 697
o convex_8
v 0.165126 -7.65826e-05 -0.143439
v 0.228405 -7.65826e-05 -0.143439
v 0.125359 -7.65826e-05 -0.12542
v 0.125359 -2.54989e-05 -0.143439
v 0.228405 0.0446233 -0.143439
v 0.250699 5.37045e-08 -0.031263
v 0.250675 -7.65826e-05 -0.0313476
v 0.125359 -7.65826e-05 -0.125336
v 0.0105937 0.260868 -0.143439
v 0.219358 0.125364 -0.143439
v 0.250699 0.031341 -0.031263
v 0.254447 5.37045e-08 0.132856
v 0.254447 -7.65826e-05 0.132941
v 0.0105937 0.260868 -0.0837981
v 0.188017 -7.65826e-05 0.689423
v 0.148728 0.260868 -0.143439
v 0.212746 0.138595 -0.143439
v 0.208927 0.177573 -0.0417531
v 0.219358 0.156679 -0.031263
v 0.254447 0.149221 0.305858
v 0.250699 0.125364 0.188098
v 0.250699 0.094023 0.0940259
v 0.254447 0.110447 0.18996
v 0.254447 0.079106 0.158574
v 0.254447 0.062682 0.142162
v 0.254447 0.031341 0.132856
v 0.254447 -7.65826e-05 0.718863
v 0.0732756 0.260868 0.480214
v 0.198472 -7.65826e-05 0.710319
v 0.104616 0.260868 0.699575
v 0.151616 0.260868 -0.130411
v 0.165723 0.232618 -0.143439
v 0.181405 0.201277 -0.143439
v 0.177586 0.240255 -0.0417531
v 0.208927 0.208914 0.0836204
v 0.219358 0.18802 0.0940259
v 0.254447 0.143474 0.287247
v 0.208927 0.240255 0.271681
v 0.240268 0.208914 0.490958
v 0.250699 0.18802 0.501363
v 0.254447 0.180562 0.693146
v 0.254447 0.123499 0.718863
v 0.250866 -7.65826e-05 0.720725
v 0.21931 -7.65826e-05 0.720725
v 0.219358 5.37045e-08 0.720809
v 0.115215 0.260868 0.711588
v 0.10507 0.260868 0.700167
v 0.167274 0.260868 -0.0211113
v 0.169948 0.224189 -0.143439
v 0.198615 0.260868 0.292153
v 0.229813 0.229808 0.511853
v 0.214298 0.260868 0.558974
v 0.214298 0.260868 0.684348
v 0.229813 0.229808 0.699914
v 0.254447 0.170498 0.703213
v 0.250699 0.125364 0.720809
v 0.254447 0.146973 0.71108
v 0.250699 -7.65826e-05 0.720809
v 0.250627 -7.65826e-05 0.720809
v 0.156676 0.219361 0.720809
v 0.156676 0.260868 0.720809
v 0.209214 0.260868 0.699575
v 0.204798 0.260868 0.706174
v 0.188017 0.250702 0.720809
v 0.254447 0.160409 0.706597
v 0.185988 0.260868 0.718694
f 699 700 705
f 699 705 711
f 699 711 725
f 699 725 741
f 699 741 756
f 699 756 757
f 699 757 742
f 699 742 727
f 699 727 713
f 699 713 706
f 699 706 701
f 699 701 702
f 699 702 707
f 699 707 714
f 699 714 730
f 699 730 747
f 699 747 731
f 699 731 715
f 699 715 708
f 699 708 703
f 699 703 700
f 700 703 709
f 700 709 704
f 700 704 705
f 701 706 712
f 701 712 707
f 701 707 702
f 703 708 709
f 704 709 724
f 704 724 710
f 704 710 711
f 704 711 705
f 706 713 712
f 707 712 726
f 707 726 728
f 707 728 745
f 707 745 744
f 707 744 759
f 707 759 764
f 707 764 761
f 707 761 760
f 707 760 751
f 707 751 750
f 707 750 748
f 707 748 746
f 707 746 729
f 707 729 714
f 708 715 716
f 708 716 717
f 708 717 718
f 708 718 719
f 708 719 720
f 708 720 709
f 709 720 721
f 709 721 722
f 709 722 723
f 709 723 724
f 710 724 723
f 710 723 722
f 710 722 721
f 710 721 735
f 710 735 718
f 710 718 739
f 710 739 753
f 710 753 763
f 710 763 755
f 710 755 740
f 710 740 725
f 710 725 711
f 712 713 726
f 713 727 728
f 713 728 726
f 714 729 730
f 715 731 732
f 715 732 716
f 716 732 733
f 716 733 734
f 716 734 717
f 717 734 718
f 718 735 719
f 718 734 733
f 718 733 736
f 718 736 737
f 718 737 738
f 718 738 739
f 719 735 720
f 720 735 721
f 725 740 741
f 727 742 743
f 727 743 744
f 727 744 745
f 727 745 728
f 729 746 732
f 729 732 730
f 730 732 747
f 731 747 732
f 732 746 748
f 732 748 733
f 733 748 736
f 736 748 737
f 737 749 750
f 737 750 739
f 737 739 738
f 737 748 749
f 739 750 751
f 739 751 752
f 739 752 753
f 740 754 741
f 740 755 754
f 741 754 756
f 742 757 743
f 743 757 756
f 743 756 754
f 743 754 762
f 743 762 759
f 743 759 758
f 743 758 744
f 744 758 759
f 748 750 749
f 751 760 752
f 752 760 761
f 752 761 762
f 752 762 754
f 752 754 763
f 752 763 753
f 754 755 763
f 759 762 764
f 761 764 762
o convex_9
v -0.139722 -3.97843e-05 -0.689468
v 0.0626529 -3.97843e-05 -0.720794
v -0.139722 -3.97843e-05 -0.658126
v -0.139722 0.253575 -0.717924
v -0.125351 0.250703 -0.720794
v 0.0939869 -3.97843e-05 -0.720794
v 0.0333353 -3.97843e-05 -0.565681
v 0.0305508 -2.96449e-06 -0.565681
v -0.139722 0.217786 -0.565681
v -0.139722 0.282037 -0.720794
v 0.114887 -3.97843e-05 -0.710362
v 0.0939869 0.0940348 -0.720794
v 0.10967 0.10972 -0.712974
v 0.187253 -3.97843e-05 -0.565681
v -0.139722 0.376037 -0.565681
v -0.139722 0.32773 -0.71264
v -0.062651 0.282037 -0.720794
v 0.125353 3.38553e-05 -0.689468
v 0.125321 -3.97843e-05 -0.689513
v 0.114887 0.0940348 -0.710362
v 0.0626529 0.156702 -0.720794
v 0.114887 0.114948 -0.699915
v 0.125353 0.0940348 -0.689468
v 0.0783359 0.172387 -0.712974
v 0.10967 0.203684 -0.634635
v 0.177587 -3.97843e-05 -0.585011
v 0.187253 0.0313675 -0.565681
v -0.0955852 0.376037 -0.565681
v -0.139722 0.376037 -0.595458
v -0.139722 0.330344 -0.709694
v -0.047 0.297722 -0.712974
v 1.69894e-05 0.219369 -0.720794
v 0.146221 0.146282 -0.605905
v 0.156687 0.125368 -0.595458
v 0.156687 0.0627011 -0.6268
v 0.177587 0.0313675 -0.585011
v 0.0470019 0.235018 -0.697303
v 0.0835529 0.177616 -0.699915
v 0.0157 0.297722 -0.634635
v 0.0470019 0.297722 -0.571952
v 0.0783359 0.266351 -0.571952
v 0.104453 0.229789 -0.585011
v 0.114887 0.208912 -0.605905
v 0.184884 0.043923 -0.565681
v -0.125351 0.376037 -0.595458
v -0.0940169 0.375706 -0.565681
v -0.139722 0.336235 -0.697956
v -0.139722 0.334284 -0.701874
v -0.135785 0.334284 -0.699915
v -0.041783 0.302913 -0.699915
v 0.141004 0.172387 -0.571952
v 0.148589 0.15869 -0.565681
v 0.180179 0.0650576 -0.565681
v 0.180179 0.0627011 -0.568034
v 0.149357 0.156702 -0.565681
v -0.015666 0.329055 -0.603293
v 0.0470019 0.297722 -0.565681
v -0.010417 0.334284 -0.574564
v -0.00155131 0.329829 -0.565681
v 0.0783359 0.266351 -0.565681
v 0.104453 0.229789 -0.565681
v 0.136843 0.180745 -0.565681
v 0.180723 0.0627011 -0.565681
v -0.0940169 0.368232 -0.599376
v -0.0908803 0.374491 -0.565681
v -0.0783339 0.360389 -0.603293
v -0.0731169 0.365617 -0.574564
v -0.0706525 0.366207 -0.565681
f 765 766 770
f 765 770 775
f 765 775 783
f 765 783 790
f 765 790 778
f 765 778 771
f 765 771 767
f 765 767 773
f 765 773 779
f 765 779 793
f 765 793 811
f 765 811 812
f 765 812 794
f 765 794 780
f 765 780 774
f 765 774 768
f 765 768 769
f 765 769 766
f 766 769 774
f 766 774 781
f 766 781 796
f 766 796 785
f 766 785 776
f 766 776 770
f 767 771 772
f 767 772 773
f 768 774 769
f 770 776 777
f 770 777 775
f 771 778 791
f 771 791 808
f 771 808 827
f 771 827 817
f 771 817 819
f 771 819 816
f 771 816 826
f 771 826 825
f 771 825 824
f 771 824 821
f 771 821 823
f 771 823 832
f 771 832 829
f 771 829 810
f 771 810 792
f 771 792 779
f 771 779 773
f 771 773 772
f 774 780 781
f 775 782 783
f 775 777 784
f 775 784 787
f 775 787 782
f 776 785 788
f 776 788 777
f 777 786 787
f 777 787 784
f 777 788 789
f 777 789 786
f 778 790 800
f 778 800 791
f 779 792 809
f 779 809 793
f 780 794 795
f 780 795 781
f 781 795 788
f 781 788 796
f 782 790 783
f 782 787 800
f 782 800 790
f 785 796 788
f 786 797 798
f 786 798 787
f 786 789 797
f 787 798 799
f 787 799 791
f 787 791 800
f 788 795 801
f 788 801 802
f 788 802 789
f 789 802 801
f 789 801 803
f 789 803 804
f 789 804 805
f 789 805 806
f 789 806 807
f 789 807 797
f 791 799 808
f 792 810 809
f 793 809 811
f 794 812 813
f 794 813 795
f 795 813 814
f 795 814 801
f 797 807 815
f 797 815 816
f 797 816 798
f 798 817 818
f 798 818 808
f 798 808 799
f 798 816 819
f 798 819 817
f 801 814 803
f 803 814 820
f 803 820 804
f 804 821 824
f 804 824 805
f 804 820 822
f 804 822 823
f 804 823 821
f 805 824 825
f 805 825 806
f 806 825 826
f 806 826 807
f 807 826 815
f 808 818 827
f 809 810 828
f 809 828 811
f 810 829 828
f 811 813 812
f 811 828 813
f 813 828 814
f 814 828 830
f 814 830 820
f 815 826 816
f 817 827 818
f 820 830 822
f 822 830 831
f 822 831 832
f 822 832 823
f 828 829 831
f 828 831 830
f 829 832 831
o convex_10
v 0.0105929 -0.260918 -0.146769
v 0.147356 -0.260918 -0.146769
v 0.0105929 -0.260918 -0.0939466
v 0.12537 -0.000102114 -0.146769
v 0.167122 -0.229819 -0.146769
v 0.151582 -0.260918 -0.135559
v 0.12537 -0.000102114 -0.125283
v 0.0754773 -0.260918 0.501367
v 0.188034 -0.000102114 0.689387
v 0.230837 -0.000102114 -0.146769
v 0.180897 -0.202295 -0.146769
v 0.18018 -0.235028 -0.0469839
v 0.16717 -0.260918 -0.0320374
v 0.104601 -0.260918 0.689387
v 0.108707 -0.260918 0.707816
v 0.198466 -0.000102114 0.710279
v 0.230837 -0.0214218 -0.146769
v 0.250675 -0.000102114 -0.031358
v 0.250699 -0.031354 -0.0312731
v 0.188034 -0.188022 -0.146769
v 0.211525 -0.172345 -0.0469839
v 0.211525 -0.203699 0.0783631
v 0.167266 -0.260918 -0.0312731
v 0.208922 -0.146251 -0.146769
v 0.111262 -0.260918 0.712911
v 0.219307 -0.000102114 0.720724
v 0.219355 -0.125365 -0.146769
v 0.254447 -0.000102114 0.132969
v 0.254447 -0.0201707 0.132884
v 0.254447 -0.0514993 0.132884
v 0.254447 -0.0840789 0.135347
v 0.254447 -0.115433 0.188084
v 0.250699 -0.0940366 0.094074
v 0.219355 -0.156694 -0.0312731
v 0.198466 -0.229819 0.094074
v 0.219355 -0.188022 0.094074
v 0.250699 -0.156694 0.313346
v 0.242869 -0.172345 0.29772
v 0.242869 -0.203699 0.485741
v 0.211525 -0.235028 0.266469
v 0.198514 -0.260918 0.28133
v 0.146473 -0.260918 0.720809
v 0.15669 -0.219376 0.720809
v 0.219355 -0.031354 0.720809
v 0.250627 -0.000102114 0.720809
v 0.254447 -0.000102114 0.718941
v 0.254447 -0.11791 0.199294
v 0.198586 -0.260918 0.282095
v 0.250699 -0.188022 0.501367
v 0.254447 -0.180567 0.669261
v 0.240267 -0.208908 0.501367
v 0.21427 -0.260918 0.55385
v 0.229811 -0.229819 0.501367
v 0.177817 -0.260918 0.720809
v 0.250699 -0.000102114 0.720809
v 0.254447 -0.127229 0.718941
v 0.254447 -0.178064 0.636735
v 0.254447 -0.180567 0.689387
v 0.21427 -0.260918 0.689387
v 0.188034 -0.250705 0.720809
v 0.188034 -0.260918 0.718516
v 0.250699 -0.125365 0.720809
v 0.208994 -0.260918 0.710363
v 0.240267 -0.198465 0.710279
v 0.254447 -0.156183 0.712487
v 0.235039 -0.211538 0.705098
v 0.209161 -0.260918 0.709854
v 0.254447 -0.157817 0.711043
f 833 834 838
f 833 838 845
f 833 845 855
f 833 855 873
f 833 873 880
f 833 880 884
f 833 884 891
f 833 891 899
f 833 899 895
f 833 895 893
f 833 893 886
f 833 886 874
f 833 874 857
f 833 857 847
f 833 847 846
f 833 846 840
f 833 840 835
f 833 835 839
f 833 839 836
f 833 836 842
f 833 842 849
f 833 849 859
f 833 859 856
f 833 856 852
f 833 852 843
f 833 843 837
f 833 837 834
f 834 837 838
f 835 840 841
f 835 841 839
f 836 839 841
f 836 841 848
f 836 848 858
f 836 858 877
f 836 877 887
f 836 887 878
f 836 878 860
f 836 860 850
f 836 850 842
f 837 843 844
f 837 844 838
f 838 844 845
f 840 846 841
f 841 846 847
f 841 847 848
f 842 850 851
f 842 851 849
f 843 852 844
f 844 853 854
f 844 854 855
f 844 855 845
f 844 852 856
f 844 856 853
f 847 857 848
f 848 857 858
f 849 851 859
f 850 860 851
f 851 860 861
f 851 861 862
f 851 862 863
f 851 863 864
f 851 864 865
f 851 865 859
f 853 856 859
f 853 859 866
f 853 866 854
f 854 867 855
f 854 866 868
f 854 868 869
f 854 869 870
f 854 870 871
f 854 871 872
f 854 872 867
f 855 867 873
f 857 874 875
f 857 875 858
f 858 875 876
f 858 876 877
f 859 865 864
f 859 864 866
f 860 878 888
f 860 888 897
f 860 897 900
f 860 900 890
f 860 890 882
f 860 882 889
f 860 889 879
f 860 879 864
f 860 864 863
f 860 863 862
f 860 862 861
f 864 879 869
f 864 869 868
f 864 868 866
f 867 872 880
f 867 880 873
f 869 881 871
f 869 871 870
f 869 879 881
f 871 881 882
f 871 882 883
f 871 883 884
f 871 884 885
f 871 885 872
f 872 885 880
f 874 886 892
f 874 892 894
f 874 894 887
f 874 887 877
f 874 877 876
f 874 876 875
f 878 887 894
f 878 894 888
f 879 889 881
f 880 885 884
f 881 889 882
f 882 890 891
f 882 891 884
f 882 884 883
f 886 893 892
f 888 895 896
f 888 896 897
f 888 894 892
f 888 892 895
f 890 898 899
f 890 899 891
f 890 900 896
f 890 896 898
f 892 893 895
f 895 899 896
f 896 900 897
f 896 899 898
o convex_11
v 0.214276 -0.260939 0.689387
v 0.209148 -0.260939 0.709854
v 0.198475 -0.292516 0.689387
v 0.214276 -0.260939 0.55385
v 0.208974 -0.260939 0.710363
v 0.208905 -0.261172 0.710279
v 0.203673 -0.274239 0.705098
v 0.18801 -0.285993 0.712911
v 0.0626765 -0.411326 0.712911
v 0.0731066 -0.417848 0.689387
v 0.198475 -0.292516 0.56404
v 0.211538 -0.266403 0.548414
v 0.198579 -0.260939 0.282095
v 0.18801 -0.260939 0.718516
v 0.177823 -0.260939 0.720809
v 0.0313518 -0.407408 0.720809
v 2.70133e-05 -0.442669 0.712911
v 0.0469795 -0.430915 0.705098
v 0.0313518 -0.438751 0.689387
v 0.0731066 -0.417848 0.658051
v 0.135791 -0.355182 0.37602
v 0.167116 -0.323859 0.407357
v 0.198475 -0.261172 0.282095
v 0.19851 -0.260939 0.28133
v 0.146463 -0.260939 0.720809
v -0.0313324 -0.438751 0.720809
v -0.0313324 -0.459633 0.710279
v -0.0156354 -0.462238 0.705098
v 0.0313518 -0.438751 0.658051
v 0.0417818 -0.417848 0.37602
v 0.104431 -0.386505 0.47003
v 0.104431 -0.355182 0.094074
v 0.135791 -0.323859 0.094074
v 0.167116 -0.292516 0.156747
v 0.167116 -0.261172 -0.0312731
v 0.167254 -0.260939 -0.0312731
v 0.111223 -0.260939 0.712911
v -0.139722 -0.419352 0.715884
v -0.0940166 -0.407408 0.720809
v -0.139722 -0.438751 0.720809
v -0.139722 -0.45491 0.717157
v -0.139722 -0.46622 0.711552
v -0.139722 -0.477275 0.689387
v -0.0313324 -0.470074 0.689387
v 2.70133e-05 -0.438751 0.37602
v 0.0104571 -0.417848 0.188084
v 0.0417818 -0.386505 0.0314004
v 0.0731066 -0.386505 0.219421
v 0.0731066 -0.355182 -0.0939466
v 0.104431 -0.323859 -0.146769
v 0.135791 -0.292516 -0.125283
v 0.16715 -0.260939 -0.0320374
v 0.108659 -0.260939 0.707816
v -0.139722 -0.398915 0.689387
v -0.11751 -0.391736 0.705098
v -0.104447 -0.386505 0.710279
v -0.139722 -0.410288 0.712232
v -0.139722 -0.477275 0.658051
v -0.0626572 -0.470074 0.47003
v -0.0313324 -0.438751 0.188084
v 0.0209217 -0.396967 0.0314004
v 0.0104571 -0.386505 -0.125283
v -0.014977 -0.394595 -0.146769
v 0.136692 -0.285379 -0.146769
v 0.148854 -0.266403 -0.140994
v 0.151592 -0.260939 -0.135559
v 0.10457 -0.260939 0.689387
v 0.0835713 -0.271613 0.689387
v -0.139722 -0.383243 0.56404
v -0.0940166 -0.470074 0.344683
v -0.139722 -0.470074 0.236406
v -0.125341 -0.470074 0.250758
v -0.0626572 -0.438751 0.0627372
v -0.0313324 -0.407408 -0.125283
v -0.0104377 -0.396967 -0.125283
v -0.0220112 -0.398746 -0.146769
v 0.144523 -0.272142 -0.146769
v 0.14733 -0.260939 -0.146769
v 0.147468 -0.260939 -0.146429
v 0.0754629 -0.260939 0.501367
v -0.139722 -0.376064 0.487015
v -0.139722 -0.438751 -0.108299
v -0.125341 -0.438751 -0.0939466
v -0.0940166 -0.438751 -0.0312731
v -0.139722 -0.434961 -0.141589
v -0.0286296 -0.40205 -0.146769
v 0.0105957 -0.260939 -0.146769
v 0.0105957 -0.260939 -0.0939466
v -0.118099 -0.318755 -0.146769
v -0.124718 -0.322059 -0.146769
v -0.139722 -0.344741 0.0483851
v -0.139722 -0.433351 -0.146769
v -0.131752 -0.32621 -0.146769
v -0.139722 -0.331505 -0.146769
f 901 902 903
f 901 903 911
f 901 911 904
f 901 904 913
f 901 913 924
f 901 924 936
f 901 936 952
f 901 952 966
f 901 966 979
f 901 979 978
f 901 978 987
f 901 987 988
f 901 988 980
f 901 980 967
f 901 967 953
f 901 953 937
f 901 937 925
f 901 925 915
f 901 915 914
f 901 914 905
f 901 905 902
f 902 905 906
f 902 906 907
f 902 907 903
f 903 907 908
f 903 908 909
f 903 909 910
f 903 910 920
f 903 920 921
f 903 921 911
f 904 911 912
f 904 912 913
f 905 914 908
f 905 908 906
f 906 908 907
f 908 914 915
f 908 915 909
f 909 915 916
f 909 916 917
f 909 917 918
f 909 918 910
f 910 918 919
f 910 919 929
f 910 929 920
f 911 921 922
f 911 922 923
f 911 923 912
f 912 923 913
f 913 923 924
f 915 925 939
f 915 939 940
f 915 940 926
f 915 926 916
f 916 926 917
f 917 927 928
f 917 928 918
f 917 926 927
f 918 928 919
f 919 928 929
f 920 929 945
f 920 945 930
f 920 930 931
f 920 931 921
f 921 931 932
f 921 932 933
f 921 933 922
f 922 933 934
f 922 934 923
f 923 934 935
f 923 935 936
f 923 936 924
f 925 937 938
f 925 938 939
f 926 940 941
f 926 941 942
f 926 942 927
f 927 942 928
f 928 942 943
f 928 943 944
f 928 944 929
f 929 944 945
f 930 945 946
f 930 946 947
f 930 947 948
f 930 948 931
f 931 948 932
f 932 948 947
f 932 947 949
f 932 949 950
f 932 950 933
f 933 950 951
f 933 951 934
f 934 951 935
f 935 951 936
f 936 951 952
f 937 953 954
f 937 954 955
f 937 955 956
f 937 956 957
f 937 957 938
f 938 940 939
f 938 957 954
f 938 954 969
f 938 969 981
f 938 981 991
f 938 991 994
f 938 994 992
f 938 992 985
f 938 985 982
f 938 982 971
f 938 971 958
f 938 958 943
f 938 943 942
f 938 942 941
f 938 941 940
f 943 958 944
f 944 958 959
f 944 959 945
f 945 959 960
f 945 960 946
f 946 960 961
f 946 961 947
f 947 961 962
f 947 962 949
f 949 962 950
f 950 962 963
f 950 963 976
f 950 976 986
f 950 986 992
f 950 992 994
f 950 994 993
f 950 993 990
f 950 990 989
f 950 989 987
f 950 987 978
f 950 978 977
f 950 977 964
f 950 964 951
f 951 964 965
f 951 965 952
f 952 965 966
f 953 967 968
f 953 968 954
f 954 957 955
f 954 968 969
f 955 957 956
f 958 970 959
f 958 971 972
f 958 972 970
f 959 970 973
f 959 973 960
f 960 973 974
f 960 974 975
f 960 975 961
f 961 975 962
f 962 975 976
f 962 976 963
f 964 977 965
f 965 977 978
f 965 978 979
f 965 979 966
f 967 980 968
f 968 980 981
f 968 981 969
f 970 972 973
f 971 982 983
f 971 983 972
f 972 983 984
f 972 984 973
f 973 984 974
f 974 984 983
f 974 983 985
f 974 985 986
f 974 986 976
f 974 976 975
f 980 988 989
f 980 989 990
f 980 990 981
f 981 990 991
f 982 985 983
f 985 992 986
f 987 989 988
f 990 993 991
f 991 993 994
o convex_12
v 0.183397 -0.197318 -0.146825
v 0.0676674 -0.197318 -0.146825
v 0.180898 -0.202332 -0.146825
v 0.183397 -0.197318 -0.19734
v -0.131751 -0.32618 -0.146825
v 0.0439459 -0.197318 -0.19734
v -0.139722 -0.321212 -0.167166
v 0.16714 -0.229828 -0.146825
v 0.16714 -0.229828 -0.188069
v 0.180202 -0.203718 -0.203746
v 0.152053 -0.197318 -0.448005
v -0.139722 -0.331494 -0.146825
v -0.139722 -0.197318 -0.589324
v 0.144557 -0.272135 -0.146825
v 0.136681 -0.285375 -0.146825
v 0.135796 -0.261183 -0.282075
v 0.135796 -0.229828 -0.438734
v 0.148858 -0.203718 -0.454411
v 0.135922 -0.197318 -0.536224
v -0.139722 -0.433368 -0.146825
v -0.139722 -0.197318 -0.691478
v 0.104452 -0.323823 -0.146825
v 0.104452 -0.323823 -0.156715
v 0.104452 -0.292514 -0.344784
v 0.104452 -0.261183 -0.501386
v 0.137092 -0.219384 -0.470088
v 0.117514 -0.203718 -0.611069
v 0.127224 -0.197318 -0.57803
v -0.0626742 -0.407397 -0.250721
v -0.0286418 -0.40206 -0.146825
v -0.139722 -0.407397 -0.390466
v -0.125331 -0.407397 -0.376082
v -0.0430645 -0.197318 -0.715864
v -0.0940182 -0.215479 -0.712942
v -0.139722 -0.248937 -0.717213
v -0.0150099 -0.394596 -0.146825
v -0.0220314 -0.398732 -0.146825
v 0.0417636 -0.355178 -0.250721
v 0.0731076 -0.323823 -0.344784
v 0.0731076 -0.292514 -0.53274
v 0.105748 -0.250739 -0.53274
v 0.101826 -0.203718 -0.642424
v 0.106634 -0.197318 -0.636018
v 0.115901 -0.197318 -0.617475
v 0.120709 -0.197318 -0.60472
v 0.104452 -0.229828 -0.595449
v -0.0417677 -0.396953 -0.250721
v -0.0626742 -0.376065 -0.501386
v 0.0209203 -0.365622 -0.250721
v -0.139722 -0.403631 -0.423675
v -0.0940182 -0.376065 -0.564094
v -0.00925345 -0.197318 -0.720809
v -0.0626742 -0.219384 -0.720809
v -0.125331 -0.250739 -0.720809
v -0.139722 -0.265088 -0.720809
v 0.0104512 -0.355178 -0.376082
v 0.0417636 -0.323823 -0.470088
v -0.0208928 -0.355178 -0.501386
v 0.0104512 -0.323823 -0.564094
v 0.0417636 -0.292514 -0.595449
v 0.0731076 -0.261183 -0.595449
v 0.03917 -0.23505 -0.705132
v 0.0723801 -0.197318 -0.69204
v -0.0417677 -0.365622 -0.501386
v -0.0104237 -0.365622 -0.376082
v -0.0587523 -0.368233 -0.53274
v -0.139722 -0.376065 -0.595449
v -0.125331 -0.376065 -0.595449
v -0.0900963 -0.368233 -0.595449
v 0.0220273 -0.197318 -0.720809
v -0.139722 -0.296419 -0.720809
v -0.0274083 -0.336878 -0.595449
v -0.0234863 -0.329045 -0.611069
v 0.00785765 -0.297736 -0.642424
v -0.0391742 -0.297736 -0.705132
v -0.0274083 -0.282071 -0.712942
v 0.0039357 -0.250739 -0.712942
v 0.0572932 -0.197318 -0.712942
v -0.139722 -0.331656 -0.707717
v -0.114893 -0.365622 -0.616295
v -0.0861743 -0.3604 -0.611069
v 1.37443e-05 -0.219384 -0.720809
v -0.0626742 -0.282071 -0.720809
v -0.139722 -0.313402 -0.716988
v -0.0522052 -0.302958 -0.710358
v -0.0313302 -0.250739 -0.720809
v -0.139722 -0.328768 -0.711032
f 995 996 999
f 995 999 1006
f 995 1006 1014
f 995 1014 1024
f 995 1024 1031
f 995 1031 1030
f 995 1030 1016
f 995 1016 1009
f 995 1009 1008
f 995 1008 1002
f 995 1002 997
f 995 997 998
f 995 998 1005
f 995 1005 1013
f 995 1013 1022
f 995 1022 1039
f 995 1039 1038
f 995 1038 1037
f 995 1037 1057
f 995 1057 1072
f 995 1072 1064
f 995 1064 1046
f 995 1046 1027
f 995 1027 1015
f 995 1015 1007
f 995 1007 1000
f 995 1000 996
f 996 1000 1001
f 996 1001 999
f 997 1002 1003
f 997 1003 1004
f 997 1004 998
f 998 1004 1012
f 998 1012 1005
f 999 1001 1006
f 1000 1007 1001
f 1001 1007 1015
f 1001 1015 1029
f 1001 1029 1049
f 1001 1049 1065
f 1001 1065 1078
f 1001 1078 1081
f 1001 1081 1073
f 1001 1073 1061
f 1001 1061 1044
f 1001 1044 1025
f 1001 1025 1014
f 1001 1014 1006
f 1002 1008 1003
f 1003 1008 1009
f 1003 1009 1010
f 1003 1010 1011
f 1003 1011 1012
f 1003 1012 1004
f 1005 1012 1013
f 1009 1016 1017
f 1009 1017 1018
f 1009 1018 1010
f 1010 1018 1019
f 1010 1019 1011
f 1011 1019 1035
f 1011 1035 1020
f 1011 1020 1012
f 1012 1020 1021
f 1012 1021 1013
f 1013 1021 1022
f 1014 1023 1024
f 1014 1025 1026
f 1014 1026 1023
f 1015 1027 1028
f 1015 1028 1029
f 1016 1030 1017
f 1017 1030 1031
f 1017 1031 1032
f 1017 1032 1033
f 1017 1033 1018
f 1018 1033 1034
f 1018 1034 1019
f 1019 1034 1035
f 1020 1035 1021
f 1021 1036 1037
f 1021 1037 1038
f 1021 1038 1039
f 1021 1039 1022
f 1021 1035 1040
f 1021 1040 1036
f 1023 1041 1024
f 1023 1026 1042
f 1023 1042 1058
f 1023 1058 1041
f 1024 1041 1043
f 1024 1043 1032
f 1024 1032 1031
f 1025 1044 1026
f 1026 1044 1045
f 1026 1045 1042
f 1027 1046 1047
f 1027 1047 1028
f 1028 1047 1029
f 1029 1047 1048
f 1029 1048 1049
f 1032 1043 1050
f 1032 1050 1033
f 1033 1050 1052
f 1033 1052 1051
f 1033 1051 1034
f 1034 1051 1052
f 1034 1052 1053
f 1034 1053 1054
f 1034 1054 1055
f 1034 1055 1040
f 1034 1040 1035
f 1036 1040 1056
f 1036 1056 1057
f 1036 1057 1037
f 1040 1055 1056
f 1041 1058 1059
f 1041 1059 1043
f 1042 1045 1063
f 1042 1063 1060
f 1042 1060 1058
f 1043 1059 1050
f 1044 1061 1062
f 1044 1062 1045
f 1045 1062 1063
f 1046 1064 1076
f 1046 1076 1080
f 1046 1080 1077
f 1046 1077 1065
f 1046 1065 1049
f 1046 1049 1048
f 1046 1048 1047
f 1050 1059 1058
f 1050 1058 1052
f 1052 1058 1060
f 1052 1060 1066
f 1052 1066 1053
f 1053 1066 1067
f 1053 1067 1068
f 1053 1068 1054
f 1054 1068 1056
f 1054 1056 1055
f 1056 1069 1070
f 1056 1070 1071
f 1056 1071 1072
f 1056 1072 1057
f 1056 1068 1069
f 1060 1063 1066
f 1061 1073 1062
f 1062 1074 1063
f 1062 1073 1074
f 1063 1074 1075
f 1063 1075 1067
f 1063 1067 1066
f 1064 1072 1076
f 1065 1077 1078
f 1067 1075 1079
f 1067 1079 1068
f 1068 1079 1069
f 1069 1079 1070
f 1070 1077 1080
f 1070 1080 1071
f 1070 1079 1077
f 1071 1080 1076
f 1071 1076 1072
f 1073 1081 1079
f 1073 1079 1075
f 1073 1075 1074
f 1077 1079 1081
f 1077 1081 1078
o convex_13
v -0.13974 0.438739 0.720809
v -0.188042 0.470086 0.720809
v -0.313385 0.407425 0.720809
v -0.13974 0.412213 0.709622
v -0.13974 0.46043 0.711123
v -0.219382 0.470086 0.720809
v -0.172372 0.485751 0.70512
v -0.198489 0.490973 0.710305
v -0.328279 0.407425 0.720809
v -0.328279 0.397495 0.71583
v -0.313385 0.386522 0.710305
v -0.297714 0.383919 0.70512
v -0.13974 0.407425 0.700073
v -0.13974 0.467467 0.706416
v -0.146255 0.480529 0.699868
v -0.328279 0.438739 0.720809
v -0.229829 0.490973 0.710305
v -0.188042 0.501416 0.689432
v -0.328279 0.386522 0.710305
v -0.328279 0.376078 0.689432
v -0.313385 0.376078 0.689432
v -0.13974 0.398941 0.680973
v -0.13974 0.477268 0.696594
v -0.146255 0.480529 0.668559
v -0.328279 0.455208 0.712555
v -0.328279 0.459642 0.710305
v -0.219382 0.501416 0.689432
v -0.328279 0.470086 0.689432
v -0.188042 0.501416 0.658123
v -0.328279 0.370503 0.611875
v -0.13974 0.376078 0.487047
v -0.13974 0.38326 0.571289
v -0.328279 0.339156 0.173205
v -0.13974 0.344748 0.0483774
v -0.13974 0.477268 0.665285
v -0.167149 0.490973 0.647618
v -0.328279 0.470086 0.470063
v -0.219382 0.470086 0.156698
v -0.250704 0.470086 0.188075
v -0.282044 0.470086 0.250762
v -0.313385 0.470086 0.344758
v -0.13974 0.470086 0.236369
v -0.156702 0.470086 0.188075
v -0.188042 0.470086 0.156698
v -0.328279 0.337309 0.134392
v -0.13974 0.344748 0.0240258
v -0.328279 0.462647 0.329887
v -0.313385 0.438739 0.0240258
v -0.328279 0.438739 0.0627019
v -0.13974 0.465844 0.202945
v -0.13974 0.438739 0.0240258
v -0.328279 0.337309 0.0240258
v -0.328279 0.432553 0.0240258
f 1082 1083 1087
f 1082 1087 1097
f 1082 1097 1090
f 1082 1090 1084
f 1082 1084 1085
f 1082 1085 1094
f 1082 1094 1103
f 1082 1103 1113
f 1082 1113 1112
f 1082 1112 1115
f 1082 1115 1127
f 1082 1127 1132
f 1082 1132 1131
f 1082 1131 1123
f 1082 1123 1116
f 1082 1116 1104
f 1082 1104 1095
f 1082 1095 1086
f 1082 1086 1083
f 1083 1086 1088
f 1083 1088 1089
f 1083 1089 1098
f 1083 1098 1087
f 1084 1090 1091
f 1084 1091 1092
f 1084 1092 1085
f 1085 1092 1093
f 1085 1093 1094
f 1086 1095 1096
f 1086 1096 1088
f 1087 1098 1097
f 1088 1096 1099
f 1088 1099 1089
f 1089 1099 1108
f 1089 1108 1098
f 1090 1097 1106
f 1090 1106 1107
f 1090 1107 1109
f 1090 1109 1118
f 1090 1118 1128
f 1090 1128 1130
f 1090 1130 1134
f 1090 1134 1133
f 1090 1133 1126
f 1090 1126 1114
f 1090 1114 1111
f 1090 1111 1101
f 1090 1101 1100
f 1090 1100 1091
f 1091 1100 1092
f 1092 1100 1093
f 1093 1101 1102
f 1093 1102 1103
f 1093 1103 1094
f 1093 1100 1101
f 1095 1104 1096
f 1096 1104 1116
f 1096 1116 1105
f 1096 1105 1117
f 1096 1117 1110
f 1096 1110 1099
f 1097 1098 1106
f 1098 1107 1106
f 1098 1108 1109
f 1098 1109 1107
f 1099 1110 1108
f 1101 1111 1102
f 1102 1112 1113
f 1102 1113 1103
f 1102 1111 1114
f 1102 1114 1115
f 1102 1115 1112
f 1105 1116 1117
f 1108 1118 1109
f 1108 1110 1119
f 1108 1119 1120
f 1108 1120 1121
f 1108 1121 1122
f 1108 1122 1118
f 1110 1117 1123
f 1110 1123 1124
f 1110 1124 1125
f 1110 1125 1119
f 1114 1126 1115
f 1115 1126 1133
f 1115 1133 1127
f 1116 1123 1117
f 1118 1122 1128
f 1119 1125 1132
f 1119 1132 1129
f 1119 1129 1120
f 1120 1129 1121
f 1121 1129 1130
f 1121 1130 1122
f 1122 1130 1128
f 1123 1131 1124
f 1124 1131 1132
f 1124 1132 1125
f 1127 1133 1134
f 1127 1134 1129
f 1127 1129 1132
f 1129 1134 1130
o convex_14
v -0.328279 0.240487 -0.720809
v -0.328279 0.282058 -0.720809
v -0.32361 0.240487 -0.720809
v -0.328279 0.240487 -0.457706
v -0.250704 0.313401 -0.720809
v -0.328279 0.30296 -0.710311
v -0.282044 0.317321 -0.712936
v -0.13974 0.282058 -0.720809
v -0.13974 0.253607 -0.717893
v -0.13974 0.240487 -0.709145
v -0.13974 0.240487 -0.520839
v -0.328279 0.246659 -0.407403
v -0.156702 0.313401 -0.720809
v -0.250704 0.334303 -0.710311
v -0.141032 0.329082 -0.712936
v -0.266374 0.336903 -0.705135
v -0.328279 0.337893 -0.641638
v -0.313385 0.356485 -0.626766
v -0.13974 0.327762 -0.712644
v -0.13974 0.344724 0.0239576
v -0.328279 0.321824 -0.0148991
v -0.156702 0.334303 -0.710311
v -0.13974 0.334303 -0.701855
v -0.13974 0.330382 -0.709655
v -0.250704 0.344724 -0.689461
v -0.156702 0.344724 -0.689461
v -0.297714 0.368227 -0.611092
v -0.282044 0.376067 -0.595418
v -0.328279 0.352759 -0.611894
v -0.328279 0.368033 -0.580546
v -0.13974 0.438734 0.0239576
v -0.328279 0.337311 0.0239576
v -0.13974 0.336263 -0.697918
v -0.13974 0.376067 -0.595418
v -0.328279 0.368615 -0.578942
v -0.313385 0.376067 -0.56407
v -0.250704 0.40741 -0.438751
v -0.203712 0.39957 -0.4857
v -0.313385 0.438734 0.0239576
v -0.13974 0.438734 -0.108432
v -0.328279 0.432543 0.0239576
v -0.156702 0.40741 -0.438751
v -0.13974 0.40316 -0.423879
v -0.328279 0.399958 -0.328305
v -0.313385 0.40741 -0.313433
v -0.250704 0.438734 -0.156766
v -0.219382 0.438734 -0.188041
v -0.313385 0.438734 -0.031375
v -0.156702 0.438734 -0.156766
v -0.13974 0.40741 -0.390417
v -0.328279 0.431301 -0.046247
v -0.188042 0.438734 -0.188041
f 1135 1136 1139
f 1135 1139 1147
f 1135 1147 1142
f 1135 1142 1137
f 1135 1137 1144
f 1135 1144 1145
f 1135 1145 1138
f 1135 1138 1146
f 1135 1146 1155
f 1135 1155 1166
f 1135 1166 1175
f 1135 1175 1185
f 1135 1185 1178
f 1135 1178 1169
f 1135 1169 1164
f 1135 1164 1163
f 1135 1163 1151
f 1135 1151 1140
f 1135 1140 1136
f 1136 1140 1141
f 1136 1141 1139
f 1137 1142 1143
f 1137 1143 1144
f 1138 1145 1146
f 1139 1141 1148
f 1139 1148 1149
f 1139 1149 1147
f 1140 1150 1141
f 1140 1151 1152
f 1140 1152 1150
f 1141 1150 1148
f 1142 1147 1149
f 1142 1149 1153
f 1142 1153 1158
f 1142 1158 1157
f 1142 1157 1167
f 1142 1167 1168
f 1142 1168 1177
f 1142 1177 1184
f 1142 1184 1174
f 1142 1174 1165
f 1142 1165 1154
f 1142 1154 1145
f 1142 1145 1144
f 1142 1144 1143
f 1145 1154 1146
f 1146 1154 1155
f 1148 1150 1156
f 1148 1156 1149
f 1149 1156 1157
f 1149 1157 1158
f 1149 1158 1153
f 1150 1159 1160
f 1150 1160 1156
f 1150 1152 1161
f 1150 1161 1162
f 1150 1162 1159
f 1151 1163 1152
f 1152 1163 1164
f 1152 1164 1161
f 1154 1165 1173
f 1154 1173 1175
f 1154 1175 1166
f 1154 1166 1155
f 1156 1160 1157
f 1157 1160 1167
f 1159 1162 1168
f 1159 1168 1160
f 1160 1168 1167
f 1161 1164 1169
f 1161 1169 1170
f 1161 1170 1162
f 1162 1170 1171
f 1162 1171 1172
f 1162 1172 1168
f 1165 1174 1183
f 1165 1183 1186
f 1165 1186 1181
f 1165 1181 1180
f 1165 1180 1182
f 1165 1182 1173
f 1168 1172 1176
f 1168 1176 1177
f 1169 1178 1179
f 1169 1179 1170
f 1170 1179 1171
f 1171 1176 1172
f 1171 1179 1180
f 1171 1180 1181
f 1171 1181 1186
f 1171 1186 1176
f 1173 1182 1175
f 1174 1184 1176
f 1174 1176 1183
f 1175 1182 1185
f 1176 1186 1183
f 1176 1184 1177
f 1178 1185 1179
f 1179 1185 1182
f 1179 1182 1180
o convex_15
v -0.363656 0.240487 -0.362945
v -0.365219 0.240487 -0.345972
v -0.466382 0.123973 -0.362945
v -0.537406 0.240487 -0.362945
v -0.522225 0.240487 0.689408
v -0.53275 0.219374 0.689408
v -0.574529 0.135812 0.689408
v -0.580461 0.123973 0.689408
v -0.595451 0.123973 -0.362945
v -0.538841 0.238571 -0.362945
v -0.553544 0.240487 -0.282003
v -0.522289 0.240487 0.68962
v -0.543211 0.208926 0.710307
v -0.574529 0.146261 0.710307
v -0.579759 0.1332 0.705109
v -0.582407 0.123973 0.697152
v -0.595451 0.125364 -0.362945
v -0.626769 0.123973 -0.126696
v -0.586074 0.152272 -0.362945
v -0.587605 0.160621 -0.344699
v -0.574529 0.198478 -0.313298
v -0.574529 0.229822 -0.188013
v -0.584894 0.240487 -0.0313265
v -0.534504 0.240487 0.712535
v -0.5641 0.219374 0.720809
v -0.595451 0.156709 0.720809
v -0.595451 0.123973 0.713489
v -0.593314 0.123973 0.712641
v -0.59207 0.123973 0.711262
v -0.626769 0.125364 -0.125317
v -0.595451 0.156709 -0.313298
v -0.592166 0.140135 -0.362945
v -0.658119 0.123973 0.18657
v -0.595451 0.18803 -0.188013
v -0.595451 0.219374 -0.0313265
v -0.61634 0.240259 0.282046
v -0.616213 0.240487 0.282046
v -0.539958 0.240487 0.714762
v -0.5641 0.240487 0.720809
v -0.626769 0.123973 0.720809
v -0.626769 0.156709 -0.0313265
v -0.658119 0.125364 0.187949
v -0.68947 0.123973 0.688029
v -0.61634 0.177593 -0.0313265
v -0.626769 0.219374 0.282046
v -0.658119 0.18803 0.532722
v -0.63723 0.229822 0.532722
v -0.631904 0.240487 0.548741
v -0.595451 0.240487 0.720809
v -0.658119 0.123973 0.720809
v -0.658119 0.156709 0.344635
v -0.68947 0.125364 0.689408
v -0.68947 0.123973 0.689408
v -0.631904 0.240487 0.689408
v -0.606932 0.240487 0.718157
v -0.626769 0.18803 0.720809
v -0.658119 0.125364 0.720809
v -0.679009 0.123973 0.710307
v -0.681624 0.141036 0.705109
v -0.679487 0.123973 0.709352
v -0.650274 0.203702 0.705109
v -0.626546 0.240487 0.700123
v -0.621028 0.240487 0.711155
v -0.630692 0.219374 0.712959
v -0.662042 0.156709 0.712959
v -0.679009 0.125364 0.710307
f 1187 1188 1189
f 1187 1189 1195
f 1187 1195 1203
f 1187 1203 1218
f 1187 1218 1205
f 1187 1205 1196
f 1187 1196 1190
f 1187 1190 1197
f 1187 1197 1209
f 1187 1209 1223
f 1187 1223 1234
f 1187 1234 1240
f 1187 1240 1248
f 1187 1248 1249
f 1187 1249 1241
f 1187 1241 1235
f 1187 1235 1225
f 1187 1225 1224
f 1187 1224 1210
f 1187 1210 1198
f 1187 1198 1191
f 1187 1191 1188
f 1188 1191 1192
f 1188 1192 1193
f 1188 1193 1194
f 1188 1194 1189
f 1189 1194 1202
f 1189 1202 1215
f 1189 1215 1214
f 1189 1214 1213
f 1189 1213 1226
f 1189 1226 1236
f 1189 1236 1244
f 1189 1244 1246
f 1189 1246 1239
f 1189 1239 1229
f 1189 1229 1219
f 1189 1219 1204
f 1189 1204 1195
f 1190 1196 1197
f 1191 1198 1199
f 1191 1199 1192
f 1192 1199 1200
f 1192 1200 1201
f 1192 1201 1193
f 1193 1201 1194
f 1194 1201 1202
f 1195 1204 1203
f 1196 1205 1206
f 1196 1206 1207
f 1196 1207 1197
f 1197 1207 1208
f 1197 1208 1209
f 1198 1210 1199
f 1199 1210 1211
f 1199 1211 1200
f 1200 1211 1212
f 1200 1212 1213
f 1200 1213 1214
f 1200 1214 1215
f 1200 1215 1201
f 1201 1215 1202
f 1203 1204 1216
f 1203 1216 1217
f 1203 1217 1218
f 1204 1219 1228
f 1204 1228 1216
f 1205 1218 1206
f 1206 1218 1217
f 1206 1217 1207
f 1207 1217 1208
f 1208 1217 1220
f 1208 1220 1209
f 1209 1220 1221
f 1209 1221 1222
f 1209 1222 1223
f 1210 1224 1211
f 1211 1225 1235
f 1211 1235 1242
f 1211 1242 1243
f 1211 1243 1236
f 1211 1236 1226
f 1211 1226 1212
f 1211 1224 1225
f 1212 1226 1213
f 1216 1227 1217
f 1216 1228 1227
f 1217 1227 1220
f 1219 1229 1238
f 1219 1238 1228
f 1220 1227 1230
f 1220 1230 1221
f 1221 1230 1222
f 1222 1231 1232
f 1222 1232 1233
f 1222 1233 1223
f 1222 1230 1227
f 1222 1227 1231
f 1223 1233 1234
f 1227 1228 1237
f 1227 1237 1231
f 1228 1238 1237
f 1229 1239 1238
f 1231 1237 1232
f 1232 1238 1234
f 1232 1234 1233
f 1232 1237 1238
f 1234 1238 1240
f 1235 1241 1242
f 1236 1243 1252
f 1236 1252 1244
f 1238 1239 1245
f 1238 1245 1240
f 1239 1246 1245
f 1240 1245 1247
f 1240 1247 1248
f 1241 1249 1250
f 1241 1250 1242
f 1242 1250 1251
f 1242 1251 1243
f 1243 1251 1252
f 1244 1252 1245
f 1244 1245 1246
f 1245 1252 1251
f 1245 1251 1250
f 1245 1250 1247
f 1247 1250 1249
f 1247 1249 1248
o convex_16
v -0.466378 0.123961 -0.362945
v -0.477931 0.0718814 -0.362945
v -0.59545 0.123961 -0.362945
v -0.580468 0.123961 0.689408
v -0.59545 -0.000494543 0.689408
v -0.501453 -0.000494543 -0.313298
v -0.501343 -0.000494543 -0.345229
v -0.501343 -0.000494543 -0.362945
v -0.602002 0.024784 -0.362945
v -0.616329 0.0417908 -0.334196
v -0.62679 0.0313504 -0.313298
v -0.62679 0.0626715 -0.282003
v -0.62679 0.0940169 -0.219307
v -0.62679 0.123961 -0.126696
v -0.582412 0.123961 0.697152
v -0.60589 -0.000494543 0.710307
v -0.602002 -0.000494543 -0.362945
v -0.610869 -0.000494543 -0.345229
v -0.626528 -0.000494543 -0.313828
v -0.62679 -0.000494543 -0.313298
v -0.65813 4.94081e-06 -0.0313265
v -0.65813 0.0626715 0.0313692
v -0.65813 0.0940169 0.0940648
v -0.65813 0.123961 0.18657
v -0.592087 0.123961 0.711262
v -0.59331 0.123961 0.712641
v -0.62679 -0.000494543 0.720809
v -0.658021 -0.000494543 -0.0312204
v -0.68947 4.94081e-06 0.376036
v -0.68947 0.0313504 0.407331
v -0.68947 0.0626715 0.438732
v -0.68947 0.0940169 0.564017
v -0.68947 0.123961 0.688029
v -0.59545 0.123961 0.713489
v -0.62679 0.123961 0.720809
v -0.65813 -0.000494543 0.720809
v -0.68936 -0.000494543 0.376142
v -0.68947 -0.000494543 0.407331
v -0.68947 0.123961 0.689408
v -0.65813 0.123961 0.720809
v -0.679008 -0.000494543 0.710307
v -0.68947 -0.000494543 0.689408
v -0.679183 -0.000494543 0.709989
v -0.679008 0.123961 0.710307
f 1253 1254 1260
f 1253 1260 1269
f 1253 1269 1261
f 1253 1261 1255
f 1253 1255 1266
f 1253 1266 1276
f 1253 1276 1285
f 1253 1285 1291
f 1253 1291 1296
f 1253 1296 1292
f 1253 1292 1287
f 1253 1287 1286
f 1253 1286 1278
f 1253 1278 1277
f 1253 1277 1267
f 1253 1267 1256
f 1253 1256 1257
f 1253 1257 1254
f 1254 1258 1259
f 1254 1259 1260
f 1254 1257 1258
f 1255 1261 1262
f 1255 1262 1263
f 1255 1263 1264
f 1255 1264 1265
f 1255 1265 1266
f 1256 1267 1257
f 1257 1267 1268
f 1257 1268 1279
f 1257 1279 1288
f 1257 1288 1293
f 1257 1293 1295
f 1257 1295 1294
f 1257 1294 1290
f 1257 1290 1289
f 1257 1289 1280
f 1257 1280 1272
f 1257 1272 1271
f 1257 1271 1270
f 1257 1270 1269
f 1257 1269 1260
f 1257 1260 1259
f 1257 1259 1258
f 1261 1269 1270
f 1261 1270 1263
f 1261 1263 1262
f 1263 1270 1271
f 1263 1271 1272
f 1263 1272 1273
f 1263 1273 1264
f 1264 1273 1274
f 1264 1274 1275
f 1264 1275 1265
f 1265 1275 1276
f 1265 1276 1266
f 1267 1277 1268
f 1268 1277 1278
f 1268 1278 1279
f 1272 1280 1273
f 1273 1281 1282
f 1273 1282 1274
f 1273 1280 1289
f 1273 1289 1281
f 1274 1282 1283
f 1274 1283 1275
f 1275 1283 1276
f 1276 1283 1284
f 1276 1284 1285
f 1278 1286 1279
f 1279 1286 1287
f 1279 1287 1292
f 1279 1292 1288
f 1281 1289 1290
f 1281 1290 1294
f 1281 1294 1291
f 1281 1291 1285
f 1281 1285 1284
f 1281 1284 1283
f 1281 1283 1282
f 1288 1292 1296
f 1288 1296 1293
f 1291 1295 1296
f 1291 1294 1295
f 1293 1296 1295
o convex_17
v -0.188053 -0.501432 0.658129
v -0.156706 -0.470092 0.188082
v -0.139722 -0.470092 0.236312
v -0.146252 -0.480532 0.658129
v -0.188053 -0.501432 0.689419
v -0.219384 -0.501432 0.689419
v -0.219384 -0.470092 0.156792
v -0.188053 -0.470092 0.156792
v -0.188053 -0.438752 -0.187996
v -0.156706 -0.438752 -0.156607
v -0.139722 -0.47726 0.658129
v -0.139722 -0.438752 -0.108376
v -0.146252 -0.480532 0.689419
v -0.172371 -0.493582 0.705064
v -0.188053 -0.490972 0.710346
v -0.219384 -0.490972 0.710346
v -0.240261 -0.490972 0.699883
v -0.300083 -0.470092 0.689419
v -0.300083 -0.470092 0.344731
v -0.282047 -0.470092 0.250662
v -0.250715 -0.470092 0.188082
v -0.219384 -0.438752 -0.187996
v -0.139722 -0.407412 -0.297212
v -0.139722 -0.434977 -0.141559
v -0.139722 -0.47726 0.689419
v -0.139722 -0.474007 0.695996
v -0.139722 -0.466217 0.711542
v -0.156706 -0.474007 0.712937
v -0.188053 -0.470092 0.720809
v -0.219384 -0.470092 0.720809
v -0.235034 -0.485752 0.712937
v -0.300083 -0.459632 0.710346
v -0.300083 -0.438752 -0.0312472
v -0.282047 -0.438752 -0.0939269
v -0.250715 -0.438752 -0.156607
v -0.300083 -0.407412 -0.297212
v -0.139722 -0.306263 -0.297212
v -0.139722 -0.454894 0.717122
v -0.139722 -0.438752 0.720809
v -0.300083 -0.438752 0.720809
v -0.300083 -0.296325 -0.297212
v -0.266632 -0.297992 -0.297212
v -0.300083 -0.296566 -0.268712
v -0.139722 -0.313411 -0.202346
v -0.300083 -0.410062 0.718119
v -0.139722 -0.419337 0.715926
v -0.300083 -0.382737 0.682743
v -0.139722 -0.376091 0.487031
v -0.300083 -0.39129 0.705563
v -0.139722 -0.410283 0.712239
v -0.300083 -0.389402 0.702772
v -0.139722 -0.398919 0.689419
v -0.139722 -0.383259 0.56406
f 1297 1298 1299
f 1297 1299 1300
f 1297 1300 1309
f 1297 1309 1301
f 1297 1301 1302
f 1297 1302 1317
f 1297 1317 1303
f 1297 1303 1304
f 1297 1304 1298
f 1298 1304 1305
f 1298 1305 1306
f 1298 1306 1308
f 1298 1308 1299
f 1299 1307 1300
f 1299 1308 1320
f 1299 1320 1319
f 1299 1319 1333
f 1299 1333 1340
f 1299 1340 1344
f 1299 1344 1349
f 1299 1349 1348
f 1299 1348 1346
f 1299 1346 1342
f 1299 1342 1335
f 1299 1335 1334
f 1299 1334 1323
f 1299 1323 1322
f 1299 1322 1321
f 1299 1321 1307
f 1300 1307 1321
f 1300 1321 1309
f 1301 1309 1310
f 1301 1310 1311
f 1301 1311 1312
f 1301 1312 1302
f 1302 1312 1313
f 1302 1313 1314
f 1302 1314 1315
f 1302 1315 1316
f 1302 1316 1317
f 1303 1317 1318
f 1303 1318 1305
f 1303 1305 1304
f 1305 1318 1332
f 1305 1332 1319
f 1305 1319 1306
f 1306 1319 1320
f 1306 1320 1308
f 1309 1321 1310
f 1310 1321 1322
f 1310 1322 1323
f 1310 1323 1324
f 1310 1324 1311
f 1311 1324 1325
f 1311 1325 1326
f 1311 1326 1312
f 1312 1326 1327
f 1312 1327 1313
f 1313 1327 1328
f 1313 1328 1314
f 1314 1328 1336
f 1314 1336 1341
f 1314 1341 1345
f 1314 1345 1347
f 1314 1347 1343
f 1314 1343 1339
f 1314 1339 1337
f 1314 1337 1332
f 1314 1332 1329
f 1314 1329 1315
f 1315 1329 1316
f 1316 1329 1330
f 1316 1330 1331
f 1316 1331 1317
f 1317 1331 1318
f 1318 1331 1332
f 1319 1332 1337
f 1319 1337 1338
f 1319 1338 1333
f 1323 1334 1324
f 1324 1334 1325
f 1325 1334 1335
f 1325 1335 1336
f 1325 1336 1326
f 1326 1336 1327
f 1327 1336 1328
f 1329 1332 1330
f 1330 1332 1331
f 1333 1338 1339
f 1333 1339 1340
f 1335 1341 1336
f 1335 1342 1341
f 1337 1339 1338
f 1339 1343 1340
f 1340 1343 1344
f 1341 1342 1346
f 1341 1346 1345
f 1343 1347 1348
f 1343 1348 1349
f 1343 1349 1344
f 1345 1346 1347
f 1346 1348 1347
o convex_18
v -0.31341 -0.470093 0.344731
v -0.300083 -0.470093 0.344731
v -0.344748 -0.470093 0.47009
v -0.344748 -0.438753 0.0627225
v -0.31341 -0.438753 -0.0312472
v -0.300083 -0.470093 0.689419
v -0.300083 -0.438753 -0.0312472
v -0.376085 -0.470093 0.689419
v -0.376085 -0.438753 0.188082
v -0.344748 -0.407413 -0.250676
v -0.31341 -0.407413 -0.297212
v -0.300083 -0.459637 0.710346
v -0.300083 -0.407413 -0.297212
v -0.376085 -0.459637 0.710346
v -0.396957 -0.459637 0.699883
v -0.438746 -0.438753 0.689419
v -0.438746 -0.438753 0.658129
v -0.407408 -0.438753 0.407411
v -0.417859 -0.41784 0.177619
v -0.376085 -0.407413 -0.125317
v -0.449196 -0.41784 0.396948
v -0.417859 -0.3865 -0.13578
v -0.386506 -0.3865 -0.261139
v -0.359897 -0.391989 -0.297212
v -0.300083 -0.438753 0.720809
v -0.300083 -0.296343 -0.297212
v -0.376085 -0.438753 0.720809
v -0.391731 -0.454408 0.712937
v -0.45391 -0.423242 0.712837
v -0.45391 -0.428296 0.702772
v -0.45391 -0.431143 0.696993
v -0.45391 -0.431143 0.665703
v -0.449196 -0.3865 0.0209692
v -0.45391 -0.399803 0.226945
v -0.449196 -0.35516 -0.261139
v -0.422557 -0.360649 -0.297212
v -0.300083 -0.410056 0.718119
v -0.31341 -0.407413 0.720809
v -0.45391 -0.173422 -0.297212
v -0.45391 -0.173393 -0.267317
v -0.300083 -0.296575 -0.268712
v -0.438746 -0.407413 0.720809
v -0.45391 -0.422574 0.713136
v -0.45391 -0.368463 -0.0863535
v -0.45391 -0.34572 -0.265823
v -0.45391 -0.339998 -0.297212
v -0.441983 -0.347956 -0.297212
v -0.424108 -0.359865 -0.297212
v -0.300083 -0.394081 0.707456
v -0.323846 -0.3865 0.710346
v -0.438746 -0.344732 0.720809
v -0.45391 -0.305811 0.696993
v -0.396957 -0.334276 0.699883
v -0.31341 -0.376073 0.689419
v -0.300083 -0.382724 0.682743
v -0.45391 -0.376073 0.720809
v -0.300083 -0.391263 0.705563
v -0.449196 -0.32382 0.710346
v -0.45391 -0.32289 0.711243
v -0.45391 -0.344732 0.720809
v -0.45391 -0.314409 0.705563
v -0.300083 -0.389375 0.702772
f 1350 1351 1355
f 1350 1355 1357
f 1350 1357 1352
f 1350 1352 1358
f 1350 1358 1353
f 1350 1353 1354
f 1350 1354 1356
f 1350 1356 1351
f 1351 1356 1362
f 1351 1362 1375
f 1351 1375 1390
f 1351 1390 1404
f 1351 1404 1411
f 1351 1411 1406
f 1351 1406 1398
f 1351 1398 1386
f 1351 1386 1374
f 1351 1374 1361
f 1351 1361 1355
f 1352 1357 1358
f 1353 1358 1369
f 1353 1369 1359
f 1353 1359 1354
f 1354 1359 1360
f 1354 1360 1362
f 1354 1362 1356
f 1355 1361 1363
f 1355 1363 1357
f 1357 1363 1364
f 1357 1364 1365
f 1357 1365 1366
f 1357 1366 1367
f 1357 1367 1358
f 1358 1368 1371
f 1358 1371 1369
f 1358 1367 1370
f 1358 1370 1368
f 1359 1369 1371
f 1359 1371 1372
f 1359 1372 1373
f 1359 1373 1360
f 1360 1373 1385
f 1360 1385 1397
f 1360 1397 1396
f 1360 1396 1395
f 1360 1395 1388
f 1360 1388 1375
f 1360 1375 1362
f 1361 1374 1376
f 1361 1376 1363
f 1363 1376 1377
f 1363 1377 1364
f 1364 1377 1378
f 1364 1378 1379
f 1364 1379 1380
f 1364 1380 1365
f 1365 1380 1381
f 1365 1381 1366
f 1366 1381 1370
f 1366 1370 1367
f 1368 1382 1371
f 1368 1370 1382
f 1370 1381 1383
f 1370 1383 1382
f 1371 1384 1372
f 1371 1382 1384
f 1372 1384 1373
f 1373 1384 1385
f 1374 1386 1387
f 1374 1387 1400
f 1374 1400 1409
f 1374 1409 1405
f 1374 1405 1391
f 1374 1391 1376
f 1375 1388 1389
f 1375 1389 1390
f 1376 1391 1377
f 1377 1391 1392
f 1377 1392 1378
f 1378 1392 1405
f 1378 1405 1409
f 1378 1409 1408
f 1378 1408 1410
f 1378 1410 1401
f 1378 1401 1389
f 1378 1389 1388
f 1378 1388 1395
f 1378 1395 1394
f 1378 1394 1393
f 1378 1393 1383
f 1378 1383 1381
f 1378 1381 1380
f 1378 1380 1379
f 1382 1393 1384
f 1382 1383 1393
f 1384 1394 1395
f 1384 1395 1396
f 1384 1396 1397
f 1384 1397 1385
f 1384 1393 1394
f 1386 1398 1399
f 1386 1399 1387
f 1387 1399 1400
f 1389 1401 1402
f 1389 1402 1403
f 1389 1403 1404
f 1389 1404 1390
f 1391 1405 1392
f 1398 1406 1402
f 1398 1402 1399
f 1399 1402 1407
f 1399 1407 1400
f 1400 1408 1409
f 1400 1407 1408
f 1401 1410 1402
f 1402 1410 1407
f 1402 1406 1411
f 1402 1411 1403
f 1403 1411 1404
f 1407 1410 1408
o convex_19
v 0.626785 -0.0940186 0.165283
v 0.585005 -0.0731092 0.165283
v 0.668565 -0.0731092 0.165283
v 0.64246 -0.0861776 0.297748
v 0.626785 -0.0940186 0.282058
v 0.542693 -0.0940186 0.376072
v 0.564115 -0.0313273 0.165283
v 0.542693 -0.0771954 0.330208
v 0.681884 -0.0464939 0.165283
v 0.668565 -0.0731092 0.282058
v 0.63723 -0.0731092 0.344724
v 0.611125 -0.0861776 0.360382
v 0.595464 -0.0940186 0.344724
v 0.564115 -0.0940186 0.376072
v 0.542693 -0.0902821 0.407389
v 0.542693 -0.0214063 0.292775
v 0.564115 0.0313273 0.165283
v 0.542693 -0.0621391 0.313931
v 0.542693 -0.0458497 0.29889
v 0.68947 -0.0313273 0.165283
v 0.68947 -0.0313273 0.282058
v 0.681625 -0.0352478 0.313406
v 0.673795 -0.0391683 0.329065
v 0.611125 -0.0705139 0.39173
v 0.548454 -0.0861776 0.423078
v 0.542693 -0.0890489 0.417334
v 0.542693 0.0412482 0.292775
v 0.575508 0.0598016 0.165283
v 0.542693 0.0676242 0.303492
v 0.68947 0.0313273 0.165283
v 0.68947 0 0.313406
v 0.67901 -0.0104363 0.334284
v 0.611125 -0.0391683 0.423078
v 0.579789 -0.0705139 0.423078
v 0.542693 -0.0698145 0.445871
v 0.542693 -0.0852204 0.424993
v 0.578381 0.0655259 0.165283
v 0.542693 0.0847419 0.334809
v 0.687013 0.0411377 0.165283
v 0.68947 0.0626729 0.219393
v 0.673795 0.0470093 0.329065
v 0.668565 0.0104363 0.355163
v 0.68947 0.0313273 0.282058
v 0.605909 0.0104363 0.449176
v 0.61634 -0.0104363 0.428298
v 0.579789 -0.0391683 0.454396
v 0.542693 -0.0615501 0.452481
v 0.589401 0.0818889 0.165283
v 0.542693 0.0940186 0.376072
v 0.680332 0.0574824 0.165283
v 0.67901 0.0835639 0.208954
v 0.673795 0.0783365 0.2664
v 0.66335 0.0679003 0.318626
v 0.64246 0.0783365 0.360382
v 0.611125 0.0783365 0.423078
v 0.579789 0.0470093 0.454396
v 0.543225 0.0104363 0.480524
v 0.542693 0.00992091 0.480802
v 0.585005 -0.0104363 0.459646
v 0.564115 -0.0352478 0.46224
v 0.542693 -0.0298916 0.472957
v 0.595479 0.0854597 0.165283
v 0.626785 0.0940186 0.165283
v 0.601197 0.0883127 0.165283
v 0.542693 0.0940186 0.407389
v 0.668565 0.0731092 0.165283
v 0.673795 0.0783365 0.180231
v 0.652933 0.0848707 0.165283
v 0.636598 0.0915522 0.165283
v 0.65812 0.0940186 0.219393
v 0.626785 0.0940186 0.313406
v 0.558899 0.0887912 0.433517
v 0.542693 0.0794961 0.455569
v 0.57456 0.0731092 0.449176
v 0.595464 0.0940186 0.376072
v 0.542693 0.0130684 0.479999
v 0.542693 -0.0187375 0.475428
v 0.542693 0.0920307 0.43676
v 0.564115 0.0940186 0.407389
v 0.542693 0.0725938 0.460171
f 1412 1413 1418
f 1412 1418 1428
f 1412 1428 1439
f 1412 1439 1448
f 1412 1448 1459
f 1412 1459 1473
f 1412 1473 1475
f 1412 1475 1474
f 1412 1474 1480
f 1412 1480 1479
f 1412 1479 1477
f 1412 1477 1461
f 1412 1461 1450
f 1412 1450 1441
f 1412 1441 1431
f 1412 1431 1420
f 1412 1420 1414
f 1412 1414 1415
f 1412 1415 1416
f 1412 1416 1424
f 1412 1424 1425
f 1412 1425 1417
f 1412 1417 1413
f 1413 1417 1419
f 1413 1419 1418
f 1414 1420 1421
f 1414 1421 1415
f 1415 1421 1422
f 1415 1422 1423
f 1415 1423 1424
f 1415 1424 1416
f 1417 1425 1426
f 1417 1426 1437
f 1417 1437 1447
f 1417 1447 1446
f 1417 1446 1458
f 1417 1458 1472
f 1417 1472 1488
f 1417 1488 1469
f 1417 1469 1487
f 1417 1487 1491
f 1417 1491 1484
f 1417 1484 1489
f 1417 1489 1476
f 1417 1476 1460
f 1417 1460 1449
f 1417 1449 1440
f 1417 1440 1438
f 1417 1438 1427
f 1417 1427 1430
f 1417 1430 1429
f 1417 1429 1419
f 1418 1427 1438
f 1418 1438 1428
f 1418 1419 1429
f 1418 1429 1430
f 1418 1430 1427
f 1420 1431 1432
f 1420 1432 1421
f 1421 1432 1433
f 1421 1433 1434
f 1421 1434 1422
f 1422 1434 1435
f 1422 1435 1423
f 1423 1435 1445
f 1423 1445 1436
f 1423 1436 1424
f 1424 1436 1425
f 1425 1436 1437
f 1425 1437 1426
f 1428 1438 1440
f 1428 1440 1439
f 1431 1441 1451
f 1431 1451 1454
f 1431 1454 1442
f 1431 1442 1432
f 1432 1442 1433
f 1433 1442 1443
f 1433 1443 1434
f 1434 1443 1456
f 1434 1456 1444
f 1434 1444 1435
f 1435 1444 1445
f 1436 1445 1446
f 1436 1446 1447
f 1436 1447 1437
f 1439 1440 1449
f 1439 1449 1448
f 1441 1450 1451
f 1442 1452 1453
f 1442 1453 1443
f 1442 1454 1452
f 1443 1453 1455
f 1443 1455 1456
f 1444 1456 1455
f 1444 1455 1457
f 1444 1457 1445
f 1445 1457 1446
f 1446 1457 1458
f 1448 1449 1459
f 1449 1460 1459
f 1450 1461 1462
f 1450 1462 1451
f 1451 1463 1452
f 1451 1452 1454
f 1451 1462 1463
f 1452 1464 1465
f 1452 1465 1466
f 1452 1466 1453
f 1452 1463 1464
f 1453 1466 1455
f 1455 1466 1467
f 1455 1467 1468
f 1455 1468 1469
f 1455 1469 1470
f 1455 1470 1457
f 1457 1470 1471
f 1457 1471 1458
f 1458 1471 1472
f 1459 1460 1473
f 1460 1474 1475
f 1460 1475 1473
f 1460 1476 1490
f 1460 1490 1486
f 1460 1486 1482
f 1460 1482 1481
f 1460 1481 1474
f 1461 1477 1478
f 1461 1478 1462
f 1462 1478 1479
f 1462 1479 1480
f 1462 1480 1481
f 1462 1481 1463
f 1463 1481 1482
f 1463 1482 1465
f 1463 1465 1464
f 1465 1482 1466
f 1466 1483 1484
f 1466 1484 1485
f 1466 1485 1467
f 1466 1482 1486
f 1466 1486 1483
f 1467 1485 1468
f 1468 1487 1469
f 1468 1485 1487
f 1469 1488 1470
f 1470 1488 1472
f 1470 1472 1471
f 1474 1481 1480
f 1476 1489 1490
f 1477 1479 1478
f 1483 1489 1484
f 1483 1486 1489
f 1484 1491 1485
f 1485 1491 1487
f 1486 1490 1489
o convex_20
v 0.532768 -0.0940186 0.376081
v 0.542693 -0.0940186 0.376081
v 0.407314 -0.0940186 0.407414
v 0.407314 -0.0939818 0.407291
v 0.542693 -0.0771931 0.330225
v 0.532768 -0.0940186 0.407414
v 0.542693 -0.0902816 0.407414
v 0.454423 -0.0861765 0.454413
v 0.407314 -0.0731432 0.449123
v 0.407314 -0.0842988 0.383618
v 0.407314 -0.0544033 0.341357
v 0.542693 -0.0621533 0.313926
v 0.407314 -0.0731248 0.365643
v 0.542693 -0.0890483 0.41732
v 0.542693 -0.0852193 0.42498
v 0.532768 -0.0731248 0.449184
v 0.454423 -0.0783345 0.462256
v 0.40742 -0.0731248 0.449184
v 0.40742 -0.041775 0.480537
v 0.407314 -0.0418118 0.480455
v 0.407314 -0.0521574 0.339397
v 0.542693 -0.0458433 0.298893
v 0.542693 -0.0698113 0.445875
v 0.542693 -0.0615458 0.452493
v 0.542693 -0.0299015 0.472959
v 0.501427 -0.041775 0.480537
v 0.407314 -9.79384e-05 0.501371
v 0.407314 -0.0208444 0.490995
v 0.407314 -0.0403759 0.331288
v 0.542693 -0.0214151 0.292765
v 0.542693 -0.0187274 0.475431
v 0.522325 -0.0104436 0.490975
v 0.532768 -0.0274163 0.477923
v 0.517091 -0.0234953 0.485746
v 0.501427 1.25131e-05 0.501412
v 0.40742 1.25131e-05 0.501412
v 0.407314 1.25131e-05 0.501371
v 0.407314 -0.0313373 0.32902
v 0.542693 0.0412478 0.292765
v 0.542693 0.00991634 0.480782
v 0.517091 0.0469912 0.485746
v 0.496206 0.0261159 0.496204
v 0.4701 0.0313255 0.501412
v 0.43876 0.0313255 0.501412
v 0.407314 0.000785674 0.501228
v 0.407314 0.0313255 0.32902
v 0.542693 0.0676273 0.303488
v 0.407314 0.0626754 0.332922
v 0.542693 0.0105422 0.480639
v 0.542693 0.0130642 0.480006
v 0.532768 0.0626754 0.470079
v 0.480529 0.073113 0.480537
v 0.428318 0.0522193 0.490975
v 0.407314 0.034547 0.493181
v 0.407314 0.0313255 0.494426
v 0.542693 0.0847289 0.334821
v 0.407314 0.0835691 0.355145
v 0.542693 0.0412478 0.47061
v 0.542693 0.0725976 0.460152
v 0.522325 0.0835691 0.459642
v 0.449202 0.073113 0.480537
v 0.407314 0.0685109 0.472796
v 0.407314 0.0626754 0.477024
v 0.407314 0.0573185 0.480598
v 0.407314 0.0939884 0.375979
v 0.407314 0.0940436 0.376101
v 0.542693 0.0940068 0.376081
v 0.542693 0.0794824 0.455557
v 0.407314 0.0835691 0.459642
v 0.542693 0.0840846 0.448673
v 0.542693 0.0920187 0.436765
v 0.532768 0.0940068 0.438746
v 0.407314 0.0939147 0.438951
v 0.407314 0.0940436 0.407311
v 0.542693 0.0940068 0.407414
v 0.407314 0.0940252 0.438644
v 0.407314 0.0940068 0.438746
f 1492 1493 1497
f 1492 1497 1494
f 1492 1494 1495
f 1492 1495 1496
f 1492 1496 1493
f 1493 1496 1503
f 1493 1503 1513
f 1493 1513 1521
f 1493 1521 1530
f 1493 1530 1538
f 1493 1538 1547
f 1493 1547 1558
f 1493 1558 1566
f 1493 1566 1562
f 1493 1562 1561
f 1493 1561 1559
f 1493 1559 1550
f 1493 1550 1549
f 1493 1549 1541
f 1493 1541 1540
f 1493 1540 1531
f 1493 1531 1522
f 1493 1522 1516
f 1493 1516 1515
f 1493 1515 1514
f 1493 1514 1506
f 1493 1506 1505
f 1493 1505 1498
f 1493 1498 1497
f 1494 1497 1499
f 1494 1499 1500
f 1494 1500 1511
f 1494 1511 1519
f 1494 1519 1518
f 1494 1518 1528
f 1494 1528 1536
f 1494 1536 1546
f 1494 1546 1545
f 1494 1545 1555
f 1494 1555 1554
f 1494 1554 1553
f 1494 1553 1560
f 1494 1560 1564
f 1494 1564 1568
f 1494 1568 1567
f 1494 1567 1565
f 1494 1565 1557
f 1494 1557 1556
f 1494 1556 1548
f 1494 1548 1539
f 1494 1539 1537
f 1494 1537 1529
f 1494 1529 1520
f 1494 1520 1512
f 1494 1512 1502
f 1494 1502 1504
f 1494 1504 1501
f 1494 1501 1495
f 1495 1501 1496
f 1496 1502 1503
f 1496 1501 1504
f 1496 1504 1502
f 1497 1498 1505
f 1497 1505 1499
f 1499 1505 1506
f 1499 1506 1507
f 1499 1507 1508
f 1499 1508 1509
f 1499 1509 1500
f 1500 1509 1510
f 1500 1510 1511
f 1502 1512 1513
f 1502 1513 1503
f 1506 1514 1507
f 1507 1514 1515
f 1507 1515 1516
f 1507 1516 1517
f 1507 1517 1508
f 1508 1517 1510
f 1508 1510 1509
f 1510 1517 1518
f 1510 1518 1519
f 1510 1519 1511
f 1512 1520 1513
f 1513 1520 1521
f 1516 1522 1523
f 1516 1523 1524
f 1516 1524 1517
f 1517 1524 1525
f 1517 1525 1523
f 1517 1523 1526
f 1517 1526 1518
f 1518 1526 1527
f 1518 1527 1528
f 1520 1529 1521
f 1521 1529 1537
f 1521 1537 1530
f 1522 1531 1523
f 1523 1525 1524
f 1523 1531 1526
f 1526 1531 1532
f 1526 1532 1533
f 1526 1533 1534
f 1526 1534 1535
f 1526 1535 1527
f 1527 1535 1536
f 1527 1536 1528
f 1530 1537 1539
f 1530 1539 1538
f 1531 1540 1532
f 1532 1534 1533
f 1532 1540 1541
f 1532 1541 1542
f 1532 1542 1543
f 1532 1543 1534
f 1534 1543 1552
f 1534 1552 1544
f 1534 1544 1535
f 1535 1544 1545
f 1535 1545 1546
f 1535 1546 1536
f 1538 1539 1548
f 1538 1548 1547
f 1541 1549 1542
f 1542 1549 1550
f 1542 1550 1551
f 1542 1551 1543
f 1543 1551 1560
f 1543 1560 1552
f 1544 1552 1553
f 1544 1553 1554
f 1544 1554 1555
f 1544 1555 1545
f 1547 1548 1556
f 1547 1556 1557
f 1547 1557 1558
f 1550 1559 1551
f 1551 1559 1561
f 1551 1561 1562
f 1551 1562 1563
f 1551 1563 1564
f 1551 1564 1560
f 1552 1560 1553
f 1557 1565 1566
f 1557 1566 1558
f 1562 1566 1563
f 1563 1566 1565
f 1563 1565 1567
f 1563 1567 1568
f 1563 1568 1564
o convex_21
v 0.201717 0.160677 -0.143439
v 0.177586 0.208954 -0.143439
v 0.08845 0.160677 -0.143439
v 0.201717 0.160677 -0.152739
v 0.165722 0.232651 -0.143439
v 0.177586 0.208954 -0.198493
v 0.0811975 0.160677 -0.167122
v -0.138853 0.331213 -0.143439
v -0.139722 0.330356 -0.14563
v -0.139722 0.328401 -0.149226
v -0.139722 0.321225 -0.167164
v -0.139722 0.217817 -0.565639
v -0.10132 0.194067 -0.565639
v 0.188014 0.188042 -0.188077
v 0.186042 0.160677 -0.315419
v 0.147039 0.265183 -0.143439
v 0.167125 0.229839 -0.17762
v 0.177586 0.1776 -0.323851
v 0.146237 0.208954 -0.449167
v 0.146237 0.240282 -0.292522
v -0.0353115 0.160677 -0.562085
v -0.139722 0.332203 -0.143439
v -0.139722 0.376062 -0.565639
v -0.0353115 0.160677 -0.565639
v 0.154692 0.160677 -0.534723
v 0.146237 0.1776 -0.543196
v 0.140354 0.276322 -0.143439
v 0.135776 0.261167 -0.271649
v 0.114887 0.240282 -0.511867
v 0.104459 0.261167 -0.490953
v 0.135776 0.229839 -0.428295
v -0.139722 0.434219 -0.143439
v -0.139722 0.398902 -0.447225
v -0.0955712 0.376062 -0.565639
v 0.146872 0.160677 -0.565639
v 0.148777 0.160677 -0.561382
v 0.148342 0.160677 -0.563283
v 0.136845 0.180732 -0.565639
v 0.109673 0.235061 -0.540592
v 0.104459 0.323823 -0.143439
v 0.104459 0.323823 -0.146291
v 0.104459 0.292522 -0.334308
v 0.0835704 0.27161 -0.543196
v 0.0731094 0.292522 -0.522324
v -0.0313342 0.403373 -0.143439
v -0.0626506 0.40739 -0.250736
v -0.0940004 0.40739 -0.313435
v -0.12535 0.40739 -0.376052
v -0.139722 0.40739 -0.390436
v -0.139722 0.403159 -0.423873
v -0.0940004 0.376062 -0.56411
v -0.0940004 0.375714 -0.565639
v 0.141023 0.172378 -0.565639
v 0.104459 0.229839 -0.565639
v -0.00573303 0.391083 -0.143439
v 0.0731094 0.323823 -0.334308
v 0.0417596 0.355177 -0.240279
v 0.0783232 0.266388 -0.565639
v 0.05954 0.285212 -0.565639
v 0.0470068 0.297716 -0.565639
v 0.0522206 0.302937 -0.543196
v 0.0209043 0.334265 -0.480538
v -0.0168625 0.397751 -0.143439
v -0.0417619 0.396947 -0.261192
v -0.0626506 0.376062 -0.50141
v -0.0417619 0.36562 -0.511867
v -0.0908587 0.374482 -0.565639
v 0.0209043 0.36562 -0.261192
v 0.0522206 0.334265 -0.35518
v -0.00155528 0.329847 -0.565639
v -0.0706719 0.366235 -0.565639
f 1569 1570 1573
f 1569 1573 1584
f 1569 1584 1595
f 1569 1595 1608
f 1569 1608 1623
f 1569 1623 1631
f 1569 1631 1613
f 1569 1613 1600
f 1569 1600 1590
f 1569 1590 1576
f 1569 1576 1571
f 1569 1571 1575
f 1569 1575 1589
f 1569 1589 1592
f 1569 1592 1603
f 1569 1603 1605
f 1569 1605 1604
f 1569 1604 1593
f 1569 1593 1583
f 1569 1583 1572
f 1569 1572 1574
f 1569 1574 1570
f 1570 1574 1573
f 1571 1576 1577
f 1571 1577 1578
f 1571 1578 1579
f 1571 1579 1580
f 1571 1580 1581
f 1571 1581 1575
f 1572 1582 1574
f 1572 1583 1582
f 1573 1574 1585
f 1573 1585 1584
f 1574 1582 1583
f 1574 1583 1586
f 1574 1586 1587
f 1574 1587 1588
f 1574 1588 1596
f 1574 1596 1585
f 1575 1581 1589
f 1576 1590 1577
f 1577 1590 1600
f 1577 1600 1617
f 1577 1617 1618
f 1577 1618 1601
f 1577 1601 1591
f 1577 1591 1580
f 1577 1580 1579
f 1577 1579 1578
f 1580 1591 1602
f 1580 1602 1620
f 1580 1620 1635
f 1580 1635 1639
f 1580 1639 1638
f 1580 1638 1628
f 1580 1628 1627
f 1580 1627 1626
f 1580 1626 1622
f 1580 1622 1606
f 1580 1606 1621
f 1580 1621 1603
f 1580 1603 1592
f 1580 1592 1581
f 1581 1592 1589
f 1583 1593 1594
f 1583 1594 1586
f 1584 1585 1595
f 1585 1596 1595
f 1586 1594 1587
f 1587 1594 1597
f 1587 1597 1598
f 1587 1598 1599
f 1587 1599 1596
f 1587 1596 1588
f 1591 1601 1602
f 1593 1604 1594
f 1594 1604 1605
f 1594 1605 1606
f 1594 1606 1607
f 1594 1607 1597
f 1595 1596 1609
f 1595 1609 1608
f 1596 1599 1610
f 1596 1610 1609
f 1597 1607 1611
f 1597 1611 1598
f 1598 1611 1612
f 1598 1612 1610
f 1598 1610 1599
f 1600 1613 1614
f 1600 1614 1615
f 1600 1615 1616
f 1600 1616 1617
f 1601 1618 1602
f 1602 1619 1620
f 1602 1618 1619
f 1603 1621 1605
f 1605 1621 1606
f 1606 1622 1607
f 1607 1622 1611
f 1608 1609 1623
f 1609 1610 1612
f 1609 1612 1624
f 1609 1624 1625
f 1609 1625 1623
f 1611 1622 1626
f 1611 1626 1612
f 1612 1626 1627
f 1612 1627 1628
f 1612 1628 1629
f 1612 1629 1630
f 1612 1630 1624
f 1613 1631 1614
f 1614 1632 1634
f 1614 1634 1633
f 1614 1633 1619
f 1614 1619 1615
f 1614 1631 1632
f 1615 1619 1616
f 1616 1619 1618
f 1616 1618 1617
f 1619 1633 1634
f 1619 1634 1635
f 1619 1635 1620
f 1623 1625 1631
f 1624 1636 1625
f 1624 1630 1637
f 1624 1637 1636
f 1625 1636 1631
f 1628 1638 1629
f 1629 1634 1630
f 1629 1638 1634
f 1630 1634 1636
f 1630 1636 1637
f 1631 1636 1632
f 1632 1636 1634
f 1634 1638 1639
f 1634 1639 1635
o convex_22
v 0.254447 0.0313472 -0.156707
v 0.21936 0.125351 -0.143439
v 0.228409 0.0446123 -0.143439
v 0.254447 -7.65933e-05 -0.156707
v 0.254447 0.0356115 -0.157781
v 0.208922 0.146248 -0.143439
v 0.254447 0.0561464 -0.166172
v 0.254447 0.0744783 -0.176257
v 0.254447 0.105808 -0.207627
v 0.228409 -7.65933e-05 -0.143439
v 0.254447 -7.65933e-05 -0.405521
v 0.20169 0.160677 -0.143439
v 0.254447 0.125351 -0.250736
v 0.165129 -7.65933e-05 -0.143439
v 0.18799 -7.65933e-05 -0.564151
v 0.188018 2.0891e-06 -0.56411
v 0.254447 0.0350765 -0.405521
v 0.20169 0.160677 -0.152739
v 0.0884609 0.160677 -0.143439
v 0.254447 0.125351 -0.278345
v 0.125334 -2.93817e-05 -0.143439
v 0.125334 -7.65933e-05 -0.156707
v 0.181438 -7.65933e-05 -0.565639
v 0.187252 -6.08525e-05 -0.565639
v 0.188018 0.0313472 -0.56411
v 0.254447 0.0510009 -0.397586
v 0.184898 0.0439042 -0.565639
v 0.186033 0.160677 -0.315419
v 0.0812281 0.160677 -0.167122
v 0.254447 0.124423 -0.282561
v 0.148337 0.160677 -0.563283
v 0.148763 0.160677 -0.561382
v 0.154691 0.160677 -0.534723
v -0.0352909 0.160677 -0.562085
v 0.0305701 2.0891e-06 -0.565639
v 0.0313076 -7.65933e-05 -0.564151
v 0.0333781 -7.65933e-05 -0.565639
v 0.187252 0.0313472 -0.565639
v 0.254447 0.0718976 -0.385269
v 0.18019 0.065037 -0.565639
v 0.254447 0.117515 -0.313601
v 0.148592 0.158663 -0.565639
v 0.146862 0.160677 -0.565639
v 0.254447 0.115642 -0.318271
v 0.254447 0.0743839 -0.382128
v -0.0352909 0.160677 -0.565639
v -0.0338444 0.156696 -0.565639
v 0.149358 0.156696 -0.565639
f 1640 1641 1642
f 1640 1642 1649
f 1640 1649 1643
f 1640 1643 1650
f 1640 1650 1656
f 1640 1656 1665
f 1640 1665 1678
f 1640 1678 1684
f 1640 1684 1683
f 1640 1683 1680
f 1640 1680 1669
f 1640 1669 1659
f 1640 1659 1652
f 1640 1652 1648
f 1640 1648 1647
f 1640 1647 1646
f 1640 1646 1644
f 1640 1644 1641
f 1641 1645 1651
f 1641 1651 1658
f 1641 1658 1660
f 1641 1660 1653
f 1641 1653 1649
f 1641 1649 1642
f 1641 1644 1646
f 1641 1646 1647
f 1641 1647 1648
f 1641 1648 1645
f 1643 1649 1653
f 1643 1653 1661
f 1643 1661 1675
f 1643 1675 1676
f 1643 1676 1662
f 1643 1662 1654
f 1643 1654 1650
f 1645 1648 1651
f 1648 1652 1651
f 1650 1654 1655
f 1650 1655 1664
f 1650 1664 1656
f 1651 1657 1667
f 1651 1667 1672
f 1651 1672 1671
f 1651 1671 1670
f 1651 1670 1682
f 1651 1682 1685
f 1651 1685 1673
f 1651 1673 1668
f 1651 1668 1658
f 1651 1652 1659
f 1651 1659 1657
f 1653 1660 1661
f 1654 1662 1663
f 1654 1663 1655
f 1655 1663 1677
f 1655 1677 1664
f 1656 1664 1666
f 1656 1666 1665
f 1657 1659 1667
f 1658 1668 1660
f 1659 1669 1670
f 1659 1670 1671
f 1659 1671 1672
f 1659 1672 1667
f 1660 1668 1673
f 1660 1673 1674
f 1660 1674 1675
f 1660 1675 1661
f 1662 1676 1674
f 1662 1674 1686
f 1662 1686 1685
f 1662 1685 1682
f 1662 1682 1681
f 1662 1681 1687
f 1662 1687 1679
f 1662 1679 1666
f 1662 1666 1677
f 1662 1677 1663
f 1664 1677 1666
f 1665 1666 1679
f 1665 1679 1678
f 1669 1680 1670
f 1670 1681 1682
f 1670 1680 1683
f 1670 1683 1684
f 1670 1684 1681
f 1673 1685 1686
f 1673 1686 1674
f 1674 1676 1675
f 1678 1679 1687
f 1678 1687 1681
f 1678 1681 1684
o convex_23
v 0.254447 -9.58839e-05 -0.156705
v 0.230847 -9.58839e-05 -0.146801
v 0.254447 -0.0313541 -0.156705
v 0.254447 -9.58839e-05 -0.405521
v 0.125353 -9.58839e-05 -0.146801
v 0.230847 -0.0214109 -0.146801
v 0.254447 -0.0497538 -0.165901
v 0.219373 -0.125341 -0.146801
v 0.254447 -0.0298482 -0.399926
v 0.188024 -0.094025 -0.475266
v 0.188024 -9.58839e-05 -0.475266
v 0.0439768 -0.197318 -0.197349
v 0.0509372 -0.188031 -0.188056
v 0.0676856 -0.197318 -0.146801
v 0.0626828 -9.58839e-05 -0.438738
v -0.0202979 -0.197318 -0.438738
v 0.254447 -0.0706441 -0.176352
v 0.191341 -0.181409 -0.146801
v 0.254447 -0.0731347 -0.177606
v 0.254447 -0.0313541 -0.399637
v 0.140035 -0.197318 -0.475266
v 0.254447 -0.0470122 -0.391727
v 0.0626556 -9.58839e-05 -0.475266
v 0.183375 -0.197318 -0.146801
v 0.0626556 -9.58839e-05 -0.470153
v -0.0233159 -0.197318 -0.475266
v 0.254447 -0.0823442 -0.195999
v 0.142618 -0.197318 -0.470089
v 0.254447 -0.055237 -0.383527
v 0.14724 -0.197318 -0.460796
v 0.183375 -0.197318 -0.197349
v 0.254447 -0.094025 -0.219407
v 0.254447 -0.0927894 -0.216899
v 0.254447 -0.078367 -0.360376
v 0.152053 -0.197318 -0.448031
v 0.254447 -0.094025 -0.313365
v 0.254447 -0.086167 -0.344877
v 0.254447 -0.0862443 -0.344716
f 1688 1689 1693
f 1688 1693 1690
f 1688 1690 1694
f 1688 1694 1704
f 1688 1704 1706
f 1688 1706 1714
f 1688 1714 1720
f 1688 1720 1719
f 1688 1719 1723
f 1688 1723 1725
f 1688 1725 1724
f 1688 1724 1721
f 1688 1721 1716
f 1688 1716 1709
f 1688 1709 1707
f 1688 1707 1696
f 1688 1696 1691
f 1688 1691 1698
f 1688 1698 1710
f 1688 1710 1712
f 1688 1712 1702
f 1688 1702 1692
f 1688 1692 1689
f 1689 1692 1701
f 1689 1701 1711
f 1689 1711 1705
f 1689 1705 1695
f 1689 1695 1693
f 1690 1693 1695
f 1690 1695 1694
f 1691 1696 1697
f 1691 1697 1698
f 1692 1699 1700
f 1692 1700 1701
f 1692 1702 1703
f 1692 1703 1699
f 1694 1695 1704
f 1695 1705 1706
f 1695 1706 1704
f 1696 1707 1697
f 1697 1708 1713
f 1697 1713 1710
f 1697 1710 1698
f 1697 1707 1709
f 1697 1709 1708
f 1699 1701 1700
f 1699 1703 1713
f 1699 1713 1708
f 1699 1708 1715
f 1699 1715 1717
f 1699 1717 1722
f 1699 1722 1718
f 1699 1718 1711
f 1699 1711 1701
f 1702 1712 1713
f 1702 1713 1703
f 1705 1711 1706
f 1706 1711 1714
f 1708 1709 1715
f 1709 1716 1717
f 1709 1717 1715
f 1710 1713 1712
f 1711 1718 1723
f 1711 1723 1719
f 1711 1719 1720
f 1711 1720 1714
f 1716 1721 1717
f 1717 1721 1722
f 1718 1722 1723
f 1721 1724 1722
f 1722 1724 1725
f 1722 1725 1723
o convex_24
v -0.00927261 -0.197318 -0.720809
v -0.0430559 -0.197318 -0.715906
v 0.0626572 -9.58839e-05 -0.720809
v 0.0220724 -0.197318 -0.720809
v -0.139722 -0.197318 -0.69151
v -0.139722 -9.58839e-05 -0.689467
v 0.0940022 -9.58839e-05 -0.720809
v 0.0626572 -0.156696 -0.720809
v 0.0572994 -0.197318 -0.712974
v -0.139722 -0.197318 -0.589361
v -0.139722 -9.58839e-05 -0.658125
v 0.114888 -9.58839e-05 -0.710354
v 0.0940022 -0.094025 -0.720809
v 0.0665713 -0.188031 -0.712974
v 0.0723783 -0.197318 -0.692087
v -0.0232928 -0.197318 -0.475266
v 0.0626251 -9.58839e-05 -0.475266
v 0.114888 -0.094025 -0.710354
v 0.125315 -9.58839e-05 -0.689515
v 0.125347 -0.0313541 -0.689467
v 0.117519 -0.109683 -0.705138
v 0.0979163 -0.125341 -0.712974
v 0.086174 -0.172354 -0.705138
v 0.106643 -0.197318 -0.636061
v 0.140009 -0.197318 -0.475266
v 0.188037 -9.58839e-05 -0.475266
v 0.135774 -9.58839e-05 -0.668605
v 0.188037 -0.0313541 -0.564124
v 0.180177 -0.0470122 -0.579795
v 0.148832 -0.141019 -0.611113
v 0.13709 -0.156696 -0.626784
v 0.115915 -0.197318 -0.617506
v 0.136384 -0.197318 -0.532782
v 0.148832 -0.172354 -0.548453
v 0.180177 -0.109683 -0.517111
v 0.188037 -0.094025 -0.50144
v 0.145142 -0.186294 -0.475266
v 0.188037 -0.094025 -0.475266
v 0.188037 -9.58839e-05 -0.532854
v 0.188005 -9.58839e-05 -0.564172
v 0.156692 -0.125341 -0.595466
v 0.13709 -0.188031 -0.564124
v 0.120695 -0.197318 -0.604719
v 0.135935 -0.197318 -0.536291
v 0.12724 -0.197318 -0.57804
f 1726 1727 1728
f 1726 1728 1732
f 1726 1732 1738
f 1726 1738 1733
f 1726 1733 1729
f 1726 1729 1734
f 1726 1734 1740
f 1726 1740 1749
f 1726 1749 1757
f 1726 1757 1768
f 1726 1768 1770
f 1726 1770 1769
f 1726 1769 1758
f 1726 1758 1750
f 1726 1750 1741
f 1726 1741 1735
f 1726 1735 1730
f 1726 1730 1727
f 1727 1730 1731
f 1727 1731 1728
f 1728 1731 1736
f 1728 1736 1742
f 1728 1742 1751
f 1728 1751 1764
f 1728 1764 1765
f 1728 1765 1752
f 1728 1752 1744
f 1728 1744 1737
f 1728 1737 1732
f 1729 1733 1734
f 1730 1735 1736
f 1730 1736 1731
f 1732 1737 1743
f 1732 1743 1738
f 1733 1738 1739
f 1733 1739 1734
f 1734 1739 1740
f 1735 1741 1736
f 1736 1741 1742
f 1737 1744 1745
f 1737 1745 1746
f 1737 1746 1743
f 1738 1743 1747
f 1738 1747 1739
f 1739 1747 1746
f 1739 1746 1748
f 1739 1748 1740
f 1740 1748 1749
f 1741 1750 1762
f 1741 1762 1763
f 1741 1763 1751
f 1741 1751 1742
f 1743 1746 1747
f 1744 1752 1745
f 1745 1752 1753
f 1745 1753 1746
f 1746 1753 1754
f 1746 1754 1755
f 1746 1755 1756
f 1746 1756 1748
f 1748 1756 1749
f 1749 1756 1757
f 1750 1758 1759
f 1750 1759 1760
f 1750 1760 1761
f 1750 1761 1762
f 1751 1763 1761
f 1751 1761 1753
f 1751 1753 1764
f 1752 1765 1753
f 1753 1765 1764
f 1753 1761 1766
f 1753 1766 1754
f 1754 1766 1755
f 1755 1759 1767
f 1755 1767 1756
f 1755 1766 1760
f 1755 1760 1759
f 1756 1767 1768
f 1756 1768 1757
f 1758 1769 1759
f 1759 1769 1767
f 1760 1766 1761
f 1761 1763 1762
f 1767 1769 1770
f 1767 1770 1768
o convex_25
v -0.139741 0.240487 -0.520918
v -0.333701 0.240487 -0.440726
v -0.139741 0.235694 -0.523331
v -0.139741 0.240487 -0.709185
v -0.333701 0.20953 -0.501452
v -0.139741 0.17013 -0.604729
v -0.333701 0.240487 -0.720809
v -0.139741 0.17013 -0.689445
v -0.333701 0.219372 -0.718342
v -0.333701 0.230391 -0.720809
v -0.323617 0.240487 -0.720809
v -0.333701 0.17013 -0.584606
v -0.315072 0.17013 -0.692817
v -0.333701 0.198139 -0.709925
v -0.333701 0.198966 -0.710418
v -0.333701 0.17013 -0.692954
f 1771 1772 1773
f 1771 1773 1776
f 1771 1776 1778
f 1771 1778 1774
f 1771 1774 1781
f 1771 1781 1777
f 1771 1777 1772
f 1772 1775 1776
f 1772 1776 1773
f 1772 1777 1780
f 1772 1780 1779
f 1772 1779 1785
f 1772 1785 1784
f 1772 1784 1786
f 1772 1786 1782
f 1772 1782 1775
f 1774 1778 1779
f 1774 1779 1780
f 1774 1780 1781
f 1775 1782 1776
f 1776 1782 1786
f 1776 1786 1783
f 1776 1783 1778
f 1777 1781 1780
f 1778 1783 1784
f 1778 1784 1785
f 1778 1785 1779
f 1783 1786 1784
o convex_26
v -0.139741 0.170114 -0.604752
v -0.139741 -0.000494543 -0.658121
v -0.139741 0.170114 -0.689462
v -0.333701 0.170114 -0.584611
v -0.333701 -0.000494543 -0.632306
v -0.139741 -0.000494543 -0.689462
v -0.315072 0.170114 -0.692824
v -0.333701 0.170114 -0.692962
v -0.333701 -0.000494543 -0.689462
f 1787 1788 1792
f 1787 1792 1789
f 1787 1789 1793
f 1787 1793 1794
f 1787 1794 1790
f 1787 1790 1791
f 1787 1791 1788
f 1788 1791 1795
f 1788 1795 1792
f 1789 1792 1793
f 1790 1794 1795
f 1790 1795 1791
f 1792 1795 1794
f 1792 1794 1793
o convex_27
v -0.33372 0.240487 -0.440746
v -0.334103 0.240487 -0.407433
v -0.33372 0.132465 -0.603284
v -0.33372 0.240487 -0.720809
v -0.343522 0.240487 -0.37489
v -0.336528 0.129666 -0.603284
v -0.33372 0.129709 -0.608784
v -0.33372 0.230387 -0.720809
v -0.386304 0.240487 -0.720809
v -0.344747 0.240487 -0.37405
v -0.464516 0.129666 -0.362945
v -0.333796 0.129666 -0.608749
v -0.33372 0.129666 -0.672188
v -0.344747 0.219375 -0.720809
v -0.33372 0.219375 -0.718357
v -0.43876 0.188033 -0.720809
v -0.407414 0.240487 -0.716115
v -0.350848 0.240487 -0.369986
v -0.363662 0.240487 -0.362945
v -0.594471 0.129666 -0.362945
v -0.33372 0.129666 -0.689457
v -0.43876 0.129666 -0.720809
v -0.433936 0.129666 -0.719723
v -0.470081 0.156701 -0.720809
v -0.421581 0.240487 -0.712962
v -0.537419 0.240487 -0.362945
v -0.592148 0.140135 -0.362945
v -0.594471 0.129666 -0.372263
v -0.470081 0.129666 -0.720809
v -0.500993 0.129666 -0.713068
v -0.490962 0.167149 -0.710335
v -0.470081 0.191949 -0.712962
v -0.485754 0.227208 -0.642448
v -0.476897 0.240487 -0.633585
v -0.538823 0.238567 -0.362945
v -0.535352 0.240487 -0.393946
v -0.543214 0.229823 -0.438784
v -0.586098 0.152275 -0.362945
v -0.564094 0.188033 -0.438784
v -0.593296 0.129666 -0.407433
v -0.501325 0.129666 -0.712927
v -0.485754 0.180211 -0.705116
v -0.513629 0.129666 -0.694712
v -0.553654 0.135806 -0.616315
v -0.522308 0.19848 -0.616315
v -0.480521 0.19848 -0.689457
v -0.501427 0.219375 -0.626789
v -0.511868 0.229823 -0.595438
v -0.504006 0.240487 -0.581951
v -0.522206 0.240487 -0.501453
v -0.543214 0.19848 -0.532804
v -0.553654 0.177596 -0.532804
v -0.564094 0.156701 -0.532804
v -0.56315 0.129666 -0.591619
v -0.517101 0.211531 -0.611096
v -0.554088 0.129666 -0.618032
v -0.559806 0.129666 -0.60402
v -0.556258 0.160618 -0.564086
f 1796 1797 1798
f 1796 1798 1802
f 1796 1802 1808
f 1796 1808 1816
f 1796 1816 1810
f 1796 1810 1803
f 1796 1803 1799
f 1796 1799 1804
f 1796 1804 1812
f 1796 1812 1820
f 1796 1820 1829
f 1796 1829 1844
f 1796 1844 1845
f 1796 1845 1831
f 1796 1831 1821
f 1796 1821 1814
f 1796 1814 1813
f 1796 1813 1805
f 1796 1805 1800
f 1796 1800 1797
f 1797 1800 1798
f 1798 1801 1802
f 1798 1800 1801
f 1799 1803 1809
f 1799 1809 1817
f 1799 1817 1824
f 1799 1824 1819
f 1799 1819 1811
f 1799 1811 1804
f 1800 1805 1806
f 1800 1806 1801
f 1801 1807 1802
f 1801 1806 1815
f 1801 1815 1823
f 1801 1823 1835
f 1801 1835 1849
f 1801 1849 1852
f 1801 1852 1851
f 1801 1851 1838
f 1801 1838 1836
f 1801 1836 1825
f 1801 1825 1824
f 1801 1824 1817
f 1801 1817 1818
f 1801 1818 1816
f 1801 1816 1808
f 1801 1808 1807
f 1802 1807 1808
f 1803 1810 1809
f 1804 1811 1812
f 1805 1813 1806
f 1806 1813 1814
f 1806 1814 1821
f 1806 1821 1830
f 1806 1830 1833
f 1806 1833 1822
f 1806 1822 1815
f 1809 1810 1817
f 1810 1818 1817
f 1810 1816 1818
f 1811 1819 1820
f 1811 1820 1812
f 1815 1822 1823
f 1819 1824 1825
f 1819 1825 1826
f 1819 1826 1827
f 1819 1827 1820
f 1820 1827 1828
f 1820 1828 1829
f 1821 1831 1832
f 1821 1832 1830
f 1822 1833 1834
f 1822 1834 1835
f 1822 1835 1823
f 1825 1836 1826
f 1826 1837 1827
f 1826 1836 1838
f 1826 1838 1839
f 1826 1839 1840
f 1826 1840 1837
f 1827 1837 1841
f 1827 1841 1828
f 1828 1842 1843
f 1828 1843 1829
f 1828 1841 1837
f 1828 1837 1842
f 1829 1843 1844
f 1830 1832 1833
f 1831 1845 1832
f 1832 1834 1833
f 1832 1845 1843
f 1832 1843 1846
f 1832 1846 1847
f 1832 1847 1848
f 1832 1848 1834
f 1834 1848 1835
f 1835 1848 1849
f 1837 1840 1850
f 1837 1850 1842
f 1838 1851 1839
f 1839 1851 1852
f 1839 1852 1849
f 1839 1849 1853
f 1839 1853 1840
f 1840 1853 1850
f 1842 1850 1843
f 1843 1850 1853
f 1843 1853 1846
f 1843 1845 1844
f 1846 1853 1847
f 1847 1853 1848
f 1848 1853 1849
o convex_28
v -0.33372 0.118686 -0.608784
v -0.333799 0.129655 -0.608749
v -0.33653 0.129655 -0.603284
v -0.464532 0.129655 -0.362945
v -0.33372 -0.000494543 -0.632289
v -0.33372 0.129655 -0.672188
v -0.594478 0.129655 -0.362945
v -0.477926 0.07188 -0.362945
v -0.33372 -0.000494543 -0.689457
v -0.501326 -0.000494543 -0.362945
v -0.33372 0.129655 -0.689457
v -0.594478 0.129655 -0.372263
v -0.59545 0.125349 -0.362945
v -0.470074 -0.000494543 -0.720809
v -0.438769 0.125349 -0.720809
v -0.433937 0.129655 -0.719723
v -0.602016 -0.000494543 -0.362945
v -0.593297 0.129655 -0.407433
v -0.59545 0.125349 -0.407433
v -0.602016 0.0247811 -0.362945
v -0.501431 -0.000494543 -0.720809
v -0.438769 0.129655 -0.720809
v -0.59545 -0.000494543 -0.564086
v -0.563147 0.129655 -0.591619
v -0.59545 0.0626819 -0.532804
v -0.564093 0.125349 -0.595438
v -0.59545 0.0313421 -0.564086
v -0.501431 0.094009 -0.720809
v -0.52231 -0.000494543 -0.710335
v -0.470074 0.129655 -0.720809
v -0.584998 -0.000494543 -0.584999
v -0.559812 0.129655 -0.60402
v -0.587598 0.066593 -0.564086
v -0.584998 0.0417887 -0.584999
v -0.52231 0.104456 -0.710335
v -0.500985 0.129655 -0.713068
v -0.533261 -0.000494543 -0.688477
v -0.554087 0.129655 -0.618032
v -0.532762 0.094009 -0.689457
v -0.517083 0.117514 -0.705116
v -0.501326 0.129655 -0.712927
v -0.513617 0.129655 -0.694712
f 1854 1855 1856
f 1854 1856 1857
f 1854 1857 1858
f 1854 1858 1862
f 1854 1862 1864
f 1854 1864 1859
f 1854 1859 1855
f 1855 1859 1864
f 1855 1864 1869
f 1855 1869 1875
f 1855 1875 1883
f 1855 1883 1889
f 1855 1889 1894
f 1855 1894 1895
f 1855 1895 1891
f 1855 1891 1885
f 1855 1885 1877
f 1855 1877 1871
f 1855 1871 1865
f 1855 1865 1860
f 1855 1860 1857
f 1855 1857 1856
f 1857 1860 1866
f 1857 1866 1873
f 1857 1873 1870
f 1857 1870 1863
f 1857 1863 1861
f 1857 1861 1858
f 1858 1861 1863
f 1858 1863 1870
f 1858 1870 1876
f 1858 1876 1884
f 1858 1884 1890
f 1858 1890 1882
f 1858 1882 1874
f 1858 1874 1867
f 1858 1867 1862
f 1860 1865 1872
f 1860 1872 1866
f 1862 1867 1868
f 1862 1868 1869
f 1862 1869 1864
f 1865 1871 1872
f 1866 1872 1873
f 1867 1874 1881
f 1867 1881 1883
f 1867 1883 1875
f 1867 1875 1868
f 1868 1875 1869
f 1870 1873 1880
f 1870 1880 1876
f 1871 1877 1872
f 1872 1878 1873
f 1872 1877 1879
f 1872 1879 1878
f 1873 1878 1880
f 1874 1882 1888
f 1874 1888 1881
f 1876 1880 1887
f 1876 1887 1884
f 1877 1885 1879
f 1878 1886 1880
f 1878 1879 1886
f 1879 1885 1880
f 1879 1880 1886
f 1880 1885 1887
f 1881 1888 1889
f 1881 1889 1883
f 1882 1890 1888
f 1884 1887 1890
f 1885 1891 1888
f 1885 1888 1892
f 1885 1892 1887
f 1887 1892 1890
f 1888 1893 1894
f 1888 1894 1889
f 1888 1890 1892
f 1888 1891 1893
f 1891 1895 1893
f 1893 1895 1894
o convex_29
v -0.304564 -0.197595 -0.699196
v -0.139722 -0.197595 -0.691593
v -0.304564 -0.197595 -0.577271
v -0.304564 -0.000494554 -0.689468
v -0.139722 -0.000494554 -0.689468
v -0.139722 -0.197595 -0.589195
v -0.304564 -0.17919 -0.583395
v -0.304564 -0.000494554 -0.646869
v -0.139722 -0.000494554 -0.658125
f 1896 1897 1901
f 1896 1901 1898
f 1896 1898 1902
f 1896 1902 1903
f 1896 1903 1899
f 1896 1899 1900
f 1896 1900 1897
f 1897 1900 1904
f 1897 1904 1901
f 1898 1901 1902
f 1899 1903 1904
f 1899 1904 1900
f 1901 1904 1902
f 1902 1904 1903
o convex_30
v -0.250703 -0.407414 -0.438771
v -0.156713 -0.407414 -0.438771
v -0.282055 -0.407414 -0.376077
v -0.304564 -0.376073 -0.564075
v -0.282055 -0.376073 -0.595422
v -0.139722 -0.403635 -0.423678
v -0.139722 -0.407414 -0.390465
v -0.139722 -0.376073 -0.595422
v -0.304564 -0.407414 -0.313425
v -0.304564 -0.371554 -0.590944
v -0.304564 -0.352762 -0.634813
v -0.250703 -0.344731 -0.689462
v -0.139722 -0.407414 -0.297254
v -0.156713 -0.344731 -0.689462
v -0.146257 -0.334277 -0.71036
v -0.139722 -0.331669 -0.707748
v -0.304564 -0.407414 -0.297254
v -0.304564 -0.317806 -0.693857
v -0.292494 -0.323823 -0.699911
v -0.266371 -0.329061 -0.705136
v -0.240263 -0.334277 -0.71036
v -0.139722 -0.306243 -0.297254
v -0.156713 -0.31339 -0.720809
v -0.139722 -0.31339 -0.717036
v -0.139722 -0.328773 -0.711024
v -0.304564 -0.293345 -0.297254
v -0.304564 -0.302936 -0.71036
v -0.250703 -0.31339 -0.720809
v -0.139722 -0.300348 -0.302976
v -0.139722 -0.296425 -0.720809
v -0.304564 -0.283835 -0.315166
v -0.304564 -0.299732 -0.711977
v -0.304564 -0.282069 -0.720809
v -0.139722 -0.289894 -0.323874
v -0.139722 -0.265084 -0.720809
v -0.304564 -0.200306 -0.555243
v -0.304564 -0.250728 -0.720809
v -0.139722 -0.197616 -0.589161
v -0.282055 -0.250728 -0.720809
v -0.139722 -0.248941 -0.717202
v -0.304564 -0.197616 -0.577219
v -0.304564 -0.222323 -0.709406
v -0.139722 -0.197616 -0.691577
v -0.304564 -0.197616 -0.699165
f 1905 1906 1911
f 1905 1911 1917
f 1905 1917 1921
f 1905 1921 1913
f 1905 1913 1907
f 1905 1907 1908
f 1905 1908 1909
f 1905 1909 1912
f 1905 1912 1906
f 1906 1910 1911
f 1906 1912 1910
f 1907 1913 1908
f 1908 1914 1909
f 1908 1913 1921
f 1908 1921 1930
f 1908 1930 1935
f 1908 1935 1940
f 1908 1940 1945
f 1908 1945 1948
f 1908 1948 1946
f 1908 1946 1941
f 1908 1941 1937
f 1908 1937 1936
f 1908 1936 1931
f 1908 1931 1922
f 1908 1922 1915
f 1908 1915 1914
f 1909 1914 1915
f 1909 1915 1916
f 1909 1916 1918
f 1909 1918 1912
f 1910 1912 1920
f 1910 1920 1929
f 1910 1929 1928
f 1910 1928 1934
f 1910 1934 1939
f 1910 1939 1944
f 1910 1944 1947
f 1910 1947 1942
f 1910 1942 1938
f 1910 1938 1933
f 1910 1933 1926
f 1910 1926 1917
f 1910 1917 1911
f 1912 1918 1919
f 1912 1919 1920
f 1915 1922 1923
f 1915 1923 1916
f 1916 1923 1924
f 1916 1924 1925
f 1916 1925 1919
f 1916 1919 1918
f 1917 1926 1930
f 1917 1930 1921
f 1919 1925 1932
f 1919 1932 1927
f 1919 1927 1928
f 1919 1928 1929
f 1919 1929 1920
f 1922 1931 1923
f 1923 1931 1924
f 1924 1931 1925
f 1925 1931 1932
f 1926 1933 1930
f 1927 1932 1937
f 1927 1937 1941
f 1927 1941 1943
f 1927 1943 1939
f 1927 1939 1934
f 1927 1934 1928
f 1930 1933 1935
f 1931 1936 1932
f 1932 1936 1937
f 1933 1938 1935
f 1935 1938 1940
f 1938 1942 1940
f 1939 1943 1944
f 1940 1942 1945
f 1941 1946 1943
f 1942 1947 1948
f 1942 1948 1945
f 1943 1946 1948
f 1943 1948 1944
f 1944 1948 1947
o convex_31
v -0.304564 -0.127342 -0.617951
v -0.304564 -0.000508259 -0.646873
v -0.304637 -0.140619 -0.611296
v -0.304564 -0.140619 -0.664181
v -0.304564 -0.000508259 -0.689456
v -0.45391 -0.000508259 -0.533617
v -0.45391 -0.140619 -0.393998
v -0.304564 -0.140619 -0.689456
v -0.438749 -0.125353 -0.720809
v -0.45391 -0.000508259 -0.712715
v -0.45391 -0.140619 -0.720809
v -0.438749 -0.140619 -0.720809
v -0.45391 -0.125353 -0.720809
f 1949 1950 1951
f 1949 1951 1952
f 1949 1952 1956
f 1949 1956 1953
f 1949 1953 1950
f 1950 1953 1958
f 1950 1958 1954
f 1950 1954 1955
f 1950 1955 1951
f 1951 1955 1959
f 1951 1959 1960
f 1951 1960 1956
f 1951 1956 1952
f 1953 1956 1960
f 1953 1960 1957
f 1953 1957 1958
f 1954 1958 1961
f 1954 1961 1959
f 1954 1959 1955
f 1957 1960 1959
f 1957 1959 1961
f 1957 1961 1958
o convex_32
v -0.313409 -0.407414 -0.313425
v -0.304564 -0.407414 -0.313425
v -0.313409 -0.407414 -0.297254
v -0.359902 -0.39198 -0.297254
v -0.376086 -0.376049 -0.376077
v -0.34474 -0.376049 -0.470117
v -0.313409 -0.376049 -0.564075
v -0.304564 -0.407414 -0.297254
v -0.304564 -0.376049 -0.564075
v -0.361437 -0.391222 -0.297254
v -0.360413 -0.391718 -0.297751
v -0.417857 -0.355157 -0.386526
v -0.355194 -0.355157 -0.574524
v -0.329067 -0.36038 -0.611095
v -0.304564 -0.371557 -0.590944
v -0.304564 -0.293316 -0.297254
v -0.4241 -0.359884 -0.297254
v -0.423076 -0.36038 -0.297751
v -0.44198 -0.347949 -0.297254
v -0.45391 -0.339984 -0.297254
v -0.449188 -0.323819 -0.480566
v -0.417857 -0.323819 -0.574524
v -0.39173 -0.329042 -0.611095
v -0.386511 -0.29248 -0.699911
v -0.34474 -0.313372 -0.689462
v -0.304564 -0.352754 -0.634813
v -0.45391 -0.172637 -0.298
v -0.45391 -0.173368 -0.297254
v -0.304564 -0.28381 -0.315166
v -0.45391 -0.157699 -0.31442
v -0.45391 -0.314391 -0.485293
v -0.45391 -0.297964 -0.579251
v -0.45391 -0.297808 -0.579873
v -0.45391 -0.297207 -0.582236
v -0.449188 -0.29248 -0.605871
v -0.423076 -0.297703 -0.642442
v -0.417857 -0.261168 -0.699911
v -0.370852 -0.276811 -0.715585
v -0.360413 -0.297703 -0.705136
v -0.334302 -0.302926 -0.71036
v -0.304564 -0.317786 -0.693857
v -0.304564 -0.141037 -0.611095
v -0.304637 -0.140645 -0.611303
v -0.45391 -0.142029 -0.36144
v -0.45391 -0.266887 -0.641944
v -0.449188 -0.229829 -0.699911
v -0.43353 -0.21416 -0.715585
v -0.402184 -0.245499 -0.715585
v -0.376086 -0.250722 -0.720809
v -0.34474 -0.282034 -0.720809
v -0.304564 -0.299714 -0.711977
v -0.304564 -0.302926 -0.71036
v -0.304564 -0.140645 -0.664169
v -0.45391 -0.140645 -0.393989
v -0.45391 -0.234556 -0.676277
v -0.45391 -0.206221 -0.704638
v -0.45391 -0.185015 -0.717741
v -0.438749 -0.188045 -0.720809
v -0.304564 -0.282034 -0.720809
v -0.304564 -0.140645 -0.689462
v -0.45391 -0.140645 -0.720809
v -0.45391 -0.156706 -0.720809
v -0.304564 -0.250722 -0.720809
v -0.438749 -0.140645 -0.720809
f 1962 1963 1969
f 1962 1969 1964
f 1962 1964 1965
f 1962 1965 1966
f 1962 1966 1967
f 1962 1967 1968
f 1962 1968 1970
f 1962 1970 1963
f 1963 1970 1976
f 1963 1976 1987
f 1963 1987 2002
f 1963 2002 2013
f 1963 2013 2012
f 1963 2012 2020
f 1963 2020 2024
f 1963 2024 2021
f 1963 2021 2014
f 1963 2014 2003
f 1963 2003 1990
f 1963 1990 1977
f 1963 1977 1969
f 1964 1969 1977
f 1964 1977 1989
f 1964 1989 1981
f 1964 1981 1980
f 1964 1980 1978
f 1964 1978 1971
f 1964 1971 1965
f 1965 1971 1972
f 1965 1972 1966
f 1966 1973 1974
f 1966 1974 1967
f 1966 1972 1973
f 1967 1974 1968
f 1968 1974 1975
f 1968 1975 1976
f 1968 1976 1970
f 1971 1978 1979
f 1971 1979 1972
f 1972 1979 1973
f 1973 1979 1978
f 1973 1978 1980
f 1973 1980 1981
f 1973 1981 1982
f 1973 1982 1974
f 1974 1983 1984
f 1974 1984 1975
f 1974 1982 1983
f 1975 1984 1985
f 1975 1985 1986
f 1975 1986 1987
f 1975 1987 1976
f 1977 1988 1989
f 1977 1990 1991
f 1977 1991 1988
f 1981 1989 1988
f 1981 1988 1991
f 1981 1991 2005
f 1981 2005 2015
f 1981 2015 2022
f 1981 2022 2023
f 1981 2023 2018
f 1981 2018 2017
f 1981 2017 2016
f 1981 2016 2006
f 1981 2006 1995
f 1981 1995 1994
f 1981 1994 1993
f 1981 1993 1992
f 1981 1992 1982
f 1982 1992 1993
f 1982 1993 1983
f 1983 1993 1994
f 1983 1994 1995
f 1983 1995 1996
f 1983 1996 1997
f 1983 1997 1984
f 1984 1997 1985
f 1985 1997 1998
f 1985 1998 1999
f 1985 1999 2000
f 1985 2000 1986
f 1986 2000 2001
f 1986 2001 1987
f 1987 2001 2002
f 1990 2003 2004
f 1990 2004 1991
f 1991 2004 2005
f 1995 2006 1996
f 1996 2006 1997
f 1997 2006 2007
f 1997 2007 1998
f 1998 2007 2008
f 1998 2008 2009
f 1998 2009 1999
f 1999 2009 2010
f 1999 2010 2011
f 1999 2011 2001
f 1999 2001 2000
f 2001 2011 2012
f 2001 2012 2013
f 2001 2013 2002
f 2003 2014 2004
f 2004 2014 2021
f 2004 2021 2025
f 2004 2025 2022
f 2004 2022 2015
f 2004 2015 2005
f 2006 2016 2007
f 2007 2017 2018
f 2007 2018 2008
f 2007 2016 2017
f 2008 2018 2019
f 2008 2019 2010
f 2008 2010 2009
f 2010 2019 2023
f 2010 2023 2022
f 2010 2022 2025
f 2010 2025 2024
f 2010 2024 2020
f 2010 2020 2011
f 2011 2020 2012
f 2018 2023 2019
f 2021 2024 2025
