o convex_0
v -0.257499 -0.36367 -0.590944
v -0.242394 -0.318225 -0.590944
v -0.0454335 -0.393942 -0.590944
v -0.363631 -0.393942 -0.575744
v -0.363631 -0.36367 -0.575744
v -0.22719 -0.30305 -0.590944
v -0.287809 -0.257604 -0.575744
v -0.0403654 -0.404058 -0.585846
v -0.358563 -0.404058 -0.57074
v 0.0605993 -0.393942 -0.590944
v -0.431803 -0.401516 -0.55299
v -0.421666 -0.391426 -0.558088
v -0.42425 -0.376919 -0.556767
v -0.409046 -0.36367 -0.560638
v -0.409046 -0.346622 -0.556767
v -0.166671 -0.287902 -0.590944
v -0.297249 -0.252906 -0.571023
v -0.287809 -0.252906 -0.573383
v -0.166671 -0.267695 -0.580842
v -0.0454335 -0.409091 -0.575744
v 0.0655681 -0.404058 -0.585846
v -0.363631 -0.409091 -0.560638
v 0.196941 -0.378819 -0.590944
v -0.439355 -0.380719 -0.549213
v -0.409046 -0.409091 -0.545437
v -0.484869 -0.409091 -0.484823
v -0.497489 -0.406574 -0.482274
v -0.489837 -0.399 -0.505028
v -0.489837 -0.383877 -0.520228
v -0.431803 -0.375045 -0.55299
v -0.419182 -0.358612 -0.555539
v -0.416598 -0.344722 -0.55299
v -0.453764 -0.252906 -0.511165
v -0.121157 -0.287902 -0.590944
v -0.131591 -0.252906 -0.573383
v -0.121157 -0.267695 -0.580842
v -0.106052 -0.439414 -0.500024
v 0.0605993 -0.409091 -0.575744
v 0.20201 -0.38891 -0.585846
v 0.338352 -0.38891 -0.555539
v 0.262628 -0.404058 -0.540433
v 0.186805 -0.419207 -0.525232
v 0.181737 -0.424265 -0.51513
v -0.0757428 -0.454562 -0.454516
v -0.19698 -0.439414 -0.484823
v -0.151466 -0.454562 -0.43941
v -0.212085 -0.454562 -0.424209
v 0.287869 -0.36367 -0.590944
v -0.479801 -0.373761 -0.525232
v -0.393941 -0.439414 -0.424209
v -0.454559 -0.424265 -0.43941
v -0.499974 -0.409091 -0.469717
v -0.51011 -0.404058 -0.464618
v -0.505042 -0.399 -0.489921
v -0.494905 -0.358612 -0.510126
v -0.449491 -0.358612 -0.540433
v -0.464596 -0.267695 -0.510126
v -0.462112 -0.253804 -0.507577
v -0.461714 -0.252906 -0.507199
v -0.113605 -0.280327 -0.587073
v 0.143875 -0.265179 -0.571967
v 0.136323 -0.272753 -0.575744
v 0.0909086 -0.30305 -0.590944
v 0.136323 -0.252906 -0.56583
v 0.0757043 -0.439414 -0.500024
v 0.292937 -0.373761 -0.585846
v 0.368661 -0.373761 -0.57074
v 0.328215 -0.383877 -0.565641
v 0.42928 -0.38891 -0.510126
v 0.333284 -0.393942 -0.545437
v 0.242356 -0.424265 -0.500024
v 0.151428 -0.439414 -0.484823
v -0.0908478 -0.469711 -0.393902
v 0.0909086 -0.454562 -0.454516
v -0.151466 -0.469711 -0.378796
v 0.318179 -0.348522 -0.590944
v -0.333322 -0.454562 -0.378796
v -0.363631 -0.454562 -0.363595
v -0.42425 -0.439414 -0.393902
v -0.469664 -0.424265 -0.424209
v -0.515178 -0.409091 -0.409103
v -0.484869 -0.424265 -0.378796
v -0.525215 -0.404058 -0.404005
v -0.515178 -0.393942 -0.469717
v -0.51011 -0.343464 -0.479819
v -0.492421 -0.344722 -0.507577
v -0.465689 -0.252906 -0.499174
v -0.507526 -0.329573 -0.47727
v -0.494905 -0.298018 -0.479819
v 0.156198 -0.252906 -0.564509
v 0.212046 -0.252906 -0.560638
v 0.363593 -0.36367 -0.575744
v 0.373729 -0.36367 -0.57074
v 0.375021 -0.371245 -0.568191
v 0.414075 -0.36367 -0.550535
v 0.39897 -0.373761 -0.555539
v 0.43554 -0.386368 -0.507577
v 0.441304 -0.405316 -0.43941
v 0.424211 -0.393942 -0.500024
v 0.410995 -0.375045 -0.545437
v 0.287869 -0.424265 -0.484823
v 0.212046 -0.439414 -0.469717
v -0.0757428 -0.484859 -0.333288
v 0.136323 -0.454562 -0.43941
v 0.0909086 -0.469711 -0.393902
v -0.121157 -0.484859 -0.318182
v 0.325731 -0.340947 -0.587073
v 0.371145 -0.340947 -0.571967
v 0.363593 -0.348522 -0.575744
v -0.22719 -0.484859 -0.272675
v -0.257499 -0.484859 -0.257568
v -0.333322 -0.469711 -0.287875
v -0.363631 -0.469711 -0.257568
v -0.409046 -0.454562 -0.302981
v -0.42425 -0.454562 -0.272675
v -0.454559 -0.439414 -0.333288
v -0.520147 -0.414149 -0.323186
v -0.499974 -0.424265 -0.318182
v -0.469664 -0.439414 -0.287875
v -0.535351 -0.399 -0.368694
v -0.530283 -0.393942 -0.409103
v -0.545487 -0.378819 -0.363595
v -0.515178 -0.348522 -0.469717
v -0.511302 -0.331473 -0.469717
v -0.466683 -0.252906 -0.496719
v -0.499974 -0.30305 -0.469717
v -0.492421 -0.291702 -0.47727
v 0.409107 -0.252906 -0.505216
v 0.378797 -0.30305 -0.551102
v 0.363593 -0.318225 -0.566302
v 0.333284 -0.333373 -0.581409
v 0.373729 -0.348522 -0.57074
v 0.414075 -0.348522 -0.550535
v 0.42928 -0.36367 -0.535335
v 0.405231 -0.371245 -0.55299
v 0.4261 -0.375045 -0.530331
v 0.43554 -0.371245 -0.522683
v 0.44508 -0.378819 -0.500024
v 0.443192 -0.386368 -0.492376
v 0.441304 -0.390168 -0.484823
v 0.439416 -0.424265 -0.363595
v 0.450745 -0.386368 -0.47727
v 0.450745 -0.401516 -0.431762
v 0.450745 -0.416691 -0.371148
v 0.449453 -0.419207 -0.363595
v 0.318179 -0.454562 -0.333288
v 0.242356 -0.439414 -0.454516
v 0.242356 -0.469711 -0.318182
v 0.196941 -0.454562 -0.409103
v -0.0605385 -0.500008 -0.242368
v 0.0150857 -0.484859 -0.333288
v 0.121218 -0.469711 -0.378796
v 0.0909086 -0.484859 -0.318182
v -0.136361 -0.500008 -0.212061
v 0.35604 -0.325799 -0.571967
v 0.378797 -0.333373 -0.566302
v 0.401455 -0.340947 -0.556767
v -0.212085 -0.500008 -0.166648
v -0.272704 -0.484859 -0.242368
v -0.333322 -0.484859 -0.151447
v -0.378736 -0.469711 -0.227261
v -0.303013 -0.484859 -0.212061
v -0.439355 -0.454562 -0.227261
v -0.469664 -0.454562 0.0454065
v -0.479801 -0.449504 0.0505049
v -0.505042 -0.429297 -0.111038
v -0.535351 -0.399 -0.30808
v -0.545487 -0.378819 -0.287875
v -0.545487 -0.348522 -0.363595
v -0.489837 -0.282869 -0.469717
v -0.469664 -0.252906 -0.484823
v -0.540419 -0.338406 -0.363595
v 0.4101 -0.252906 -0.50465
v 0.431764 -0.265179 -0.5038
v 0.416659 -0.265179 -0.511353
v 0.424211 -0.287902 -0.520795
v 0.409107 -0.30305 -0.535995
v 0.431764 -0.280327 -0.511353
v 0.42928 -0.348522 -0.535335
v 0.439416 -0.36367 -0.51513
v 0.450745 -0.371245 -0.492376
v 0.439416 -0.439414 -0.257568
v 0.348488 -0.469711 -0.227261
v 0.287869 -0.469711 -0.287875
v 0.454521 -0.378819 -0.469717
v 0.469725 -0.378819 -0.393902
v 0.465849 -0.386368 -0.401455
v 0.460185 -0.393942 -0.409103
v 0.459589 -0.399 -0.393902
v 0.450745 -0.431839 -0.265121
v 0.449453 -0.434355 -0.257568
v 0.272665 -0.469711 -0.302981
v 0.212046 -0.484859 -0.257568
v -0.0605385 -0.515182 -0.0909274
v 0.03029 -0.500008 -0.242368
v 0.0757043 -0.500008 -0.227261
v 0.136323 -0.500008 -0.196954
v -0.0908478 -0.515182 -0.0758212
v -0.242394 -0.500008 -0.136341
v -0.136361 -0.515182 -0.0455142
v -0.348427 -0.484859 -0.0455142
v -0.272704 -0.500008 -0.0758212
v -0.469664 -0.454562 0.0606072
v -0.42425 -0.469711 0.166634
v -0.479801 -0.449504 0.0656111
v -0.494905 -0.434355 0.0049973
v -0.540419 -0.38891 -0.282777
v -0.545487 -0.36367 -0.227261
v -0.499974 -0.424265 -6.65761e-06
v -0.545487 -0.348522 -0.287875
v -0.490036 -0.252906 -0.302981
v -0.540419 -0.338406 -0.287875
v -0.496197 -0.252906 -0.178072
v 0.428882 -0.252906 -0.492943
v 0.434646 -0.252906 -0.487183
v 0.444086 -0.252906 -0.477742
v 0.44836 -0.252906 -0.472738
v 0.450745 -0.265179 -0.47727
v 0.434348 -0.287902 -0.510126
v 0.439416 -0.348522 -0.51513
v 0.454521 -0.36367 -0.484823
v 0.434348 -0.449504 -0.151447
v 0.424211 -0.454562 -0.151447
v 0.363593 -0.469711 -0.196954
v 0.318179 -0.484859 -0.151447
v 0.302974 -0.484859 -0.181754
v 0.287869 -0.484859 -0.196954
v 0.25756 -0.484859 -0.227261
v 0.469725 -0.36367 -0.409103
v 0.469725 -0.409091 -0.136341
v 0.465849 -0.416691 -0.143894
v 0.459589 -0.429297 -0.136341
v 0.444385 -0.444446 -0.151447
v -1.92717e-05 -0.515182 -0.0909274
v 0.045395 -0.515182 -0.0758212
v 0.181737 -0.500008 -0.166648
v 0.0757043 -0.515182 -0.0606205
v -0.151466 -0.515182 -6.65761e-06
v -0.272704 -0.500008 0.0303003
v -0.348427 -0.484859 0.242354
v -0.363631 -0.481085 0.244243
v -0.434287 -0.464653 0.171638
v -0.477217 -0.446988 0.07949
v -0.479801 -0.434355 0.0959181
v -0.484869 -0.439414 0.0606072
v -0.431803 -0.462136 0.185611
v -0.499974 -0.409091 0.0454065
v -0.499974 -0.378819 0.0454065
v -0.484869 -0.257604 0.0150996
v -0.484869 -0.252906 -6.65761e-06
v -0.499974 -0.272753 -0.0909274
v -0.496197 -0.265179 -0.0833743
v -0.541612 -0.340947 -0.280228
v 0.450347 -0.252906 -0.469434
v 0.451937 -0.252906 -0.466318
v 0.454521 -0.252906 -0.454516
v 0.469725 -0.348522 -0.409103
v 0.454521 -0.348522 -0.484823
v 0.42928 -0.45962 0.0757134
v 0.409107 -0.469711 0.0757134
v 0.393902 -0.469711 -0.0758212
v 0.378797 -0.469711 -0.136341
v 0.348488 -0.484859 -0.0606205
v 0.272665 -0.500008 -0.0606205
v 0.242356 -0.500008 -0.106128
v 0.469725 -0.409091 -0.0758212
v 0.464657 -0.419207 -0.136341
v 0.459589 -0.429297 -0.0758212
v 0.0909086 -0.515182 -0.0455142
v -0.151466 -0.515182 0.0606072
v -0.257499 -0.500008 0.121127
v -0.333322 -0.484859 0.257555
v -0.242394 -0.500008 0.166634
v -0.348427 -0.481085 0.259443
v -0.356079 -0.477285 0.261332
v -0.371184 -0.477285 0.246225
v -0.462112 -0.446988 0.124998
v -0.484869 -0.424265 0.0909141
v -0.464596 -0.434355 0.141331
v -0.416598 -0.446988 0.215918
v -0.429318 -0.439414 0.201945
v -0.435579 -0.454562 0.183629
v -0.454559 -0.252906 0.121127
v -0.469664 -0.252906 0.0757134
v -0.484869 -0.393942 0.0909141
v -0.469664 -0.393942 0.136327
v -0.439355 -0.252906 0.166634
v -0.482484 -0.252906 0.0198203
v -0.48308 -0.252906 0.0150996
v 0.469725 -0.252906 -0.333288
v 0.469725 -0.318225 -0.393902
v 0.444385 -0.444446 0.0303003
v 0.454521 -0.424265 0.0303003
v 0.439416 -0.439414 0.0757134
v 0.43554 -0.441314 0.0909141
v 0.414075 -0.45962 0.121127
v 0.416659 -0.465936 0.0984672
v 0.409107 -0.469711 0.0909141
v 0.348488 -0.484859 0.0454065
v 0.272665 -0.500008 -0.0152073
v 0.121218 -0.515182 -6.65761e-06
v 0.106014 -0.515182 -0.0303136
v 0.464657 -0.419207 -0.0758212
v 0.469725 -0.36367 -0.0909274
v 0.454521 -0.252906 -0.0152073
v 0.454521 -0.409091 0.0303003
v -0.136361 -0.515182 0.0757134
v -0.212085 -0.500008 0.196941
v -0.287809 -0.484859 0.287862
v -0.303013 -0.481085 0.28975
v -0.32577 -0.462136 0.291638
v -0.356079 -0.431839 0.284085
v -0.3687 -0.424265 0.27776
v -0.3687 -0.454562 0.262559
v -0.310565 -0.477285 0.291638
v -0.469664 -0.424265 0.136327
v -0.462112 -0.431839 0.147657
v -0.414114 -0.424265 0.232252
v -0.444423 -0.409091 0.186839
v -0.459528 -0.424265 0.156532
v -0.454559 -0.409091 0.166634
v -0.465888 -0.386368 0.14388
v -0.435579 -0.295476 0.189388
v -0.432796 -0.252906 0.179852
v 0.469725 -0.252906 -0.298261
v 0.439416 -0.424265 0.0909141
v 0.419143 -0.444446 0.131229
v 0.416659 -0.450762 0.128774
v 0.39897 -0.45962 0.151434
v 0.38635 -0.465936 0.159081
v 0.378797 -0.469711 0.151434
v 0.280317 -0.481085 0.265108
v 0.227251 -0.500008 0.151434
v 0.121218 -0.515182 0.0454065
v 0.439416 -0.252906 0.0606072
v 0.439416 -0.409091 0.0909141
v -0.121157 -0.515182 0.0909141
v -0.0908478 -0.515182 0.10602
v -0.106052 -0.500008 0.227248
v -0.22719 -0.484859 0.302968
v -0.22719 -0.474769 0.323173
v -0.287809 -0.479801 0.297964
v -0.29546 -0.477285 0.299192
v -0.32577 -0.446988 0.299192
v -0.303013 -0.454562 0.308727
v -0.291287 -0.252906 0.341489
v -0.399009 -0.424265 0.247453
v -0.322888 -0.252906 0.320529
v -0.353495 -0.348522 0.292866
v -0.3687 -0.287902 0.27776
v -0.287809 -0.469711 0.308727
v -0.414114 -0.333373 0.232252
v -0.450783 -0.401516 0.174187
v -0.429318 -0.30305 0.201945
v -0.414114 -0.252906 0.217146
v -0.429318 -0.252906 0.186839
v 0.38625 -0.252906 0.212047
v 0.404038 -0.444446 0.161536
v 0.401455 -0.450762 0.159081
v 0.371145 -0.458336 0.204494
v 0.371145 -0.465936 0.189388
v 0.363593 -0.469711 0.18174
v 0.275249 -0.482343 0.260104
v 0.212046 -0.500008 0.18174
v 0.340836 -0.465936 0.234801
v 0.325731 -0.465936 0.250002
v 0.280317 -0.473511 0.280309
v 0.265113 -0.481085 0.280309
v 0.106014 -0.515182 0.0606072
v 0.438025 -0.252906 0.0659888
v 0.407517 -0.252906 0.160308
v -0.0605385 -0.515182 0.10602
v 0.0605993 -0.500008 0.212047
v 0.136323 -0.484859 0.318169
v 0.0605993 -0.484859 0.318169
v 0.0150857 -0.479801 0.328271
v 0.0150857 -0.474769 0.338373
v -0.136361 -0.464653 0.343377
v -0.143914 -0.462136 0.344699
v -0.19698 -0.45962 0.338373
v -0.212085 -0.454562 0.339034
v -0.234842 -0.462136 0.329499
v -0.272704 -0.454562 0.323834
v -0.29546 -0.446988 0.314392
v -0.272704 -0.252906 0.350836
v -0.399009 -0.272753 0.247453
v -0.353197 -0.252906 0.290222
v -0.411331 -0.252906 0.220828
v 0.366773 -0.252906 0.245564
v 0.383766 -0.419207 0.201945
v 0.388834 -0.429297 0.191843
v 0.38635 -0.443188 0.189388
v 0.35604 -0.443188 0.234801
v 0.34342 -0.45962 0.23735
v 0.227251 -0.484859 0.287862
v 0.181737 -0.500008 0.196941
v 0.313111 -0.45962 0.267657
v 0.310527 -0.465936 0.265108
v 0.280317 -0.458336 0.295415
v 0.25756 -0.474769 0.292866
v 0.227251 -0.474769 0.308067
v 0.204494 -0.481085 0.310616
v -1.92717e-05 -0.515182 0.0909141
v 0.196941 -0.484859 0.302968
v 0.143875 -0.481085 0.325722
v 0.106014 -0.474769 0.338373
v -0.0757428 -0.45962 0.35348
v -0.0832953 -0.446988 0.359805
v -0.204532 -0.446988 0.344699
v -0.265151 -0.446988 0.329499
v -0.257499 -0.439414 0.333275
v -0.19698 -0.439414 0.348476
v -0.181776 -0.252906 0.373212
v -0.368302 -0.252906 0.275022
v -0.378637 -0.252906 0.263881
v 0.363593 -0.252906 0.249907
v 0.353556 -0.419207 0.247453
v 0.358525 -0.429297 0.23735
v 0.325731 -0.443188 0.265108
v 0.282801 -0.444446 0.297964
v 0.250008 -0.458336 0.310616
v 0.212046 -0.45962 0.323173
v 0.166632 -0.45962 0.338373
v 0.181737 -0.474769 0.323173
v 0.136323 -0.479801 0.328271
v 0.045395 -0.449504 0.358578
v 0.045395 -0.45962 0.35348
v -0.0757428 -0.449504 0.358578
v -0.0757428 -0.439414 0.363582
v -0.166671 -0.252906 0.37359
v 0.35604 -0.252906 0.257555
v 0.348488 -0.252906 0.265108
v 0.318179 -0.252906 0.295415
v 0.338352 -0.419207 0.262559
v 0.328215 -0.429297 0.267657
v 0.292937 -0.434355 0.292866
v 0.266305 -0.252906 0.331764
v 0.222183 -0.444446 0.328271
v 0.219698 -0.450762 0.325722
v 0.174185 -0.450762 0.340923
v 0.166632 -0.439414 0.348476
v 0.045395 -0.439414 0.363582
v 0.105517 -0.252906 0.37359
v 0.310527 -0.252906 0.302968
v 0.306154 -0.252906 0.306178
v 0.235996 -0.252906 0.346871
v 0.212046 -0.439414 0.333275
v 0.176768 -0.444446 0.343377
v 0.227251 -0.252906 0.349514
v 0.129963 -0.252906 0.372457
v 0.0605993 -0.424265 0.363582
v 0.120721 -0.252906 0.373401
f 1 2 6
f 1 6 16
f 1 16 34
f 1 34 63
f 1 63 76
f 1 76 48
f 1 48 23
f 1 23 10
f 1 10 3
f 1 3 4
f 1 4 5
f 1 5 2
f 2 5 7
f 2 7 6
f 3 8 9
f 3 9 4
f 3 10 21
f 3 21 8
f 4 9 11
f 4 11 12
f 4 12 5
f 5 12 13
f 5 13 14
f 5 14 15
f 5 15 7
f 6 7 16
f 7 17 18
f 7 18 19
f 7 19 16
f 7 15 17
f 8 20 22
f 8 22 9
f 8 21 38
f 8 38 20
f 9 22 11
f 10 23 21
f 11 24 12
f 11 22 25
f 11 25 26
f 11 26 27
f 11 27 28
f 11 28 29
f 11 29 24
f 12 24 30
f 12 30 13
f 13 30 31
f 13 31 14
f 14 31 15
f 15 31 32
f 15 32 33
f 15 33 17
f 16 19 36
f 16 36 34
f 17 33 59
f 17 59 87
f 17 87 125
f 17 125 171
f 17 171 211
f 17 211 213
f 17 213 250
f 17 250 289
f 17 289 288
f 17 288 284
f 17 284 283
f 17 283 287
f 17 287 324
f 17 324 356
f 17 356 355
f 17 355 388
f 17 388 415
f 17 415 414
f 17 414 387
f 17 387 348
f 17 348 346
f 17 346 385
f 17 385 413
f 17 413 430
f 17 430 443
f 17 443 452
f 17 452 450
f 17 450 449
f 17 449 446
f 17 446 437
f 17 437 445
f 17 445 444
f 17 444 433
f 17 433 432
f 17 432 431
f 17 431 416
f 17 416 389
f 17 389 357
f 17 357 371
f 17 371 370
f 17 370 335
f 17 335 305
f 17 305 325
f 17 325 290
f 17 290 256
f 17 256 255
f 17 255 254
f 17 254 217
f 17 217 216
f 17 216 215
f 17 215 214
f 17 214 173
f 17 173 128
f 17 128 91
f 17 91 90
f 17 90 64
f 17 64 35
f 17 35 18
f 18 35 36
f 18 36 19
f 20 37 22
f 20 38 65
f 20 65 37
f 21 23 39
f 21 39 40
f 21 40 41
f 21 41 42
f 21 42 43
f 21 43 38
f 22 37 44
f 22 44 45
f 22 45 46
f 22 46 47
f 22 47 25
f 23 48 66
f 23 66 39
f 24 29 49
f 24 49 30
f 25 47 50
f 25 50 26
f 26 51 52
f 26 52 27
f 26 50 51
f 27 52 53
f 27 53 54
f 27 54 28
f 28 54 29
f 29 54 84
f 29 84 123
f 29 123 85
f 29 85 55
f 29 55 49
f 30 49 56
f 30 56 31
f 31 56 57
f 31 57 58
f 31 58 32
f 32 58 33
f 33 58 59
f 34 36 60
f 34 60 61
f 34 61 62
f 34 62 63
f 35 64 36
f 36 64 61
f 36 61 60
f 37 65 74
f 37 74 44
f 38 43 65
f 39 66 67
f 39 67 68
f 39 68 40
f 40 68 67
f 40 67 69
f 40 69 99
f 40 99 70
f 40 70 71
f 40 71 41
f 41 71 43
f 41 43 42
f 43 71 102
f 43 102 72
f 43 72 65
f 44 73 46
f 44 46 45
f 44 74 105
f 44 105 151
f 44 151 103
f 44 103 73
f 46 73 75
f 46 75 47
f 47 75 77
f 47 77 50
f 48 76 67
f 48 67 66
f 49 55 57
f 49 57 56
f 50 77 78
f 50 78 79
f 50 79 51
f 51 80 52
f 51 79 80
f 52 81 53
f 52 80 82
f 52 82 81
f 53 81 83
f 53 83 121
f 53 121 84
f 53 84 54
f 55 85 86
f 55 86 58
f 55 58 57
f 58 87 59
f 58 86 88
f 58 88 89
f 58 89 87
f 61 64 90
f 61 90 91
f 61 91 76
f 61 76 62
f 62 76 63
f 65 72 74
f 67 92 93
f 67 93 94
f 67 94 95
f 67 95 96
f 67 96 69
f 67 76 92
f 69 97 98
f 69 98 99
f 69 96 100
f 69 100 97
f 70 99 101
f 70 101 71
f 71 101 102
f 72 102 74
f 73 103 75
f 74 102 104
f 74 104 105
f 75 103 106
f 75 106 77
f 76 107 108
f 76 108 109
f 76 109 92
f 76 91 107
f 77 106 110
f 77 110 111
f 77 111 78
f 78 112 113
f 78 113 79
f 78 111 112
f 79 113 114
f 79 114 115
f 79 115 116
f 79 116 80
f 80 116 82
f 81 117 83
f 81 82 118
f 81 118 117
f 82 116 119
f 82 119 118
f 83 117 120
f 83 120 121
f 84 121 122
f 84 122 169
f 84 169 123
f 85 123 124
f 85 124 88
f 85 88 86
f 87 89 125
f 88 124 89
f 89 124 126
f 89 126 127
f 89 127 125
f 91 128 129
f 91 129 130
f 91 130 131
f 91 131 107
f 92 109 132
f 92 132 93
f 93 132 133
f 93 133 95
f 93 95 94
f 95 133 179
f 95 179 134
f 95 134 100
f 95 100 135
f 95 135 96
f 96 135 100
f 97 100 136
f 97 136 137
f 97 137 138
f 97 138 139
f 97 139 140
f 97 140 98
f 98 141 99
f 98 140 142
f 98 142 143
f 98 143 144
f 98 144 145
f 98 145 141
f 99 141 101
f 100 134 136
f 101 141 146
f 101 146 192
f 101 192 147
f 101 147 102
f 102 147 192
f 102 192 148
f 102 148 149
f 102 149 152
f 102 152 104
f 103 150 106
f 103 151 195
f 103 195 150
f 104 152 105
f 105 152 153
f 105 153 151
f 106 150 154
f 106 154 110
f 107 131 130
f 107 130 155
f 107 155 108
f 108 132 109
f 108 155 156
f 108 156 157
f 108 157 133
f 108 133 132
f 110 154 111
f 111 154 158
f 111 158 159
f 111 159 112
f 112 159 162
f 112 162 113
f 113 160 161
f 113 161 115
f 113 115 114
f 113 162 160
f 115 163 119
f 115 119 116
f 115 161 163
f 117 118 164
f 117 164 165
f 117 165 166
f 117 166 120
f 118 119 164
f 119 163 164
f 120 167 207
f 120 207 168
f 120 168 122
f 120 122 121
f 120 166 167
f 122 168 208
f 122 208 210
f 122 210 169
f 123 169 124
f 124 169 126
f 125 127 170
f 125 170 171
f 126 169 172
f 126 172 170
f 126 170 127
f 128 173 174
f 128 174 175
f 128 175 129
f 129 175 176
f 129 176 177
f 129 177 130
f 130 177 156
f 130 156 155
f 133 157 176
f 133 176 178
f 133 178 179
f 134 179 220
f 134 220 180
f 134 180 181
f 134 181 137
f 134 137 136
f 137 181 138
f 138 181 142
f 138 142 139
f 139 142 140
f 141 145 191
f 141 191 182
f 141 182 183
f 141 183 184
f 141 184 146
f 142 181 185
f 142 185 186
f 142 186 187
f 142 187 188
f 142 188 143
f 143 188 189
f 143 189 144
f 144 189 190
f 144 190 191
f 144 191 145
f 146 184 192
f 148 193 153
f 148 153 152
f 148 152 149
f 148 192 193
f 150 194 154
f 150 195 234
f 150 234 194
f 151 153 195
f 153 196 195
f 153 193 197
f 153 197 196
f 154 194 198
f 154 198 158
f 156 177 157
f 157 177 176
f 158 199 162
f 158 162 159
f 158 198 200
f 158 200 199
f 160 201 163
f 160 163 161
f 160 162 202
f 160 202 201
f 162 199 202
f 163 201 164
f 164 203 205
f 164 205 165
f 164 201 204
f 164 204 203
f 165 205 166
f 166 206 207
f 166 207 167
f 166 205 206
f 168 207 209
f 168 209 208
f 169 210 212
f 169 212 172
f 170 172 171
f 171 172 211
f 172 212 213
f 172 213 211
f 173 214 174
f 174 178 176
f 174 176 175
f 174 214 215
f 174 215 216
f 174 216 217
f 174 217 218
f 174 218 178
f 178 219 179
f 178 218 219
f 179 219 218
f 179 218 220
f 180 220 258
f 180 258 221
f 180 221 181
f 181 221 185
f 182 191 233
f 182 233 222
f 182 222 223
f 182 223 224
f 182 224 183
f 183 224 225
f 183 225 226
f 183 226 227
f 183 227 228
f 183 228 184
f 184 228 192
f 185 221 229
f 185 229 186
f 186 229 257
f 186 257 291
f 186 291 290
f 186 290 325
f 186 325 304
f 186 304 266
f 186 266 230
f 186 230 231
f 186 231 187
f 187 231 190
f 187 190 189
f 187 189 188
f 190 231 232
f 190 232 191
f 191 232 233
f 192 228 193
f 193 228 197
f 194 234 235
f 194 235 237
f 194 237 269
f 194 269 302
f 194 302 301
f 194 301 334
f 194 334 369
f 194 369 403
f 194 403 372
f 194 372 338
f 194 338 337
f 194 337 307
f 194 307 270
f 194 270 238
f 194 238 200
f 194 200 198
f 195 196 235
f 195 235 234
f 196 197 235
f 197 228 236
f 197 236 237
f 197 237 235
f 199 200 202
f 200 238 202
f 201 202 204
f 202 238 270
f 202 270 239
f 202 239 204
f 203 204 205
f 204 239 240
f 204 240 241
f 204 241 242
f 204 242 205
f 205 243 244
f 205 244 278
f 205 278 245
f 205 245 209
f 205 209 206
f 205 242 246
f 205 246 243
f 206 209 207
f 208 209 247
f 208 247 248
f 208 248 249
f 208 249 250
f 208 250 210
f 209 245 247
f 210 250 251
f 210 251 252
f 210 252 213
f 210 213 253
f 210 253 212
f 212 253 213
f 213 252 250
f 217 254 218
f 218 254 255
f 218 255 256
f 218 256 257
f 218 257 258
f 218 258 220
f 221 258 257
f 221 257 229
f 222 233 259
f 222 259 260
f 222 260 223
f 223 260 261
f 223 261 262
f 223 262 224
f 224 262 263
f 224 263 225
f 225 264 226
f 225 263 264
f 226 264 265
f 226 265 227
f 227 265 228
f 228 265 236
f 230 266 303
f 230 303 267
f 230 267 231
f 231 267 232
f 232 267 303
f 232 303 268
f 232 268 259
f 232 259 233
f 236 265 269
f 236 269 237
f 239 270 271
f 239 271 240
f 240 272 241
f 240 271 270
f 240 270 273
f 240 273 272
f 241 272 274
f 241 274 275
f 241 275 276
f 241 276 242
f 242 276 246
f 243 246 277
f 243 277 244
f 244 277 279
f 244 279 316
f 244 316 278
f 245 278 247
f 246 276 280
f 246 280 318
f 246 318 281
f 246 281 282
f 246 282 279
f 246 279 277
f 247 278 285
f 247 285 248
f 248 283 284
f 248 284 249
f 248 285 286
f 248 286 287
f 248 287 283
f 249 284 288
f 249 288 289
f 249 289 250
f 250 252 251
f 256 290 291
f 256 291 257
f 259 268 292
f 259 292 293
f 259 293 294
f 259 294 295
f 259 295 296
f 259 296 297
f 259 297 260
f 260 297 298
f 260 298 299
f 260 299 263
f 260 263 261
f 261 263 262
f 263 299 300
f 263 300 264
f 264 300 334
f 264 334 301
f 264 301 302
f 264 302 265
f 265 302 269
f 266 293 303
f 266 304 305
f 266 305 306
f 266 306 293
f 268 303 293
f 268 293 292
f 270 307 273
f 272 273 308
f 272 308 309
f 272 309 310
f 272 310 274
f 273 307 308
f 274 310 275
f 275 311 312
f 275 312 313
f 275 313 314
f 275 314 276
f 275 310 315
f 275 315 311
f 276 314 318
f 276 318 280
f 278 316 286
f 278 286 285
f 279 317 316
f 279 282 317
f 281 319 320
f 281 320 282
f 281 318 319
f 282 320 317
f 286 316 321
f 286 321 353
f 286 353 322
f 286 322 287
f 287 323 324
f 287 322 323
f 293 326 295
f 293 295 294
f 293 306 336
f 293 336 326
f 295 326 327
f 295 327 328
f 295 328 296
f 296 328 329
f 296 329 297
f 297 329 330
f 297 330 298
f 298 330 331
f 298 331 332
f 298 332 299
f 299 332 333
f 299 333 300
f 300 333 334
f 304 325 305
f 305 335 306
f 306 335 336
f 307 337 308
f 308 337 338
f 308 338 339
f 308 339 309
f 309 339 340
f 309 340 341
f 309 341 342
f 309 342 310
f 310 342 343
f 310 343 315
f 311 344 312
f 311 315 351
f 311 351 345
f 311 345 344
f 312 344 346
f 312 346 313
f 313 347 314
f 313 346 348
f 313 348 349
f 313 349 350
f 313 350 386
f 313 386 347
f 314 347 318
f 315 343 351
f 316 317 320
f 316 320 319
f 316 319 321
f 318 347 386
f 318 386 352
f 318 352 319
f 319 353 321
f 319 352 354
f 319 354 353
f 322 353 323
f 323 354 355
f 323 355 356
f 323 356 324
f 323 353 354
f 326 357 327
f 326 336 357
f 327 358 328
f 327 357 358
f 328 358 359
f 328 359 329
f 329 360 361
f 329 361 330
f 329 359 360
f 330 361 362
f 330 362 331
f 331 362 332
f 332 363 364
f 332 364 333
f 332 362 361
f 332 361 365
f 332 365 366
f 332 366 367
f 332 367 368
f 332 368 363
f 333 364 334
f 334 364 369
f 335 370 336
f 336 370 371
f 336 371 357
f 338 372 339
f 339 372 373
f 339 373 374
f 339 374 375
f 339 375 340
f 340 375 376
f 340 376 377
f 340 377 341
f 341 378 379
f 341 379 380
f 341 380 381
f 341 381 382
f 341 382 383
f 341 383 351
f 341 351 343
f 341 343 342
f 341 377 378
f 344 345 384
f 344 384 385
f 344 385 346
f 345 351 383
f 345 383 410
f 345 410 384
f 348 387 386
f 348 386 350
f 348 350 349
f 352 386 354
f 354 386 355
f 355 386 388
f 357 389 390
f 357 390 391
f 357 391 358
f 358 391 392
f 358 392 360
f 358 360 359
f 360 392 393
f 360 393 394
f 360 394 365
f 360 365 361
f 363 368 364
f 364 368 395
f 364 395 396
f 364 396 369
f 365 394 366
f 366 397 398
f 366 398 367
f 366 394 397
f 367 398 399
f 367 399 400
f 367 400 368
f 368 400 401
f 368 401 402
f 368 402 395
f 369 396 403
f 372 403 396
f 372 396 373
f 373 396 374
f 374 396 404
f 374 404 402
f 374 402 405
f 374 405 406
f 374 406 377
f 374 377 375
f 375 377 376
f 377 406 427
f 377 427 407
f 377 407 378
f 378 407 379
f 379 407 408
f 379 408 409
f 379 409 380
f 380 409 381
f 381 409 410
f 381 410 383
f 381 383 382
f 384 410 385
f 385 410 411
f 385 411 412
f 385 412 413
f 386 387 414
f 386 414 415
f 386 415 388
f 389 416 417
f 389 417 390
f 390 417 391
f 391 417 418
f 391 418 392
f 392 418 393
f 393 418 417
f 393 417 419
f 393 419 397
f 393 397 394
f 395 402 404
f 395 404 396
f 397 419 399
f 397 399 398
f 399 419 435
f 399 435 420
f 399 420 421
f 399 421 401
f 399 401 400
f 401 422 423
f 401 423 424
f 401 424 402
f 401 421 422
f 402 424 405
f 405 424 423
f 405 423 425
f 405 425 406
f 406 426 427
f 406 425 423
f 406 423 441
f 406 441 426
f 407 428 408
f 407 427 426
f 407 426 428
f 408 428 429
f 408 429 412
f 408 412 409
f 409 412 410
f 410 412 411
f 412 429 413
f 413 429 430
f 416 431 417
f 417 431 432
f 417 432 433
f 417 433 434
f 417 434 419
f 419 434 435
f 420 435 434
f 420 434 436
f 420 436 437
f 420 437 438
f 420 438 421
f 421 438 439
f 421 439 422
f 422 439 423
f 423 439 440
f 423 440 441
f 426 441 442
f 426 442 429
f 426 429 428
f 429 442 443
f 429 443 430
f 433 444 434
f 434 444 445
f 434 445 436
f 436 445 437
f 437 446 438
f 438 446 447
f 438 447 441
f 438 441 448
f 438 448 440
f 438 440 439
f 440 448 441
f 441 447 446
f 441 446 449
f 441 449 450
f 441 450 451
f 441 451 442
f 442 451 452
f 442 452 443
f 450 452 451
o convex_1
v -0.151465 0.50003 0.181847
v -0.151465 0.50003 0.162976
v -0.181813 0.50003 0.227326
v 0.151428 0.484848 0.166688
v -0.348433 0.50003 0.162976
v 0.151428 0.484848 0.162976
v -0.196928 0.50003 0.242486
v 0.16666 0.469666 0.287912
v 0.212124 0.469666 0.242486
v 0.242354 0.469666 0.181847
v -0.212043 0.50003 0.257593
v -0.242391 0.50003 0.287912
v -0.348433 0.50003 0.166688
v -0.42565 0.481974 0.162976
v 0.242354 0.469666 0.162976
v 0.181776 0.454558 0.378817
v 0.212124 0.454558 0.34855
v 0.0150382 0.469666 0.378817
v 0.0908493 0.454558 0.439403
v 0.257587 0.439376 0.409136
v 0.348396 0.424267 0.393977
v 0.255243 0.467381 0.162976
v -0.287854 0.50003 0.272752
v -0.287854 0.484848 0.378817
v -0.227276 0.484848 0.378817
v -0.121117 0.469666 0.454563
v -0.0908863 0.469666 0.439403
v -0.378781 0.484848 0.272752
v -0.428111 0.480721 0.162976
v -0.419206 0.464654 0.318231
v -0.409012 0.469666 0.318231
v 0.242354 0.439376 0.424296
v 0.242354 0.424267 0.48483
v 0.333281 0.393903 0.515149
v 0.416591 0.340914 0.568207
v 0.446939 0.340914 0.522729
v 0.459593 0.338334 0.50506
v 0.35859 0.419182 0.388958
v 0.369253 0.414686 0.162976
v 0.284185 0.4564 0.162976
v -0.348433 0.484848 0.318231
v -0.333318 0.484848 0.333391
v -0.333318 0.469666 0.424296
v -0.30297 0.469666 0.439403
v -0.151465 0.469666 0.454563
v -0.151465 0.424267 0.575787
v 0.227239 0.409085 0.530308
v -0.409012 0.454558 0.424296
v -0.430689 0.479173 0.162976
v -0.419206 0.449472 0.424296
v 0.333281 0.378795 0.560628
v 0.401475 0.340914 0.583367
v 0.41413 0.323226 0.580805
v 0.446939 0.325732 0.537888
v 0.338319 0.368698 0.580805
v 0.477286 0.325732 0.492409
v 0.492402 0.325732 0.462143
v 0.507517 0.325732 0.416716
v 0.520172 0.323226 0.383888
v 0.535287 0.323226 0.308142
v 0.540326 0.328237 0.207096
v 0.530249 0.333323 0.212166
v 0.537631 0.329638 0.162976
v -0.363548 0.409085 0.590894
v -0.318085 0.409085 0.606054
v -0.181813 0.424267 0.575787
v -0.0959248 0.388892 0.646462
v -0.0908863 0.393903 0.636373
v 0.257587 0.378795 0.590894
v -0.420377 0.446967 0.431823
v -0.41405 0.449472 0.434333
v -0.380656 0.405327 0.590894
v -0.555478 0.37371 0.162976
v -0.555478 0.37371 0.181847
v -0.565672 0.353516 0.36371
v -0.555478 0.358601 0.378817
v -0.540363 0.358601 0.439403
v -0.541652 0.356022 0.446983
v 0.262625 0.368698 0.611125
v 0.38636 0.340914 0.598474
v 0.398898 0.323226 0.595965
v 0.383782 0.308044 0.611125
v 0.41413 -0.161567 0.580805
v 0.459593 0.232281 0.535379
v 0.444361 0.308044 0.550486
v 0.472248 0.32072 0.502551
v 0.338319 0.353516 0.611125
v 0.474709 0.308044 0.50506
v 0.505056 0.308044 0.444422
v 0.52275 0.310623 0.401557
v 0.505056 0.323226 0.429367
v 0.537865 0.310623 0.325811
v 0.545481 0.303032 0.303072
v 0.545481 0.318141 0.212166
v 0.541732 0.325584 0.162976
v 0.540326 0.328237 0.162976
v -0.368704 0.404 0.601036
v -0.323241 0.404 0.616195
v -0.313047 0.398988 0.626284
v -0.201967 0.388892 0.646462
v -0.0858479 0.383806 0.656603
v 0.121197 0.378795 0.621214
v -0.496188 0.371204 0.522729
v -0.486697 0.374963 0.530308
v -0.488572 0.371204 0.537888
v -0.397646 0.401494 0.583367
v -0.395771 0.405327 0.575787
v -0.38253 0.401494 0.598474
v -0.558173 0.371278 0.162976
v -0.566258 0.363613 0.181847
v -0.585826 0.343419 0.257593
v -0.587115 0.340914 0.265173
v -0.571999 0.340914 0.371237
v -0.566258 0.348505 0.378817
v -0.541652 0.340914 0.462143
v -0.53591 0.348505 0.469722
v -0.505679 0.363613 0.515149
v 0.126236 0.368698 0.641444
v 0.262625 0.353516 0.641444
v 0.340897 0.340914 0.628793
v 0.381322 0.32072 0.608615
v 0.353552 0.323226 0.626284
v 0.373705 0.297947 0.616195
v 0.348396 -0.164736 0.62503
v 0.398898 -0.161567 0.595965
v 0.459593 -0.161567 0.535379
v 0.38636 -0.185593 0.598474
v 0.505056 0.0505391 0.4899
v 0.474709 0.201991 0.520219
v 0.489824 0.156518 0.50506
v 0.505056 0.186809 0.474741
v 0.515133 0.303032 0.424296
v 0.530249 0.28785 0.393977
v 0.527788 0.300453 0.391468
v 0.545481 0.28785 0.333391
v 0.560597 0.272742 0.272752
v 0.558253 0.285566 0.162976
v 0.547239 0.314456 0.162976
v 0.545481 0.318141 0.162976
v -0.383819 0.388892 0.616195
v -0.338356 0.388892 0.631303
v -0.297931 0.368698 0.656603
v -0.19189 0.383806 0.656603
v -0.11104 0.343419 0.691941
v 0.100926 0.343419 0.676781
v 0.201929 0.338334 0.671711
v 0.0504245 0.368698 0.656603
v -0.489861 0.348505 0.550486
v -0.458341 0.371204 0.568207
v -0.397646 0.386386 0.613634
v -0.496188 0.356022 0.537888
v -0.575749 0.354179 0.166688
v -0.57821 0.351526 0.162976
v -0.585826 0.343419 0.162976
v -0.587115 0.340987 0.162976
v -0.590864 0.333323 0.257593
v -0.587115 0.325732 0.310651
v -0.575749 0.333323 0.36371
v -0.560634 0.333323 0.409136
v -0.545401 0.333323 0.454563
v -0.525247 0.333323 0.494971
v -0.526536 0.340914 0.492409
v -0.520795 0.348505 0.499989
v 0.2222 0.343419 0.661622
v 0.24997 0.340914 0.659112
v 0.280318 0.325732 0.659112
v 0.323204 0.323226 0.641444
v 0.353552 0.292935 0.626284
v 0.340897 -0.170411 0.628793
v 0.388821 -0.171664 0.601036
v 0.431823 -0.185593 0.553048
v 0.446939 -0.185593 0.537888
v 0.464632 -0.171664 0.525238
v 0.47342 -0.164736 0.515149
v 0.474709 -0.116168 0.520219
v 0.505056 -0.0100415 0.4899
v 0.35859 -0.186846 0.616195
v 0.356012 -0.193184 0.613634
v 0.38636 -0.193184 0.583367
v 0.520172 0.0808295 0.459581
v 0.545481 0.0303456 0.409136
v 0.515133 0.181797 0.454563
v 0.530249 0.166615 0.424296
v 0.545481 0.12129 0.393977
v 0.560597 0.12129 0.34855
v 0.560597 0.166615 0.333391
v 0.560597 0.25756 0.287912
v 0.575712 0.22727 0.227326
v 0.573486 0.240093 0.162976
v -0.368704 0.358601 0.646462
v -0.323241 0.358601 0.661622
v -0.201967 0.343419 0.691941
v -0.106002 0.333323 0.697011
v 0.105965 0.333323 0.681852
v 0.196891 0.318141 0.681852
v -0.489861 0.333323 0.550486
v -0.474746 0.348505 0.565646
v -0.520209 0.333323 0.50506
v -0.429283 0.348505 0.611125
v -0.411003 0.363613 0.61745
v -0.590864 0.333323 0.162976
v -0.606097 0.272742 0.212166
v -0.590864 0.318141 0.303072
v -0.575749 0.303032 0.36371
v -0.560634 0.318141 0.409136
v -0.545401 5.52446e-05 0.409136
v -0.526536 -0.113589 0.446983
v 0.257587 0.318141 0.666692
v 0.270124 0.315635 0.664131
v 0.302933 0.318141 0.651533
v 0.313127 0.313129 0.646462
v 0.323204 0.292935 0.641444
v 0.313127 0.282839 0.646462
v 0.333281 -0.168568 0.632609
v 0.328242 -0.186846 0.631303
v 0.431823 -0.193184 0.537888
v 0.446939 -0.193184 0.522729
v 0.459593 -0.186846 0.515149
v 0.492402 -0.178002 0.47725
v 0.454555 -0.18176 0.530308
v 0.477286 -0.170411 0.507569
v 0.494862 -0.171664 0.479811
v 0.489824 -0.161567 0.4899
v 0.505056 -0.116168 0.474741
v 0.510095 -0.0201383 0.479811
v 0.325664 -0.193184 0.628793
v 0.348396 -0.196942 0.606054
v 0.363628 -0.196942 0.590894
v 0.318165 -0.196942 0.621214
v 0.378744 -0.196942 0.575787
v 0.530249 0.0758179 0.439403
v 0.560597 0.0151636 0.36371
v 0.560597 0.0303456 0.36371
v 0.52521 -0.0201383 0.449492
v 0.530249 -0.0151268 0.439403
v 0.530249 -0.12118 0.424296
v 0.575712 0.106108 0.287912
v 0.575712 0.151507 0.272752
v 0.590944 0.166615 0.181847
v 0.590944 0.181797 0.166688
v 0.590944 0.181797 0.162976
v -0.363548 0.348505 0.651533
v -0.374914 0.356022 0.643953
v -0.383819 0.348505 0.641444
v -0.373742 0.348505 0.646462
v -0.318085 0.348505 0.666692
v -0.272739 0.333323 0.681852
v -0.196928 0.333323 0.697011
v -0.0301906 0.318141 0.697011
v -0.0150753 0.303032 0.697011
v -7.71253e-05 0.28785 0.697011
v 0.196891 0.303032 0.681852
v -0.489861 0.0151636 0.520219
v -0.474746 0.303032 0.565646
v -0.429283 0.318141 0.611125
v -0.606097 0.272742 0.162976
v -0.606097 0.25756 0.227326
v -0.590864 0.272742 0.303072
v -0.560634 -0.105998 0.34855
v -0.545401 -0.105998 0.393977
v -0.530286 -0.136362 0.424296
v -0.525247 -0.146459 0.429367
v -0.511304 -0.15147 0.456445
v -0.504976 -0.136362 0.474741
v -0.489861 -0.12118 0.50506
v 0.287817 -0.166652 0.651533
v 0.302933 0.28785 0.651533
v 0.242354 -0.166652 0.666692
v 0.33082 -0.15405 0.633864
v 0.318165 -0.18176 0.636373
v 0.287817 -0.183677 0.647717
v 0.295434 -0.185593 0.643953
v 0.408154 -0.25089 0.162976
v 0.507517 -0.178002 0.431823
v 0.438268 -0.196942 0.514051
v 0.386243 -0.25288 0.212166
v 0.395031 -0.25288 0.190211
v 0.520172 -0.171664 0.409136
v 0.511384 -0.168568 0.439403
v 0.52521 -0.156555 0.419225
v 0.52521 -0.126265 0.434333
v 0.510095 -0.126265 0.464652
v 0.280318 -0.193184 0.643953
v 0.227239 -0.227233 0.515149
v 0.310549 -0.25288 0.303072
v 0.227239 -0.196942 0.651533
v 0.212124 -0.212124 0.590894
v 0.196891 -0.227233 0.530308
v 0.363628 -0.25288 0.250013
v 0.560597 -0.12118 0.303072
v 0.575712 -0.0454171 0.257593
v 0.590944 -0.0302351 0.181847
v 0.590944 0.0758179 0.212166
v 0.545481 -0.12118 0.378817
v 0.590944 0.0909262 0.212166
v 0.530249 -0.15147 0.409136
v 0.545481 -0.15147 0.36371
v 0.590944 -0.0454171 0.162976
v -0.363548 0.333323 0.651533
v -0.383819 0.333323 0.641444
v -0.373742 0.333323 0.646462
v -0.272739 0.242378 0.681852
v -0.212043 0.318141 0.697011
v -0.0150753 0.212088 0.697011
v 0.16666 -0.166652 0.681852
v -0.474746 -0.136362 0.520219
v -0.474746 5.52446e-05 0.535379
v -0.459513 -0.0151268 0.550486
v -0.444398 -0.0151268 0.565646
v -0.444398 0.303032 0.595965
v -0.429283 5.52446e-05 0.580805
v -0.41405 0.0303456 0.595965
v -0.383819 0.12129 0.626284
v -0.606097 0.12129 0.162976
v -0.606097 0.12129 0.166688
v -0.560634 -0.12118 0.333391
v -0.556767 -0.12118 0.350432
v -0.545401 -0.136362 0.378817
v -0.540363 -0.146459 0.383888
v -0.52267 -0.159061 0.412952
v -0.507554 -0.159061 0.458327
v -0.492439 -0.174243 0.473486
v -0.474746 -0.166652 0.50506
v 0.227239 -0.18176 0.666692
v 0.242354 -0.183677 0.662876
v 0.24997 -0.185593 0.659112
v 0.55052 -0.171664 0.242486
v 0.537865 -0.178002 0.250065
v 0.52275 -0.178002 0.371237
v 0.401944 -0.25288 0.166688
v 0.402413 -0.25288 0.162976
v 0.55052 -0.156555 0.162976
v 0.541615 -0.174243 0.204587
v 0.540326 -0.176749 0.212166
v 0.55052 -0.171664 0.227326
v 0.535287 -0.171664 0.36371
v 0.366792 -0.25288 0.245622
v 0.52275 -0.16282 0.416716
v 0.540326 -0.156555 0.373799
v 0.234855 -0.193184 0.659112
v 0.16666 -0.242415 0.454563
v 0.266375 -0.25288 0.33177
v 0.306096 -0.25288 0.306208
v 0.151428 -0.196942 0.666692
v 0.0908493 -0.242415 0.48483
v 0.136312 -0.242415 0.469722
v 0.560597 -0.136362 0.287912
v 0.590944 -0.0454171 0.166688
v 0.537865 -0.16282 0.371237
v 0.555558 -0.161567 0.272752
v 0.560597 -0.15147 0.272752
v 0.560597 -0.15147 0.227326
v 0.560597 -0.136362 0.162976
v -0.318085 0.212088 0.666692
v -0.371165 0.325732 0.647717
v -0.371165 0.113699 0.632609
v -0.257507 0.151507 0.681852
v -0.212043 0.303032 0.697011
v -0.0756538 0.0909262 0.697011
v 0.151428 -0.18176 0.681852
v -0.459513 -0.15147 0.535379
v -0.429283 -0.15147 0.565646
v -0.401512 -0.159061 0.587131
v -0.575749 -0.0757074 0.162976
v -0.575749 -0.0757074 0.212166
v -0.560634 -0.12118 0.227326
v -0.55044 -0.141373 0.32832
v -0.555478 -0.131277 0.338409
v -0.535324 -0.156555 0.373799
v -0.525247 -0.161567 0.399047
v -0.494899 -0.176749 0.459581
v -0.479784 -0.176749 0.4899
v -0.462091 -0.174243 0.518965
v 0.16666 -0.183677 0.678036
v 0.227239 -0.191857 0.661622
v 0.556847 -0.159061 0.219746
v -0.439359 -0.25288 0.162976
v 0.159044 -0.193184 0.674272
v 0.236027 -0.25288 0.34693
v 0.136312 -0.196942 0.666692
v 0.105496 -0.25288 0.373642
v 0.120728 -0.25288 0.373485
v 0.129985 -0.25288 0.372492
v 0.227239 -0.25288 0.349596
v 0.0453861 -0.242415 0.48483
v -0.325701 0.204497 0.662876
v -0.310586 -0.159061 0.632609
v -0.30297 -0.15147 0.636373
v -0.257507 -0.15147 0.651533
v -0.196928 -0.15147 0.666692
v -0.181813 0.136325 0.697011
v -0.0908863 0.0758179 0.697011
v 0.121197 -0.18176 0.681852
v 0.151428 -0.191857 0.676781
v -0.401512 -0.174243 0.579551
v -0.378781 -0.166652 0.596592
v -0.558759 -0.109756 0.162976
v -0.555478 -0.116168 0.162976
v -0.555478 -0.131277 0.232344
v -0.55044 -0.141373 0.267734
v -0.439359 -0.25288 0.166688
v -0.535324 -0.156555 0.34348
v -0.484823 -0.18176 0.454563
v -0.469707 -0.18176 0.48483
v -0.469707 -0.178002 0.501923
v -0.553017 -0.128771 0.204587
v 0.121197 -0.191857 0.676781
v 0.0605014 -0.227233 0.545468
v -0.106002 -0.18176 0.666692
v -0.151465 -0.212124 0.575787
v -0.151465 -0.227233 0.530308
v -0.16658 -0.25288 0.373642
v -0.0605385 -0.242415 0.469722
v -0.181813 -0.25288 0.373328
v -0.318085 -0.166652 0.626911
v -0.295471 -0.174243 0.632609
v -0.265123 -0.159061 0.647717
v -0.242391 -0.166652 0.651533
v -0.181813 -0.166652 0.666692
v -0.121117 -0.15147 0.681852
v -0.106002 -0.166652 0.681852
v 0.113581 -0.189351 0.678036
v -0.424244 -0.178002 0.54735
v -0.393896 -0.178002 0.577669
v -0.333318 -0.178002 0.607988
v -0.437836 -0.25288 0.169824
v -0.432798 -0.25288 0.179965
v -0.419206 -0.25288 0.207096
v -0.41405 -0.25288 0.217185
v -0.411355 -0.25288 0.220949
v -0.378664 -0.25288 0.26397
v -0.368352 -0.25288 0.275105
v -0.322889 -0.25288 0.320584
v -0.106002 -0.176749 0.676781
v -0.181813 -0.18176 0.651533
v -0.212043 -0.212124 0.560628
v -0.29137 -0.25288 0.341546
v -0.272739 -0.25288 0.350903
v -0.30297 -0.178002 0.623095
v -0.287854 -0.176749 0.631303
v -0.242391 -0.176749 0.646462
v -0.250008 -0.174243 0.647717
v -0.189312 -0.174243 0.662876
v -0.113618 -0.174243 0.678036
v -0.378781 -0.18176 0.575787
v -0.287854 -0.18176 0.621214
v -0.287854 -0.196942 0.575787
v -0.181813 -0.176749 0.661622
v -0.242391 -0.18176 0.636373
f 453 454 457
f 453 457 465
f 453 465 475
f 453 475 464
f 453 464 463
f 453 463 459
f 453 459 455
f 453 455 456
f 453 456 458
f 453 458 454
f 454 458 467
f 454 467 474
f 454 474 492
f 454 492 491
f 454 491 515
f 454 515 548
f 454 548 547
f 454 547 591
f 454 591 590
f 454 590 589
f 454 589 641
f 454 641 693
f 454 693 750
f 454 750 805
f 454 805 784
f 454 784 725
f 454 725 783
f 454 783 829
f 454 829 850
f 454 850 849
f 454 849 816
f 454 816 766
f 454 766 708
f 454 708 653
f 454 653 607
f 454 607 606
f 454 606 605
f 454 605 561
f 454 561 525
f 454 525 501
f 454 501 481
f 454 481 466
f 454 466 457
f 455 459 456
f 456 460 461
f 456 461 462
f 456 462 467
f 456 467 458
f 456 459 463
f 456 463 464
f 456 464 460
f 457 466 465
f 460 468 469
f 460 469 461
f 460 464 470
f 460 470 471
f 460 471 468
f 461 469 472
f 461 472 473
f 461 473 462
f 462 474 467
f 462 473 474
f 464 475 476
f 464 476 477
f 464 477 478
f 464 478 479
f 464 479 470
f 465 466 480
f 465 480 475
f 466 481 482
f 466 482 483
f 466 483 480
f 468 484 472
f 468 472 469
f 468 471 484
f 470 479 471
f 471 485 484
f 471 479 478
f 471 478 485
f 472 484 473
f 473 486 487
f 473 487 488
f 473 488 489
f 473 489 490
f 473 490 491
f 473 491 492
f 473 492 474
f 473 484 485
f 473 485 486
f 475 480 493
f 475 493 494
f 475 494 476
f 476 494 495
f 476 495 496
f 476 496 497
f 476 497 478
f 476 478 477
f 478 497 518
f 478 518 498
f 478 498 499
f 478 499 485
f 480 483 500
f 480 500 493
f 481 501 482
f 482 502 500
f 482 500 483
f 482 501 502
f 485 499 503
f 485 503 486
f 486 503 487
f 487 504 505
f 487 505 506
f 487 506 508
f 487 508 488
f 487 503 507
f 487 507 504
f 488 508 489
f 489 508 509
f 489 509 510
f 489 510 490
f 490 510 511
f 490 511 512
f 490 512 513
f 490 513 514
f 490 514 491
f 491 514 513
f 491 513 515
f 493 495 494
f 493 500 495
f 495 516 496
f 495 500 516
f 496 516 517
f 496 517 497
f 497 517 518
f 498 518 552
f 498 552 519
f 498 519 520
f 498 520 499
f 499 521 503
f 499 520 521
f 500 502 522
f 500 522 523
f 500 523 524
f 500 524 516
f 501 525 526
f 501 526 527
f 501 527 502
f 502 527 528
f 502 528 529
f 502 529 530
f 502 530 522
f 503 521 531
f 503 531 507
f 504 507 532
f 504 532 505
f 505 532 533
f 505 533 534
f 505 534 535
f 505 535 578
f 505 578 536
f 505 536 537
f 505 537 506
f 506 537 538
f 506 538 508
f 507 531 571
f 507 571 539
f 507 539 532
f 508 538 540
f 508 540 541
f 508 541 509
f 509 541 542
f 509 542 543
f 509 543 510
f 510 543 511
f 511 543 542
f 511 542 544
f 511 544 512
f 512 544 545
f 512 545 546
f 512 546 513
f 513 546 547
f 513 547 548
f 513 548 515
f 516 549 550
f 516 550 517
f 516 524 549
f 517 550 551
f 517 551 518
f 518 551 552
f 519 553 520
f 519 552 595
f 519 595 553
f 520 553 570
f 520 570 554
f 520 554 521
f 521 554 570
f 521 570 531
f 522 530 555
f 522 555 556
f 522 556 557
f 522 557 523
f 523 557 558
f 523 558 559
f 523 559 524
f 524 559 558
f 524 558 560
f 524 560 549
f 525 561 526
f 526 561 562
f 526 562 563
f 526 563 527
f 527 563 564
f 527 564 565
f 527 565 566
f 527 566 530
f 527 530 529
f 527 529 528
f 530 567 568
f 530 568 569
f 530 569 555
f 530 566 565
f 530 565 567
f 531 570 571
f 532 539 572
f 532 572 573
f 532 573 533
f 533 573 534
f 534 573 574
f 534 574 575
f 534 575 576
f 534 576 577
f 534 577 535
f 535 577 579
f 535 579 623
f 535 623 578
f 536 578 628
f 536 628 580
f 536 580 581
f 536 581 537
f 537 581 582
f 537 582 540
f 537 540 538
f 539 571 572
f 540 582 583
f 540 583 541
f 541 583 584
f 541 584 542
f 542 584 585
f 542 585 586
f 542 586 587
f 542 587 545
f 542 545 544
f 545 587 588
f 545 588 546
f 546 589 590
f 546 590 591
f 546 591 547
f 546 588 589
f 549 560 602
f 549 602 592
f 549 592 550
f 550 592 551
f 551 593 643
f 551 643 594
f 551 594 595
f 551 595 552
f 551 592 593
f 553 595 644
f 553 644 596
f 553 596 597
f 553 597 598
f 553 598 599
f 553 599 570
f 555 569 557
f 555 557 556
f 557 600 649
f 557 649 601
f 557 601 602
f 557 602 558
f 557 569 603
f 557 603 600
f 558 602 560
f 561 604 562
f 561 605 604
f 562 604 563
f 563 606 607
f 563 607 564
f 563 604 606
f 564 607 608
f 564 608 655
f 564 655 609
f 564 609 565
f 565 609 610
f 565 610 611
f 565 611 567
f 567 612 613
f 567 613 650
f 567 650 614
f 567 614 615
f 567 615 568
f 567 611 612
f 568 615 569
f 569 615 603
f 570 599 571
f 571 599 616
f 571 616 617
f 571 617 572
f 572 574 573
f 572 617 618
f 572 618 619
f 572 619 574
f 574 620 575
f 574 619 664
f 574 664 620
f 575 620 621
f 575 621 576
f 576 621 622
f 576 622 577
f 577 622 579
f 578 623 624
f 578 624 625
f 578 625 626
f 578 626 627
f 578 627 628
f 579 622 629
f 579 629 630
f 579 630 631
f 579 631 623
f 580 632 583
f 580 583 582
f 580 582 581
f 580 628 633
f 580 633 632
f 583 632 683
f 583 683 634
f 583 634 584
f 584 634 635
f 584 635 585
f 585 635 636
f 585 636 637
f 585 637 638
f 585 638 587
f 585 587 586
f 587 638 639
f 587 639 588
f 588 639 640
f 588 640 641
f 588 641 589
f 592 602 642
f 592 642 643
f 592 643 593
f 594 643 644
f 594 644 595
f 596 644 700
f 596 700 645
f 596 645 646
f 596 646 597
f 597 646 598
f 598 647 618
f 598 618 617
f 598 617 616
f 598 616 599
f 598 646 647
f 600 648 706
f 600 706 649
f 600 603 615
f 600 615 650
f 600 650 648
f 601 649 651
f 601 651 652
f 601 652 602
f 602 652 642
f 604 605 606
f 607 653 608
f 608 653 708
f 608 708 654
f 608 654 655
f 609 655 610
f 610 655 710
f 610 710 656
f 610 656 657
f 610 657 611
f 611 657 612
f 612 658 659
f 612 659 613
f 612 657 658
f 613 659 650
f 614 650 615
f 618 647 660
f 618 660 661
f 618 661 662
f 618 662 619
f 619 662 663
f 619 663 665
f 619 665 664
f 620 664 665
f 620 665 621
f 621 666 667
f 621 667 629
f 621 629 622
f 621 665 666
f 623 668 669
f 623 669 624
f 623 631 668
f 624 669 670
f 624 670 671
f 624 671 672
f 624 672 625
f 625 672 673
f 625 673 626
f 626 673 674
f 626 674 675
f 626 675 676
f 626 676 627
f 627 676 628
f 628 677 633
f 628 676 734
f 628 734 677
f 629 667 678
f 629 678 630
f 630 679 680
f 630 680 631
f 630 678 681
f 630 681 679
f 631 680 682
f 631 682 668
f 632 633 683
f 633 684 685
f 633 685 637
f 633 637 636
f 633 636 635
f 633 635 683
f 633 677 686
f 633 686 687
f 633 687 688
f 633 688 684
f 634 683 635
f 637 689 690
f 637 690 638
f 637 685 689
f 638 690 639
f 639 690 640
f 640 690 691
f 640 691 692
f 640 692 641
f 641 692 693
f 642 694 698
f 642 698 643
f 642 652 695
f 642 695 696
f 642 696 697
f 642 697 694
f 643 698 699
f 643 699 700
f 643 700 644
f 645 700 755
f 645 755 810
f 645 810 843
f 645 843 844
f 645 844 811
f 645 811 756
f 645 756 703
f 645 703 702
f 645 702 701
f 645 701 647
f 645 647 646
f 647 702 703
f 647 703 704
f 647 704 661
f 647 661 660
f 647 701 702
f 648 650 705
f 648 705 706
f 649 706 707
f 649 707 651
f 650 659 705
f 651 707 752
f 651 752 696
f 651 696 652
f 652 696 695
f 654 708 766
f 654 766 767
f 654 767 709
f 654 709 655
f 655 709 710
f 656 710 711
f 656 711 712
f 656 712 658
f 656 658 657
f 658 712 659
f 659 712 711
f 659 711 713
f 659 713 714
f 659 714 715
f 659 715 716
f 659 716 717
f 659 717 705
f 661 718 719
f 661 719 662
f 661 704 720
f 661 720 718
f 662 719 665
f 662 665 663
f 665 719 666
f 666 719 721
f 666 721 718
f 666 718 722
f 666 722 667
f 667 722 723
f 667 723 724
f 667 724 678
f 668 682 669
f 669 725 726
f 669 726 671
f 669 671 670
f 669 682 727
f 669 727 728
f 669 728 729
f 669 729 725
f 671 726 788
f 671 788 730
f 671 730 731
f 671 731 674
f 671 674 673
f 671 673 672
f 674 731 732
f 674 732 733
f 674 733 734
f 674 734 676
f 674 676 675
f 677 734 733
f 677 733 686
f 678 724 735
f 678 735 681
f 679 681 736
f 679 736 737
f 679 737 680
f 680 737 682
f 681 735 792
f 681 792 738
f 681 738 739
f 681 739 740
f 681 740 736
f 682 737 741
f 682 741 727
f 684 742 743
f 684 743 744
f 684 744 745
f 684 745 747
f 684 747 685
f 684 688 746
f 684 746 742
f 685 747 689
f 686 733 688
f 686 688 687
f 688 733 732
f 688 732 748
f 688 748 749
f 688 749 746
f 689 747 690
f 690 747 691
f 691 747 745
f 691 745 744
f 691 744 800
f 691 800 750
f 691 750 693
f 691 693 692
f 694 697 753
f 694 753 751
f 694 751 754
f 694 754 699
f 694 699 698
f 696 752 753
f 696 753 697
f 699 754 810
f 699 810 755
f 699 755 700
f 703 756 757
f 703 757 704
f 704 757 720
f 705 717 758
f 705 758 759
f 705 759 706
f 706 759 760
f 706 760 761
f 706 761 762
f 706 762 707
f 707 762 761
f 707 761 763
f 707 763 764
f 707 764 765
f 707 765 752
f 709 767 711
f 709 711 710
f 711 767 768
f 711 768 769
f 711 769 770
f 711 770 713
f 713 770 771
f 713 771 714
f 714 771 772
f 714 772 773
f 714 773 715
f 715 773 716
f 716 773 774
f 716 774 775
f 716 775 758
f 716 758 717
f 718 723 722
f 718 721 719
f 718 720 777
f 718 777 723
f 720 757 776
f 720 776 777
f 723 777 778
f 723 778 724
f 724 778 792
f 724 792 735
f 725 779 780
f 725 780 781
f 725 781 726
f 725 729 782
f 725 782 783
f 725 784 785
f 725 785 786
f 725 786 787
f 725 787 779
f 726 781 788
f 727 741 789
f 727 789 728
f 728 789 741
f 728 741 737
f 728 737 795
f 728 795 794
f 728 794 831
f 728 831 836
f 728 836 835
f 728 835 834
f 728 834 833
f 728 833 864
f 728 864 866
f 728 866 890
f 728 890 889
f 728 889 885
f 728 885 884
f 728 884 883
f 728 883 882
f 728 882 881
f 728 881 880
f 728 880 879
f 728 879 878
f 728 878 853
f 728 853 829
f 728 829 783
f 728 783 782
f 728 782 729
f 730 788 790
f 730 790 731
f 731 790 732
f 732 790 791
f 732 791 749
f 732 749 748
f 736 740 798
f 736 798 793
f 736 793 794
f 736 794 795
f 736 795 737
f 738 792 830
f 738 830 796
f 738 796 739
f 739 796 740
f 740 796 797
f 740 797 798
f 742 799 800
f 742 800 744
f 742 744 743
f 742 746 749
f 742 749 799
f 749 791 801
f 749 801 788
f 749 788 802
f 749 802 803
f 749 803 799
f 750 800 803
f 750 803 804
f 750 804 805
f 751 806 754
f 751 753 807
f 751 807 838
f 751 838 806
f 752 765 808
f 752 808 807
f 752 807 753
f 754 809 810
f 754 806 809
f 756 811 757
f 757 811 844
f 757 844 812
f 757 812 776
f 758 775 813
f 758 813 759
f 759 813 760
f 760 813 761
f 761 813 814
f 761 814 763
f 763 814 815
f 763 815 764
f 764 815 765
f 765 815 808
f 766 816 817
f 766 817 767
f 767 817 768
f 768 818 852
f 768 852 819
f 768 819 820
f 768 820 771
f 768 771 770
f 768 770 769
f 768 817 816
f 768 816 818
f 771 821 822
f 771 822 772
f 771 820 819
f 771 819 821
f 772 822 774
f 772 774 773
f 774 822 823
f 774 823 824
f 774 824 825
f 774 825 775
f 775 825 813
f 776 812 826
f 776 826 777
f 777 826 827
f 777 827 792
f 777 792 778
f 779 787 828
f 779 828 802
f 779 802 788
f 779 788 781
f 779 781 780
f 784 805 828
f 784 828 787
f 784 787 785
f 785 787 786
f 788 801 790
f 790 801 791
f 792 827 846
f 792 846 830
f 793 798 831
f 793 831 794
f 796 830 832
f 796 832 837
f 796 837 797
f 797 833 834
f 797 834 835
f 797 835 836
f 797 836 831
f 797 831 798
f 797 837 864
f 797 864 833
f 799 803 800
f 802 828 803
f 803 828 804
f 804 828 805
f 806 838 839
f 806 839 840
f 806 840 809
f 807 808 838
f 808 815 839
f 808 839 838
f 809 840 841
f 809 841 842
f 809 842 843
f 809 843 810
f 812 845 859
f 812 859 846
f 812 846 826
f 812 844 845
f 813 825 814
f 814 847 815
f 814 825 847
f 815 847 848
f 815 848 839
f 816 849 818
f 818 849 850
f 818 850 851
f 818 851 852
f 819 852 854
f 819 854 821
f 821 853 822
f 821 854 829
f 821 829 853
f 822 853 823
f 823 853 855
f 823 855 824
f 824 855 856
f 824 856 857
f 824 857 825
f 825 857 847
f 826 846 827
f 829 854 852
f 829 852 851
f 829 851 858
f 829 858 850
f 830 846 859
f 830 859 832
f 832 860 837
f 832 859 861
f 832 861 862
f 832 862 863
f 832 863 860
f 837 860 863
f 837 863 865
f 837 865 866
f 837 866 864
f 839 867 868
f 839 868 894
f 839 894 869
f 839 869 841
f 839 841 840
f 839 848 867
f 841 869 894
f 841 894 870
f 841 870 871
f 841 871 842
f 842 871 873
f 842 873 872
f 842 872 843
f 843 872 873
f 843 873 844
f 844 873 845
f 845 874 859
f 845 873 896
f 845 896 874
f 847 857 875
f 847 875 876
f 847 876 877
f 847 877 868
f 847 868 848
f 848 868 867
f 850 858 851
f 853 878 855
f 855 878 879
f 855 879 856
f 856 879 880
f 856 880 881
f 856 881 882
f 856 882 883
f 856 883 857
f 857 883 884
f 857 884 885
f 857 885 875
f 859 874 896
f 859 896 886
f 859 886 861
f 861 886 900
f 861 900 887
f 861 887 862
f 862 887 901
f 862 901 888
f 862 888 863
f 863 888 889
f 863 889 890
f 863 890 865
f 865 890 866
f 868 877 891
f 868 891 892
f 868 892 893
f 868 893 894
f 870 894 871
f 871 894 895
f 871 895 896
f 871 896 873
f 875 885 876
f 876 885 897
f 876 897 877
f 877 898 891
f 877 897 898
f 885 889 899
f 885 899 897
f 886 896 900
f 887 900 893
f 887 893 901
f 888 901 898
f 888 898 899
f 888 899 889
f 891 898 892
f 892 898 901
f 892 901 893
f 893 900 894
f 894 900 895
f 895 900 896
f 897 899 898
o convex_2
v 0.600027 0.230409 -0.371661
v 0.605654 0.212877 -0.318578
v 0.606021 0.212107 -0.318578
v 0.602229 0.224423 -0.372217
v 0.600027 0.230409 -0.373809
v 0.596846 0.230409 -0.318578
v 0.598681 0.226903 -0.318578
v 0.613485 0.121194 -0.318578
v 0.606021 0.212107 -0.36366
v 0.601005 0.227245 -0.404074
v 0.599904 0.230409 -0.404592
v -0.636279 0.230409 -0.318578
v 0.606021 -0.0151335 -0.333358
v 0.602229 0.219676 -0.401555
v 0.605899 -0.0306563 -0.318578
v 0.590851 0.230409 -0.43945
v -0.621231 0.230409 -0.424299
v -0.636402 0.196969 -0.36366
v -0.636402 0.226903 -0.318578
v 0.602229 -0.00756449 -0.356103
v 0.560631 -0.121185 -0.560618
v 0.560631 -0.0605901 -0.560618
v 0.57568 -0.106047 -0.318578
v 0.57568 -0.106047 -0.36366
v 0.54546 -0.0757281 -0.60607
v 0.553413 0.230409 -0.542356
v -0.617805 0.230409 -0.438042
v -0.621231 0.212107 -0.43945
v -0.636402 0.106056 -0.393998
v -0.636402 0.0753522 -0.318578
v 0.556838 -0.128754 -0.568212
v 0.54546 -0.106047 -0.60607
v 0.575557 -0.106303 -0.318578
v 0.565647 -0.126231 -0.36366
v 0.571887 -0.113616 -0.371253
v 0.541668 -0.113616 -0.613664
v 0.535306 -0.0757281 -0.626296
v 0.550966 0.230409 -0.546505
v -0.602634 0.230409 -0.483494
v -0.598474 0.223482 -0.507609
v -0.601044 0.217153 -0.510128
v -0.60606 0.212107 -0.500053
v -0.621231 0.106056 -0.469751
v -0.621231 -0.0454522 -0.469751
v -0.636402 0.0757371 -0.378847
v -0.636402 0.0605991 -0.333358
v -0.621231 -0.0454522 -0.333358
v -0.621231 -0.0306563 -0.318578
v 0.555493 -0.131319 -0.560618
v 0.54546 -0.136365 -0.560618
v 0.550476 -0.131319 -0.570731
v 0.532125 -0.117422 -0.621221
v 0.570541 -0.116395 -0.318578
v 0.565647 -0.126231 -0.318578
v 0.550476 -0.141411 -0.393998
v 0.535306 -0.106047 -0.626296
v 0.504964 -0.0757281 -0.656597
v 0.474744 0.227245 -0.656597
v 0.475723 0.230409 -0.65293
v -0.596517 0.230409 -0.501683
v -0.590155 0.230409 -0.514388
v -0.565686 0.230409 -0.550506
v -0.595905 0.207061 -0.520204
v -0.550515 -0.0959548 -0.656597
v -0.565686 -0.0656361 -0.626296
v -0.570702 -0.0555441 -0.616183
v -0.598474 -0.0567843 -0.568212
v -0.602267 -0.0587086 -0.560618
v -0.603491 -0.0732051 -0.558099
v -0.60606 -0.0605901 -0.545468
v -0.621231 -0.0605901 -0.43945
v -0.60606 -0.0757281 -0.545468
v -0.636402 0.0605991 -0.348509
v -0.617193 -0.0473337 -0.318578
v -0.617928 -0.0454522 -0.318578
v -0.60606 -0.0757281 -0.318578
v 0.494931 -0.191914 -0.36366
v 0.456637 -0.206453 -0.433745
v 0.454557 -0.206453 -0.43945
v 0.449174 -0.206453 -0.451452
v 0.441711 -0.206453 -0.461231
v 0.40048 -0.206453 -0.509499
v 0.517076 -0.117422 -0.636372
v 0.550476 -0.141411 -0.318578
v 0.520135 -0.106047 -0.641447
v 0.504964 -0.0909088 -0.656597
v 0.494931 -0.0757281 -0.661635
v 0.492362 -0.0681591 -0.662895
v 0.459573 0.121194 -0.671748
v 0.446972 0.128763 -0.678045
v 0.463611 0.230409 -0.662154
v 0.473643 0.230409 -0.65556
v -0.468298 0.230409 -0.665377
v -0.550515 0.191923 -0.580807
v -0.442483 0.230409 -0.684972
v -0.54036 -0.0858628 -0.661635
v -0.530328 -0.0909088 -0.666673
v -0.520173 -0.0959548 -0.671748
v -0.520173 -0.111093 -0.671748
v -0.507571 -0.128754 -0.674267
v -0.537791 -0.113616 -0.659116
v -0.552962 -0.113616 -0.643966
v -0.565686 -0.111093 -0.626296
v -0.593458 -0.0782511 -0.578288
v -0.594682 -0.0624717 -0.575769
v -0.598474 -0.0832971 -0.568212
v -0.603491 -0.0883858 -0.542949
v -0.598474 -0.0984778 -0.553062
v -0.611076 -0.0807741 -0.444488
v -0.616092 -0.0706821 -0.434375
v -0.601044 -0.0858628 -0.318578
v 0.494931 -0.191914 -0.318578
v 0.478782 -0.206453 -0.318578
v 0.399257 -0.206453 -0.510425
v 0.504964 -0.116139 -0.646485
v 0.511326 -0.113616 -0.643966
v 0.397666 -0.206453 -0.511388
v 0.498112 -0.106047 -0.655338
v 0.496155 -0.0984778 -0.659116
v 0.489915 -0.101001 -0.661635
v 0.494931 -0.0909088 -0.661635
v 0.474744 -0.0757281 -0.671748
v 0.462143 -0.0681591 -0.678045
v 0.439386 0.121194 -0.681824
v 0.424215 0.230409 -0.681824
v 0.43645 0.230409 -0.675749
v -0.430861 0.230409 -0.688529
v -0.499986 -0.0909088 -0.681824
v -0.510018 -0.0858628 -0.676786
v -0.499986 -0.106047 -0.681824
v -0.484815 -0.136365 -0.666673
v -0.515157 -0.136365 -0.651522
v -0.522742 -0.128754 -0.659116
v -0.439302 -0.121185 -0.697011
v -0.434286 -0.131319 -0.691937
v -0.439302 -0.136365 -0.681824
v -0.570702 -0.116139 -0.601032
v -0.575718 -0.106047 -0.60607
v -0.580734 -0.111093 -0.580807
v -0.550515 -0.186868 -0.399036
v -0.550515 -0.186868 -0.353584
v -0.555531 -0.176776 -0.343471
v -0.54036 -0.191914 -0.318578
v -0.485427 -0.206453 -0.318578
v 0.459573 -0.101001 -0.676786
v 0.381639 -0.206453 -0.520834
v 0.371117 -0.206453 -0.526539
v 0.36867 -0.146457 -0.631334
v 0.358516 -0.141411 -0.641447
v 0.388857 -0.126231 -0.656597
v 0.465935 -0.0984778 -0.674267
v 0.474744 -0.0909088 -0.671748
v 0.454557 -0.0909088 -0.681824
v 0.454557 -0.0757281 -0.681824
v 0.136335 0.090875 -0.697011
v 0.121164 0.16665 -0.697011
v 0.105994 0.212107 -0.697011
v 0.0908226 0.230409 -0.697011
v -0.421073 0.230409 -0.690973
v -0.452026 -0.103524 -0.694455
v -0.358309 -0.206453 -0.54017
v -0.358921 -0.206453 -0.539948
v -0.439302 -0.206453 -0.504646
v -0.449457 -0.206453 -0.498793
v -0.460835 -0.206453 -0.491199
v -0.467197 -0.206453 -0.481124
v -0.560547 -0.121185 -0.60607
v -0.439302 -0.106047 -0.697011
v -0.151422 -0.121185 -0.697011
v -0.146406 -0.131319 -0.691937
v -0.338367 -0.156549 -0.656597
v -0.333351 -0.166641 -0.636372
v -0.348399 -0.206453 -0.542615
v -0.357331 -0.206453 -0.54043
v -0.476251 -0.206453 -0.464047
v -0.530328 -0.19696 -0.393998
v -0.530695 -0.196789 -0.318578
v -0.530328 -0.19696 -0.318578
v -0.485427 -0.206453 -0.318837
v 0.277767 -0.146457 -0.646485
v 0.404028 -0.111093 -0.671748
v 0.292938 -0.116139 -0.676786
v 0.354111 -0.206453 -0.530317
v 0.323158 -0.161595 -0.616183
v 0.313125 -0.156549 -0.626296
v 0.222222 -0.156549 -0.641447
v -0.015129 -0.0909088 -0.697011
v 0.0150905 -0.0757281 -0.697011
v 0.121164 4.48817e-06 -0.697011
v 0.136335 0.0454184 -0.697011
v -0.0756902 -0.106047 -0.697011
v -0.345341 0.230409 -0.697011
v -0.378741 0.196969 -0.697011
v -0.409083 0.106056 -0.697011
v -0.277683 -0.156549 -0.656597
v 0.0656194 -0.161595 -0.646485
v -0.31818 -0.206453 -0.549246
v 0.0606032 -0.166641 -0.636372
v -0.476863 -0.206453 -0.461787
v -0.480044 -0.206453 -0.449859
v 0.347749 -0.206453 -0.531725
v 0.232255 -0.161595 -0.631334
v 0.330498 -0.206453 -0.533169
v -0.303009 -0.206453 -0.549246
v 0.29355 -0.206453 -0.535651
v -0.0785042 -0.206453 -0.54832
f 902 903 904
f 902 904 905
f 902 905 906
f 902 906 912
f 902 912 917
f 902 917 927
f 902 927 939
f 902 939 960
f 902 960 993
f 902 993 992
f 902 992 1027
f 902 1027 1026
f 902 1026 1059
f 902 1059 1093
f 902 1093 1060
f 902 1060 1028
f 902 1028 996
f 902 996 994
f 902 994 963
f 902 963 962
f 902 962 961
f 902 961 940
f 902 940 928
f 902 928 918
f 902 918 913
f 902 913 907
f 902 907 908
f 902 908 903
f 903 908 907
f 903 907 913
f 903 913 920
f 903 920 931
f 903 931 949
f 903 949 976
f 903 976 975
f 903 975 977
f 903 977 1012
f 903 1012 1044
f 903 1044 1078
f 903 1078 1079
f 903 1079 1045
f 903 1045 1014
f 903 1014 1013
f 903 1013 985
f 903 985 955
f 903 955 954
f 903 954 934
f 903 934 924
f 903 924 916
f 903 916 909
f 903 909 904
f 904 909 910
f 904 910 905
f 905 910 911
f 905 911 912
f 905 912 906
f 909 914 915
f 909 915 910
f 909 916 914
f 910 915 911
f 911 915 917
f 911 917 912
f 913 918 919
f 913 919 920
f 914 921 915
f 914 916 922
f 914 922 921
f 915 921 922
f 915 922 923
f 915 923 917
f 916 924 925
f 916 925 922
f 917 923 926
f 917 926 927
f 918 928 929
f 918 929 919
f 919 930 946
f 919 946 974
f 919 974 947
f 919 947 931
f 919 931 920
f 919 929 930
f 922 932 937
f 922 937 933
f 922 933 926
f 922 926 923
f 922 925 936
f 922 936 932
f 924 934 925
f 925 934 954
f 925 954 935
f 925 935 936
f 926 933 937
f 926 937 938
f 926 938 927
f 927 938 939
f 928 940 941
f 928 941 942
f 928 942 943
f 928 943 929
f 929 944 930
f 929 943 944
f 930 945 946
f 930 944 945
f 931 947 948
f 931 948 949
f 932 950 951
f 932 951 952
f 932 952 953
f 932 953 937
f 932 936 935
f 932 935 950
f 935 954 955
f 935 955 985
f 935 985 956
f 935 956 950
f 937 953 957
f 937 957 938
f 938 957 986
f 938 986 987
f 938 987 958
f 938 958 959
f 938 959 939
f 939 959 960
f 940 961 941
f 941 961 962
f 941 962 942
f 942 962 963
f 942 963 964
f 942 964 965
f 942 965 966
f 942 966 967
f 942 967 968
f 942 968 969
f 942 969 943
f 943 969 944
f 944 969 970
f 944 970 971
f 944 971 973
f 944 973 945
f 945 972 946
f 945 973 972
f 946 972 974
f 947 972 948
f 947 974 972
f 948 975 976
f 948 976 949
f 948 972 977
f 948 977 975
f 950 956 978
f 950 978 979
f 950 979 980
f 950 980 951
f 951 980 981
f 951 981 982
f 951 982 952
f 952 982 983
f 952 983 984
f 952 984 953
f 953 984 957
f 956 985 1013
f 956 1013 978
f 957 984 986
f 958 987 1022
f 958 1022 988
f 958 988 989
f 958 989 991
f 958 991 990
f 958 990 959
f 959 990 991
f 959 991 992
f 959 992 993
f 959 993 960
f 963 994 995
f 963 995 964
f 964 995 965
f 965 995 994
f 965 994 996
f 965 996 997
f 965 997 998
f 965 998 1029
f 965 1029 999
f 965 999 1000
f 965 1000 1001
f 965 1001 1002
f 965 1002 1003
f 965 1003 1004
f 965 1004 1005
f 965 1005 1006
f 965 1006 966
f 966 1006 967
f 967 1006 968
f 968 1006 1005
f 968 1005 969
f 969 1005 1007
f 969 1007 970
f 970 1007 973
f 970 973 971
f 972 973 1008
f 972 1008 1009
f 972 1009 1010
f 972 1010 1011
f 972 1011 977
f 973 1007 1009
f 973 1009 1008
f 977 1011 1012
f 978 1013 1014
f 978 1014 979
f 979 1014 1045
f 979 1045 1080
f 979 1080 1101
f 979 1101 1100
f 979 1100 1076
f 979 1076 1067
f 979 1067 1066
f 979 1066 1065
f 979 1065 1064
f 979 1064 1063
f 979 1063 1062
f 979 1062 1075
f 979 1075 1074
f 979 1074 1098
f 979 1098 1105
f 979 1105 1107
f 979 1107 1106
f 979 1106 1104
f 979 1104 1102
f 979 1102 1084
f 979 1084 1048
f 979 1048 1047
f 979 1047 1018
f 979 1018 1015
f 979 1015 983
f 979 983 982
f 979 982 981
f 979 981 980
f 983 1015 984
f 984 1016 1017
f 984 1017 986
f 984 1015 1018
f 984 1018 1016
f 986 1017 1019
f 986 1019 987
f 987 1019 1020
f 987 1020 1021
f 987 1021 1022
f 988 1022 1053
f 988 1053 1023
f 988 1023 1024
f 988 1024 989
f 989 1024 991
f 991 1024 1055
f 991 1055 1025
f 991 1025 1026
f 991 1026 1027
f 991 1027 992
f 996 1028 1029
f 996 1029 1030
f 996 1030 997
f 997 1030 1029
f 997 1029 998
f 999 1029 1031
f 999 1031 1000
f 1000 1031 1001
f 1001 1032 1033
f 1001 1033 1034
f 1001 1034 1003
f 1001 1003 1002
f 1001 1031 1035
f 1001 1035 1036
f 1001 1036 1037
f 1001 1037 1032
f 1003 1034 1004
f 1004 1038 1009
f 1004 1009 1039
f 1004 1039 1007
f 1004 1007 1005
f 1004 1034 1033
f 1004 1033 1038
f 1007 1039 1009
f 1009 1038 1040
f 1009 1040 1041
f 1009 1041 1010
f 1010 1042 1043
f 1010 1043 1011
f 1010 1041 1042
f 1011 1043 1012
f 1012 1043 1044
f 1016 1046 1019
f 1016 1019 1017
f 1016 1018 1047
f 1016 1047 1048
f 1016 1048 1049
f 1016 1049 1050
f 1016 1050 1051
f 1016 1051 1046
f 1019 1021 1020
f 1019 1046 1021
f 1021 1046 1052
f 1021 1052 1053
f 1021 1053 1022
f 1023 1053 1024
f 1024 1053 1054
f 1024 1054 1055
f 1025 1055 1056
f 1025 1056 1026
f 1026 1056 1057
f 1026 1057 1058
f 1026 1058 1059
f 1028 1060 1061
f 1028 1061 1029
f 1029 1061 1031
f 1031 1061 1035
f 1032 1037 1062
f 1032 1062 1063
f 1032 1063 1064
f 1032 1064 1033
f 1033 1064 1065
f 1033 1065 1066
f 1033 1066 1067
f 1033 1067 1041
f 1033 1041 1068
f 1033 1068 1038
f 1035 1061 1069
f 1035 1069 1095
f 1035 1095 1094
f 1035 1094 1093
f 1035 1093 1059
f 1035 1059 1058
f 1035 1058 1057
f 1035 1057 1056
f 1035 1056 1091
f 1035 1091 1090
f 1035 1090 1089
f 1035 1089 1088
f 1035 1088 1092
f 1035 1092 1070
f 1035 1070 1071
f 1035 1071 1036
f 1036 1071 1096
f 1036 1096 1072
f 1036 1072 1037
f 1037 1072 1073
f 1037 1073 1074
f 1037 1074 1075
f 1037 1075 1062
f 1038 1068 1041
f 1038 1041 1040
f 1041 1067 1076
f 1041 1076 1077
f 1041 1077 1078
f 1041 1078 1042
f 1042 1078 1044
f 1042 1044 1043
f 1045 1079 1077
f 1045 1077 1080
f 1046 1054 1052
f 1046 1051 1081
f 1046 1081 1087
f 1046 1087 1082
f 1046 1082 1083
f 1046 1083 1071
f 1046 1071 1070
f 1046 1070 1054
f 1048 1084 1085
f 1048 1085 1049
f 1049 1085 1086
f 1049 1086 1050
f 1050 1086 1087
f 1050 1087 1081
f 1050 1081 1051
f 1052 1054 1053
f 1054 1088 1089
f 1054 1089 1090
f 1054 1090 1091
f 1054 1091 1056
f 1054 1056 1055
f 1054 1070 1092
f 1054 1092 1088
f 1060 1094 1095
f 1060 1095 1061
f 1060 1093 1094
f 1061 1095 1069
f 1071 1083 1087
f 1071 1087 1097
f 1071 1097 1096
f 1072 1096 1097
f 1072 1097 1099
f 1072 1099 1073
f 1073 1098 1074
f 1073 1099 1105
f 1073 1105 1098
f 1076 1100 1077
f 1077 1079 1078
f 1077 1100 1101
f 1077 1101 1080
f 1082 1087 1083
f 1084 1102 1085
f 1085 1102 1103
f 1085 1103 1087
f 1085 1087 1086
f 1087 1103 1097
f 1097 1103 1102
f 1097 1102 1104
f 1097 1104 1099
f 1099 1104 1106
f 1099 1106 1107
f 1099 1107 1105
o convex_3
v -0.287814 -0.25288 -0.573437
v -0.13161 -0.25288 -0.573437
v -0.297257 -0.25288 -0.571067
v -0.318129 -0.22729 -0.560639
v -0.318129 -0.207085 -0.550535
v -0.303018 -0.207085 -0.550535
v -0.136332 -0.237388 -0.565678
v -0.128777 -0.250012 -0.57199
v 0.219706 -0.234861 -0.556847
v 0.212056 -0.242437 -0.560639
v 0.136316 -0.25288 -0.565853
v -0.451289 -0.25288 -0.512192
v -0.439389 -0.22729 -0.51516
v -0.449494 -0.222236 -0.510121
v -0.358549 -0.207085 -0.540432
v -0.357321 -0.206453 -0.540432
v -0.348444 -0.206453 -0.542627
v -0.318129 -0.206453 -0.549263
v -0.303018 -0.206453 -0.549263
v -0.078535 -0.206453 -0.548315
v 0.212056 -0.222236 -0.550535
v 0.330484 -0.206453 -0.533172
v 0.347766 -0.206453 -0.53175
v 0.212056 -0.25288 -0.560639
v 0.156148 -0.25288 -0.56453
v -0.453744 -0.25288 -0.511194
v -0.4545 -0.212134 -0.500017
v -0.446945 -0.215924 -0.507601
v -0.358927 -0.206453 -0.539933
v -0.461772 -0.25288 -0.507227
v -0.459599 -0.232334 -0.505057
v -0.462055 -0.208348 -0.492434
v -0.358266 -0.206453 -0.540182
v 0.293558 -0.206453 -0.535642
v 0.371187 -0.206453 -0.526536
v 0.409058 -0.25288 -0.505231
v -0.449494 -0.206453 -0.498745
v -0.439389 -0.206453 -0.504608
v -0.439389 -0.207085 -0.505057
v -0.465738 -0.25288 -0.499244
v -0.464605 -0.222236 -0.494978
v -0.476315 -0.206453 -0.464044
v -0.467155 -0.206453 -0.481083
v -0.460827 -0.206453 -0.491186
v 0.381576 -0.206453 -0.520848
v 0.410097 -0.25288 -0.504732
v -0.466682 -0.25288 -0.496799
v -0.469705 -0.22729 -0.484875
v -0.480093 -0.206453 -0.449824
v 0.397725 -0.206453 -0.511368
v 0.42889 -0.25288 -0.492957
v 0.399236 -0.206453 -0.510445
v -0.469705 -0.25288 -0.484875
v -0.485948 -0.25288 -0.318603
v -0.485476 -0.206453 -0.318852
v 0.434651 -0.25288 -0.48722
v 0.400558 -0.206453 -0.509497
v -0.485476 -0.206453 -0.318603
v 0.469688 -0.25288 -0.318603
v 0.444095 -0.25288 -0.47779
v 0.441734 -0.206453 -0.4612
v 0.446928 -0.250012 -0.473499
v 0.478849 -0.206453 -0.318603
v 0.469688 -0.25288 -0.333371
v 0.448345 -0.25288 -0.472775
v 0.449195 -0.206453 -0.451396
v 0.454483 -0.25288 -0.454564
v 0.454483 -0.242437 -0.454564
v 0.456655 -0.206453 -0.433758
v 0.450328 -0.25288 -0.469457
v 0.454483 -0.206453 -0.439421
v 0.451933 -0.25288 -0.466314
f 1108 1109 1118
f 1108 1118 1132
f 1108 1132 1131
f 1108 1131 1143
f 1108 1143 1153
f 1108 1153 1158
f 1108 1158 1163
f 1108 1163 1167
f 1108 1167 1172
f 1108 1172 1177
f 1108 1177 1179
f 1108 1179 1174
f 1108 1174 1171
f 1108 1171 1166
f 1108 1166 1161
f 1108 1161 1160
f 1108 1160 1154
f 1108 1154 1147
f 1108 1147 1137
f 1108 1137 1133
f 1108 1133 1119
f 1108 1119 1110
f 1108 1110 1111
f 1108 1111 1112
f 1108 1112 1113
f 1108 1113 1109
f 1109 1113 1114
f 1109 1114 1115
f 1109 1115 1116
f 1109 1116 1117
f 1109 1117 1118
f 1110 1119 1120
f 1110 1120 1111
f 1111 1120 1121
f 1111 1121 1122
f 1111 1122 1123
f 1111 1123 1112
f 1112 1123 1124
f 1112 1124 1125
f 1112 1125 1126
f 1112 1126 1113
f 1113 1126 1127
f 1113 1127 1114
f 1114 1127 1128
f 1114 1128 1116
f 1114 1116 1115
f 1116 1128 1129
f 1116 1129 1130
f 1116 1130 1117
f 1117 1130 1131
f 1117 1131 1132
f 1117 1132 1118
f 1119 1133 1120
f 1120 1133 1121
f 1121 1134 1135
f 1121 1135 1136
f 1121 1136 1122
f 1121 1133 1137
f 1121 1137 1138
f 1121 1138 1139
f 1121 1139 1134
f 1122 1136 1140
f 1122 1140 1123
f 1123 1140 1136
f 1123 1136 1145
f 1123 1145 1144
f 1123 1144 1151
f 1123 1151 1150
f 1123 1150 1149
f 1123 1149 1156
f 1123 1156 1162
f 1123 1162 1165
f 1123 1165 1170
f 1123 1170 1176
f 1123 1176 1178
f 1123 1178 1173
f 1123 1173 1168
f 1123 1168 1164
f 1123 1164 1159
f 1123 1159 1157
f 1123 1157 1152
f 1123 1152 1142
f 1123 1142 1130
f 1123 1130 1129
f 1123 1129 1141
f 1123 1141 1127
f 1123 1127 1126
f 1123 1126 1125
f 1123 1125 1124
f 1127 1141 1128
f 1128 1141 1129
f 1130 1142 1131
f 1131 1142 1143
f 1134 1144 1135
f 1134 1139 1144
f 1135 1144 1145
f 1135 1145 1146
f 1135 1146 1136
f 1136 1146 1145
f 1137 1147 1148
f 1137 1148 1138
f 1138 1148 1139
f 1139 1148 1149
f 1139 1149 1150
f 1139 1150 1151
f 1139 1151 1144
f 1142 1152 1153
f 1142 1153 1143
f 1147 1154 1155
f 1147 1155 1148
f 1148 1155 1149
f 1149 1155 1154
f 1149 1154 1156
f 1152 1157 1153
f 1153 1157 1159
f 1153 1159 1158
f 1154 1160 1156
f 1156 1161 1162
f 1156 1160 1161
f 1158 1159 1164
f 1158 1164 1163
f 1161 1165 1162
f 1161 1166 1170
f 1161 1170 1165
f 1163 1164 1167
f 1164 1168 1169
f 1164 1169 1167
f 1166 1171 1170
f 1167 1169 1172
f 1168 1173 1169
f 1169 1173 1172
f 1170 1171 1174
f 1170 1174 1175
f 1170 1175 1176
f 1172 1173 1177
f 1173 1178 1179
f 1173 1179 1177
f 1174 1179 1175
f 1175 1179 1176
f 1176 1179 1178
o convex_4
v -0.118249 -0.25288 -0.318578
v 0.469672 -0.25288 -0.318578
v -0.118249 -0.25288 -0.0658922
v -0.118249 0.469666 -0.318578
v 0.541262 -0.159798 -0.0658922
v 0.469672 -0.25288 -0.298321
v 0.565657 -0.126265 -0.318578
v 0.454544 -0.25288 -0.0658922
v -0.118249 0.484848 -0.0658922
v -0.118249 0.484848 -0.257583
v -0.0908874 0.484848 -0.272721
v 0.0606172 0.484848 -0.287883
v 0.24209 0.469666 -0.318578
v 0.565657 -0.126265 -0.287883
v 0.611115 -0.0505023 -0.181847
v 0.58882 -0.0732754 -0.0658922
v 0.570724 -0.116168 -0.318578
v 0.617413 -0.0378261 -0.204553
v 0.611115 -0.0505023 -0.196959
v 0.227323 0.50003 -0.0658922
v 0.212194 0.50003 -0.0909233
v 0.212194 0.50003 -0.106085
v 0.25758 0.50003 -0.121223
v 0.287838 0.50003 -0.121223
v 0.212194 0.484848 -0.257583
v 0.287838 0.469666 -0.318182
v 0.287838 0.469519 -0.318578
v 0.616182 -0.0404056 -0.181847
v 0.595697 -0.0605991 -0.0658922
v 0.575646 -0.106293 -0.318578
v 0.605903 -0.0306773 -0.318578
v 0.621249 -0.0302351 -0.196959
v 0.616182 -0.0404056 -0.196959
v 0.575791 -0.105998 -0.318578
v 0.240497 0.49804 -0.0658922
v 0.25758 0.50003 -0.0757859
v 0.287838 0.50003 -0.106085
v 0.363626 0.484848 -0.166684
v 0.348498 0.484848 -0.181847
v 0.363626 0.481089 -0.183726
v 0.46989 0.424415 -0.318578
v 0.621249 -0.0302351 -0.181847
v 0.60974 5.52446e-05 -0.0658922
v 0.606048 -0.0302351 -0.318182
v 0.613432 0.12129 -0.318578
v 0.617413 0.113699 -0.310613
v 0.621249 0.12129 -0.303045
v 0.279152 0.49126 -0.0658922
v 0.28031 0.492439 -0.0681925
v 0.272709 0.50003 -0.0909233
v 0.295438 0.492439 -0.0833546
v 0.409085 0.469666 -0.151547
v 0.409085 0.469666 -0.181847
v 0.419147 0.464654 -0.186892
v 0.512163 0.406137 -0.318578
v 0.621249 0.0606359 -0.0757859
v 0.621249 0.0705116 -0.0658922
v 0.606048 0.212088 -0.318578
v 0.616182 0.12129 -0.313136
v 0.621249 0.151507 -0.287883
v 0.303039 0.484848 -0.0658922
v 0.325262 0.476815 -0.0658922
v 0.373471 0.457211 -0.0658922
v 0.388672 0.44962 -0.0658922
v 0.398951 0.444461 -0.0658922
v 0.414152 0.459569 -0.131339
v 0.416686 0.462149 -0.143954
v 0.419147 0.464654 -0.156593
v 0.429281 0.459569 -0.176801
v 0.578831 0.336418 -0.318578
v 0.429281 0.459569 -0.161639
v 0.550528 0.338334 -0.10104
v 0.585852 0.328237 -0.277791
v 0.621249 0.151507 -0.0658922
v 0.590919 0.318141 -0.318578
v 0.621249 0.166615 -0.257583
v 0.519257 0.352558 -0.0658922
v 0.426747 0.457063 -0.148999
v 0.585852 0.328237 -0.318578
v 0.520198 0.353516 -0.0707154
v 0.56819 0.310623 -0.0681925
v 0.565657 0.323226 -0.10104
v 0.590919 0.318141 -0.272721
v 0.590558 0.318951 -0.318578
v 0.621249 0.181797 -0.0909233
v 0.61097 0.22727 -0.0658922
v 0.621249 0.181797 -0.196959
v 0.567756 0.310107 -0.0658922
v 0.605035 0.242599 -0.0658922
v 0.575791 0.303032 -0.0909233
v 0.570724 0.313129 -0.0959691
f 1180 1181 1185
f 1180 1185 1187
f 1180 1187 1182
f 1180 1182 1188
f 1180 1188 1189
f 1180 1189 1183
f 1180 1183 1192
f 1180 1192 1206
f 1180 1206 1220
f 1180 1220 1234
f 1180 1234 1249
f 1180 1249 1258
f 1180 1258 1263
f 1180 1263 1254
f 1180 1254 1237
f 1180 1237 1224
f 1180 1224 1210
f 1180 1210 1213
f 1180 1213 1209
f 1180 1209 1196
f 1180 1196 1186
f 1180 1186 1181
f 1181 1184 1185
f 1181 1186 1184
f 1182 1187 1184
f 1182 1184 1195
f 1182 1195 1208
f 1182 1208 1222
f 1182 1222 1236
f 1182 1236 1253
f 1182 1253 1265
f 1182 1265 1268
f 1182 1268 1267
f 1182 1267 1256
f 1182 1256 1244
f 1182 1244 1243
f 1182 1243 1242
f 1182 1242 1241
f 1182 1241 1240
f 1182 1240 1227
f 1182 1227 1214
f 1182 1214 1199
f 1182 1199 1188
f 1183 1189 1190
f 1183 1190 1191
f 1183 1191 1192
f 1184 1187 1185
f 1184 1186 1193
f 1184 1193 1194
f 1184 1194 1195
f 1186 1196 1197
f 1186 1197 1198
f 1186 1198 1194
f 1186 1194 1193
f 1188 1199 1200
f 1188 1200 1201
f 1188 1201 1189
f 1189 1201 1190
f 1190 1201 1202
f 1190 1202 1191
f 1191 1202 1203
f 1191 1203 1204
f 1191 1204 1205
f 1191 1205 1206
f 1191 1206 1192
f 1194 1198 1212
f 1194 1212 1207
f 1194 1207 1208
f 1194 1208 1195
f 1196 1209 1197
f 1197 1210 1211
f 1197 1211 1212
f 1197 1212 1198
f 1197 1209 1213
f 1197 1213 1210
f 1199 1214 1215
f 1199 1215 1229
f 1199 1229 1216
f 1199 1216 1203
f 1199 1203 1202
f 1199 1202 1201
f 1199 1201 1200
f 1203 1216 1217
f 1203 1217 1218
f 1203 1218 1205
f 1203 1205 1204
f 1205 1218 1217
f 1205 1217 1219
f 1205 1219 1220
f 1205 1220 1206
f 1207 1212 1211
f 1207 1211 1221
f 1207 1221 1208
f 1208 1221 1222
f 1210 1223 1211
f 1210 1224 1225
f 1210 1225 1226
f 1210 1226 1223
f 1211 1223 1226
f 1211 1226 1239
f 1211 1239 1255
f 1211 1255 1266
f 1211 1266 1264
f 1211 1264 1253
f 1211 1253 1236
f 1211 1236 1235
f 1211 1235 1221
f 1214 1227 1228
f 1214 1228 1215
f 1215 1228 1229
f 1216 1229 1228
f 1216 1228 1230
f 1216 1230 1231
f 1216 1231 1217
f 1217 1232 1220
f 1217 1220 1219
f 1217 1231 1232
f 1220 1232 1233
f 1220 1233 1234
f 1221 1235 1222
f 1222 1235 1236
f 1224 1237 1238
f 1224 1238 1225
f 1225 1238 1226
f 1226 1238 1237
f 1226 1237 1239
f 1227 1240 1228
f 1228 1240 1230
f 1230 1240 1241
f 1230 1241 1231
f 1231 1241 1242
f 1231 1242 1243
f 1231 1243 1244
f 1231 1244 1245
f 1231 1245 1246
f 1231 1246 1247
f 1231 1247 1233
f 1231 1233 1232
f 1233 1247 1250
f 1233 1250 1248
f 1233 1248 1234
f 1234 1248 1250
f 1234 1250 1251
f 1234 1251 1252
f 1234 1252 1249
f 1237 1254 1239
f 1239 1254 1255
f 1244 1256 1245
f 1245 1256 1257
f 1245 1257 1246
f 1246 1257 1250
f 1246 1250 1247
f 1249 1252 1258
f 1250 1257 1256
f 1250 1256 1259
f 1250 1259 1251
f 1251 1260 1261
f 1251 1261 1252
f 1251 1259 1256
f 1251 1256 1260
f 1252 1261 1270
f 1252 1270 1262
f 1252 1262 1263
f 1252 1263 1258
f 1253 1264 1265
f 1254 1266 1255
f 1254 1263 1262
f 1254 1262 1264
f 1254 1264 1266
f 1256 1267 1260
f 1260 1267 1268
f 1260 1268 1269
f 1260 1269 1270
f 1260 1270 1261
f 1262 1270 1269
f 1262 1269 1268
f 1262 1268 1265
f 1262 1265 1264
o convex_5
v -0.318131 0.230409 -0.318578
v 0.377134 0.230409 -0.318578
v -0.318131 0.494276 -0.318578
v 0.377134 0.443699 -0.318578
v -0.28787 0.50003 -0.318578
v -0.303382 0.499819 -0.318578
v -0.318131 0.484828 -0.484939
v -0.28787 0.50003 -0.333358
v -0.273076 0.50003 -0.318578
v 0.3485 0.469725 -0.469744
v 0.3485 0.469725 -0.439446
v 0.377134 0.457075 -0.605547
v 0.377134 0.454569 -0.348519
v 0.287883 0.469514 -0.318578
v 0.377134 0.452882 -0.340127
v 0.377134 0.451617 -0.335042
v 0.377134 0.419196 -0.676774
v 0.377134 0.445292 -0.632182
v 0.373739 0.449509 -0.627559
v 0.363648 0.449509 -0.631328
v 0.364733 0.454569 -0.620162
v 0.3485 0.454569 -0.621229
v -0.318131 0.454557 -0.560618
v 0.340925 0.450774 -0.628803
v 0.3485 0.449509 -0.631328
v -0.0227595 0.420458 -0.659116
v -0.318131 0.419191 -0.631334
v -0.0151605 0.419191 -0.661635
v 0.287883 0.419196 -0.676774
v -0.212105 0.404042 -0.661635
v 0.287883 0.4091 -0.681859
v 0.377134 0.4091 -0.681859
v -0.272717 0.303067 -0.697011
v -0.318131 0.348514 -0.681824
v -0.212105 0.393961 -0.666673
v -0.318131 0.388893 -0.661635
v -0.318131 0.409162 -0.641965
v -0.318131 0.230409 -0.697011
v -0.318131 0.272769 -0.697011
v 0.0757576 0.272769 -0.697011
v -0.0606195 0.303067 -0.697011
v 0.0909106 0.257593 -0.697011
v 0.0909106 0.230409 -0.697011
v 0.377134 0.230409 -0.681859
v 0.31818 0.469725 -0.484892
f 1272 1273 1271
f 1274 1273 1272
f 1275 1273 1274
f 1276 1273 1275
f 1276 1277 1273
f 1276 1278 1277
f 1276 1275 1278
f 1279 1278 1275
f 1279 1280 1278
f 1281 1280 1279
f 1281 1282 1280
f 1281 1283 1282
f 1284 1283 1281
f 1285 1283 1284
f 1285 1286 1283
f 1285 1284 1286
f 1286 1284 1274
f 1286 1274 1283
f 1283 1274 1282
f 1282 1274 1287
f 1288 1282 1287
f 1288 1289 1282
f 1288 1287 1289
f 1289 1287 1290
f 1289 1290 1291
f 1289 1291 1282
f 1292 1282 1291
f 1292 1277 1282
f 1292 1293 1277
f 1292 1294 1293
f 1292 1290 1294
f 1292 1291 1290
f 1295 1294 1290
f 1296 1294 1295
f 1296 1293 1294
f 1296 1297 1293
f 1296 1298 1297
f 1296 1295 1298
f 1299 1298 1295
f 1299 1300 1298
f 1299 1301 1300
f 1299 1287 1301
f 1299 1295 1287
f 1295 1290 1287
f 1301 1287 1302
f 1301 1302 1303
f 1301 1303 1304
f 1305 1301 1304
f 1305 1300 1301
f 1305 1304 1300
f 1306 1300 1304
f 1307 1300 1306
f 1307 1297 1300
f 1307 1306 1297
f 1306 1304 1297
f 1304 1308 1297
f 1309 1308 1304
f 1309 1303 1308
f 1309 1304 1303
f 1303 1310 1308
f 1311 1310 1303
f 1311 1302 1310
f 1311 1303 1302
f 1312 1310 1302
f 1312 1313 1310
f 1312 1302 1313
f 1313 1302 1314
f 1313 1314 1308
f 1313 1308 1310
f 1271 1308 1314
f 1273 1308 1271
f 1297 1308 1273
f 1277 1297 1273
f 1293 1297 1277
f 1272 1271 1314
f 1272 1314 1287
f 1274 1272 1287
f 1302 1287 1314
f 1298 1300 1297
f 1282 1277 1278
f 1315 1282 1278
f 1315 1280 1282
f 1315 1278 1280
f 1284 1279 1274
f 1284 1281 1279
f 1279 1275 1274
o convex_6
v -0.621249 0.159675 0.0384674
v -0.621249 0.166637 0.0606143
v -0.621249 0.227263 0.0384674
v -0.609585 -0.0908892 0.0384674
v -0.621249 0.181821 0.075759
v -0.621249 0.227263 0.0454581
v -0.617312 0.249409 0.0384674
v -0.604359 -0.101798 0.0384674
v -0.601041 -0.100975 0.0505083
v -0.602304 -0.0681406 0.0681809
v -0.61746 0.202925 0.0972898
v -0.621249 0.19695 0.075759
v -0.61725 0.204953 0.0972898
v -0.606093 0.272706 0.0972898
v -0.606093 0.28789 0.075759
v -0.606093 0.303019 0.0454581
v -0.606093 0.303019 0.0384674
v -0.598923 -0.104045 0.0384674
v -0.583359 -0.102236 0.0833371
v -0.585885 -0.100975 0.0808092
v -0.583359 -0.0984539 0.0871262
v -0.585885 -0.0908892 0.0858593
v -0.590937 -0.023904 0.0972898
v -0.59423 0.309378 0.0972898
v -0.602304 0.295455 0.0833371
v -0.602304 0.310584 0.0530362
v -0.595989 0.323246 0.0454581
v -0.598317 0.318587 0.0384674
v -0.494749 -0.131782 0.0384674
v -0.494749 -0.131782 0.0803485
v -0.590937 -0.106018 0.0454581
v -0.567967 -0.0982346 0.0972898
v -0.569701 -0.0972479 0.0972898
v -0.515192 -0.121203 0.0972898
v -0.575025 -0.0911633 0.0972898
v -0.580176 -0.07576 0.0972898
v -0.590937 0.318148 0.0972898
v -0.588807 0.322424 0.0972898
v -0.585885 0.328289 0.0972898
v -0.578715 0.342651 0.0972898
v -0.570741 0.358603 0.0972898
v -0.587148 0.340897 0.0530362
v -0.595989 0.323246 0.0384674
v -0.583173 0.348845 0.0384674
v -0.494749 0.428219 0.0384674
v -0.494749 -0.127616 0.0972898
v -0.565689 0.368689 0.0972898
v -0.580833 0.353505 0.0454581
v -0.580833 0.353505 0.0384674
v -0.499157 0.425972 0.0384674
v -0.520244 0.414131 0.0972898
v -0.515985 0.416269 0.0972898
v -0.494749 0.426904 0.0972898
v -0.55686 0.38634 0.0681809
v -0.535388 0.399002 0.0972898
v -0.555597 0.388861 0.0606143
v -0.555597 0.388861 0.0384674
v -0.5249 0.411829 0.0384674
v -0.546805 0.398289 0.0384674
f 1316 1317 1320
f 1316 1320 1327
f 1316 1327 1321
f 1316 1321 1318
f 1316 1318 1322
f 1316 1322 1332
f 1316 1332 1343
f 1316 1343 1358
f 1316 1358 1359
f 1316 1359 1364
f 1316 1364 1372
f 1316 1372 1374
f 1316 1374 1373
f 1316 1373 1365
f 1316 1365 1360
f 1316 1360 1344
f 1316 1344 1333
f 1316 1333 1323
f 1316 1323 1319
f 1316 1319 1317
f 1317 1319 1320
f 1318 1321 1322
f 1319 1323 1324
f 1319 1324 1325
f 1319 1325 1326
f 1319 1326 1320
f 1320 1326 1327
f 1321 1327 1328
f 1321 1328 1329
f 1321 1329 1330
f 1321 1330 1331
f 1321 1331 1322
f 1322 1331 1332
f 1323 1333 1324
f 1324 1333 1334
f 1324 1334 1335
f 1324 1335 1325
f 1325 1335 1336
f 1325 1336 1337
f 1325 1337 1338
f 1325 1338 1326
f 1326 1328 1327
f 1326 1338 1351
f 1326 1351 1350
f 1326 1350 1348
f 1326 1348 1347
f 1326 1347 1349
f 1326 1349 1361
f 1326 1361 1368
f 1326 1368 1367
f 1326 1367 1366
f 1326 1366 1370
f 1326 1370 1362
f 1326 1362 1356
f 1326 1356 1355
f 1326 1355 1354
f 1326 1354 1353
f 1326 1353 1352
f 1326 1352 1339
f 1326 1339 1329
f 1326 1329 1328
f 1329 1339 1340
f 1329 1340 1330
f 1330 1340 1341
f 1330 1341 1331
f 1331 1341 1342
f 1331 1342 1343
f 1331 1343 1332
f 1333 1344 1345
f 1333 1345 1346
f 1333 1346 1334
f 1334 1347 1348
f 1334 1348 1336
f 1334 1336 1335
f 1334 1346 1345
f 1334 1345 1349
f 1334 1349 1347
f 1336 1348 1350
f 1336 1350 1351
f 1336 1351 1338
f 1336 1338 1337
f 1339 1352 1340
f 1340 1352 1341
f 1341 1352 1353
f 1341 1353 1354
f 1341 1354 1355
f 1341 1355 1356
f 1341 1356 1357
f 1341 1357 1342
f 1342 1358 1343
f 1342 1357 1359
f 1342 1359 1358
f 1344 1360 1368
f 1344 1368 1361
f 1344 1361 1345
f 1345 1361 1349
f 1356 1362 1357
f 1357 1362 1363
f 1357 1363 1359
f 1359 1363 1364
f 1360 1365 1366
f 1360 1366 1367
f 1360 1367 1368
f 1362 1369 1363
f 1362 1370 1369
f 1363 1369 1371
f 1363 1371 1372
f 1363 1372 1364
f 1365 1373 1366
f 1366 1373 1374
f 1366 1374 1371
f 1366 1371 1369
f 1366 1369 1370
f 1371 1374 1372
o convex_7
v -0.318131 0.494287 -0.318578
v -0.378832 0.500007 -0.318578
v -0.318131 0.230409 -0.318578
v -0.318131 0.484853 -0.484828
v -0.32327 0.479819 -0.626296
v -0.333361 0.484853 -0.621221
v -0.378832 0.500007 -0.621221
v -0.447009 0.511367 -0.613664
v -0.409136 0.500007 -0.318578
v -0.636276 0.230409 -0.318578
v -0.318131 0.230409 -0.697011
v -0.318131 0.484825 -0.484939
v -0.318224 0.469725 -0.621221
v -0.321993 0.469725 -0.638261
v -0.325792 0.477289 -0.640187
v -0.333361 0.481084 -0.638261
v -0.378832 0.494974 -0.631334
v -0.378832 0.489913 -0.641447
v -0.454577 0.489913 -0.656597
v -0.454577 0.494974 -0.646485
v -0.462176 0.496239 -0.643966
v -0.454577 0.505701 -0.621221
v -0.522753 0.481084 -0.522723
v -0.515154 0.484853 -0.500053
v -0.515154 0.484853 -0.469751
v -0.469744 0.492251 -0.318578
v -0.636276 0.242126 -0.318578
v -0.621233 0.230409 -0.424299
v -0.345414 0.230409 -0.697011
v -0.318131 0.272766 -0.697011
v -0.318131 0.45457 -0.560618
v -0.318131 0.424233 -0.621258
v -0.318131 0.419172 -0.631334
v -0.318131 0.40916 -0.641965
v -0.318131 0.38889 -0.661635
v -0.321993 0.462134 -0.643966
v -0.33716 0.45457 -0.668599
v -0.348528 0.459604 -0.671748
v -0.348528 0.474758 -0.656597
v -0.424273 0.449509 -0.691937
v -0.454577 0.449509 -0.691937
v -0.469744 0.464664 -0.676786
v -0.477281 0.46593 -0.674267
v -0.469744 0.475391 -0.666673
v -0.522753 0.46593 -0.568212
v -0.583361 0.420465 -0.522723
v -0.525276 0.479819 -0.515166
v -0.525276 0.479819 -0.469751
v -0.486594 0.486228 -0.318578
v -0.486345 0.486338 -0.318578
v -0.636183 0.257804 -0.318578
v -0.621233 0.242456 -0.424299
v -0.617807 0.230409 -0.438042
v -0.424273 0.242456 -0.697011
v -0.421158 0.230409 -0.690973
v -0.363665 0.42426 -0.697011
v -0.356096 0.431824 -0.693196
v -0.348528 0.439415 -0.687528
v -0.343483 0.42426 -0.686899
v -0.318131 0.348513 -0.681824
v -0.318131 0.368729 -0.671748
v -0.34096 0.446979 -0.678045
v -0.416705 0.446979 -0.693196
v -0.424273 0.439415 -0.697011
v -0.462176 0.450775 -0.689418
v -0.454577 0.439415 -0.697011
v -0.469744 0.452672 -0.685639
v -0.479804 0.459604 -0.676786
v -0.571993 0.411003 -0.560618
v -0.585884 0.414139 -0.525279
v -0.585884 0.4192 -0.515166
v -0.580838 0.429294 -0.469751
v -0.60102 0.404045 -0.393998
v -0.611142 0.383856 -0.318578
v -0.621233 0.363668 -0.318578
v -0.621233 0.363668 -0.333358
v -0.621233 0.348513 -0.378847
v -0.621233 0.318203 -0.409149
v -0.606066 0.348513 -0.469751
v -0.590929 0.409105 -0.515166
v -0.60264 0.230409 -0.483494
v -0.454577 0.257611 -0.697011
v -0.447009 0.234865 -0.689418
v -0.430969 0.230409 -0.688529
v -0.464699 0.444449 -0.691937
v -0.500017 0.303049 -0.697011
v -0.47479 0.434354 -0.686899
v -0.510108 0.308109 -0.691937
v -0.55558 0.399011 -0.601032
v -0.570716 0.399011 -0.570731
v -0.60102 0.404045 -0.424299
v -0.602297 0.401514 -0.386404
v -0.611267 0.383609 -0.318578
v -0.611142 0.383856 -0.333358
v -0.606066 0.393951 -0.424299
v -0.596535 0.230409 -0.501683
v -0.575762 0.393951 -0.560618
v -0.48485 0.272766 -0.697011
v -0.507585 0.265175 -0.689418
v -0.442555 0.230409 -0.684972
v -0.459653 0.237396 -0.686899
v -0.494972 0.353574 -0.691937
v -0.500017 0.287921 -0.697011
v -0.510108 0.292954 -0.691937
v -0.522753 0.268971 -0.674267
v -0.590151 0.230409 -0.514388
v -0.575762 0.363668 -0.560618
v -0.522753 0.265175 -0.674267
v -0.52023 0.25255 -0.671748
v -0.50254 0.255081 -0.68438
v -0.468405 0.230409 -0.665377
v -0.477281 0.234865 -0.674267
v -0.565671 0.230409 -0.550506
f 1375 1376 1383
f 1375 1383 1400
f 1375 1400 1424
f 1375 1424 1423
f 1375 1423 1448
f 1375 1448 1467
f 1375 1467 1449
f 1375 1449 1425
f 1375 1425 1401
f 1375 1401 1384
f 1375 1384 1377
f 1375 1377 1385
f 1375 1385 1404
f 1375 1404 1434
f 1375 1434 1435
f 1375 1435 1409
f 1375 1409 1408
f 1375 1408 1407
f 1375 1407 1406
f 1375 1406 1405
f 1375 1405 1386
f 1375 1386 1378
f 1375 1378 1379
f 1375 1379 1380
f 1375 1380 1381
f 1375 1381 1382
f 1375 1382 1376
f 1376 1382 1383
f 1377 1384 1402
f 1377 1402 1427
f 1377 1427 1455
f 1377 1455 1470
f 1377 1470 1480
f 1377 1480 1487
f 1377 1487 1485
f 1377 1485 1474
f 1377 1474 1458
f 1377 1458 1429
f 1377 1429 1403
f 1377 1403 1385
f 1378 1386 1387
f 1378 1387 1379
f 1379 1387 1388
f 1379 1388 1389
f 1379 1389 1390
f 1379 1390 1380
f 1380 1390 1381
f 1381 1390 1391
f 1381 1391 1382
f 1382 1391 1392
f 1382 1392 1393
f 1382 1393 1394
f 1382 1394 1395
f 1382 1395 1396
f 1382 1396 1397
f 1382 1397 1398
f 1382 1398 1399
f 1382 1399 1400
f 1382 1400 1383
f 1384 1401 1426
f 1384 1426 1402
f 1385 1403 1428
f 1385 1428 1456
f 1385 1456 1472
f 1385 1472 1477
f 1385 1477 1460
f 1385 1460 1440
f 1385 1440 1438
f 1385 1438 1430
f 1385 1430 1404
f 1386 1405 1387
f 1387 1405 1406
f 1387 1406 1407
f 1387 1407 1408
f 1387 1408 1409
f 1387 1409 1410
f 1387 1410 1388
f 1388 1410 1389
f 1389 1410 1411
f 1389 1411 1412
f 1389 1412 1413
f 1389 1413 1390
f 1390 1392 1391
f 1390 1413 1392
f 1392 1413 1393
f 1393 1413 1412
f 1393 1412 1414
f 1393 1414 1415
f 1393 1415 1416
f 1393 1416 1417
f 1393 1417 1418
f 1393 1418 1395
f 1393 1395 1394
f 1395 1418 1417
f 1395 1417 1419
f 1395 1419 1397
f 1395 1397 1396
f 1397 1420 1445
f 1397 1445 1421
f 1397 1421 1422
f 1397 1422 1399
f 1397 1399 1398
f 1397 1419 1420
f 1399 1422 1423
f 1399 1423 1424
f 1399 1424 1400
f 1401 1425 1426
f 1402 1426 1427
f 1403 1429 1428
f 1404 1430 1431
f 1404 1431 1432
f 1404 1432 1433
f 1404 1433 1434
f 1409 1435 1410
f 1410 1435 1434
f 1410 1434 1436
f 1410 1436 1411
f 1411 1436 1412
f 1412 1436 1432
f 1412 1432 1437
f 1412 1437 1414
f 1414 1437 1438
f 1414 1438 1440
f 1414 1440 1415
f 1415 1439 1416
f 1415 1440 1439
f 1416 1439 1417
f 1417 1439 1441
f 1417 1441 1442
f 1417 1442 1443
f 1417 1443 1420
f 1417 1420 1419
f 1420 1444 1445
f 1420 1443 1444
f 1421 1445 1446
f 1421 1446 1422
f 1422 1446 1447
f 1422 1447 1448
f 1422 1448 1423
f 1425 1449 1450
f 1425 1450 1451
f 1425 1451 1452
f 1425 1452 1426
f 1426 1452 1453
f 1426 1453 1427
f 1427 1453 1454
f 1427 1454 1455
f 1428 1429 1457
f 1428 1457 1456
f 1429 1458 1457
f 1430 1438 1437
f 1430 1437 1431
f 1431 1437 1432
f 1432 1436 1433
f 1433 1436 1434
f 1439 1440 1459
f 1439 1459 1441
f 1440 1460 1459
f 1441 1459 1442
f 1442 1459 1461
f 1442 1461 1462
f 1442 1462 1463
f 1442 1463 1443
f 1443 1463 1464
f 1443 1464 1444
f 1444 1454 1445
f 1444 1464 1454
f 1445 1454 1469
f 1445 1469 1465
f 1445 1465 1446
f 1446 1465 1447
f 1447 1466 1448
f 1447 1465 1466
f 1448 1466 1467
f 1449 1467 1450
f 1450 1467 1468
f 1450 1468 1465
f 1450 1465 1469
f 1450 1469 1451
f 1451 1469 1454
f 1451 1454 1452
f 1452 1454 1453
f 1454 1470 1455
f 1454 1464 1471
f 1454 1471 1470
f 1456 1457 1473
f 1456 1473 1472
f 1457 1458 1474
f 1457 1474 1475
f 1457 1475 1473
f 1459 1460 1476
f 1459 1476 1461
f 1460 1477 1478
f 1460 1478 1462
f 1460 1462 1476
f 1461 1476 1462
f 1462 1478 1482
f 1462 1482 1479
f 1462 1479 1463
f 1463 1479 1464
f 1464 1479 1471
f 1465 1468 1466
f 1466 1468 1467
f 1470 1471 1481
f 1470 1481 1482
f 1470 1482 1483
f 1470 1483 1480
f 1471 1479 1482
f 1471 1482 1481
f 1472 1473 1477
f 1473 1475 1484
f 1473 1484 1483
f 1473 1483 1482
f 1473 1482 1478
f 1473 1478 1477
f 1474 1485 1486
f 1474 1486 1475
f 1475 1486 1483
f 1475 1483 1484
f 1480 1483 1487
f 1483 1486 1487
f 1485 1487 1486
o convex_8
v -0.257556 0.515182 0.106071
v -0.257556 0.515182 0.0972956
v -0.266299 0.515182 0.0972956
v -0.34846 0.499996 0.16297
v -0.151441 0.499996 0.16297
v 0.151455 0.484809 0.16297
v 0.181756 0.484809 0.151519
v 0.196967 0.484809 0.136366
v 0.212058 0.484809 0.121225
v 0.212058 0.484809 0.106071
v 0.203314 0.484809 0.0972956
v -0.363551 0.499996 0.0972956
v -0.363551 0.499996 0.121225
v -0.424154 0.484809 0.151519
v -0.425592 0.481952 0.16297
v 0.242359 0.469697 0.16297
v 0.255294 0.467366 0.16297
v 0.25757 0.469697 0.151519
v 0.224753 0.482328 0.103545
v 0.219244 0.481801 0.0972956
v -0.424154 0.484809 0.0972956
v -0.430023 0.481952 0.0972956
v -0.434335 0.479772 0.151519
v -0.428107 0.480749 0.16297
v 0.284158 0.45639 0.16297
v 0.363565 0.424212 0.136366
v 0.35602 0.431805 0.0984914
v 0.292662 0.459322 0.0972956
v 0.271463 0.468419 0.0972956
v 0.226789 0.480223 0.0972956
v -0.434335 0.479772 0.0972956
v -0.435532 0.47729 0.159099
v -0.520209 0.414137 0.106071
v -0.5353 0.398951 0.136366
v -0.430742 0.47917 0.16297
v 0.369194 0.414739 0.16297
v 0.37123 0.416618 0.159099
v 0.540344 0.328279 0.16297
v 0.358415 0.430602 0.0972956
v 0.354822 0.432407 0.0972956
v -0.520209 0.414137 0.0972956
v -0.555541 0.373689 0.16297
v -0.55051 0.383839 0.136366
v -0.578177 0.35151 0.16297
v -0.558176 0.371283 0.16297
v 0.537709 0.329632 0.16297
v 0.541781 0.325573 0.16297
v 0.540344 0.328279 0.0972956
v -0.55051 0.383839 0.0972956
v -0.565601 0.368652 0.136366
v -0.585842 0.343391 0.16297
v 0.54226 0.32452 0.0972956
v 0.54729 0.314446 0.16297
v 0.550524 0.308055 0.156573
v 0.555554 0.297981 0.146473
v 0.551842 0.305424 0.0972956
v 0.550524 0.308055 0.0972956
v -0.565601 0.368652 0.0972956
v -0.585842 0.343391 0.151519
v -0.590873 0.333316 0.16297
v 0.558309 0.285576 0.16297
v 0.560585 0.287831 0.151519
v 0.555554 0.297981 0.0972956
v -0.568596 0.362788 0.0972956
v -0.590873 0.333316 0.151519
v -0.575782 0.348503 0.0972956
v -0.606083 0.272719 0.16297
v 0.5734 0.24009 0.16297
v 0.575676 0.242421 0.151519
v 0.560585 0.287831 0.0972956
v -0.590873 0.31813 0.0972956
v -0.594226 0.309408 0.0972956
v -0.606083 0.272719 0.0972956
v -0.585842 0.328279 0.0972956
v -0.617341 0.204529 0.0984914
v -0.606083 0.121227 0.16297
v 0.590886 0.181824 0.16297
v 0.575676 0.242421 0.0972956
v -0.617222 0.204905 0.0972956
v -0.617341 0.20295 0.0972956
v -0.606083 0.106115 0.121225
v -0.590873 -0.0238748 0.0972956
v -0.590873 -0.0150784 0.121225
v -0.575782 -0.0757505 0.16297
v 0.603462 0.0429623 0.118698
v 0.605977 0.106115 0.106071
v 0.604779 0.119949 0.0972956
v 0.590886 0.181824 0.0972956
v 0.590886 -0.0454521 0.16297
v -0.606083 0.106115 0.0972956
v -0.580093 -0.0757505 0.0972956
v -0.575782 -0.0908622 0.121225
v -0.570632 -0.101012 0.126272
v -0.558774 -0.109733 0.16297
v 0.605977 0.0303317 0.106071
v 0.605977 0.106115 0.0972956
v 0.589329 -0.0613907 0.0972956
v 0.590886 -0.0541732 0.0972956
v 0.560585 -0.136347 0.16297
v -0.574943 -0.0911629 0.0972956
v -0.458887 -0.25288 0.0972956
v -0.555541 -0.116123 0.16297
v 0.605977 0.0303317 0.0972956
v 0.560585 -0.136347 0.106071
v 0.556752 -0.143941 0.0984914
v 0.555914 -0.145069 0.0972956
v 0.559387 -0.138828 0.16297
v -0.454456 -0.25288 0.121225
v 0.422611 -0.25288 0.0972956
v -0.439365 -0.25288 0.16297
v 0.550524 -0.156572 0.106071
v 0.550883 -0.153639 0.0972956
v 0.550524 -0.156572 0.16297
v 0.544656 -0.159428 0.0972956
v 0.410155 -0.25288 0.151519
v 0.40237 -0.25288 0.16297
v 0.408119 -0.25085 0.16297
v 0.40752 -0.25288 0.160327
f 1488 1489 1490
f 1488 1490 1491
f 1488 1491 1492
f 1488 1492 1493
f 1488 1493 1494
f 1488 1494 1495
f 1488 1495 1496
f 1488 1496 1497
f 1488 1497 1489
f 1489 1497 1498
f 1489 1498 1507
f 1489 1507 1517
f 1489 1517 1516
f 1489 1516 1515
f 1489 1515 1527
f 1489 1527 1526
f 1489 1526 1535
f 1489 1535 1539
f 1489 1539 1544
f 1489 1544 1543
f 1489 1543 1550
f 1489 1550 1557
f 1489 1557 1565
f 1489 1565 1575
f 1489 1575 1574
f 1489 1574 1583
f 1489 1583 1590
f 1489 1590 1585
f 1489 1585 1584
f 1489 1584 1593
f 1489 1593 1599
f 1489 1599 1601
f 1489 1601 1596
f 1489 1596 1588
f 1489 1588 1587
f 1489 1587 1578
f 1489 1578 1569
f 1489 1569 1577
f 1489 1577 1567
f 1489 1567 1566
f 1489 1566 1560
f 1489 1560 1559
f 1489 1559 1558
f 1489 1558 1561
f 1489 1561 1553
f 1489 1553 1551
f 1489 1551 1545
f 1489 1545 1536
f 1489 1536 1528
f 1489 1528 1518
f 1489 1518 1509
f 1489 1509 1508
f 1489 1508 1499
f 1489 1499 1490
f 1490 1499 1500
f 1490 1500 1491
f 1491 1500 1501
f 1491 1501 1502
f 1491 1502 1511
f 1491 1511 1522
f 1491 1522 1529
f 1491 1529 1532
f 1491 1532 1531
f 1491 1531 1538
f 1491 1538 1547
f 1491 1547 1554
f 1491 1554 1563
f 1491 1563 1571
f 1491 1571 1581
f 1491 1581 1589
f 1491 1589 1597
f 1491 1597 1603
f 1491 1603 1604
f 1491 1604 1600
f 1491 1600 1594
f 1491 1594 1586
f 1491 1586 1576
f 1491 1576 1564
f 1491 1564 1555
f 1491 1555 1548
f 1491 1548 1540
f 1491 1540 1534
f 1491 1534 1525
f 1491 1525 1533
f 1491 1533 1523
f 1491 1523 1512
f 1491 1512 1504
f 1491 1504 1503
f 1491 1503 1493
f 1491 1493 1492
f 1493 1503 1494
f 1494 1503 1504
f 1494 1504 1505
f 1494 1505 1495
f 1495 1505 1496
f 1496 1506 1497
f 1496 1505 1506
f 1497 1506 1498
f 1498 1506 1507
f 1499 1508 1501
f 1499 1501 1500
f 1501 1508 1509
f 1501 1509 1510
f 1501 1510 1511
f 1501 1511 1502
f 1504 1512 1505
f 1505 1512 1513
f 1505 1513 1514
f 1505 1514 1515
f 1505 1515 1516
f 1505 1516 1506
f 1506 1517 1507
f 1506 1516 1517
f 1509 1518 1510
f 1510 1519 1511
f 1510 1518 1528
f 1510 1528 1520
f 1510 1520 1521
f 1510 1521 1519
f 1511 1519 1522
f 1512 1523 1524
f 1512 1524 1513
f 1513 1524 1525
f 1513 1525 1514
f 1514 1526 1527
f 1514 1527 1515
f 1514 1525 1526
f 1519 1521 1529
f 1519 1529 1522
f 1520 1528 1536
f 1520 1536 1530
f 1520 1530 1521
f 1521 1530 1531
f 1521 1531 1532
f 1521 1532 1529
f 1523 1533 1524
f 1524 1533 1525
f 1525 1534 1535
f 1525 1535 1526
f 1530 1536 1545
f 1530 1545 1537
f 1530 1537 1531
f 1531 1537 1538
f 1534 1539 1535
f 1534 1540 1541
f 1534 1541 1542
f 1534 1542 1543
f 1534 1543 1544
f 1534 1544 1539
f 1537 1545 1546
f 1537 1546 1538
f 1538 1546 1552
f 1538 1552 1547
f 1540 1548 1549
f 1540 1549 1541
f 1541 1549 1542
f 1542 1549 1557
f 1542 1557 1550
f 1542 1550 1543
f 1545 1551 1546
f 1546 1551 1553
f 1546 1553 1552
f 1547 1552 1560
f 1547 1560 1554
f 1548 1555 1556
f 1548 1556 1549
f 1549 1556 1565
f 1549 1565 1557
f 1552 1558 1559
f 1552 1559 1560
f 1552 1553 1561
f 1552 1561 1558
f 1554 1560 1562
f 1554 1562 1563
f 1555 1564 1556
f 1556 1564 1575
f 1556 1575 1565
f 1560 1566 1562
f 1562 1566 1567
f 1562 1567 1563
f 1563 1567 1568
f 1563 1568 1569
f 1563 1569 1570
f 1563 1570 1571
f 1564 1572 1573
f 1564 1573 1574
f 1564 1574 1575
f 1564 1576 1572
f 1567 1577 1568
f 1568 1577 1569
f 1569 1578 1579
f 1569 1579 1571
f 1569 1571 1570
f 1571 1579 1580
f 1571 1580 1581
f 1572 1582 1573
f 1572 1576 1582
f 1573 1582 1590
f 1573 1590 1583
f 1573 1583 1574
f 1576 1584 1585
f 1576 1585 1582
f 1576 1586 1584
f 1578 1587 1579
f 1579 1587 1580
f 1580 1588 1589
f 1580 1589 1581
f 1580 1587 1588
f 1582 1585 1590
f 1584 1586 1591
f 1584 1591 1592
f 1584 1592 1593
f 1586 1594 1591
f 1588 1595 1589
f 1588 1596 1602
f 1588 1602 1605
f 1588 1605 1603
f 1588 1603 1597
f 1588 1597 1595
f 1589 1595 1597
f 1591 1594 1598
f 1591 1598 1592
f 1592 1598 1593
f 1593 1598 1599
f 1594 1600 1598
f 1596 1601 1598
f 1596 1598 1600
f 1596 1600 1602
f 1598 1601 1599
f 1600 1604 1605
f 1600 1605 1602
f 1603 1605 1604
o convex_9
v -0.212026 0.515182 -0.0151425
v -0.212026 0.515182 -0.030302
v -0.227176 0.515182 0.0384674
v 0.227225 0.499996 -0.0606006
v -0.227176 0.515182 -0.0454513
v 0.227225 0.499996 -0.0658922
v 0.227225 0.484809 0.0384674
v -0.294848 0.515182 0.0384674
v 0.242376 0.484809 0.0302951
v 0.287827 0.484809 -0.0151425
v 0.302978 0.484809 -0.030302
v 0.279073 0.491274 -0.0658922
v 0.240356 0.498041 -0.0658922
v -0.262864 0.515182 -0.0658922
v 0.240805 0.48323 0.0384674
v -0.303041 0.515182 0.0302951
v -0.3706 0.499996 0.0384674
v 0.302978 0.468118 0.0384674
v 0.310609 0.47729 -0.00758322
v 0.323178 0.474734 -0.0252455
v 0.37873 0.45451 -0.0606006
v 0.373455 0.457142 -0.0658922
v 0.32531 0.476839 -0.0658922
v 0.302978 0.484809 -0.0658922
v -0.308315 0.515182 -0.0658922
v -0.378793 0.499996 0.0302951
v -0.379803 0.497966 0.0384674
v 0.311507 0.46481 0.0384674
v 0.35606 0.446992 0.0378749
v 0.37873 0.439399 0.0302951
v 0.39893 0.444436 -0.0555543
v 0.388606 0.449623 -0.0658922
v -0.319425 0.512701 -0.0658922
v -0.378793 0.499996 -3.46123e-06
v -0.439395 0.484809 -3.46123e-06
v -0.424244 0.484809 0.0384674
v 0.355948 0.446842 0.0384674
v 0.377159 0.437745 0.0384674
v 0.38883 0.434361 0.0252488
v 0.39893 0.444436 -0.0658922
v 0.540335 0.328279 0.0384674
v 0.519236 0.352563 -0.0658922
v -0.325373 0.511348 -0.0658922
v -0.439395 0.484809 -0.0658922
v -0.442874 0.483079 -0.0658922
v -0.449495 0.479772 -3.46123e-06
v -0.441302 0.48105 0.0151458
v -0.434344 0.479772 0.0384674
v 0.386249 0.431655 0.0384674
v 0.386361 0.431805 0.0378749
v 0.535285 0.338354 -0.0555543
v 0.567605 0.280839 0.0384674
v 0.568167 0.295424 0.0227256
v 0.616087 0.252495 -0.0505079
v 0.565585 0.308055 -0.0252455
v 0.567718 0.31016 -0.0658922
v 0.550435 0.323242 -0.0252455
v -0.449495 0.479772 -0.0658922
v -0.450729 0.47729 0.00756608
v -0.525247 0.419175 -3.46123e-06
v -0.525247 0.411506 0.0384674
v 0.590836 0.227234 0.0384674
v 0.568167 0.280313 0.0378749
v 0.611037 0.247458 -0.0252455
v 0.621249 0.242421 -0.0454513
v 0.613618 0.250014 -0.056821
v 0.613618 0.253773 -0.0530311
v 0.604977 0.242571 -0.0658922
v -0.525247 0.419175 -0.0658922
v -0.525247 0.411656 0.037926
v -0.525247 -0.109583 0.0384674
v 0.607446 0.144534 0.0384674
v 0.611037 0.171674 0.0202024
v 0.621249 0.166637 -3.46123e-06
v 0.621249 0.15145 -0.0658922
v 0.616087 0.242421 -0.0555543
v 0.610925 0.227234 -0.0658922
v -0.525247 -0.116048 -0.0658922
v -0.525247 -0.112364 0.0322258
v -0.482489 -0.25288 0.0198551
v -0.480581 -0.25288 0.0236756
v -0.473175 -0.25288 0.0384674
v 0.609578 0.129422 0.0384674
v 0.621249 0.121227 0.0151458
v 0.621249 0.0705542 -0.0658922
v -0.525247 -0.116199 -0.0658819
v -0.486754 -0.25288 -0.0658922
v -0.525247 -0.116123 0.0202943
v -0.484846 -0.25288 -3.46123e-06
v -0.48305 -0.25288 0.0151458
v 0.439332 -0.25288 0.0384674
v 0.609578 0.109574 0.0384674
v 0.621249 0.106115 0.0151458
v 0.621249 0.01522 -0.0454513
v 0.617434 0.00762662 -0.0530311
v 0.60969 3.32153e-05 -0.0658922
v -0.525247 -0.116199 -0.010137
v 0.454482 -0.25288 -0.0658922
v 0.453135 -0.25288 -0.00976929
v 0.540335 -0.161609 0.0384674
v 0.605987 3.32153e-05 0.0384674
v 0.616087 0.101078 0.0252488
v 0.621249 0.01522 -3.46123e-06
v 0.605987 -0.0605637 -0.0454513
v 0.602283 -0.0681571 -0.0530311
v 0.595886 -0.0605637 -0.0656572
v 0.595662 -0.0605637 -0.0658922
v 0.541232 -0.159804 -0.0658922
v 0.540335 -0.161609 -0.0606006
v 0.454482 -0.25288 -0.0151425
v 0.565585 -0.126198 -3.46123e-06
v 0.54314 -0.15612 0.0384674
v 0.602283 -0.0222207 0.0384674
v 0.605987 -0.0454521 -3.46123e-06
v 0.575686 -0.106049 -3.46123e-06
v 0.600936 -0.0706381 -0.0454513
v 0.588816 -0.0732695 -0.0658922
v 0.565585 -0.126198 -0.030302
v 0.553241 -0.135972 0.0384674
v 0.587357 -0.0675557 0.0384674
v 0.58702 -0.0683075 0.0384674
f 1606 1607 1610
f 1606 1610 1619
f 1606 1619 1630
f 1606 1630 1621
f 1606 1621 1613
f 1606 1613 1608
f 1606 1608 1609
f 1606 1609 1611
f 1606 1611 1607
f 1607 1611 1610
f 1608 1612 1609
f 1608 1613 1622
f 1608 1622 1632
f 1608 1632 1641
f 1608 1641 1653
f 1608 1653 1666
f 1608 1666 1676
f 1608 1676 1687
f 1608 1687 1696
f 1608 1696 1705
f 1608 1705 1717
f 1608 1717 1724
f 1608 1724 1726
f 1608 1726 1725
f 1608 1725 1718
f 1608 1718 1706
f 1608 1706 1697
f 1608 1697 1688
f 1608 1688 1677
f 1608 1677 1667
f 1608 1667 1657
f 1608 1657 1646
f 1608 1646 1654
f 1608 1654 1643
f 1608 1643 1642
f 1608 1642 1633
f 1608 1633 1623
f 1608 1623 1620
f 1608 1620 1612
f 1609 1612 1614
f 1609 1614 1615
f 1609 1615 1616
f 1609 1616 1617
f 1609 1617 1618
f 1609 1618 1611
f 1610 1611 1619
f 1611 1618 1617
f 1611 1617 1629
f 1611 1629 1628
f 1611 1628 1627
f 1611 1627 1637
f 1611 1637 1645
f 1611 1645 1647
f 1611 1647 1661
f 1611 1661 1673
f 1611 1673 1682
f 1611 1682 1680
f 1611 1680 1690
f 1611 1690 1701
f 1611 1701 1712
f 1611 1712 1722
f 1611 1722 1713
f 1611 1713 1703
f 1611 1703 1692
f 1611 1692 1683
f 1611 1683 1674
f 1611 1674 1663
f 1611 1663 1650
f 1611 1650 1649
f 1611 1649 1648
f 1611 1648 1638
f 1611 1638 1630
f 1611 1630 1619
f 1612 1620 1614
f 1613 1621 1631
f 1613 1631 1622
f 1614 1620 1615
f 1615 1620 1616
f 1616 1623 1624
f 1616 1624 1625
f 1616 1625 1626
f 1616 1626 1627
f 1616 1627 1628
f 1616 1628 1629
f 1616 1629 1617
f 1616 1620 1623
f 1621 1630 1631
f 1622 1631 1632
f 1623 1633 1624
f 1624 1633 1634
f 1624 1634 1635
f 1624 1635 1625
f 1625 1635 1636
f 1625 1636 1626
f 1626 1636 1637
f 1626 1637 1627
f 1630 1638 1639
f 1630 1639 1631
f 1631 1639 1649
f 1631 1649 1640
f 1631 1640 1641
f 1631 1641 1632
f 1633 1642 1634
f 1634 1643 1635
f 1634 1642 1643
f 1635 1643 1644
f 1635 1644 1636
f 1636 1645 1637
f 1636 1644 1646
f 1636 1646 1647
f 1636 1647 1645
f 1638 1648 1639
f 1639 1648 1649
f 1640 1649 1650
f 1640 1650 1651
f 1640 1651 1652
f 1640 1652 1641
f 1641 1652 1653
f 1643 1654 1655
f 1643 1655 1644
f 1644 1655 1646
f 1646 1656 1647
f 1646 1655 1654
f 1646 1657 1658
f 1646 1658 1659
f 1646 1659 1660
f 1646 1660 1661
f 1646 1661 1662
f 1646 1662 1656
f 1647 1656 1661
f 1650 1663 1651
f 1651 1664 1653
f 1651 1653 1652
f 1651 1663 1674
f 1651 1674 1665
f 1651 1665 1664
f 1653 1664 1666
f 1656 1662 1661
f 1657 1667 1668
f 1657 1668 1658
f 1658 1668 1669
f 1658 1669 1670
f 1658 1670 1659
f 1659 1670 1671
f 1659 1671 1672
f 1659 1672 1661
f 1659 1661 1660
f 1661 1672 1671
f 1661 1671 1673
f 1664 1665 1675
f 1664 1675 1666
f 1665 1674 1683
f 1665 1683 1691
f 1665 1691 1702
f 1665 1702 1693
f 1665 1693 1684
f 1665 1684 1676
f 1665 1676 1666
f 1665 1666 1675
f 1667 1677 1678
f 1667 1678 1679
f 1667 1679 1670
f 1667 1670 1669
f 1667 1669 1668
f 1670 1679 1689
f 1670 1689 1698
f 1670 1698 1708
f 1670 1708 1699
f 1670 1699 1690
f 1670 1690 1680
f 1670 1680 1681
f 1670 1681 1671
f 1671 1681 1682
f 1671 1682 1673
f 1676 1684 1685
f 1676 1685 1686
f 1676 1686 1687
f 1677 1688 1689
f 1677 1689 1679
f 1677 1679 1678
f 1680 1682 1681
f 1683 1692 1691
f 1684 1693 1694
f 1684 1694 1695
f 1684 1695 1685
f 1685 1695 1694
f 1685 1694 1692
f 1685 1692 1703
f 1685 1703 1715
f 1685 1715 1704
f 1685 1704 1696
f 1685 1696 1687
f 1685 1687 1686
f 1688 1697 1698
f 1688 1698 1689
f 1690 1699 1700
f 1690 1700 1701
f 1691 1692 1702
f 1692 1694 1693
f 1692 1693 1702
f 1696 1704 1705
f 1697 1706 1707
f 1697 1707 1698
f 1698 1707 1706
f 1698 1706 1708
f 1699 1708 1709
f 1699 1709 1710
f 1699 1710 1700
f 1700 1710 1701
f 1701 1710 1711
f 1701 1711 1712
f 1703 1713 1714
f 1703 1714 1705
f 1703 1705 1715
f 1704 1715 1705
f 1705 1716 1717
f 1705 1714 1723
f 1705 1723 1716
f 1706 1718 1708
f 1708 1718 1719
f 1708 1719 1709
f 1709 1719 1720
f 1709 1720 1716
f 1709 1716 1721
f 1709 1721 1710
f 1710 1722 1711
f 1710 1721 1723
f 1710 1723 1713
f 1710 1713 1722
f 1711 1722 1712
f 1713 1723 1714
f 1716 1723 1721
f 1716 1720 1724
f 1716 1724 1717
f 1718 1725 1719
f 1719 1725 1726
f 1719 1726 1724
f 1719 1724 1720
o convex_10
v -0.636391 -0.075723 -0.0151425
v -0.621245 0.040187 -0.0658922
v -0.631342 -0.0706972 -0.0252455
v -0.626294 -0.0959319 -0.0201991
v -0.616197 -0.116141 0.0050429
v -0.617459 -0.106036 0.0170459
v -0.621245 -0.0909061 0.0151458
v -0.621245 0.159641 0.0384674
v -0.621245 0.227251 0.0384674
v -0.636391 0.196938 -0.0454513
v -0.636391 0.191648 -0.0658922
v -0.619047 0.0303471 -0.0658922
v -0.590943 -0.075723 -0.0658922
v -0.588299 -0.0810133 -0.0658922
v -0.580835 -0.0959319 -0.0658922
v -0.613673 -0.113601 -0.00758322
v -0.606089 -0.121166 -3.46123e-06
v -0.590943 -0.106036 0.0384674
v -0.59893 -0.104026 0.0384674
v -0.613673 -0.113601 0.011356
v -0.604359 -0.101804 0.0384674
v -0.609582 -0.0909061 0.0384674
v -0.616197 -0.0909061 0.0252488
v -0.617307 0.249417 0.0384674
v -0.617459 0.249999 0.0378749
v -0.621245 0.242434 0.0302951
v -0.636391 0.212121 -0.0606006
v -0.636391 0.212121 -0.0658922
v -0.580389 -0.0961964 -0.0658922
v -0.560641 -0.106036 -0.0658922
v -0.570749 -0.101011 -0.0658922
v -0.525247 -0.116194 -0.0658819
v -0.525247 -0.116194 -0.010137
v -0.525247 -0.116141 0.020182
v -0.525291 -0.116141 0.0202024
v -0.525247 -0.112385 0.0322258
v -0.525247 -0.109581 0.0384674
v -0.606089 0.303008 0.0384674
v -0.621245 0.287878 -0.0606006
v -0.621245 0.287878 -0.0658922
v -0.525291 -0.116141 -0.0658922
v -0.525247 -0.116088 -0.0658922
v -0.525247 0.411564 0.0384674
v -0.603369 0.308457 0.0384674
v -0.572011 0.386383 0.00756608
v -0.617459 0.295443 -0.0530311
v -0.608069 0.318191 -0.0658922
v -0.525247 0.419235 -0.0658922
v -0.525247 0.419235 -3.46123e-06
v -0.535388 0.414157 -3.46123e-06
v -0.550544 0.398974 0.0302951
v -0.546801 0.398286 0.0384674
v -0.588223 0.33877 0.0384674
v -0.580835 0.35353 0.0384674
v -0.555593 0.388869 0.0384674
v -0.570749 0.388869 -3.46123e-06
v -0.589627 0.355064 -0.0658922
v -0.592924 0.348504 -0.0658922
v -0.535388 0.414157 -0.0658922
v -0.570749 0.388869 -0.0658922
f 1727 1728 1729
f 1727 1729 1730
f 1727 1730 1731
f 1727 1731 1732
f 1727 1732 1733
f 1727 1733 1734
f 1727 1734 1735
f 1727 1735 1736
f 1727 1736 1753
f 1727 1753 1754
f 1727 1754 1737
f 1727 1737 1728
f 1728 1738 1729
f 1728 1737 1754
f 1728 1754 1766
f 1728 1766 1773
f 1728 1773 1784
f 1728 1784 1783
f 1728 1783 1786
f 1728 1786 1785
f 1728 1785 1774
f 1728 1774 1768
f 1728 1768 1767
f 1728 1767 1756
f 1728 1756 1757
f 1728 1757 1755
f 1728 1755 1741
f 1728 1741 1740
f 1728 1740 1739
f 1728 1739 1738
f 1729 1739 1730
f 1729 1738 1739
f 1730 1739 1740
f 1730 1740 1741
f 1730 1741 1742
f 1730 1742 1731
f 1731 1742 1743
f 1731 1743 1744
f 1731 1744 1745
f 1731 1745 1746
f 1731 1746 1747
f 1731 1747 1732
f 1732 1747 1748
f 1732 1748 1749
f 1732 1749 1733
f 1733 1749 1734
f 1734 1749 1748
f 1734 1748 1747
f 1734 1747 1745
f 1734 1745 1744
f 1734 1744 1763
f 1734 1763 1769
f 1734 1769 1778
f 1734 1778 1781
f 1734 1781 1780
f 1734 1780 1779
f 1734 1779 1770
f 1734 1770 1764
f 1734 1764 1750
f 1734 1750 1735
f 1735 1750 1751
f 1735 1751 1752
f 1735 1752 1736
f 1736 1752 1753
f 1741 1755 1742
f 1742 1756 1743
f 1742 1755 1757
f 1742 1757 1756
f 1743 1756 1758
f 1743 1758 1759
f 1743 1759 1760
f 1743 1760 1761
f 1743 1761 1762
f 1743 1762 1744
f 1744 1762 1763
f 1745 1747 1746
f 1750 1764 1751
f 1751 1764 1752
f 1752 1764 1765
f 1752 1765 1753
f 1753 1765 1766
f 1753 1766 1754
f 1756 1767 1758
f 1758 1767 1768
f 1758 1768 1774
f 1758 1774 1775
f 1758 1775 1769
f 1758 1769 1763
f 1758 1763 1762
f 1758 1762 1760
f 1758 1760 1759
f 1760 1762 1761
f 1764 1770 1771
f 1764 1771 1772
f 1764 1772 1765
f 1765 1772 1773
f 1765 1773 1766
f 1769 1775 1776
f 1769 1776 1777
f 1769 1777 1778
f 1770 1779 1771
f 1771 1779 1780
f 1771 1780 1781
f 1771 1781 1777
f 1771 1777 1782
f 1771 1782 1783
f 1771 1783 1784
f 1771 1784 1773
f 1771 1773 1772
f 1774 1785 1776
f 1774 1776 1775
f 1776 1785 1786
f 1776 1786 1782
f 1776 1782 1777
f 1777 1781 1778
f 1782 1786 1783
o convex_11
v -0.510269 -0.196944 -0.318578
v -0.48594 -0.25288 -0.318578
v -0.490085 -0.25288 -0.303045
v -0.496224 -0.25288 -0.178087
v -0.510269 -0.196944 -0.242421
v -0.510269 0.426768 -0.318578
v -0.118249 -0.25288 -0.318578
v -0.48878 -0.25288 -0.0710616
v -0.510269 -0.146196 -0.0658922
v -0.510269 -0.161308 -0.116325
v -0.510269 -0.195742 -0.236905
v -0.510269 0.448571 -0.259216
v -0.494421 0.470073 -0.318578
v -0.118249 -0.25288 -0.0658922
v -0.118249 0.469697 -0.318578
v -0.486823 -0.25288 -0.0658922
v -0.510269 0.426693 -0.0658922
v -0.510269 0.449097 -0.257509
v -0.510115 0.449473 -0.257583
v -0.500023 0.469697 -0.272721
v -0.486861 0.485936 -0.318578
v -0.118249 0.484809 -0.0658922
v -0.273123 0.499996 -0.318578
v -0.118249 0.484809 -0.257583
v -0.496224 0.47729 -0.265152
v -0.50505 0.459623 -0.257583
v -0.510269 0.449172 -0.256767
v -0.449486 0.479772 -0.0658922
v -0.489893 0.489921 -0.272721
v -0.477268 0.496236 -0.310613
v -0.486593 0.486162 -0.318578
v -0.166715 0.499996 -0.0658922
v -0.409079 0.499996 -0.318578
v -0.25762 0.515182 -0.181847
v -0.25762 0.499996 -0.303045
v -0.181834 0.499996 -0.212121
v -0.166715 0.499996 -0.136385
v -0.442924 0.483079 -0.0658922
v -0.464643 0.494958 -0.212121
v -0.469709 0.499996 -0.272721
v -0.469709 0.492252 -0.318578
v -0.486324 0.486312 -0.318578
v -0.469709 0.499996 -0.303045
v -0.242463 0.515182 -0.136385
v -0.262878 0.515182 -0.0658922
v -0.287897 0.515182 -0.181847
v -0.242463 0.515182 -0.151547
v -0.439394 0.484809 -0.0658922
v -0.454551 0.499996 -0.212121
v -0.333331 0.515182 -0.0909233
v -0.303054 0.515182 -0.166684
v -0.30835 0.515182 -0.0658922
v -0.325349 0.511348 -0.0658922
v -0.335211 0.511348 -0.0757859
v -0.319401 0.512701 -0.0658922
f 1787 1788 1789
f 1787 1789 1790
f 1787 1790 1791
f 1787 1791 1797
f 1787 1797 1796
f 1787 1796 1795
f 1787 1795 1803
f 1787 1803 1813
f 1787 1813 1804
f 1787 1804 1798
f 1787 1798 1792
f 1787 1792 1799
f 1787 1799 1807
f 1787 1807 1817
f 1787 1817 1828
f 1787 1828 1827
f 1787 1827 1819
f 1787 1819 1809
f 1787 1809 1801
f 1787 1801 1793
f 1787 1793 1788
f 1788 1793 1800
f 1788 1800 1802
f 1788 1802 1794
f 1788 1794 1790
f 1788 1790 1789
f 1790 1794 1795
f 1790 1795 1796
f 1790 1796 1797
f 1790 1797 1791
f 1792 1798 1799
f 1793 1801 1810
f 1793 1810 1808
f 1793 1808 1800
f 1794 1802 1795
f 1795 1802 1800
f 1795 1800 1808
f 1795 1808 1818
f 1795 1818 1831
f 1795 1831 1838
f 1795 1838 1841
f 1795 1841 1839
f 1795 1839 1834
f 1795 1834 1824
f 1795 1824 1814
f 1795 1814 1803
f 1798 1804 1805
f 1798 1805 1799
f 1799 1805 1806
f 1799 1806 1807
f 1801 1809 1810
f 1803 1811 1812
f 1803 1812 1813
f 1803 1814 1815
f 1803 1815 1811
f 1804 1813 1805
f 1805 1813 1806
f 1806 1811 1815
f 1806 1815 1807
f 1806 1813 1812
f 1806 1812 1811
f 1807 1815 1816
f 1807 1816 1817
f 1808 1810 1823
f 1808 1823 1818
f 1809 1819 1832
f 1809 1832 1820
f 1809 1820 1821
f 1809 1821 1810
f 1810 1821 1820
f 1810 1820 1822
f 1810 1822 1823
f 1814 1824 1825
f 1814 1825 1815
f 1815 1825 1835
f 1815 1835 1826
f 1815 1826 1816
f 1816 1827 1828
f 1816 1828 1817
f 1816 1826 1829
f 1816 1829 1819
f 1816 1819 1827
f 1818 1823 1833
f 1818 1833 1830
f 1818 1830 1831
f 1819 1829 1832
f 1820 1832 1837
f 1820 1837 1836
f 1820 1836 1838
f 1820 1838 1831
f 1820 1831 1830
f 1820 1830 1833
f 1820 1833 1822
f 1822 1833 1823
f 1824 1834 1835
f 1824 1835 1825
f 1826 1835 1836
f 1826 1836 1829
f 1829 1836 1837
f 1829 1837 1832
f 1834 1839 1840
f 1834 1840 1836
f 1834 1836 1835
f 1836 1840 1841
f 1836 1841 1838
f 1839 1841 1840
o convex_12
v -0.510269 0.426665 -0.0658922
v -0.510269 0.449247 -0.256767
v -0.515183 0.424261 -0.0658922
v -0.510269 -0.146186 -0.0658922
v -0.535394 0.41414 -0.0658922
v -0.525295 0.4192 -0.0658922
v -0.510269 0.449121 -0.257509
v -0.611141 0.38384 -0.318578
v -0.611141 0.38384 -0.318182
v -0.601041 0.3889 -0.287883
v -0.585892 0.3889 -0.151547
v -0.580842 -0.0959608 -0.0658922
v -0.525295 -0.191921 -0.237375
v -0.510269 -0.161305 -0.116325
v -0.570743 0.3889 -0.0658922
v -0.510269 0.448615 -0.259216
v -0.590942 0.393961 -0.318578
v -0.62124 0.363598 -0.318578
v -0.595991 0.38384 -0.196959
v -0.62124 0.363598 -0.318182
v -0.61745 0.371189 -0.310613
v -0.61745 0.35607 -0.204553
v -0.611141 0.368658 -0.212121
v -0.587151 0.38637 -0.143954
v -0.588299 -0.0810323 -0.0658922
v -0.601041 -0.0858398 -0.297974
v -0.540444 -0.191921 -0.313136
v -0.535394 -0.18686 -0.247467
v -0.530344 -0.196981 -0.318182
v -0.515183 -0.196981 -0.242421
v -0.510269 -0.195716 -0.236905
v -0.61177 0.363598 -0.196959
v -0.61177 0.34848 -0.151547
v -0.61177 0.333298 -0.106085
v -0.596621 0.34848 -0.0757859
v -0.589633 0.355058 -0.0658922
v -0.510269 0.426791 -0.318578
v -0.537913 0.420466 -0.310613
v -0.545876 0.414646 -0.318578
v -0.636204 0.25777 -0.318578
v -0.636402 0.25758 -0.318182
v -0.636402 0.272698 -0.287883
v -0.636402 0.272698 -0.196959
v -0.62124 0.34848 -0.212121
v -0.61745 0.32577 -0.113654
v -0.590942 -0.0757187 -0.0658922
v -0.606091 -0.0757187 -0.303045
v -0.605906 -0.0760983 -0.318578
v -0.601041 -0.0858398 -0.318578
v -0.540444 -0.191921 -0.318578
v -0.530344 -0.196981 -0.318578
v -0.510269 -0.196981 -0.242421
v -0.61177 0.31818 -0.0757859
v -0.604782 0.324758 -0.0658922
v -0.510269 -0.196981 -0.318578
v -0.636402 0.226901 -0.318578
v -0.636402 0.25758 -0.136385
v -0.62124 0.31818 -0.121223
v -0.61745 0.310589 -0.0833546
v -0.619055 0.0303625 -0.0658922
v -0.62124 0.0303625 -0.0757859
v -0.62124 0.0151809 -0.121223
v -0.62124 -0.015119 -0.227284
v -0.62124 -0.0303005 -0.287883
v -0.617956 -0.0454188 -0.318578
v -0.606091 -0.0757187 -0.318578
v -0.617215 -0.0473165 -0.318578
v -0.62124 0.28788 -0.0658922
v -0.608066 0.31818 -0.0658922
v -0.636402 0.0754011 -0.318578
v -0.636402 0.22728 -0.0757859
v -0.62124 0.302998 -0.0909233
v -0.62124 0.0402305 -0.0658922
v -0.636402 0.181799 -0.0757859
v -0.636402 0.106081 -0.181847
v -0.636402 0.0909622 -0.212121
v -0.636402 0.0757807 -0.257583
v -0.62124 -0.0306801 -0.318578
v -0.632611 0.234808 -0.0681925
v -0.636402 0.212099 -0.0658922
v -0.636402 0.191667 -0.0658922
f 1842 1843 1844
f 1842 1844 1847
f 1842 1847 1846
f 1842 1846 1856
f 1842 1856 1877
f 1842 1877 1895
f 1842 1895 1910
f 1842 1910 1909
f 1842 1909 1921
f 1842 1921 1922
f 1842 1922 1914
f 1842 1914 1901
f 1842 1901 1887
f 1842 1887 1866
f 1842 1866 1853
f 1842 1853 1845
f 1842 1845 1855
f 1842 1855 1872
f 1842 1872 1893
f 1842 1893 1896
f 1842 1896 1878
f 1842 1878 1857
f 1842 1857 1848
f 1842 1848 1843
f 1843 1846 1847
f 1843 1847 1844
f 1843 1848 1849
f 1843 1849 1850
f 1843 1850 1851
f 1843 1851 1852
f 1843 1852 1846
f 1845 1853 1854
f 1845 1854 1855
f 1846 1852 1856
f 1848 1857 1858
f 1848 1858 1849
f 1849 1858 1880
f 1849 1880 1878
f 1849 1878 1896
f 1849 1896 1892
f 1849 1892 1891
f 1849 1891 1890
f 1849 1890 1889
f 1849 1889 1907
f 1849 1907 1908
f 1849 1908 1906
f 1849 1906 1919
f 1849 1919 1911
f 1849 1911 1897
f 1849 1897 1881
f 1849 1881 1859
f 1849 1859 1861
f 1849 1861 1850
f 1850 1860 1852
f 1850 1852 1851
f 1850 1861 1862
f 1850 1862 1863
f 1850 1863 1864
f 1850 1864 1860
f 1852 1860 1865
f 1852 1865 1856
f 1853 1866 1867
f 1853 1867 1868
f 1853 1868 1869
f 1853 1869 1854
f 1854 1869 1868
f 1854 1868 1870
f 1854 1870 1871
f 1854 1871 1855
f 1855 1871 1872
f 1856 1865 1873
f 1856 1873 1874
f 1856 1874 1875
f 1856 1875 1876
f 1856 1876 1877
f 1857 1878 1879
f 1857 1879 1880
f 1857 1880 1858
f 1859 1881 1882
f 1859 1882 1883
f 1859 1883 1884
f 1859 1884 1861
f 1860 1864 1865
f 1861 1884 1885
f 1861 1885 1863
f 1861 1863 1862
f 1863 1874 1873
f 1863 1873 1864
f 1863 1885 1899
f 1863 1899 1886
f 1863 1886 1874
f 1864 1873 1865
f 1866 1887 1867
f 1867 1887 1888
f 1867 1888 1889
f 1867 1889 1890
f 1867 1890 1891
f 1867 1891 1868
f 1868 1891 1892
f 1868 1892 1870
f 1870 1892 1896
f 1870 1896 1893
f 1870 1893 1871
f 1871 1893 1872
f 1874 1886 1875
f 1875 1886 1876
f 1876 1886 1894
f 1876 1894 1895
f 1876 1895 1877
f 1878 1880 1879
f 1881 1897 1882
f 1882 1897 1911
f 1882 1911 1918
f 1882 1918 1917
f 1882 1917 1916
f 1882 1916 1915
f 1882 1915 1922
f 1882 1922 1921
f 1882 1921 1912
f 1882 1912 1898
f 1882 1898 1884
f 1882 1884 1883
f 1884 1898 1885
f 1885 1898 1899
f 1886 1899 1913
f 1886 1913 1900
f 1886 1900 1894
f 1887 1901 1902
f 1887 1902 1903
f 1887 1903 1904
f 1887 1904 1905
f 1887 1905 1906
f 1887 1906 1888
f 1888 1907 1889
f 1888 1906 1908
f 1888 1908 1907
f 1894 1900 1909
f 1894 1909 1910
f 1894 1910 1895
f 1898 1912 1899
f 1899 1912 1913
f 1900 1913 1909
f 1901 1914 1902
f 1902 1914 1922
f 1902 1922 1915
f 1902 1915 1916
f 1902 1916 1917
f 1902 1917 1903
f 1903 1917 1918
f 1903 1918 1904
f 1904 1918 1905
f 1905 1918 1919
f 1905 1919 1906
f 1909 1913 1912
f 1909 1912 1920
f 1909 1920 1921
f 1911 1919 1918
f 1912 1921 1920
o convex_13
v 0.377155 0.230409 -0.522747
v 0.558948 0.230409 -0.522747
v 0.377155 0.230409 -0.318578
v 0.377155 0.45456 -0.522747
v 0.560629 0.23487 -0.522747
v 0.590928 0.230409 -0.439401
v 0.596953 0.230409 -0.318578
v 0.377155 0.443713 -0.318578
v 0.377155 0.455405 -0.468882
v 0.468794 0.498134 -0.522747
v 0.563467 0.242444 -0.522747
v 0.599987 0.230409 -0.404603
v 0.572002 0.250019 -0.507597
v 0.587152 0.250019 -0.462146
v 0.60014 0.230409 -0.371644
v 0.590928 0.318217 -0.318578
v 0.382787 0.443396 -0.318578
v 0.386389 0.446986 -0.325793
v 0.377155 0.451604 -0.335047
v 0.377155 0.455405 -0.425929
v 0.48414 0.500008 -0.522747
v 0.377155 0.45456 -0.348519
v 0.575779 0.305232 -0.522747
v 0.60014 0.230409 -0.373823
v 0.575779 0.340941 -0.522747
v 0.587152 0.325792 -0.462146
v 0.590928 0.333366 -0.439401
v 0.575779 0.257594 -0.500022
v 0.590928 0.333366 -0.42425
v 0.585886 0.328325 -0.318578
v 0.469929 0.424446 -0.318578
v 0.474797 0.429303 -0.328312
v 0.492435 0.431836 -0.340944
v 0.469733 0.439411 -0.348519
v 0.377155 0.452871 -0.340124
v 0.492479 0.492433 -0.522747
v 0.505074 0.429303 -0.358612
v 0.507585 0.431836 -0.371244
v 0.510117 0.434344 -0.383876
v 0.574098 0.348515 -0.522747
v 0.575779 0.348515 -0.515172
v 0.553055 0.401538 -0.522747
v 0.585886 0.343475 -0.444457
v 0.585886 0.343475 -0.429307
v 0.580821 0.353583 -0.434364
v 0.580821 0.338407 -0.328312
v 0.578878 0.336481 -0.318578
v 0.512212 0.406157 -0.318578
v 0.522756 0.401538 -0.325793
v 0.500032 0.484885 -0.522747
v 0.525266 0.404045 -0.338405
v 0.535373 0.414153 -0.404083
v 0.570998 0.356486 -0.522747
v 0.570736 0.358624 -0.520229
v 0.535373 0.429303 -0.494965
v 0.540415 0.419194 -0.459608
v 0.550522 0.399004 -0.419234
f 1923 1924 1928
f 1923 1928 1934
f 1923 1934 1946
f 1923 1946 1937
f 1923 1937 1929
f 1923 1929 1925
f 1923 1925 1930
f 1923 1930 1941
f 1923 1941 1957
f 1923 1957 1944
f 1923 1944 1942
f 1923 1942 1931
f 1923 1931 1926
f 1923 1926 1932
f 1923 1932 1943
f 1923 1943 1958
f 1923 1958 1972
f 1923 1972 1964
f 1923 1964 1975
f 1923 1975 1962
f 1923 1962 1947
f 1923 1947 1945
f 1923 1945 1933
f 1923 1933 1927
f 1923 1927 1924
f 1924 1927 1928
f 1925 1929 1938
f 1925 1938 1952
f 1925 1952 1969
f 1925 1969 1970
f 1925 1970 1953
f 1925 1953 1939
f 1925 1939 1930
f 1926 1931 1932
f 1927 1933 1928
f 1928 1933 1935
f 1928 1935 1936
f 1928 1936 1934
f 1929 1937 1938
f 1930 1939 1940
f 1930 1940 1941
f 1931 1942 1932
f 1932 1942 1944
f 1932 1944 1943
f 1933 1945 1935
f 1934 1936 1945
f 1934 1945 1947
f 1934 1947 1948
f 1934 1948 1949
f 1934 1949 1946
f 1935 1950 1936
f 1935 1945 1950
f 1936 1950 1945
f 1937 1946 1949
f 1937 1949 1951
f 1937 1951 1938
f 1938 1951 1952
f 1939 1953 1954
f 1939 1954 1940
f 1940 1943 1941
f 1940 1954 1955
f 1940 1955 1956
f 1940 1956 1943
f 1941 1943 1957
f 1943 1944 1957
f 1943 1956 1955
f 1943 1955 1959
f 1943 1959 1960
f 1943 1960 1961
f 1943 1961 1958
f 1947 1949 1948
f 1947 1962 1963
f 1947 1963 1949
f 1949 1963 1964
f 1949 1964 1965
f 1949 1965 1966
f 1949 1966 1951
f 1951 1966 1952
f 1952 1966 1967
f 1952 1967 1968
f 1952 1968 1969
f 1953 1970 1955
f 1953 1955 1954
f 1955 1970 1971
f 1955 1971 1959
f 1958 1961 1972
f 1959 1971 1960
f 1960 1971 1961
f 1961 1971 1973
f 1961 1973 1974
f 1961 1974 1972
f 1962 1975 1976
f 1962 1976 1963
f 1963 1976 1964
f 1964 1967 1965
f 1964 1976 1975
f 1964 1972 1977
f 1964 1977 1967
f 1965 1967 1966
f 1967 1977 1978
f 1967 1978 1979
f 1967 1979 1968
f 1968 1979 1974
f 1968 1974 1973
f 1968 1973 1969
f 1969 1973 1971
f 1969 1971 1970
f 1972 1974 1979
f 1972 1979 1978
f 1972 1978 1977
o convex_14
v 0.377159 0.230409 -0.681859
v 0.424287 0.230409 -0.681859
v 0.377159 0.230409 -0.522767
v 0.377159 0.409089 -0.681859
v 0.463649 0.230409 -0.662175
v 0.530319 0.287916 -0.681859
v 0.535369 0.277797 -0.676798
v 0.549252 0.280334 -0.674275
v 0.549252 0.26517 -0.659123
v 0.558946 0.230409 -0.522767
v 0.377159 0.454554 -0.522767
v 0.377159 0.418093 -0.677358
v 0.462152 0.4773 -0.678059
v 0.46974 0.454554 -0.681859
v 0.47375 0.230409 -0.655557
v 0.547374 0.287916 -0.678059
v 0.54547 0.303052 -0.681859
v 0.59473 0.295498 -0.659123
v 0.562525 0.303052 -0.678059
v 0.579579 0.310634 -0.674275
v 0.609881 0.310634 -0.659123
v 0.564403 0.26517 -0.64397
v 0.560621 0.234869 -0.522767
v 0.55349 0.230409 -0.542373
v 0.626276 0.298007 -0.606082
v 0.626276 0.298007 -0.590945
v 0.628814 0.314425 -0.568224
v 0.468801 0.498123 -0.522767
v 0.452686 0.496227 -0.545488
v 0.454589 0.500018 -0.56064
v 0.434388 0.489927 -0.56064
v 0.399035 0.479809 -0.606082
v 0.386397 0.467822 -0.598529
v 0.383148 0.46431 -0.592035
v 0.377159 0.457063 -0.605568
v 0.377159 0.419208 -0.676798
v 0.416699 0.481063 -0.64397
v 0.462152 0.481063 -0.674275
v 0.477303 0.4773 -0.670491
v 0.484891 0.469718 -0.672375
v 0.598511 0.371235 -0.678059
v 0.590923 0.363681 -0.681859
v 0.475831 0.230409 -0.652956
v 0.562525 0.261407 -0.636386
v 0.590923 0.348517 -0.681859
v 0.611125 0.298007 -0.636386
v 0.592827 0.33338 -0.678059
v 0.59473 0.325798 -0.674275
v 0.611125 0.348517 -0.671752
v 0.626276 0.33338 -0.6566
v 0.632595 0.325798 -0.64397
v 0.626276 0.313171 -0.636386
v 0.580823 0.267706 -0.621234
v 0.563464 0.242452 -0.522767
v 0.551028 0.230409 -0.546531
v 0.632595 0.310634 -0.613666
v 0.636402 0.318216 -0.606082
v 0.636402 0.318216 -0.590945
v 0.632595 0.316321 -0.575793
v 0.633864 0.330844 -0.578331
v 0.623763 0.335889 -0.558118
v 0.616175 0.328307 -0.550549
v 0.48413 0.500018 -0.522767
v 0.494992 0.510109 -0.535397
v 0.500042 0.515182 -0.545488
v 0.46974 0.500018 -0.530336
v 0.409136 0.484854 -0.606082
v 0.399035 0.479809 -0.621234
v 0.401548 0.481063 -0.628818
v 0.377159 0.445299 -0.632197
v 0.447001 0.496227 -0.613666
v 0.500042 0.481063 -0.653439
v 0.492454 0.4773 -0.662907
v 0.454589 0.500018 -0.606082
v 0.484891 0.500018 -0.621234
v 0.500042 0.496227 -0.623134
v 0.530319 0.496227 -0.607982
v 0.611125 0.363681 -0.671752
v 0.606074 0.378789 -0.666691
v 0.553058 0.246243 -0.598529
v 0.636402 0.33338 -0.636386
v 0.575772 0.305226 -0.522767
v 0.636402 0.33338 -0.590945
v 0.628814 0.340935 -0.568224
v 0.613662 0.356099 -0.553072
v 0.575772 0.340935 -0.522767
v 0.50258 0.502555 -0.527813
v 0.492505 0.492436 -0.522767
v 0.520218 0.505064 -0.540442
v 0.512656 0.512646 -0.548026
v 0.515168 0.515182 -0.56064
v 0.409136 0.484854 -0.621234
v 0.537907 0.492436 -0.609882
v 0.568209 0.431836 -0.647755
v 0.515168 0.500018 -0.606082
v 0.525269 0.510109 -0.565702
v 0.613662 0.371235 -0.662907
v 0.616175 0.373744 -0.6566
v 0.621225 0.363681 -0.651539
v 0.621225 0.363681 -0.606082
v 0.611125 0.383834 -0.601052
v 0.626276 0.353562 -0.585899
v 0.568209 0.462136 -0.583377
v 0.571001 0.356489 -0.522767
v 0.574097 0.348517 -0.522767
v 0.532857 0.502555 -0.558118
v 0.553033 0.401535 -0.522767
v 0.500068 0.484882 -0.522767
v 0.505093 0.489927 -0.52529
v 0.54042 0.494973 -0.596006
v 0.55052 0.489927 -0.585899
v 0.555571 0.479809 -0.596006
v 0.568209 0.462136 -0.602313
v 0.571991 0.454554 -0.607982
v 0.611125 0.383834 -0.646493
v 0.563159 0.472227 -0.588422
f 1980 1981 1984
f 1980 1984 1994
f 1980 1994 2022
f 1980 2022 2034
f 1980 2034 2003
f 1980 2003 1989
f 1980 1989 1982
f 1980 1982 1990
f 1980 1990 2014
f 1980 2014 2049
f 1980 2049 2015
f 1980 2015 1991
f 1980 1991 1983
f 1980 1983 1993
f 1980 1993 2021
f 1980 2021 2024
f 1980 2024 1996
f 1980 1996 1985
f 1980 1985 1981
f 1981 1985 1986
f 1981 1986 1987
f 1981 1987 1988
f 1981 1988 1984
f 1982 1989 2002
f 1982 2002 2033
f 1982 2033 2061
f 1982 2061 2065
f 1982 2065 2084
f 1982 2084 2083
f 1982 2083 2086
f 1982 2086 2087
f 1982 2087 2067
f 1982 2067 2042
f 1982 2042 2007
f 1982 2007 1990
f 1983 1991 1992
f 1983 1992 1993
f 1984 1988 1994
f 1985 1995 1986
f 1985 1996 1998
f 1985 1998 1995
f 1986 1995 1987
f 1987 1997 1988
f 1987 1995 1998
f 1987 1998 1999
f 1987 1999 2000
f 1987 2000 1997
f 1988 1997 2001
f 1988 2001 1994
f 1989 2003 2004
f 1989 2004 2005
f 1989 2005 2006
f 1989 2006 2002
f 1990 2007 2008
f 1990 2008 2009
f 1990 2009 2010
f 1990 2010 2011
f 1990 2011 2012
f 1990 2012 2013
f 1990 2013 2014
f 1991 2015 1992
f 1992 2015 2016
f 1992 2016 2017
f 1992 2017 2018
f 1992 2018 2019
f 1992 2019 2020
f 1992 2020 2021
f 1992 2021 1993
f 1994 2001 2023
f 1994 2023 2022
f 1996 2024 1998
f 1997 2000 2025
f 1997 2025 2001
f 1998 2024 2026
f 1998 2026 2027
f 1998 2027 1999
f 1999 2027 2000
f 2000 2027 2028
f 2000 2028 2029
f 2000 2029 2030
f 2000 2030 2031
f 2000 2031 2025
f 2001 2032 2023
f 2001 2025 2032
f 2002 2006 2033
f 2003 2034 2023
f 2003 2023 2032
f 2003 2032 2004
f 2004 2032 2025
f 2004 2025 2031
f 2004 2031 2030
f 2004 2030 2035
f 2004 2035 2036
f 2004 2036 2037
f 2004 2037 2005
f 2005 2037 2038
f 2005 2038 2006
f 2006 2038 2039
f 2006 2039 2063
f 2006 2063 2040
f 2006 2040 2041
f 2006 2041 2033
f 2007 2042 2043
f 2007 2043 2044
f 2007 2044 2045
f 2007 2045 2008
f 2008 2045 2044
f 2008 2044 2009
f 2009 2044 2053
f 2009 2053 2071
f 2009 2071 2046
f 2009 2046 2011
f 2009 2011 2010
f 2011 2046 2071
f 2011 2071 2047
f 2011 2047 2012
f 2012 2014 2013
f 2012 2047 2014
f 2014 2047 2048
f 2014 2048 2049
f 2015 2049 2048
f 2015 2048 2016
f 2016 2048 2050
f 2016 2050 2017
f 2017 2051 2052
f 2017 2052 2018
f 2017 2050 2053
f 2017 2053 2054
f 2017 2054 2055
f 2017 2055 2056
f 2017 2056 2051
f 2018 2052 2019
f 2019 2052 2020
f 2020 2057 2021
f 2020 2052 2058
f 2020 2058 2057
f 2021 2057 2028
f 2021 2028 2024
f 2022 2059 2034
f 2022 2023 2059
f 2023 2034 2059
f 2024 2028 2026
f 2026 2028 2027
f 2028 2057 2029
f 2029 2057 2060
f 2029 2060 2030
f 2030 2060 2036
f 2030 2036 2035
f 2033 2041 2061
f 2036 2060 2062
f 2036 2062 2037
f 2037 2062 2039
f 2037 2039 2038
f 2039 2062 2063
f 2040 2063 2064
f 2040 2064 2041
f 2041 2064 2065
f 2041 2065 2061
f 2042 2066 2043
f 2042 2067 2066
f 2043 2066 2044
f 2044 2066 2068
f 2044 2068 2069
f 2044 2069 2070
f 2044 2070 2053
f 2047 2071 2048
f 2048 2071 2053
f 2048 2053 2050
f 2051 2056 2072
f 2051 2072 2073
f 2051 2073 2052
f 2052 2073 2058
f 2053 2070 2054
f 2054 2070 2074
f 2054 2074 2056
f 2054 2056 2055
f 2056 2074 2070
f 2056 2070 2075
f 2056 2075 2072
f 2057 2058 2076
f 2057 2076 2060
f 2058 2073 2072
f 2058 2072 2077
f 2058 2077 2076
f 2060 2076 2077
f 2060 2077 2078
f 2060 2078 2079
f 2060 2079 2062
f 2062 2079 2080
f 2062 2080 2081
f 2062 2081 2063
f 2063 2081 2082
f 2063 2082 2064
f 2064 2083 2084
f 2064 2084 2065
f 2064 2082 2085
f 2064 2085 2068
f 2064 2068 2086
f 2064 2086 2083
f 2066 2067 2087
f 2066 2087 2088
f 2066 2088 2086
f 2066 2086 2068
f 2068 2085 2069
f 2069 2085 2070
f 2070 2085 2075
f 2072 2075 2089
f 2072 2089 2090
f 2072 2090 2091
f 2072 2091 2092
f 2072 2092 2093
f 2072 2093 2077
f 2075 2085 2090
f 2075 2090 2089
f 2077 2093 2092
f 2077 2092 2094
f 2077 2094 2078
f 2078 2094 2080
f 2078 2080 2079
f 2080 2094 2095
f 2080 2095 2081
f 2081 2095 2082
f 2082 2095 2090
f 2082 2090 2085
f 2086 2088 2087
f 2090 2095 2092
f 2090 2092 2091
f 2092 2095 2094
o convex_15
v -0.227203 0.515182 0.075759
v -0.227203 0.515182 0.0384674
v -0.242337 0.515182 0.0909095
v 0.203355 0.484809 0.0972898
v 0.227245 0.484809 0.0454581
v 0.227245 0.484809 0.0384674
v -0.294873 0.515182 0.0384674
v -0.257579 0.515182 0.0972898
v 0.219246 0.481801 0.0972898
v 0.240758 0.48323 0.0384674
v -0.370543 0.499996 0.0384674
v -0.363624 0.499996 0.0972898
v -0.287847 0.515182 0.0606143
v -0.266335 0.515182 0.0972898
v 0.226813 0.480223 0.0972898
v 0.303023 0.469697 0.0454581
v 0.303023 0.468118 0.0384674
v -0.379731 0.497966 0.0384674
v -0.42416 0.484809 0.0972898
v -0.272713 0.515182 0.0909095
v 0.271458 0.468419 0.0972898
v 0.272647 0.469697 0.0909095
v 0.31059 0.462104 0.0681809
v 0.377071 0.437745 0.0384674
v 0.355883 0.446842 0.0384674
v 0.313076 0.46466 0.040408
v 0.311455 0.46481 0.0384674
v -0.42416 0.484809 0.0384674
v -0.430105 0.481952 0.0972898
v 0.292645 0.459322 0.0972898
v 0.371233 0.431805 0.0833371
v 0.385178 0.432407 0.0384674
v 0.540408 0.328279 0.0972898
v -0.428916 0.482478 0.0384674
v -0.434321 0.479772 0.0384674
v -0.434321 0.479772 0.0972898
v 0.354802 0.432407 0.0972898
v 0.35837 0.430602 0.0972898
v 0.540408 0.328279 0.0384674
v 0.551867 0.305424 0.0972898
v 0.567541 0.280839 0.0384674
v -0.494749 0.428196 0.0384674
v -0.494749 0.426843 0.0972898
v 0.560623 0.287831 0.0972898
v 0.590891 0.227234 0.0454581
v 0.590891 0.227234 0.0384674
v -0.494749 -0.131761 0.0384674
v -0.494749 -0.127626 0.0972898
v 0.575757 0.242421 0.0972898
v 0.590891 0.181824 0.0972898
v 0.606025 0.15145 0.0606143
v 0.60743 0.144534 0.0384674
v -0.494749 -0.131761 0.0803485
v -0.484803 -0.18875 0.0384674
v -0.473129 -0.25288 0.0385019
v -0.46967 -0.25288 0.075759
v -0.459616 -0.25288 0.0959596
v -0.45886 -0.25288 0.0972898
v 0.604727 0.119949 0.0972898
v 0.606025 0.121227 0.0909095
v 0.609592 0.129422 0.0384674
v -0.473129 -0.25288 0.0384674
v 0.42258 -0.25288 0.0972898
v 0.606025 0.106115 0.0972898
v 0.609592 0.109574 0.0384674
v 0.439336 -0.25288 0.0384674
v 0.435012 -0.25288 0.0734038
v 0.544624 -0.159428 0.0972898
v 0.606025 0.0303317 0.0972898
v 0.606025 3.32153e-05 0.0454581
v 0.606025 3.32153e-05 0.0384674
v 0.540408 -0.161609 0.0384674
v 0.439336 -0.25288 0.0606143
v 0.438039 -0.25288 0.0659985
v 0.550894 -0.153639 0.0972898
v 0.590891 -0.0541732 0.0972898
v 0.590891 -0.0605637 0.0909095
v 0.602241 -0.0222207 0.0384674
v 0.548192 -0.146046 0.0384674
v 0.555867 -0.145069 0.0972898
v 0.589269 -0.0613907 0.0972898
v 0.590891 -0.0605637 0.0454581
v 0.587432 -0.0675557 0.0384674
f 2096 2097 2102
f 2096 2102 2108
f 2096 2108 2115
f 2096 2115 2109
f 2096 2109 2103
f 2096 2103 2098
f 2096 2098 2099
f 2096 2099 2100
f 2096 2100 2101
f 2096 2101 2097
f 2097 2101 2105
f 2097 2105 2112
f 2097 2112 2122
f 2097 2122 2120
f 2097 2120 2119
f 2097 2119 2127
f 2097 2127 2134
f 2097 2134 2136
f 2097 2136 2141
f 2097 2141 2147
f 2097 2147 2156
f 2097 2156 2160
f 2097 2160 2166
f 2097 2166 2173
f 2097 2173 2178
f 2097 2178 2174
f 2097 2174 2167
f 2097 2167 2161
f 2097 2161 2157
f 2097 2157 2149
f 2097 2149 2142
f 2097 2142 2137
f 2097 2137 2130
f 2097 2130 2129
f 2097 2129 2123
f 2097 2123 2113
f 2097 2113 2106
f 2097 2106 2102
f 2098 2103 2099
f 2099 2104 2105
f 2099 2105 2100
f 2099 2103 2109
f 2099 2109 2107
f 2099 2107 2114
f 2099 2114 2124
f 2099 2124 2131
f 2099 2131 2138
f 2099 2138 2143
f 2099 2143 2153
f 2099 2153 2158
f 2099 2158 2163
f 2099 2163 2170
f 2099 2170 2175
f 2099 2175 2176
f 2099 2176 2171
f 2099 2171 2164
f 2099 2164 2159
f 2099 2159 2154
f 2099 2154 2145
f 2099 2145 2144
f 2099 2144 2139
f 2099 2139 2135
f 2099 2135 2128
f 2099 2128 2133
f 2099 2133 2132
f 2099 2132 2125
f 2099 2125 2116
f 2099 2116 2110
f 2099 2110 2104
f 2100 2105 2101
f 2102 2106 2107
f 2102 2107 2108
f 2104 2110 2111
f 2104 2111 2105
f 2105 2111 2112
f 2106 2113 2107
f 2107 2113 2114
f 2107 2109 2115
f 2107 2115 2108
f 2110 2116 2117
f 2110 2117 2111
f 2111 2117 2118
f 2111 2118 2119
f 2111 2119 2120
f 2111 2120 2121
f 2111 2121 2112
f 2112 2121 2122
f 2113 2123 2114
f 2114 2123 2124
f 2116 2125 2126
f 2116 2126 2118
f 2116 2118 2117
f 2118 2126 2119
f 2119 2126 2128
f 2119 2128 2127
f 2120 2122 2121
f 2123 2129 2124
f 2124 2129 2130
f 2124 2130 2131
f 2125 2132 2126
f 2126 2132 2133
f 2126 2133 2128
f 2127 2128 2134
f 2128 2135 2136
f 2128 2136 2134
f 2130 2137 2131
f 2131 2137 2138
f 2135 2139 2136
f 2136 2139 2140
f 2136 2140 2141
f 2137 2142 2148
f 2137 2148 2143
f 2137 2143 2138
f 2139 2144 2140
f 2140 2145 2146
f 2140 2146 2147
f 2140 2147 2141
f 2140 2144 2145
f 2142 2149 2148
f 2143 2148 2150
f 2143 2150 2151
f 2143 2151 2152
f 2143 2152 2153
f 2145 2154 2155
f 2145 2155 2146
f 2146 2155 2156
f 2146 2156 2147
f 2148 2149 2150
f 2149 2157 2150
f 2150 2157 2161
f 2150 2161 2168
f 2150 2168 2169
f 2150 2169 2162
f 2150 2162 2158
f 2150 2158 2153
f 2150 2153 2152
f 2150 2152 2151
f 2154 2159 2155
f 2155 2159 2156
f 2156 2159 2164
f 2156 2164 2160
f 2158 2162 2163
f 2160 2164 2165
f 2160 2165 2166
f 2161 2167 2163
f 2161 2163 2168
f 2162 2169 2163
f 2163 2167 2170
f 2163 2169 2168
f 2164 2171 2172
f 2164 2172 2165
f 2165 2172 2173
f 2165 2173 2166
f 2167 2174 2175
f 2167 2175 2170
f 2171 2176 2172
f 2172 2177 2173
f 2172 2176 2175
f 2172 2175 2177
f 2173 2177 2178
f 2174 2178 2175
f 2175 2178 2177
