o convex_0
v 0.135021 0.887627 0.347316
v 0.135021 0.887627 0.30876
v 0.0964434 0.887627 0.385917
v 0.231464 0.868256 0.366616
v 0.212176 0.868256 0.270159
v 0.115732 0.887627 0.289459
v 0.231464 0.868256 0.30876
v 0.102873 0.874752 0.41165
v 0.173598 0.868256 0.405217
v 0.212176 0.868256 0.385917
v -0.0578661 0.887627 0.385917
v 0.241195 0.858629 0.395556
v 0.28933 0.849002 0.385917
v 0.225035 0.861877 0.263726
v 0.212176 0.861877 0.257292
v 0.154309 0.868256 0.250859
v 0.0771547 0.887627 0.270159
v 0.28933 0.849002 0.289459
v 0.28933 0.84413 0.267755
v 0.167169 0.861877 0.418084
v -0.0514365 0.874752 0.41165
v 0.202444 0.858629 0.414856
v -0.0771547 0.887627 0.366616
v -0.250753 0.849002 0.385917
v -0.160739 0.861877 0.398783
v -0.0642956 0.881131 0.398783
v 0.234766 0.85225 0.408423
v 0.299061 0.839375 0.395556
v 0.372915 0.816872 0.39235
v 0.347196 0.829631 0.385917
v 0.221907 0.858629 0.255689
v 0.327908 0.824876 0.248455
v 0.212176 0.855381 0.244425
v 0.154309 0.861877 0.237992
v 0.100614 0.849002 0.197098
v 0.0771547 0.874752 0.244425
v -0.0385774 0.887627 0.270159
v 0.347196 0.829631 0.289459
v 0.347196 0.824876 0.267755
v 0.173598 0.849002 0.424517
v -0.102873 0.861877 0.418084
v 0.260484 0.839375 0.414856
v -0.0771547 0.887627 0.289459
v -0.192887 0.868256 0.328016
v -0.173598 0.868256 0.366616
v -0.250753 0.849002 0.289459
v -0.308619 0.829631 0.366616
v -0.311052 0.824876 0.385917
v -0.353626 0.803997 0.398783
v -0.257182 0.842506 0.398783
v 0.334337 0.816872 0.41165
v 0.372915 0.816872 0.295893
v 0.350498 0.813624 0.408423
v 0.450243 0.778247 0.39235
v 0.398633 0.803997 0.263726
v 0.337639 0.820004 0.246028
v 0.332599 0.789962 0.197098
v 0.216867 0.828471 0.197098
v 0.212176 0.829631 0.197098
v -0.0192887 0.849002 0.197098
v -0.0385774 0.874752 0.244425
v -0.0481348 0.882755 0.26052
v -0.183156 0.863501 0.26052
v -0.173598 0.868256 0.270159
v 0.360055 0.823252 0.283026
v 0.231464 0.829631 0.424517
v -0.0964434 0.849002 0.424517
v -0.244323 0.836127 0.41165
v -0.257182 0.823252 0.418084
v 0.327908 0.791122 0.424517
v -0.192887 0.868256 0.289459
v -0.202444 0.863501 0.279798
v -0.31835 0.824876 0.279798
v -0.308619 0.829631 0.289459
v -0.334337 0.816872 0.366616
v -0.347196 0.810377 0.385917
v -0.340767 0.797502 0.41165
v -0.361793 0.800749 0.395556
v -0.400371 0.781495 0.395556
v -0.392203 0.784627 0.398783
v -0.371351 0.781495 0.414856
v 0.356928 0.800749 0.414856
v 0.395505 0.781495 0.414856
v 0.450243 0.778247 0.276593
v 0.46623 0.755745 0.408423
v 0.475961 0.765372 0.379483
v 0.48882 0.758876 0.39235
v 0.395505 0.800749 0.255689
v 0.43721 0.784627 0.263726
v 0.434082 0.781495 0.255689
v 0.343721 0.785439 0.197098
v -0.135021 0.831255 0.197098
v -0.0964434 0.855381 0.225125
v -0.106001 0.863501 0.24122
v -0.173598 0.855381 0.244425
v -0.192887 0.856193 0.250859
v -0.250753 0.836939 0.250859
v -0.299061 0.824876 0.26052
v -0.250753 0.810377 0.424517
v -0.353626 0.784627 0.418084
v 0.443813 0.733242 0.424517
v -0.356928 0.805505 0.26052
v -0.434082 0.766996 0.26052
v -0.475961 0.746117 0.289459
v -0.475961 0.746117 0.328016
v -0.360055 0.803997 0.385917
v -0.450243 0.746117 0.398783
v -0.463102 0.733242 0.405217
v -0.409928 0.762124 0.414856
v -0.411492 0.778247 0.385917
v -0.469532 0.739622 0.385917
v -0.544949 0.68499 0.395556
v -0.392203 0.765372 0.418084
v 0.47266 0.74287 0.414856
v 0.475961 0.765372 0.283026
v 0.588392 0.665619 0.414856
v 0.565975 0.700997 0.39235
v 0.546686 0.720367 0.37305
v 0.48882 0.758876 0.295893
v 0.533827 0.726747 0.263726
v 0.491948 0.74287 0.246028
v 0.420876 0.746813 0.197098
v -0.227294 0.811885 0.197098
v -0.28516 0.79263 0.197098
v -0.308619 0.817568 0.250859
v -0.347196 0.771752 0.424517
v 0.559546 0.655992 0.424517
v -0.28933 0.791122 0.197098
v -0.327908 0.773375 0.197098
v -0.415315 0.729647 0.197098
v -0.458932 0.704941 0.197098
v -0.464319 0.701693 0.197098
v -0.527398 0.662488 0.197098
v -0.491948 0.728371 0.26052
v -0.482391 0.740434 0.270159
v -0.47266 0.747625 0.279798
v -0.48882 0.739622 0.289459
v -0.450243 0.758876 0.366616
v -0.48882 0.739622 0.328016
v -0.508109 0.707492 0.398783
v -0.467794 0.723499 0.414856
v -0.407495 0.752497 0.419687
v -0.508109 0.720367 0.366616
v -0.527398 0.700997 0.385917
v -0.565975 0.681742 0.366616
v -0.604553 0.643117 0.385917
v -0.593257 0.646365 0.395556
v -0.600556 0.636738 0.400386
v -0.385774 0.752497 0.424517
v 0.546686 0.720367 0.276593
v 0.66572 0.588485 0.414856
v 0.66572 0.60774 0.395556
v 0.60768 0.665619 0.395556
v 0.623841 0.662488 0.37305
v 0.610982 0.668867 0.283026
v 0.60768 0.665619 0.265329
v 0.549814 0.704245 0.246028
v 0.540257 0.713872 0.250859
v 0.500637 0.700765 0.197098
v 0.482391 0.711668 0.197098
v 0.578834 0.636738 0.424517
v -0.603162 0.588021 0.197098
v -0.569103 0.660864 0.24122
v -0.559546 0.682554 0.270159
v -0.565975 0.681742 0.289459
v -0.465361 0.713872 0.419687
v -0.443813 0.713872 0.424517
v -0.585264 0.662488 0.366616
v -0.64313 0.604608 0.366616
v -0.662419 0.585237 0.366616
v -0.700996 0.527358 0.385917
v -0.660855 0.56923 0.395556
v -0.612546 0.62711 0.395556
v -0.696999 0.520978 0.400386
v -0.54269 0.636738 0.419687
v -0.504112 0.675363 0.419687
v 0.623841 0.662488 0.295893
v 0.685009 0.56923 0.414856
v 0.662419 0.623862 0.37305
v 0.704298 0.54986 0.414856
v 0.720285 0.546612 0.39235
v 0.66572 0.60774 0.265329
v 0.602293 0.615395 0.197098
v 0.596038 0.621543 0.197098
v 0.527398 0.681742 0.197098
v 0.517319 0.688934 0.197098
v 0.694566 0.520978 0.424517
v 0.67215 0.556355 0.421289
v -0.668327 0.509263 0.197098
v -0.66572 0.564359 0.24122
v -0.585264 0.662488 0.270159
v -0.569103 0.670491 0.26052
v -0.482391 0.675363 0.424517
v -0.64313 0.604608 0.270159
v -0.681707 0.565983 0.347316
v -0.682576 0.559487 0.366616
v -0.708989 0.511235 0.395556
v -0.721153 0.501607 0.385917
v -0.735577 0.463098 0.400386
v -0.723586 0.395475 0.419687
v -0.520968 0.636738 0.424517
v 0.662419 0.623862 0.295893
v 0.739573 0.527358 0.37305
v 0.742875 0.49198 0.414856
v 0.742875 0.511235 0.395556
v 0.736445 0.52411 0.389122
v 0.668848 0.610987 0.283026
v 0.704298 0.54986 0.246028
v 0.662419 0.546612 0.197098
v 0.733144 0.463098 0.424517
v -0.68136 0.491052 0.197098
v -0.723586 0.487224 0.24122
v -0.662419 0.585237 0.270159
v -0.681707 0.565983 0.289459
v -0.739573 0.488732 0.328016
v -0.720285 0.508103 0.366616
v -0.747567 0.453355 0.395556
v -0.759731 0.443728 0.385917
v -0.757298 0.4341 0.395556
v -0.786318 0.376221 0.395556
v -0.824895 0.299086 0.395556
v -0.812731 0.308714 0.400386
v -0.781452 0.279832 0.419687
v -0.752432 0.270205 0.424517
v 0.726714 0.533853 0.283026
v 0.739573 0.527358 0.315171
v 0.758862 0.488732 0.39235
v 0.765292 0.475973 0.379483
v 0.781452 0.414846 0.414856
v 0.758862 0.469478 0.41165
v 0.707426 0.553108 0.263726
v 0.723586 0.511235 0.236389
v 0.727409 0.459503 0.197098
v 0.720285 0.469478 0.197098
v 0.723586 0.530605 0.265329
v 0.781452 0.4341 0.246028
v 0.79101 0.347223 0.424517
v -0.740095 0.405799 0.197098
v -0.742875 0.409974 0.202619
v -0.762164 0.429229 0.24122
v -0.758862 0.450223 0.270159
v -0.720285 0.508103 0.270159
v -0.739573 0.488732 0.289459
v -0.746003 0.475973 0.328016
v -0.758862 0.450223 0.366616
v -0.766856 0.4341 0.376255
v -0.786318 0.395475 0.376255
v -0.77902 0.405219 0.385917
v -0.823158 0.289459 0.398783
v -0.817597 0.327968 0.385917
v -0.824895 0.318341 0.376255
v -0.844184 0.279832 0.356977
v -0.844184 0.260577 0.376255
v -0.844184 0.241207 0.395556
v -0.810298 0.289459 0.405217
v -0.829587 0.231579 0.405217
v -0.848876 0.154445 0.405217
v -0.848876 -0.154324 0.405217
v -0.733144 0.25095 0.424517
v -0.829587 -0.231459 0.405217
v -0.810298 -0.289338 0.405217
v 0.746003 0.514482 0.302326
v 0.765292 0.475973 0.283026
v 0.778151 0.450223 0.39235
v 0.800741 0.376221 0.414856
v 0.797439 0.392344 0.41165
v 0.785623 0.35279 0.197098
v 0.742875 0.511235 0.284629
v 0.762164 0.472726 0.265329
v 0.78458 0.437348 0.263726
v 0.823158 0.360098 0.263726
v 0.82003 0.356966 0.255689
v 0.810298 0.289459 0.424517
v 0.816728 0.353718 0.41165
v -0.747567 0.39246 0.197098
v -0.766856 0.426909 0.250859
v -0.781452 0.39072 0.24122
v -0.786318 0.388284 0.250859
v -0.746003 0.475973 0.289459
v -0.824895 0.311149 0.250859
v -0.816728 0.334464 0.270159
v -0.805607 0.356966 0.376255
v -0.842446 0.231579 0.398783
v -0.848876 0.270205 0.347316
v -0.863473 0.221952 0.356977
v -0.829587 0.308714 0.270159
v -0.863473 0.202697 0.376255
v -0.863473 0.164072 0.395556
v -0.861735 0.154445 0.398783
v -0.858607 -0.163951 0.400386
v -0.839318 -0.241202 0.400386
v -0.675278 0.212325 0.424517
v -0.818292 -0.297342 0.401254
v -0.154309 -0.115699 0.424517
v -0.28933 -0.0385647 0.424517
v -0.79101 -0.297342 0.405217
v 0.173598 -0.289338 0.424517
v 0.816728 0.372973 0.39235
v 0.787708 0.347223 0.197098
v 0.829587 0.347223 0.270159
v 0.848876 0.289459 0.270159
v 0.861735 0.244454 0.263726
v 0.816728 0.347223 0.244425
v 0.858607 0.241207 0.255689
v 0.836017 0.289459 0.244425
v 0.829587 0.231579 0.424517
v 0.855305 0.238075 0.41165
v 0.848876 0.289459 0.385917
v 0.829587 0.347223 0.385917
v -0.79101 0.293635 0.197098
v -0.82003 0.313469 0.24122
v -0.839318 0.255706 0.24122
v -0.844184 0.25327 0.250859
v -0.848876 0.25095 0.270159
v -0.868165 0.212325 0.347316
v -0.868165 0.19307 0.366616
v -0.887627 0.0771947 0.366616
v -0.874594 0.0771947 0.39235
v -0.882761 0.086938 0.376255
v -0.855305 -0.212204 0.39235
v -0.874594 -0.115699 0.39235
v -0.836017 -0.289338 0.39235
v -0.820551 -0.297342 0.400097
v 0.212176 -0.297342 0.424517
v 0.855305 0.231579 0.244425
v 0.811341 0.270205 0.197098
v 0.868165 0.231579 0.270159
v 0.848876 0.135074 0.424517
v 0.874594 0.122315 0.41165
v 0.887627 0.11582 0.385917
v 0.868165 0.231579 0.385917
v -0.824895 0.199566 0.197098
v -0.842446 0.238075 0.237992
v -0.861735 0.19945 0.257292
v -0.868165 0.19307 0.270159
v -0.887627 0.0965653 0.289459
v -0.887627 0.0965653 0.347316
v -0.887627 -0.115699 0.366616
v -0.882761 -0.13507 0.36902
v -0.863473 -0.231459 0.36902
v -0.838797 -0.297342 0.383134
v -0.83341 -0.297342 0.389723
v 0.79101 -0.297342 0.424517
v 0.887627 0.11582 0.270159
v 0.874594 0.11582 0.244425
v 0.841404 0.135074 0.197098
v 0.829587 0.19713 0.197098
v 0.824895 0.21882 0.197098
v 0.887627 0.154445 0.30876
v 0.848876 -0.0964445 0.424517
v 0.874594 -0.0514398 0.41165
v 0.887627 -0.0578193 0.385917
v 0.887627 0.135074 0.366616
v -0.825938 0.194926 0.197098
v -0.861735 0.160825 0.237992
v -0.868165 0.154445 0.250859
v -0.887627 0.0386856 0.250859
v -0.887627 0.0771947 0.270159
v -0.887627 -0.13507 0.347316
v -0.868165 -0.212204 0.366616
v -0.868165 -0.231459 0.347316
v -0.848876 -0.289338 0.366616
v -0.845053 -0.297342 0.370556
v 0.802479 -0.297342 0.418796
v 0.823158 -0.257209 0.418084
v 0.810298 -0.250829 0.424517
v 0.887627 -0.0578193 0.270159
v 0.882761 -0.0674466 0.26052
v 0.874594 -0.0578193 0.244425
v 0.848876 0.0621158 0.197098
v 0.861735 -0.102824 0.418084
v 0.829587 -0.192949 0.424517
v 0.881024 -0.0643148 0.398783
v 0.855305 -0.167199 0.41165
v 0.887627 -0.0964445 0.347316
v 0.861735 -0.180074 0.398783
v 0.868165 -0.173579 0.385917
v 0.868165 -0.192949 0.366616
v -0.83063 0.173236 0.197098
v -0.855305 0.14795 0.225125
v -0.849918 0.0767308 0.197098
v -0.881024 0.0450651 0.237992
v -0.874594 0.0321901 0.225125
v -0.887627 -0.0770739 0.250859
v -0.887627 -0.13507 0.289459
v -0.868165 -0.231459 0.289459
v -0.848876 -0.289338 0.270159
v -0.845053 -0.297342 0.274099
v 0.803869 -0.297342 0.418084
v 0.82003 -0.274955 0.414856
v 0.836017 -0.244334 0.41165
v 0.842446 -0.199329 0.418084
v 0.887627 -0.0964445 0.289459
v 0.863473 -0.183206 0.26052
v 0.829587 -0.192949 0.197098
v 0.848876 -0.0770739 0.197098
v 0.842446 -0.257209 0.398783
v 0.863473 -0.195269 0.385917
v 0.868165 -0.192949 0.289459
v 0.848876 -0.250829 0.385917
v 0.848876 -0.270084 0.30876
v -0.850961 0.0558523 0.197098
v -0.874594 -0.0835694 0.225125
v -0.887627 -0.115699 0.270159
v -0.855305 -0.199329 0.225125
v -0.868165 -0.192949 0.250859
v -0.865037 -0.228327 0.273365
v -0.845748 -0.286206 0.254087
v -0.840187 -0.297342 0.242956
v 0.815859 -0.297342 0.407688
v 0.868165 -0.173579 0.270159
v 0.863473 -0.202577 0.279798
v 0.844184 -0.260456 0.26052
v 0.78962 -0.297342 0.197098
v 0.822115 -0.297342 0.399674
v 0.823331 -0.297342 0.397537
v 0.827849 -0.297342 0.385917
v 0.848876 -0.250829 0.270159
v 0.829587 -0.297342 0.378014
v 0.835322 -0.297342 0.30876
v 0.844184 -0.279711 0.299099
v -0.850961 -0.0599071 0.197098
v -0.855305 -0.122195 0.205847
v -0.836017 -0.218583 0.205847
v -0.836017 -0.276579 0.225125
v -0.858607 -0.221831 0.24122
v -0.865037 -0.208956 0.254087
v -0.858607 -0.241202 0.26052
v -0.839318 -0.297342 0.24122
v 0.833931 -0.297342 0.281557
v 0.829587 -0.297342 0.270159
v 0.826981 -0.297342 0.264883
v 0.820551 -0.297342 0.252039
v 0.816728 -0.297342 0.244425
v -0.797613 -0.297342 0.197098
v 0.835322 -0.297342 0.306556
v -0.846617 -0.113379 0.197098
v -0.836538 -0.161168 0.197098
v -0.817249 -0.238418 0.197098
v -0.808039 -0.267764 0.197098
v -0.816728 -0.276579 0.205847
f 1 2 6
f 1 6 17
f 1 17 37
f 1 37 43
f 1 43 23
f 1 23 11
f 1 11 3
f 1 3 10
f 1 10 4
f 1 4 7
f 1 7 2
f 2 5 6
f 2 7 5
f 3 8 9
f 3 9 10
f 3 11 21
f 3 21 8
f 4 12 13
f 4 13 18
f 4 18 7
f 4 10 12
f 5 14 15
f 5 15 34
f 5 34 16
f 5 16 17
f 5 17 6
f 5 7 18
f 5 18 19
f 5 19 14
f 8 20 9
f 8 21 41
f 8 41 67
f 8 67 40
f 8 40 20
f 9 20 22
f 9 22 12
f 9 12 10
f 11 23 24
f 11 24 25
f 11 25 26
f 11 26 21
f 12 22 27
f 12 27 13
f 13 27 28
f 13 28 29
f 13 29 30
f 13 30 38
f 13 38 18
f 14 31 15
f 14 19 32
f 14 32 31
f 15 31 33
f 15 33 34
f 16 34 35
f 16 35 17
f 17 35 36
f 17 36 61
f 17 61 37
f 18 38 39
f 18 39 19
f 19 39 32
f 20 40 22
f 21 26 41
f 22 40 42
f 22 42 27
f 23 43 71
f 23 71 44
f 23 44 45
f 23 45 24
f 24 45 44
f 24 44 71
f 24 71 46
f 24 46 74
f 24 74 47
f 24 47 48
f 24 48 49
f 24 49 50
f 24 50 25
f 25 41 26
f 25 50 41
f 27 42 51
f 27 51 29
f 27 29 28
f 29 52 65
f 29 65 38
f 29 38 30
f 29 51 53
f 29 53 54
f 29 54 84
f 29 84 52
f 31 32 33
f 32 39 55
f 32 55 56
f 32 56 57
f 32 57 58
f 32 58 33
f 33 58 59
f 33 59 35
f 33 35 34
f 35 59 58
f 35 58 57
f 35 57 91
f 35 91 122
f 35 122 160
f 35 160 159
f 35 159 186
f 35 186 185
f 35 185 184
f 35 184 183
f 35 183 209
f 35 209 234
f 35 234 233
f 35 233 267
f 35 267 299
f 35 299 326
f 35 326 348
f 35 348 347
f 35 347 346
f 35 346 370
f 35 370 396
f 35 396 395
f 35 395 414
f 35 414 435
f 35 435 440
f 35 440 439
f 35 439 438
f 35 438 437
f 35 437 422
f 35 422 402
f 35 402 381
f 35 381 379
f 35 379 354
f 35 354 332
f 35 332 310
f 35 310 275
f 35 275 238
f 35 238 211
f 35 211 189
f 35 189 162
f 35 162 133
f 35 133 132
f 35 132 131
f 35 131 130
f 35 130 129
f 35 129 128
f 35 128 124
f 35 124 123
f 35 123 92
f 35 92 60
f 35 60 61
f 35 61 36
f 37 61 62
f 37 62 63
f 37 63 64
f 37 64 43
f 38 65 39
f 39 65 55
f 40 66 42
f 40 67 99
f 40 99 126
f 40 126 149
f 40 149 167
f 40 167 193
f 40 193 201
f 40 201 224
f 40 224 259
f 40 259 292
f 40 292 295
f 40 295 294
f 40 294 297
f 40 297 324
f 40 324 343
f 40 343 366
f 40 366 372
f 40 372 350
f 40 350 328
f 40 328 306
f 40 306 273
f 40 273 237
f 40 237 210
f 40 210 187
f 40 187 161
f 40 161 127
f 40 127 101
f 40 101 70
f 40 70 66
f 41 50 68
f 41 68 69
f 41 69 99
f 41 99 67
f 42 66 70
f 42 70 51
f 43 64 71
f 46 71 72
f 46 72 73
f 46 73 74
f 47 74 73
f 47 73 75
f 47 75 106
f 47 106 76
f 47 76 48
f 48 76 49
f 49 77 68
f 49 68 50
f 49 76 78
f 49 78 79
f 49 79 80
f 49 80 109
f 49 109 81
f 49 81 77
f 51 70 82
f 51 82 83
f 51 83 53
f 52 84 55
f 52 55 65
f 53 83 85
f 53 85 54
f 54 86 115
f 54 115 84
f 54 85 87
f 54 87 86
f 55 88 56
f 55 84 89
f 55 89 90
f 55 90 88
f 56 91 57
f 56 88 91
f 60 92 93
f 60 93 61
f 61 93 94
f 61 94 62
f 62 94 63
f 63 72 64
f 63 94 93
f 63 93 95
f 63 95 96
f 63 96 97
f 63 97 98
f 63 98 73
f 63 73 72
f 64 72 71
f 68 77 81
f 68 81 69
f 69 81 100
f 69 100 126
f 69 126 99
f 70 101 83
f 70 83 82
f 73 98 102
f 73 102 103
f 73 103 104
f 73 104 105
f 73 105 75
f 75 105 106
f 76 106 78
f 78 106 79
f 79 107 108
f 79 108 109
f 79 109 80
f 79 106 110
f 79 110 111
f 79 111 144
f 79 144 112
f 79 112 140
f 79 140 107
f 81 109 113
f 81 113 100
f 83 101 114
f 83 114 85
f 84 115 89
f 85 114 116
f 85 116 87
f 86 87 119
f 86 119 115
f 87 116 117
f 87 117 154
f 87 154 118
f 87 118 150
f 87 150 119
f 88 90 91
f 89 115 120
f 89 120 121
f 89 121 90
f 90 122 91
f 90 121 122
f 92 123 96
f 92 96 95
f 92 95 93
f 96 123 124
f 96 124 97
f 97 124 125
f 97 125 102
f 97 102 98
f 100 113 149
f 100 149 126
f 101 127 116
f 101 116 114
f 102 125 128
f 102 128 129
f 102 129 103
f 103 130 131
f 103 131 132
f 103 132 133
f 103 133 134
f 103 134 135
f 103 135 136
f 103 136 137
f 103 137 104
f 103 129 130
f 104 137 139
f 104 139 105
f 105 138 110
f 105 110 106
f 105 139 138
f 107 140 108
f 108 141 109
f 108 140 141
f 109 142 113
f 109 141 166
f 109 166 142
f 110 138 143
f 110 143 111
f 111 143 145
f 111 145 144
f 112 144 145
f 112 145 146
f 112 146 147
f 112 147 148
f 112 148 141
f 112 141 140
f 113 142 149
f 115 119 150
f 115 150 120
f 116 127 151
f 116 151 152
f 116 152 153
f 116 153 117
f 117 153 154
f 118 154 177
f 118 177 150
f 120 150 177
f 120 177 155
f 120 155 156
f 120 156 157
f 120 157 158
f 120 158 121
f 121 158 157
f 121 157 159
f 121 159 160
f 121 160 122
f 124 128 125
f 127 161 178
f 127 178 151
f 133 162 163
f 133 163 134
f 134 163 135
f 135 163 164
f 135 164 165
f 135 165 137
f 135 137 136
f 137 165 145
f 137 145 139
f 138 139 143
f 139 145 143
f 141 148 166
f 142 166 167
f 142 167 149
f 145 165 191
f 145 191 168
f 145 168 146
f 146 169 170
f 146 170 171
f 146 171 172
f 146 172 173
f 146 173 148
f 146 148 147
f 146 168 169
f 148 173 172
f 148 172 174
f 148 174 175
f 148 175 176
f 148 176 166
f 151 178 152
f 152 179 154
f 152 154 153
f 152 178 180
f 152 180 181
f 152 181 179
f 154 179 202
f 154 202 177
f 155 177 156
f 156 177 182
f 156 182 183
f 156 183 184
f 156 184 157
f 157 184 185
f 157 185 186
f 157 186 159
f 161 187 188
f 161 188 178
f 162 189 190
f 162 190 163
f 163 191 192
f 163 192 164
f 163 190 191
f 164 192 191
f 164 191 165
f 166 176 167
f 167 176 193
f 168 191 194
f 168 194 169
f 169 194 214
f 169 214 195
f 169 195 170
f 170 195 196
f 170 196 198
f 170 198 171
f 171 197 172
f 171 198 197
f 172 197 174
f 174 197 217
f 174 217 199
f 174 199 200
f 174 200 175
f 175 201 193
f 175 193 176
f 175 200 201
f 177 202 182
f 178 188 187
f 178 187 180
f 179 181 203
f 179 203 226
f 179 226 202
f 180 187 210
f 180 210 204
f 180 204 205
f 180 205 181
f 181 205 206
f 181 206 203
f 182 202 207
f 182 207 231
f 182 231 208
f 182 208 183
f 183 208 209
f 189 211 212
f 189 212 190
f 190 213 194
f 190 194 191
f 190 212 242
f 190 242 213
f 194 213 214
f 195 214 243
f 195 243 215
f 195 215 216
f 195 216 198
f 195 198 196
f 197 198 218
f 197 218 217
f 198 216 245
f 198 245 218
f 199 217 219
f 199 219 220
f 199 220 221
f 199 221 222
f 199 222 223
f 199 223 200
f 200 223 224
f 200 224 201
f 202 225 231
f 202 231 207
f 202 226 225
f 203 206 205
f 203 205 227
f 203 227 264
f 203 264 228
f 203 228 263
f 203 263 226
f 204 210 229
f 204 229 266
f 204 266 230
f 204 230 227
f 204 227 205
f 208 232 233
f 208 233 234
f 208 234 209
f 208 231 225
f 208 225 235
f 208 235 269
f 208 269 236
f 208 236 232
f 210 237 265
f 210 265 229
f 211 238 239
f 211 239 212
f 212 239 240
f 212 240 241
f 212 241 242
f 213 242 214
f 214 242 243
f 215 243 279
f 215 279 244
f 215 244 245
f 215 245 216
f 217 218 219
f 218 245 246
f 218 246 247
f 218 247 282
f 218 282 248
f 218 248 220
f 218 220 219
f 220 248 221
f 221 249 222
f 221 248 250
f 221 250 251
f 221 251 252
f 221 252 253
f 221 253 287
f 221 287 254
f 221 254 283
f 221 283 249
f 222 249 255
f 222 255 223
f 223 255 256
f 223 256 257
f 223 257 258
f 223 258 224
f 224 258 260
f 224 260 261
f 224 261 259
f 225 226 262
f 225 262 268
f 225 268 235
f 226 263 262
f 227 230 264
f 228 264 298
f 228 298 309
f 228 309 300
f 228 300 271
f 228 271 270
f 228 270 263
f 229 265 274
f 229 274 266
f 230 266 264
f 232 236 233
f 233 236 267
f 235 268 269
f 236 269 263
f 236 263 270
f 236 270 271
f 236 271 272
f 236 272 267
f 237 273 274
f 237 274 265
f 238 275 239
f 239 275 240
f 240 276 241
f 240 275 277
f 240 277 278
f 240 278 276
f 241 279 243
f 241 243 242
f 241 276 278
f 241 278 280
f 241 280 281
f 241 281 252
f 241 252 279
f 244 279 282
f 244 282 247
f 244 247 245
f 245 247 246
f 248 282 251
f 248 251 250
f 249 283 256
f 249 256 255
f 251 282 252
f 252 284 315
f 252 315 285
f 252 285 287
f 252 287 253
f 252 282 279
f 252 281 286
f 252 286 284
f 254 287 288
f 254 288 289
f 254 289 283
f 256 283 289
f 256 289 257
f 257 289 290
f 257 290 258
f 258 290 291
f 258 291 260
f 259 261 292
f 260 291 293
f 260 293 261
f 261 294 295
f 261 295 292
f 261 293 296
f 261 296 297
f 261 297 294
f 262 263 269
f 262 269 268
f 264 266 274
f 264 274 298
f 267 272 299
f 271 300 301
f 271 301 302
f 271 302 272
f 272 303 299
f 272 302 304
f 272 304 325
f 272 325 305
f 272 305 303
f 273 306 307
f 273 307 274
f 274 307 308
f 274 308 309
f 274 309 298
f 275 310 311
f 275 311 277
f 277 311 280
f 277 280 278
f 280 286 281
f 280 311 312
f 280 312 313
f 280 313 335
f 280 335 314
f 280 314 286
f 284 314 335
f 284 335 315
f 284 286 314
f 285 315 316
f 285 316 287
f 287 316 317
f 287 317 288
f 288 318 289
f 288 317 319
f 288 319 318
f 289 318 290
f 290 320 291
f 290 318 321
f 290 321 320
f 291 322 323
f 291 323 293
f 291 320 322
f 293 323 342
f 293 342 341
f 293 341 363
f 293 363 388
f 293 388 409
f 293 409 429
f 293 429 435
f 293 435 414
f 293 414 434
f 293 434 433
f 293 433 432
f 293 432 431
f 293 431 430
f 293 430 436
f 293 436 420
f 293 420 419
f 293 419 417
f 293 417 416
f 293 416 415
f 293 415 410
f 293 410 389
f 293 389 364
f 293 364 343
f 293 343 324
f 293 324 296
f 296 324 297
f 299 303 305
f 299 305 325
f 299 325 326
f 300 309 308
f 300 308 301
f 301 308 331
f 301 331 327
f 301 327 302
f 302 327 304
f 304 327 325
f 306 328 307
f 307 328 329
f 307 329 330
f 307 330 331
f 307 331 308
f 310 332 311
f 311 332 312
f 312 333 334
f 312 334 313
f 312 332 333
f 313 334 335
f 315 335 336
f 315 336 337
f 315 337 316
f 316 337 317
f 317 337 336
f 317 336 358
f 317 358 357
f 317 357 384
f 317 384 404
f 317 404 385
f 317 385 359
f 317 359 338
f 317 338 319
f 318 319 321
f 319 338 321
f 320 321 339
f 320 339 340
f 320 340 322
f 321 338 339
f 322 340 341
f 322 341 342
f 322 342 323
f 325 327 344
f 325 344 345
f 325 345 346
f 325 346 347
f 325 347 348
f 325 348 326
f 327 331 349
f 327 349 344
f 328 350 371
f 328 371 351
f 328 351 329
f 329 351 352
f 329 352 330
f 330 352 375
f 330 375 393
f 330 393 367
f 330 367 344
f 330 344 349
f 330 349 353
f 330 353 331
f 331 353 349
f 332 354 355
f 332 355 333
f 333 355 334
f 334 355 356
f 334 356 335
f 335 356 357
f 335 357 358
f 335 358 336
f 338 359 360
f 338 360 340
f 338 340 339
f 340 360 361
f 340 361 362
f 340 362 363
f 340 363 341
f 343 364 365
f 343 365 366
f 344 367 368
f 344 368 345
f 345 368 369
f 345 369 396
f 345 396 370
f 345 370 346
f 350 372 392
f 350 392 371
f 351 373 352
f 351 371 374
f 351 374 376
f 351 376 373
f 352 373 376
f 352 376 377
f 352 377 378
f 352 378 375
f 354 379 355
f 355 379 380
f 355 380 381
f 355 381 382
f 355 382 357
f 355 357 356
f 357 382 383
f 357 383 403
f 357 403 384
f 359 361 360
f 359 385 386
f 359 386 361
f 361 386 387
f 361 387 362
f 362 387 388
f 362 388 363
f 364 389 365
f 365 389 390
f 365 390 391
f 365 391 392
f 365 392 372
f 365 372 366
f 367 393 394
f 367 394 368
f 368 394 395
f 368 395 396
f 368 396 369
f 371 392 374
f 374 392 391
f 374 391 397
f 374 397 376
f 375 378 399
f 375 399 393
f 376 397 398
f 376 398 377
f 377 398 378
f 378 398 400
f 378 400 401
f 378 401 399
f 379 381 380
f 381 402 383
f 381 383 382
f 383 402 422
f 383 422 403
f 384 403 405
f 384 405 406
f 384 406 404
f 385 404 406
f 385 406 386
f 386 406 407
f 386 407 387
f 387 408 409
f 387 409 388
f 387 407 408
f 389 410 390
f 390 410 397
f 390 397 391
f 393 399 411
f 393 411 394
f 394 411 412
f 394 412 413
f 394 413 395
f 395 413 414
f 397 400 398
f 397 410 415
f 397 415 416
f 397 416 417
f 397 417 400
f 399 401 418
f 399 418 412
f 399 412 411
f 400 417 419
f 400 419 401
f 401 419 420
f 401 420 421
f 401 421 418
f 403 422 423
f 403 423 405
f 405 423 424
f 405 424 425
f 405 425 426
f 405 426 406
f 406 427 407
f 406 426 427
f 407 427 426
f 407 426 428
f 407 428 409
f 407 409 408
f 409 428 426
f 409 426 429
f 412 418 413
f 413 418 421
f 413 421 430
f 413 430 431
f 413 431 432
f 413 432 433
f 413 433 434
f 413 434 414
f 420 436 421
f 421 436 430
f 422 437 423
f 423 437 424
f 424 437 438
f 424 438 439
f 424 439 440
f 424 440 441
f 424 441 425
f 425 429 426
f 425 441 435
f 425 435 429
f 435 441 440
o convex_1
v 0.100661 0.84895 0.197098
v 0.115855 0.829738 0.077177
v 0.0964831 0.84895 0.192912
v -0.0192722 0.84895 0.197098
v 0.212333 0.829738 0.197098
v 0.212333 0.829738 0.192912
v 0.115855 0.810442 -0.0578968
v 0.0964831 0.829738 0.0578386
v 4.54998e-06 0.829738 0.0192798
v 0.0193762 0.84895 0.173633
v -0.0192722 0.84895 0.192912
v -0.121068 0.831778 0.197098
v 0.216986 0.828548 0.197098
v 0.332836 0.789955 0.197098
v 0.328088 0.791145 0.192912
v 0.308812 0.791145 0.135015
v 0.212333 0.810442 0.0578386
v 0.115855 0.791145 -0.173632
v 0.0964831 0.791145 -0.192912
v 0.193057 0.771849 -0.21225
v 4.54998e-06 0.791145 -0.231529
v 4.54998e-06 0.84895 0.173633
v -0.096474 0.810442 -0.0578968
v -0.096474 0.829738 0.077177
v -0.115751 0.829738 0.115736
v -0.121068 0.827018 0.11043
v -0.121068 -0.0193047 0.197098
v 0.343852 0.785365 0.197098
v 0.328088 0.771849 0.0578386
v 0.289535 0.771849 -0.019338
v 0.0964831 0.771849 -0.289427
v 0.289535 0.733256 -0.250809
v 0.289535 0.728411 -0.272506
v 0.212333 0.747707 -0.291844
v 0.193057 0.752552 -0.289427
v -0.096474 0.771849 -0.289427
v -0.0771023 0.791145 -0.192912
v -0.115751 0.810442 -0.019338
v -0.121068 0.807721 -0.0246443
v 0.848275 -0.0193047 0.197098
v -0.121068 -0.0193047 -0.327985
v 0.340908 0.765388 0.0514121
v 0.420959 0.746772 0.197098
v 0.418015 0.746092 0.147927
v 0.308812 0.733256 -0.21225
v 0.308812 0.752552 -0.0965146
v 0.115855 0.767003 -0.291844
v 0.0964831 0.758928 -0.315133
v 0.0193762 0.746092 -0.340897
v 0.302355 0.726796 -0.257235
v 0.379461 0.688203 -0.276574
v 0.376233 0.684972 -0.294261
v 0.308812 0.709114 -0.311123
v 0.193057 0.739631 -0.315133
v -0.0192722 0.746092 -0.340897
v -0.096474 0.758928 -0.315133
v -0.106065 0.767003 -0.299037
v -0.115751 0.771849 -0.250809
v -0.121068 0.769129 -0.256115
v 0.849035 -0.0193047 0.197039
v 0.849035 -0.0192197 0.197098
v -0.121068 0.617477 -0.405221
v 0.636706 -0.0193047 -0.405221
v 0.321631 0.726796 -0.218677
v 0.482397 0.711749 0.197098
v 0.430929 0.739631 0.16078
v 0.500629 0.700784 0.197098
v 0.514493 0.688203 0.167206
v 0.495217 0.688203 0.0900299
v 0.418015 0.707499 -0.0643233
v 0.398738 0.707499 -0.122162
v 0.0772064 0.720335 -0.37303
v 0.0193762 0.739631 -0.35375
v 0.173685 0.720335 -0.35375
v 0.398738 0.688203 -0.218677
v 0.47594 0.630313 -0.257235
v 0.472711 0.627083 -0.274923
v 0.453435 0.627083 -0.313541
v 0.39551 0.665676 -0.313541
v 0.318403 0.704269 -0.313541
v 0.289535 0.701039 -0.334412
v -0.0192722 0.739631 -0.35375
v -0.096474 0.701039 -0.392309
v -0.121068 0.698148 -0.38942
v -0.115751 0.759778 -0.308706
v -0.121068 0.755783 -0.308706
v 0.849035 -0.0193047 0.192912
v 0.849035 0.0620463 0.197098
v -0.121068 0.675367 -0.405221
v 0.694631 -0.0193047 -0.405221
v 0.517437 0.688883 0.197098
v 0.527408 0.681742 0.180059
v 0.508131 0.681742 0.102883
v 0.495217 0.668906 -0.00648508
v 0.495217 0.64961 -0.102941
v 0.115855 0.701039 -0.392309
v 0.193057 0.701039 -0.37303
v 0.553142 0.59172 -0.160779
v 0.553142 0.572424 -0.237956
v 0.549913 0.569194 -0.255643
v 0.530636 0.569194 -0.294261
v 0.530636 0.549897 -0.33282
v 0.434158 0.58849 -0.371438
v 0.376233 0.607787 -0.390717
v 0.366547 0.662446 -0.334412
v 0.337774 0.627083 -0.390717
v 0.299126 0.64638 -0.390717
v 0.279849 0.64638 -0.400386
v 0.250887 0.681742 -0.37303
v -0.121068 0.688203 -0.398736
v -0.121068 0.739886 -0.332702
v -0.121068 0.753147 -0.314012
v 0.849035 0.0193731 0.154354
v 0.810386 -0.0193047 -0.0772942
v 0.849035 0.057966 0.173633
v 0.841438 0.135152 0.197098
v 0.135131 0.675367 -0.405221
v 0.694631 0.057966 -0.405221
v 0.704222 0.0675717 -0.400386
v 0.70745 -0.0193047 -0.398736
v 0.527408 0.681742 0.197098
v 0.508131 0.662446 0.00642682
v 0.596063 0.621558 0.197098
v 0.585238 0.623853 0.141501
v 0.572418 0.611017 0.0128533
v 0.193057 0.681742 -0.392309
v 0.144722 0.684972 -0.400386
v 0.221924 0.665676 -0.400386
v 0.64962 0.533831 0.0321327
v 0.610972 0.514535 -0.218677
v 0.60461 0.508074 -0.263662
v 0.607743 0.492008 -0.294261
v 0.520951 0.540292 -0.347324
v 0.434158 0.569194 -0.390717
v 0.588467 0.472712 -0.342489
v 0.56919 0.434119 -0.390717
v 0.357051 0.607787 -0.400386
v 0.270163 0.636774 -0.405221
v 0.212333 0.65607 -0.405221
v 0.308812 0.617477 -0.405221
v 0.849035 0.0386696 0.154354
v 0.829663 0.0386696 -5.8614e-05
v 0.791109 -0.0193047 -0.19303
v 0.791109 0.0193731 -0.231529
v 0.829663 0.135152 0.0578386
v 0.829663 0.154448 0.0964564
v 0.829663 0.197121 0.197098
v 0.675354 0.154448 -0.405221
v 0.70745 0.057966 -0.398736
v 0.684945 0.164054 -0.400386
v 0.701088 0.135152 -0.392309
v 0.758918 0.0386696 -0.334412
v 0.739642 -0.0192197 -0.35375
v 0.739547 -0.0193047 -0.35375
v 0.599197 0.618497 0.197098
v 0.60461 0.604556 0.141501
v 0.591695 0.611017 0.109309
v 0.585238 0.604556 0.0449856
v 0.623886 0.508074 -0.186485
v 0.66244 0.546667 0.16078
v 0.720365 0.469481 0.16078
v 0.681716 0.450185 -0.109309
v 0.630344 0.495238 -0.199338
v 0.630344 0.475942 -0.257235
v 0.668897 0.418053 -0.276574
v 0.610972 0.495238 -0.276574
v 0.627115 0.434119 -0.33282
v 0.665668 0.414822 -0.294261
v 0.530636 0.472712 -0.390717
v 0.434158 0.549897 -0.400386
v 0.414786 0.569194 -0.400386
v 0.627115 0.376315 -0.371438
v 0.607743 0.376315 -0.390717
v 0.56919 0.414822 -0.400386
v 0.405195 0.559588 -0.405221
v 0.347365 0.598181 -0.405221
v 0.791109 0.0386696 -0.231529
v 0.791109 0.115855 -0.192912
v 0.771738 -0.0193047 -0.289486
v 0.771833 -0.0192197 -0.289427
v 0.771833 0.0386696 -0.308706
v 0.810386 0.154448 -0.0386174
v 0.791109 0.231634 -0.0578968
v 0.810386 0.25093 0.0964564
v 0.771833 0.154448 -0.270147
v 0.826339 0.212337 0.197098
v 0.665668 0.24124 -0.400386
v 0.655983 0.231634 -0.405221
v 0.720365 0.115855 -0.37303
v 0.739642 0.0772624 -0.35375
v 0.681716 0.212337 -0.392309
v 0.720365 0.193041 -0.35375
v 0.758918 0.115855 -0.315133
v 0.76699 0.0289788 -0.318375
v 0.746099 -0.0193047 -0.340897
v 0.602236 0.615352 0.197098
v 0.66244 0.546667 0.197098
v 0.720365 0.469481 0.197098
v 0.727487 0.459536 0.197098
v 0.726822 0.456645 0.147927
v 0.688174 0.437349 -0.122162
v 0.688174 0.418053 -0.180059
v 0.726822 0.321656 -0.237956
v 0.70745 0.340952 -0.276574
v 0.665668 0.395611 -0.313541
v 0.704222 0.337722 -0.294261
v 0.530636 0.453415 -0.400386
v 0.559504 0.405302 -0.405221
v 0.482397 0.482402 -0.405221
v 0.623886 0.347412 -0.392309
v 0.665668 0.299129 -0.371438
v 0.607743 0.357018 -0.400386
v 0.598152 0.347412 -0.405221
v 0.771833 0.115855 -0.289427
v 0.765375 -0.0193047 -0.30228
v 0.771833 0.231634 -0.173632
v 0.791109 0.25093 -0.019338
v 0.810386 0.270227 0.173633
v 0.82482 0.218883 0.197098
v 0.771833 0.347412 0.077177
v 0.787691 0.347412 0.197098
v 0.747713 0.231634 -0.291844
v 0.752461 0.231634 -0.270147
v 0.701088 0.25093 -0.35375
v 0.627115 0.318425 -0.400386
v 0.66244 0.270227 -0.392309
v 0.739642 0.212337 -0.315133
v 0.76699 0.135152 -0.291844
v 0.785602 0.352853 0.197098
v 0.726822 0.437349 0.0900299
v 0.765375 0.360248 0.0707505
v 0.746099 0.340952 -0.0836617
v 0.733184 0.30882 -0.231529
v 0.728341 0.30882 -0.253226
v 0.723593 0.318425 -0.255643
v 0.704222 0.318425 -0.313541
v 0.709065 0.328116 -0.291844
v 0.701088 0.289523 -0.334412
v 0.811336 0.270227 0.197098
v 0.709065 0.30882 -0.311123
f 442 443 444
f 442 444 451
f 442 451 463
f 442 463 452
f 442 452 445
f 442 445 453
f 442 453 468
f 442 468 481
f 442 481 502
f 442 502 529
f 442 529 557
f 442 557 588
f 442 588 627
f 442 627 660
f 442 660 680
f 442 680 662
f 442 662 670
f 442 670 640
f 442 640 639
f 442 639 638
f 442 638 637
f 442 637 596
f 442 596 564
f 442 564 562
f 442 562 532
f 442 532 508
f 442 508 506
f 442 506 484
f 442 484 469
f 442 469 455
f 442 455 454
f 442 454 446
f 442 446 447
f 442 447 443
f 443 448 449
f 443 449 444
f 443 447 458
f 443 458 448
f 444 449 450
f 444 450 451
f 445 452 453
f 446 454 447
f 447 454 455
f 447 455 456
f 447 456 457
f 447 457 458
f 448 459 460
f 448 460 449
f 448 458 461
f 448 461 459
f 449 460 462
f 449 462 450
f 450 463 451
f 450 462 464
f 450 464 465
f 450 465 463
f 452 463 465
f 452 465 466
f 452 466 453
f 453 466 467
f 453 467 480
f 453 480 500
f 453 500 527
f 453 527 553
f 453 553 552
f 453 552 525
f 453 525 551
f 453 551 530
f 453 530 503
f 453 503 482
f 453 482 468
f 455 469 457
f 455 457 456
f 457 469 470
f 457 470 487
f 457 487 471
f 457 471 458
f 458 471 461
f 459 461 460
f 460 461 472
f 460 472 462
f 461 471 473
f 461 473 474
f 461 474 475
f 461 475 476
f 461 476 472
f 462 472 477
f 462 477 478
f 462 478 464
f 464 478 477
f 464 477 479
f 464 479 466
f 464 466 465
f 466 479 480
f 466 480 467
f 468 482 504
f 468 504 531
f 468 531 561
f 468 561 595
f 468 595 636
f 468 636 656
f 468 656 620
f 468 620 584
f 468 584 555
f 468 555 528
f 468 528 501
f 468 501 481
f 469 483 470
f 469 484 485
f 469 485 483
f 470 483 505
f 470 505 486
f 470 486 487
f 471 487 486
f 471 486 473
f 472 488 489
f 472 489 514
f 472 514 490
f 472 490 496
f 472 496 477
f 472 476 488
f 473 486 505
f 473 505 491
f 473 491 474
f 474 491 492
f 474 492 493
f 474 493 494
f 474 494 475
f 475 495 488
f 475 488 476
f 475 494 522
f 475 522 495
f 477 496 523
f 477 523 497
f 477 497 498
f 477 498 499
f 477 499 479
f 479 499 500
f 479 500 480
f 481 501 502
f 482 503 504
f 483 485 512
f 483 512 505
f 484 506 507
f 484 507 485
f 485 507 508
f 485 508 509
f 485 509 510
f 485 510 511
f 485 511 512
f 488 495 489
f 489 513 514
f 489 495 515
f 489 515 513
f 490 514 523
f 490 523 496
f 491 505 492
f 492 505 512
f 492 512 511
f 492 511 516
f 492 516 517
f 492 517 518
f 492 518 493
f 493 518 519
f 493 519 520
f 493 520 521
f 493 521 494
f 494 521 522
f 495 522 515
f 497 523 524
f 497 524 525
f 497 525 526
f 497 526 498
f 498 526 500
f 498 500 499
f 500 526 527
f 501 528 554
f 501 554 582
f 501 582 556
f 501 556 529
f 501 529 502
f 503 530 558
f 503 558 580
f 503 580 579
f 503 579 581
f 503 581 617
f 503 617 616
f 503 616 650
f 503 650 649
f 503 649 654
f 503 654 629
f 503 629 589
f 503 589 559
f 503 559 531
f 503 531 504
f 506 508 507
f 508 532 533
f 508 533 509
f 509 533 534
f 509 534 510
f 510 534 535
f 510 535 511
f 511 535 536
f 511 536 516
f 513 515 537
f 513 537 524
f 513 524 523
f 513 523 514
f 515 522 538
f 515 538 537
f 516 536 517
f 517 536 539
f 517 539 540
f 517 540 541
f 517 541 518
f 518 541 542
f 518 542 519
f 519 542 543
f 519 543 544
f 519 544 520
f 520 545 546
f 520 546 522
f 520 522 521
f 520 544 545
f 522 546 547
f 522 547 548
f 522 548 549
f 522 549 550
f 522 550 538
f 524 530 551
f 524 551 525
f 524 537 558
f 524 558 530
f 525 552 526
f 526 552 553
f 526 553 527
f 528 555 554
f 529 556 557
f 531 559 560
f 531 560 561
f 532 562 533
f 533 563 534
f 533 562 564
f 533 564 565
f 533 565 566
f 533 566 539
f 533 539 563
f 534 563 536
f 534 536 535
f 536 563 539
f 537 538 567
f 537 567 569
f 537 569 568
f 537 568 558
f 538 550 549
f 538 549 569
f 538 569 567
f 539 566 570
f 539 570 571
f 539 571 540
f 540 571 572
f 540 572 541
f 541 572 573
f 541 573 542
f 542 573 543
f 543 574 575
f 543 575 544
f 543 573 576
f 543 576 577
f 543 577 574
f 544 575 545
f 545 578 547
f 545 547 546
f 545 575 578
f 547 578 549
f 547 549 548
f 549 579 580
f 549 580 569
f 549 578 581
f 549 581 579
f 554 555 583
f 554 583 582
f 555 584 585
f 555 585 583
f 556 582 586
f 556 586 557
f 557 586 587
f 557 587 588
f 558 568 569
f 558 569 580
f 559 589 591
f 559 591 560
f 560 590 561
f 560 591 592
f 560 592 590
f 561 590 593
f 561 593 594
f 561 594 595
f 564 596 565
f 565 596 597
f 565 597 598
f 565 598 566
f 566 598 597
f 566 597 599
f 566 599 570
f 570 600 571
f 570 599 597
f 570 597 601
f 570 601 602
f 570 602 603
f 570 603 600
f 571 600 572
f 572 600 604
f 572 604 605
f 572 605 606
f 572 606 607
f 572 607 573
f 573 608 576
f 573 607 606
f 573 606 609
f 573 609 608
f 574 577 610
f 574 610 575
f 575 610 648
f 575 648 611
f 575 611 612
f 575 612 578
f 576 608 577
f 577 608 613
f 577 613 614
f 577 614 653
f 577 653 615
f 577 615 648
f 577 648 610
f 578 612 616
f 578 616 617
f 578 617 581
f 582 583 586
f 583 585 618
f 583 618 619
f 583 619 586
f 584 620 621
f 584 621 585
f 585 621 622
f 585 622 618
f 586 623 624
f 586 624 625
f 586 625 587
f 586 619 626
f 586 626 623
f 587 625 588
f 588 625 627
f 589 628 591
f 589 629 628
f 590 592 630
f 590 630 631
f 590 631 593
f 591 628 592
f 592 628 632
f 592 632 633
f 592 633 630
f 593 631 634
f 593 634 655
f 593 655 622
f 593 622 635
f 593 635 594
f 594 636 595
f 594 635 636
f 596 637 597
f 597 637 601
f 600 603 642
f 600 642 604
f 601 638 639
f 601 639 602
f 601 637 638
f 602 639 640
f 602 640 641
f 602 641 642
f 602 642 603
f 604 642 606
f 604 606 605
f 606 642 643
f 606 643 644
f 606 644 645
f 606 645 647
f 606 647 609
f 608 609 646
f 608 646 613
f 609 647 646
f 611 648 649
f 611 649 650
f 611 650 616
f 611 616 612
f 613 651 614
f 613 646 677
f 613 677 652
f 613 652 667
f 613 667 651
f 614 651 653
f 615 653 654
f 615 654 649
f 615 649 648
f 618 622 655
f 618 655 626
f 618 626 619
f 620 656 621
f 621 656 636
f 621 636 635
f 621 635 622
f 623 626 624
f 624 626 657
f 624 657 658
f 624 658 625
f 625 659 660
f 625 660 627
f 625 658 661
f 625 661 662
f 625 662 659
f 626 655 663
f 626 663 664
f 626 664 657
f 628 665 633
f 628 633 632
f 628 629 654
f 628 654 666
f 628 666 651
f 628 651 667
f 628 667 665
f 630 633 631
f 631 633 634
f 633 668 634
f 633 665 668
f 634 668 663
f 634 663 669
f 634 669 655
f 640 670 641
f 641 671 643
f 641 643 642
f 641 670 672
f 641 672 671
f 643 671 672
f 643 672 673
f 643 673 644
f 644 673 661
f 644 661 674
f 644 674 675
f 644 675 676
f 644 676 647
f 644 647 645
f 646 647 677
f 647 676 678
f 647 678 681
f 647 681 677
f 651 666 653
f 652 677 679
f 652 679 667
f 653 666 654
f 655 669 663
f 657 661 658
f 657 664 674
f 657 674 661
f 659 680 660
f 659 662 680
f 661 673 672
f 661 672 670
f 661 670 662
f 663 668 679
f 663 679 681
f 663 681 678
f 663 678 675
f 663 675 674
f 663 674 664
f 665 679 668
f 665 667 679
f 675 678 676
f 677 681 679
o convex_2
v -0.851103 -0.0193897 0.197038
v -0.84903 -0.0192231 0.154323
v -0.848959 -0.0193897 0.154384
v -0.12114 -0.0193897 0.197038
v -0.851103 0.0558481 0.197038
v -0.829736 2.3808e-05 0.0385913
v -0.829736 -0.0192231 0.0385913
v -0.829665 -0.0193897 0.0385913
v -0.850031 0.0766781 0.197038
v -0.829736 0.0772613 0.0578799
v -0.12114 -0.0193897 -0.257187
v -0.12114 0.831806 0.197038
v -0.791076 2.3808e-05 -0.173644
v -0.810442 0.0772613 -0.0579125
v -0.791076 -0.0193897 -0.173644
v -0.830736 0.173163 0.197038
v -0.829736 0.173746 0.173611
v -0.829736 0.0965082 0.0771685
v -0.810442 0.173746 0.0385913
v -0.135075 -0.0193897 -0.328013
v -0.12114 -0.0193064 -0.328013
v -0.12114 0.827057 0.110452
v -0.128929 0.831806 0.197038
v -0.771782 0.0772613 -0.270087
v -0.771782 0.173746 -0.173644
v -0.771782 -0.0193897 -0.270087
v -0.829736 0.177828 0.197038
v -0.810442 0.192993 0.0771685
v -0.824877 0.199575 0.197038
v -0.791076 0.289477 0.154323
v -0.791076 0.27023 0.115746
v -0.771782 0.27023 -4.67166e-05
v -0.733194 0.27023 -0.23151
v -0.791076 0.192993 -0.0386239
v -0.752488 0.192993 -0.250798
v -0.212323 -0.0193897 -0.347302
v -0.12114 0.617424 -0.405168
v -0.12114 0.807727 -0.024629
v -0.193028 0.791063 -0.0579125
v -0.212323 0.810393 0.115746
v -0.135075 0.829723 0.173611
v -0.135075 0.831223 0.197038
v -0.752488 0.173746 -0.270087
v -0.765351 0.083677 -0.282987
v -0.762135 -0.0193897 -0.289497
v -0.791076 0.293643 0.197038
v -0.7477 0.392544 0.197038
v -0.733194 0.405292 0.135034
v -0.733194 0.366631 0.0192419
v -0.752488 0.289477 -0.0772011
v -0.694605 0.366631 -0.212221
v -0.689818 0.369048 -0.23151
v -0.728406 0.272563 -0.250798
v -0.7477 0.195409 -0.270087
v -0.636723 -0.0193897 -0.424517
v -0.38597 0.54027 -0.424517
v -0.12114 0.675332 -0.405168
v -0.12114 0.78848 -0.140361
v -0.173734 0.771816 -0.192933
v -0.193028 0.771816 -0.173644
v -0.202676 0.786314 -0.0675872
v -0.212323 0.791063 -0.0193353
v -0.22197 0.805561 0.106071
v -0.308794 0.771816 0.096457
v -0.299146 0.786314 0.183286
v -0.289499 0.791063 0.192961
v -0.231617 0.810393 0.192961
v -0.227472 0.811976 0.197038
v -0.22197 0.786314 -0.0289492
v -0.746057 0.180161 -0.282987
v -0.746057 0.141584 -0.302275
v -0.752488 0.0965082 -0.308725
v -0.752631 -0.0193897 -0.308542
v -0.740125 0.405958 0.197038
v -0.720331 0.430871 0.135034
v -0.681743 0.411624 -0.154355
v -0.681743 0.392377 -0.212221
v -0.688174 0.379546 -0.212221
v -0.726762 0.379546 0.0192419
v -0.670523 0.388378 -0.270087
v -0.670523 0.369048 -0.308725
v -0.709112 0.291893 -0.289436
v -0.728406 0.253316 -0.270087
v -0.728406 0.214739 -0.308725
v -0.656017 -0.0193897 -0.424517
v -0.463147 0.482363 -0.424517
v -0.405264 0.542686 -0.419649
v -0.366676 0.561933 -0.419649
v -0.212323 0.656001 -0.405168
v -0.135075 0.675332 -0.405168
v -0.12114 0.684663 -0.400543
v -0.12114 0.76915 -0.256092
v -0.173734 0.752486 -0.289436
v -0.212323 0.752486 -0.250798
v -0.270205 0.733239 -0.250798
v -0.289499 0.733239 -0.212221
v -0.318441 0.766983 0.0867823
v -0.328088 0.773399 0.197038
v -0.337735 0.766983 0.163998
v -0.289499 0.791063 0.197038
v -0.285355 0.792646 0.197038
v -0.299146 0.728406 -0.221896
v -0.318441 0.747653 -0.0482986
v -0.733194 0.192993 -0.308725
v -0.733194 0.154416 -0.328013
v -0.746057 0.102924 -0.321564
v -0.739625 0.0900926 -0.334463
v -0.733194 -0.0193897 -0.347424
v -0.681385 0.491028 0.197038
v -0.681743 0.488778 0.173611
v -0.662448 0.508109 0.115746
v -0.643154 0.508109 -4.67166e-05
v -0.62386 0.488778 -0.192933
v -0.662448 0.411624 -0.250798
v -0.662448 0.392377 -0.289436
v -0.665664 0.371464 -0.318339
v -0.709112 0.272563 -0.308725
v -0.723547 0.217155 -0.318339
v -0.726762 0.199408 -0.321564
v -0.65616 -0.0193897 -0.424456
v -0.656017 0.135085 -0.424517
v -0.501664 0.443786 -0.424517
v -0.482441 0.484779 -0.419649
v -0.414911 0.545103 -0.414843
v -0.328088 0.619841 -0.400361
v -0.308794 0.617424 -0.405168
v -0.231617 0.658418 -0.400361
v -0.212323 0.668916 -0.398779
v -0.135075 0.688163 -0.398779
v -0.12114 0.688163 -0.398779
v -0.12114 0.755819 -0.308725
v -0.183381 0.747653 -0.29905
v -0.22197 0.747653 -0.260473
v -0.279852 0.728406 -0.260473
v -0.414911 0.728406 0.144709
v -0.41534 0.729739 0.197038
v -0.318441 0.728406 -0.163969
v -0.318441 0.709076 -0.279762
v -0.376323 0.689829 -0.221896
v -0.414911 0.709076 0.009628
v -0.726762 0.160831 -0.340852
v -0.720331 0.148 -0.353752
v -0.720331 0.0321853 -0.37304
v -0.723547 -0.0193897 -0.366712
v -0.668451 0.509275 0.197038
v -0.604566 0.585263 0.173611
v -0.585272 0.585263 0.0385913
v -0.604566 0.488778 -0.270087
v -0.62386 0.469531 -0.250798
v -0.546683 0.566016 -0.23151
v -0.549899 0.554684 -0.260473
v -0.604566 0.469531 -0.308725
v -0.607782 0.458283 -0.318339
v -0.627076 0.410041 -0.337627
v -0.607782 0.390794 -0.376265
v -0.64637 0.31364 -0.376265
v -0.665664 0.274979 -0.376265
v -0.684958 0.29431 -0.337627
v -0.704253 0.274979 -0.318339
v -0.704253 0.197825 -0.356977
v -0.723547 0.178495 -0.337627
v -0.684958 0.255733 -0.356977
v -0.675454 -0.0193897 -0.414782
v -0.66888 0.141584 -0.418067
v -0.636723 0.192993 -0.424517
v -0.501664 0.465449 -0.419649
v -0.559546 0.366631 -0.424517
v -0.559546 0.388378 -0.419649
v -0.511311 0.467865 -0.414843
v -0.492017 0.487195 -0.414843
v -0.4535 0.545103 -0.395554
v -0.337735 0.622257 -0.395554
v -0.318441 0.631922 -0.395554
v -0.308794 0.630339 -0.398779
v -0.22197 0.670499 -0.395554
v -0.144793 0.689829 -0.395554
v -0.12114 0.698078 -0.389408
v -0.12114 0.753152 -0.314019
v -0.193028 0.740488 -0.308725
v -0.22197 0.728406 -0.318339
v -0.43099 0.701077 0.0192419
v -0.43099 0.720324 0.154323
v -0.459002 0.704993 0.197038
v -0.395617 0.689829 -0.163969
v -0.279852 0.709076 -0.318339
v -0.328088 0.701827 -0.289436
v -0.38597 0.68258 -0.23151
v -0.405264 0.68258 -0.173644
v -0.424559 0.701827 -4.67166e-05
v -0.688174 0.199408 -0.37949
v -0.681743 0.186577 -0.392329
v -0.681743 0.109423 -0.411618
v -0.701037 0.0900926 -0.392329
v -0.66888 0.218739 -0.398779
v -0.720331 -0.0193897 -0.37304
v -0.603208 0.588012 0.197038
v -0.585272 0.604593 0.173611
v -0.527389 0.6625 0.192961
v -0.527389 0.64317 0.0771685
v -0.508095 0.64317 -0.0193353
v -0.546683 0.546686 -0.289436
v -0.488801 0.62384 -0.192933
v -0.482441 0.624673 -0.212221
v -0.540252 0.566766 -0.250798
v -0.527389 0.566016 -0.289436
v -0.549899 0.525772 -0.318339
v -0.588487 0.467865 -0.337627
v -0.569193 0.390794 -0.414843
v -0.569193 0.448618 -0.376265
v -0.607782 0.31364 -0.414843
v -0.665664 0.236402 -0.395554
v -0.684958 0.217155 -0.376265
v -0.681743 -0.0193897 -0.411618
v -0.649586 0.199408 -0.418067
v -0.598135 0.289477 -0.424517
v -0.572409 0.37313 -0.418067
v -0.549899 0.448618 -0.395554
v -0.472794 0.545103 -0.376265
v -0.4535 0.58368 -0.356977
v -0.4535 0.602927 -0.337627
v -0.395617 0.651169 -0.318339
v -0.357029 0.641587 -0.356977
v -0.308794 0.644003 -0.385879
v -0.250911 0.6625 -0.392329
v -0.212323 0.68258 -0.385879
v -0.193028 0.681747 -0.392329
v -0.173734 0.701077 -0.37304
v -0.173734 0.721157 -0.347302
v -0.15444 0.720324 -0.353752
v -0.12114 0.739904 -0.332699
v -0.212323 0.720324 -0.334463
v -0.270205 0.701077 -0.334463
v -0.464505 0.701661 0.197038
v -0.318441 0.689829 -0.318339
v -0.308794 0.701827 -0.308725
v -0.347382 0.68258 -0.308725
v -0.38597 0.66325 -0.308725
v -0.405264 0.66325 -0.270087
v -0.424559 0.66325 -0.212221
v -0.610997 0.295893 -0.418067
v -0.527389 0.6625 0.197038
v -0.463147 0.624673 -0.270087
v -0.488801 0.604593 -0.270087
v -0.511311 0.564349 -0.318339
v -0.530605 0.545103 -0.318339
v -0.469578 0.604593 -0.308725
v -0.549899 0.506525 -0.337627
v -0.530605 0.506525 -0.356977
v -0.472794 0.58368 -0.337627
v -0.4535 0.612592 -0.318339
v -0.443853 0.624673 -0.308725
v -0.424559 0.644003 -0.289436
f 682 683 684
f 682 684 689
f 682 689 696
f 682 696 707
f 682 707 726
f 682 726 754
f 682 754 789
f 682 789 825
f 682 825 876
f 682 876 894
f 682 894 844
f 682 844 801
f 682 801 766
f 682 766 736
f 682 736 717
f 682 717 701
f 682 701 692
f 682 692 685
f 682 685 693
f 682 693 704
f 682 704 723
f 682 723 749
f 682 749 782
f 682 782 781
f 682 781 779
f 682 779 817
f 682 817 864
f 682 864 914
f 682 914 922
f 682 922 877
f 682 877 826
f 682 826 790
f 682 790 755
f 682 755 728
f 682 728 727
f 682 727 710
f 682 710 708
f 682 708 697
f 682 697 690
f 682 690 686
f 682 686 683
f 683 687 688
f 683 688 689
f 683 689 684
f 683 686 690
f 683 690 691
f 683 691 687
f 685 692 702
f 685 702 718
f 685 718 738
f 685 738 772
f 685 772 811
f 685 811 858
f 685 858 911
f 685 911 859
f 685 859 812
f 685 812 773
f 685 773 739
f 685 739 719
f 685 719 703
f 685 703 693
f 687 694 696
f 687 696 688
f 687 691 695
f 687 695 694
f 688 696 689
f 690 697 698
f 690 698 699
f 690 699 691
f 691 699 700
f 691 700 695
f 692 701 702
f 693 703 704
f 694 695 705
f 694 705 707
f 694 707 696
f 695 700 706
f 695 706 705
f 697 708 698
f 698 709 700
f 698 700 699
f 698 708 710
f 698 710 711
f 698 711 709
f 700 709 711
f 700 711 712
f 700 712 713
f 700 713 714
f 700 714 715
f 700 715 716
f 700 716 706
f 701 717 702
f 702 717 718
f 703 719 720
f 703 720 721
f 703 721 722
f 703 722 723
f 703 723 704
f 705 706 724
f 705 724 751
f 705 751 725
f 705 725 726
f 705 726 707
f 706 716 724
f 710 727 711
f 711 727 728
f 711 728 729
f 711 729 730
f 711 730 731
f 711 731 713
f 711 713 712
f 713 731 714
f 714 731 732
f 714 732 733
f 714 733 734
f 714 734 735
f 714 735 716
f 714 716 715
f 716 735 724
f 717 736 718
f 718 736 737
f 718 737 738
f 719 739 740
f 719 740 720
f 720 740 741
f 720 741 742
f 720 742 743
f 720 743 721
f 721 744 778
f 721 778 745
f 721 745 746
f 721 746 747
f 721 747 748
f 721 748 749
f 721 749 723
f 721 723 722
f 721 743 750
f 721 750 744
f 724 735 751
f 725 751 752
f 725 752 786
f 725 786 753
f 725 753 754
f 725 754 726
f 728 755 756
f 728 756 729
f 729 757 758
f 729 758 759
f 729 759 760
f 729 760 730
f 729 756 757
f 730 760 759
f 730 759 732
f 730 732 731
f 732 759 733
f 733 759 758
f 733 758 761
f 733 761 762
f 733 762 734
f 734 763 764
f 734 764 735
f 734 762 763
f 735 764 765
f 735 765 751
f 736 766 802
f 736 802 846
f 736 846 896
f 736 896 848
f 736 848 803
f 736 803 767
f 736 767 737
f 737 767 804
f 737 804 768
f 737 768 769
f 737 769 770
f 737 770 771
f 737 771 738
f 738 771 772
f 739 773 740
f 740 773 774
f 740 774 741
f 741 774 775
f 741 775 776
f 741 776 742
f 742 750 743
f 742 776 777
f 742 777 750
f 744 750 778
f 745 778 746
f 746 779 747
f 746 778 780
f 746 780 779
f 747 779 781
f 747 781 782
f 747 782 749
f 747 749 748
f 750 777 783
f 750 783 784
f 750 784 778
f 751 785 786
f 751 786 752
f 751 765 785
f 753 787 788
f 753 788 754
f 753 786 822
f 753 822 787
f 754 788 789
f 755 790 756
f 756 790 791
f 756 791 792
f 756 792 793
f 756 793 794
f 756 794 757
f 757 795 758
f 757 794 795
f 758 795 761
f 761 795 796
f 761 796 762
f 762 796 797
f 762 797 840
f 762 840 798
f 762 798 763
f 763 798 765
f 763 765 764
f 765 799 800
f 765 800 785
f 765 798 840
f 765 840 799
f 766 801 802
f 767 803 804
f 768 805 853
f 768 853 806
f 768 806 769
f 768 804 805
f 769 806 807
f 769 807 770
f 770 808 809
f 770 809 771
f 770 807 806
f 770 806 808
f 771 809 810
f 771 810 772
f 772 810 811
f 773 812 774
f 774 812 813
f 774 813 814
f 774 814 775
f 775 814 815
f 775 815 776
f 776 815 783
f 776 783 777
f 778 784 821
f 778 821 816
f 778 816 780
f 779 780 816
f 779 816 817
f 783 818 784
f 783 815 819
f 783 819 820
f 783 820 865
f 783 865 818
f 784 818 821
f 785 800 822
f 785 822 786
f 787 822 823
f 787 823 788
f 788 823 874
f 788 874 824
f 788 824 825
f 788 825 789
f 790 826 791
f 791 826 792
f 792 826 827
f 792 827 828
f 792 828 793
f 793 828 794
f 794 829 830
f 794 830 795
f 794 828 831
f 794 831 832
f 794 832 829
f 795 830 796
f 796 830 833
f 796 833 797
f 797 833 834
f 797 834 835
f 797 835 836
f 797 836 837
f 797 837 838
f 797 838 839
f 797 839 840
f 799 841 842
f 799 842 822
f 799 822 800
f 799 840 843
f 799 843 841
f 801 844 845
f 801 845 802
f 802 845 846
f 803 847 804
f 803 848 849
f 803 849 847
f 804 847 850
f 804 850 851
f 804 851 805
f 805 852 853
f 805 851 852
f 806 853 854
f 806 854 855
f 806 855 809
f 806 809 808
f 809 855 854
f 809 854 856
f 809 856 907
f 809 907 857
f 809 857 810
f 810 857 858
f 810 858 811
f 812 859 813
f 813 860 861
f 813 861 815
f 813 815 814
f 813 859 860
f 815 861 866
f 815 866 819
f 816 821 862
f 816 862 863
f 816 863 817
f 817 863 864
f 818 865 821
f 819 866 916
f 819 916 867
f 819 867 820
f 820 867 868
f 820 868 869
f 820 869 865
f 821 865 869
f 821 869 870
f 821 870 862
f 822 842 841
f 822 841 871
f 822 871 823
f 823 872 873
f 823 873 874
f 823 871 875
f 823 875 872
f 824 876 825
f 824 874 873
f 824 873 894
f 824 894 876
f 826 877 827
f 827 877 878
f 827 878 828
f 828 878 879
f 828 879 880
f 828 880 881
f 828 881 831
f 829 833 830
f 829 832 882
f 829 882 833
f 831 881 883
f 831 883 884
f 831 884 885
f 831 885 832
f 832 885 886
f 832 886 882
f 833 882 887
f 833 887 888
f 833 888 834
f 834 888 835
f 835 888 890
f 835 890 836
f 836 889 891
f 836 891 837
f 836 890 898
f 836 898 889
f 837 891 892
f 837 892 838
f 838 892 893
f 838 893 843
f 838 843 839
f 839 843 840
f 841 843 893
f 841 893 875
f 841 875 871
f 844 894 873
f 844 873 845
f 845 873 872
f 845 872 875
f 845 875 895
f 845 895 846
f 846 895 921
f 846 921 896
f 847 849 889
f 847 889 850
f 848 896 897
f 848 897 849
f 849 897 889
f 850 898 851
f 850 889 898
f 851 898 852
f 852 899 900
f 852 900 853
f 852 898 890
f 852 890 899
f 853 900 901
f 853 901 902
f 853 902 903
f 853 903 854
f 854 903 904
f 854 904 905
f 854 905 856
f 856 905 906
f 856 906 907
f 857 908 909
f 857 909 910
f 857 910 858
f 857 907 906
f 857 906 908
f 858 910 911
f 859 911 910
f 859 910 909
f 859 909 861
f 859 861 860
f 861 909 912
f 861 912 913
f 861 913 866
f 862 870 881
f 862 881 879
f 862 879 863
f 863 879 914
f 863 914 864
f 866 913 904
f 866 904 915
f 866 915 917
f 866 917 916
f 867 916 917
f 867 917 918
f 867 918 919
f 867 919 868
f 868 919 920
f 868 920 869
f 869 920 870
f 870 920 881
f 875 893 892
f 875 892 891
f 875 891 921
f 875 921 895
f 877 922 879
f 877 879 878
f 879 922 914
f 879 881 880
f 881 920 884
f 881 884 883
f 882 886 926
f 882 926 887
f 884 923 924
f 884 924 885
f 884 920 919
f 884 919 923
f 885 924 886
f 886 925 926
f 886 924 927
f 886 927 901
f 886 901 925
f 887 926 928
f 887 928 888
f 888 928 890
f 889 897 891
f 890 928 929
f 890 929 899
f 891 897 921
f 896 921 897
f 899 929 900
f 900 929 926
f 900 926 930
f 900 930 901
f 901 930 926
f 901 926 925
f 901 927 931
f 901 931 932
f 901 932 918
f 901 918 902
f 902 918 903
f 903 918 917
f 903 917 915
f 903 915 904
f 904 913 905
f 905 913 906
f 906 913 912
f 906 912 909
f 906 909 908
f 918 932 933
f 918 933 919
f 919 933 923
f 923 932 927
f 923 927 924
f 923 933 932
f 926 929 928
f 927 932 931
o convex_3
v 0.849035 -0.0193897 0.197038
v 0.849035 -0.0772115 0.197038
v 0.849035 -0.0193897 0.192961
v 0.0098953 -0.0193897 0.197038
v 0.849035 -0.0772115 0.192961
v 0.829732 -0.193017 0.197038
v 0.849035 -0.0579646 0.173611
v 0.829732 -0.0579646 0.0192419
v 0.810429 -0.0193897 -0.0772011
v 0.0098953 -0.0193897 -0.328013
v 0.0098953 -0.847085 0.197038
v 0.829732 -0.0772115 0.0385913
v 0.829732 -0.193017 0.192961
v 0.829732 -0.173689 0.154323
v 0.782173 -0.323928 0.197038
v 0.810429 -0.0772115 -0.0964896
v 0.791126 -0.0579646 -0.23151
v 0.791126 -0.0193897 -0.193054
v 0.0098953 -0.655998 -0.424517
v 0.636621 -0.0193897 -0.405168
v 0.0193414 -0.849035 0.197038
v 0.0098953 -0.847085 0.194786
v 0.810429 -0.193017 0.0578799
v 0.791126 -0.289495 0.115746
v 0.810429 -0.173689 0.0192419
v 0.78628 -0.299159 0.106071
v 0.745867 -0.400185 0.197038
v 0.75252 -0.385973 0.173611
v 0.747674 -0.395637 0.163998
v 0.771823 -0.173689 -0.250798
v 0.771823 -0.154443 -0.270087
v 0.771823 -0.0772115 -0.289436
v 0.771823 -0.0386366 -0.289436
v 0.771741 -0.0193897 -0.289497
v 0.0772499 -0.636751 -0.424517
v 0.154379 -0.655998 -0.424517
v 0.0098953 -0.66891 -0.418067
v 0.694612 -0.0193897 -0.405168
v 0.328104 -0.578848 -0.424517
v 0.0193414 -0.849035 0.192961
v 0.0234484 -0.849035 0.197038
v 0.0098953 -0.827839 0.0404167
v 0.771823 -0.270167 -0.0579125
v 0.766977 -0.279831 -0.0675872
v 0.728371 -0.395637 0.0289166
v 0.728371 -0.376309 -0.0289492
v 0.740857 -0.410336 0.197038
v 0.739624 -0.411717 0.173611
v 0.75252 -0.270167 -0.173644
v 0.766977 -0.183353 -0.260473
v 0.766977 -0.164025 -0.279762
v 0.766977 -0.0868755 -0.29905
v 0.765416 -0.0772115 -0.302275
v 0.765416 -0.0193897 -0.302275
v 0.212288 -0.636751 -0.424517
v 0.160868 -0.66891 -0.418067
v 0.0098953 -0.675813 -0.414599
v 0.707508 -0.0193897 -0.398779
v 0.694612 -0.0386366 -0.405168
v 0.427001 -0.55952 -0.400361
v 0.334511 -0.591679 -0.418067
v 0.289499 -0.598176 -0.424517
v 0.675309 -0.154443 -0.405168
v 0.636703 -0.270167 -0.405168
v 0.59818 -0.347398 -0.405168
v 0.559574 -0.405301 -0.405168
v 0.561956 -0.424548 -0.400361
v 0.0193414 -0.829706 0.0385913
v 0.115856 -0.829706 0.096457
v 0.153886 -0.830762 0.197038
v 0.135076 -0.829706 0.115746
v 0.154379 -0.829706 0.173611
v 0.0098953 -0.789264 -0.191046
v 0.0193414 -0.791132 -0.192933
v 0.709068 -0.376309 -0.144681
v 0.747674 -0.279831 -0.183258
v 0.720322 -0.411717 0.0385913
v 0.721143 -0.405301 0.0192419
v 0.709068 -0.395637 -0.0868758
v 0.681798 -0.508114 0.197038
v 0.681798 -0.508114 0.192961
v 0.728371 -0.279831 -0.279762
v 0.747674 -0.202681 -0.29905
v 0.759749 -0.173689 -0.289436
v 0.747674 -0.164025 -0.318339
v 0.747674 -0.0868755 -0.337627
v 0.746113 -0.0772115 -0.340852
v 0.75252 -0.0193897 -0.328074
v 0.218694 -0.649582 -0.418067
v 0.2573 -0.630335 -0.418067
v 0.205881 -0.662494 -0.411618
v 0.147972 -0.681741 -0.411618
v 0.0098953 -0.681741 -0.411618
v 0.707508 -0.0386366 -0.398779
v 0.739624 -0.0193897 -0.353752
v 0.429383 -0.569184 -0.395554
v 0.545118 -0.453459 -0.395554
v 0.313566 -0.607759 -0.414843
v 0.275042 -0.627087 -0.414843
v 0.371474 -0.607759 -0.395554
v 0.688205 -0.154443 -0.398779
v 0.649599 -0.270167 -0.398779
v 0.639168 -0.289495 -0.400361
v 0.600562 -0.366645 -0.400361
v 0.564338 -0.434212 -0.395554
v 0.0386442 -0.810378 -0.0772011
v 0.115856 -0.810378 -0.0386239
v 0.2504 -0.811434 0.197038
v 0.135076 -0.810378 -0.0193353
v 0.23159 -0.791132 -4.67166e-05
v 0.23159 -0.810378 0.135034
v 0.0098953 -0.771804 -0.270087
v 0.0386442 -0.771804 -0.270087
v 0.115856 -0.771804 -0.250798
v 0.115856 -0.791132 -0.154355
v 0.70184 -0.385973 -0.154355
v 0.689766 -0.376309 -0.241184
v 0.728371 -0.299159 -0.241184
v 0.670463 -0.492034 0.0482052
v 0.651242 -0.472706 -0.125392
v 0.631939 -0.472706 -0.221896
v 0.682537 -0.385973 -0.250798
v 0.605737 -0.591273 0.197038
v 0.604587 -0.585263 0.135034
v 0.662495 -0.508114 0.0771685
v 0.721143 -0.289495 -0.289436
v 0.728371 -0.260503 -0.29905
v 0.721143 -0.270167 -0.308725
v 0.740446 -0.212264 -0.308725
v 0.740446 -0.173689 -0.328013
v 0.739624 -0.154443 -0.334463
v 0.739624 -0.0772115 -0.353752
v 0.746113 -0.0193897 -0.340852
v 0.236437 -0.646415 -0.414843
v 0.186578 -0.701069 -0.37304
v 0.178528 -0.68499 -0.395554
v 0.294345 -0.646415 -0.395554
v 0.109366 -0.701069 -0.392329
v 0.0098953 -0.701069 -0.392329
v 0.709068 -0.0483006 -0.395554
v 0.701019 -0.135114 -0.392329
v 0.448603 -0.588512 -0.356977
v 0.390777 -0.646415 -0.337627
v 0.545118 -0.492034 -0.356977
v 0.487209 -0.549937 -0.356977
v 0.583641 -0.434212 -0.376265
v 0.681798 -0.212264 -0.392329
v 0.651242 -0.279831 -0.395554
v 0.602944 -0.376309 -0.395554
v 0.612636 -0.356981 -0.395554
v 0.255575 -0.809404 0.197038
v 0.23159 -0.752475 -0.23151
v 0.308802 -0.733229 -0.173644
v 0.328104 -0.752475 -4.67166e-05
v 0.328104 -0.771804 0.135034
v 0.0098953 -0.750608 -0.326127
v 0.0193414 -0.752475 -0.328013
v 0.115856 -0.752475 -0.308725
v 0.154379 -0.752475 -0.289436
v 0.192985 -0.752475 -0.270087
v 0.585284 -0.546688 -0.154355
v 0.565981 -0.546688 -0.250798
v 0.62389 -0.469539 -0.270087
v 0.682537 -0.366645 -0.289436
v 0.631939 -0.453459 -0.279762
v 0.527375 -0.662494 0.197038
v 0.527375 -0.662494 0.192961
v 0.527375 -0.643166 0.0771685
v 0.508073 -0.604591 -0.23151
v 0.585284 -0.566017 -0.0579125
v 0.604587 -0.566017 0.0385913
v 0.682537 -0.347398 -0.308725
v 0.682537 -0.32807 -0.328013
v 0.70184 -0.25092 -0.347302
v 0.70184 -0.154443 -0.385879
v 0.217134 -0.704237 -0.356977
v 0.199474 -0.707485 -0.360141
v 0.160868 -0.726813 -0.340852
v 0.122262 -0.707485 -0.37949
v 0.313566 -0.68499 -0.337627
v 0.0836567 -0.726813 -0.360141
v 0.0707608 -0.720316 -0.37304
v 0.0129345 -0.739644 -0.353752
v 0.0098953 -0.720316 -0.37304
v 0.41008 -0.646415 -0.318339
v 0.487209 -0.588512 -0.318339
v 0.525815 -0.549937 -0.318339
v 0.660852 -0.356981 -0.337627
v 0.612636 -0.453459 -0.318339
v 0.59818 -0.463042 -0.328013
v 0.583641 -0.453459 -0.356977
v 0.545118 -0.530609 -0.318339
v 0.681798 -0.25092 -0.37304
v 0.663234 -0.270167 -0.385879
v 0.662495 -0.32807 -0.353752
v 0.346832 -0.772859 0.197038
v 0.233972 -0.747684 -0.250798
v 0.214752 -0.747684 -0.270087
v 0.328104 -0.733229 -0.115717
v 0.353814 -0.739644 -4.67166e-05
v 0.311184 -0.709109 -0.289436
v 0.330487 -0.709109 -0.250798
v 0.328104 -0.713901 -0.23151
v 0.353814 -0.701069 -0.23151
v 0.0098953 -0.739076 -0.353143
v 0.0257483 -0.74606 -0.340852
v 0.122262 -0.74606 -0.321564
v 0.212288 -0.733229 -0.308725
v 0.199474 -0.74606 -0.282987
v 0.565981 -0.52736 -0.289436
v 0.496819 -0.588512 -0.29905
v 0.546678 -0.546688 -0.289436
v 0.604587 -0.469539 -0.308725
v 0.624711 -0.443795 -0.308725
v 0.660852 -0.376309 -0.318339
v 0.443264 -0.719098 0.197038
v 0.450164 -0.701069 0.0771685
v 0.450164 -0.681741 -0.0386239
v 0.430943 -0.662494 -0.212221
v 0.430943 -0.643166 -0.289436
v 0.670463 -0.337734 -0.337627
v 0.218694 -0.726813 -0.321564
v 0.236437 -0.723565 -0.318339
v 0.109366 -0.739644 -0.334463
v 0.332869 -0.68499 -0.318339
v 0.313566 -0.704237 -0.29905
v 0.407698 -0.651206 -0.308725
v 0.564338 -0.511281 -0.318339
v 0.583641 -0.472706 -0.337627
v 0.373117 -0.758972 0.192961
v 0.373117 -0.758972 0.197038
v 0.233972 -0.728356 -0.308725
v 0.432093 -0.726326 0.197038
v 0.429218 -0.728031 0.197038
f 934 935 938
f 934 938 940
f 934 940 936
f 934 936 942
f 934 942 951
f 934 951 967
f 934 967 987
f 934 987 1021
f 934 1021 1066
f 934 1066 1028
f 934 1028 991
f 934 991 971
f 934 971 953
f 934 953 943
f 934 943 937
f 934 937 944
f 934 944 954
f 934 954 974
f 934 974 1003
f 934 1003 1041
f 934 1041 1084
f 934 1084 1129
f 934 1129 1164
f 934 1164 1167
f 934 1167 1166
f 934 1166 1149
f 934 1149 1099
f 934 1099 1056
f 934 1056 1013
f 934 1013 980
f 934 980 960
f 934 960 948
f 934 948 939
f 934 939 935
f 935 939 946
f 935 946 938
f 936 940 941
f 936 941 942
f 937 943 952
f 937 952 970
f 937 970 990
f 937 990 1026
f 937 1026 1072
f 937 1072 1117
f 937 1117 1138
f 937 1138 1089
f 937 1089 1045
f 937 1045 1006
f 937 1006 975
f 937 975 955
f 937 955 944
f 938 945 941
f 938 941 940
f 938 946 947
f 938 947 945
f 939 948 946
f 941 945 949
f 941 949 950
f 941 950 942
f 942 950 951
f 943 953 952
f 944 955 973
f 944 973 954
f 945 947 958
f 945 958 949
f 946 956 958
f 946 958 947
f 946 948 957
f 946 957 956
f 948 959 957
f 948 960 961
f 948 961 962
f 948 962 959
f 949 958 963
f 949 963 964
f 949 964 950
f 950 964 965
f 950 965 966
f 950 966 967
f 950 967 951
f 952 968 972
f 952 972 995
f 952 995 988
f 952 988 969
f 952 969 989
f 952 989 970
f 952 953 968
f 953 971 972
f 953 972 968
f 954 973 974
f 955 975 973
f 956 957 963
f 956 963 958
f 957 959 977
f 957 977 976
f 957 976 963
f 959 962 978
f 959 978 979
f 959 979 977
f 960 980 962
f 960 962 961
f 962 980 981
f 962 981 978
f 963 976 982
f 963 982 983
f 963 983 964
f 964 983 984
f 964 984 965
f 965 984 985
f 965 985 986
f 965 986 987
f 965 987 966
f 966 987 967
f 969 988 989
f 970 989 990
f 971 991 1027
f 971 1027 992
f 971 992 972
f 972 993 994
f 972 994 1023
f 972 1023 995
f 972 992 996
f 972 996 997
f 972 997 998
f 972 998 999
f 972 999 1000
f 972 1000 993
f 973 1001 1002
f 973 1002 974
f 973 975 1001
f 974 1002 1004
f 974 1004 1005
f 974 1005 1003
f 975 1006 1007
f 975 1007 1001
f 976 977 982
f 977 979 1008
f 977 1008 1009
f 977 1009 982
f 978 981 1010
f 978 1010 1011
f 978 1011 1012
f 978 1012 979
f 979 1012 1008
f 980 1013 1014
f 980 1014 981
f 981 1014 1010
f 982 1009 983
f 983 1009 1015
f 983 1015 1016
f 983 1016 984
f 984 1016 1017
f 984 1017 1063
f 984 1063 1018
f 984 1018 1019
f 984 1019 985
f 985 1019 1020
f 985 1020 986
f 986 1020 1021
f 986 1021 987
f 988 1022 989
f 988 995 1023
f 988 1023 1022
f 989 1022 1024
f 989 1024 1025
f 989 1025 990
f 990 1025 1026
f 991 1028 1065
f 991 1065 1027
f 992 1027 1034
f 992 1034 996
f 993 1029 994
f 993 1000 1030
f 993 1030 1029
f 994 1031 1032
f 994 1032 1067
f 994 1067 1023
f 994 1029 1033
f 994 1033 1031
f 996 1034 1035
f 996 1035 997
f 997 1035 1036
f 997 1036 998
f 998 1036 1037
f 998 1037 1000
f 998 1000 999
f 1000 1037 1082
f 1000 1082 1038
f 1000 1038 1030
f 1001 1007 1039
f 1001 1039 1040
f 1001 1040 1002
f 1002 1040 1042
f 1002 1042 1004
f 1003 1005 1041
f 1004 1042 1043
f 1004 1043 1044
f 1004 1044 1041
f 1004 1041 1005
f 1006 1045 1007
f 1007 1045 1046
f 1007 1046 1047
f 1007 1047 1048
f 1007 1048 1039
f 1008 1012 1049
f 1008 1049 1050
f 1008 1050 1051
f 1008 1051 1009
f 1009 1051 1015
f 1010 1014 1052
f 1010 1052 1011
f 1011 1052 1012
f 1012 1052 1053
f 1012 1053 1054
f 1012 1054 1055
f 1012 1055 1049
f 1013 1056 1014
f 1014 1056 1057
f 1014 1057 1058
f 1014 1058 1052
f 1015 1051 1059
f 1015 1059 1061
f 1015 1061 1060
f 1015 1060 1016
f 1016 1060 1061
f 1016 1061 1062
f 1016 1062 1017
f 1017 1062 1063
f 1018 1063 1064
f 1018 1064 1019
f 1019 1064 1065
f 1019 1065 1020
f 1020 1065 1028
f 1020 1028 1066
f 1020 1066 1021
f 1022 1023 1067
f 1022 1067 1024
f 1024 1068 1069
f 1024 1069 1025
f 1024 1067 1070
f 1024 1070 1068
f 1025 1069 1068
f 1025 1068 1071
f 1025 1071 1072
f 1025 1072 1026
f 1027 1065 1073
f 1027 1073 1074
f 1027 1074 1034
f 1029 1075 1076
f 1029 1076 1033
f 1029 1030 1077
f 1029 1077 1078
f 1029 1078 1075
f 1030 1038 1079
f 1030 1079 1077
f 1031 1033 1032
f 1032 1033 1070
f 1032 1070 1067
f 1033 1076 1070
f 1034 1074 1080
f 1034 1080 1035
f 1035 1081 1036
f 1035 1080 1081
f 1036 1081 1083
f 1036 1083 1037
f 1037 1083 1082
f 1038 1082 1079
f 1039 1048 1040
f 1040 1048 1042
f 1041 1044 1084
f 1042 1048 1085
f 1042 1085 1043
f 1043 1085 1086
f 1043 1086 1087
f 1043 1087 1088
f 1043 1088 1044
f 1044 1088 1084
f 1045 1089 1090
f 1045 1090 1046
f 1046 1090 1091
f 1046 1091 1047
f 1047 1091 1092
f 1047 1092 1093
f 1047 1093 1085
f 1047 1085 1048
f 1049 1055 1050
f 1050 1055 1051
f 1051 1055 1059
f 1052 1058 1094
f 1052 1094 1095
f 1052 1095 1054
f 1052 1054 1053
f 1054 1095 1096
f 1054 1096 1055
f 1055 1097 1059
f 1055 1096 1098
f 1055 1098 1097
f 1056 1099 1100
f 1056 1100 1057
f 1057 1100 1101
f 1057 1101 1102
f 1057 1102 1103
f 1057 1103 1104
f 1057 1104 1058
f 1058 1104 1094
f 1059 1097 1105
f 1059 1105 1106
f 1059 1106 1061
f 1061 1106 1107
f 1061 1107 1063
f 1061 1063 1062
f 1063 1107 1080
f 1063 1080 1108
f 1063 1108 1064
f 1064 1108 1074
f 1064 1074 1065
f 1065 1074 1073
f 1068 1109 1110
f 1068 1110 1111
f 1068 1111 1112
f 1068 1112 1071
f 1068 1070 1109
f 1070 1076 1113
f 1070 1113 1109
f 1071 1112 1114
f 1071 1114 1115
f 1071 1115 1116
f 1071 1116 1072
f 1072 1116 1117
f 1074 1108 1080
f 1075 1118 1076
f 1075 1078 1120
f 1075 1120 1119
f 1075 1119 1118
f 1076 1118 1158
f 1076 1158 1113
f 1077 1120 1078
f 1077 1079 1120
f 1079 1082 1121
f 1079 1121 1122
f 1079 1122 1123
f 1079 1123 1124
f 1079 1124 1125
f 1079 1125 1120
f 1080 1107 1126
f 1080 1126 1127
f 1080 1127 1081
f 1081 1127 1128
f 1081 1128 1083
f 1082 1083 1128
f 1082 1128 1121
f 1084 1088 1129
f 1085 1130 1086
f 1085 1093 1131
f 1085 1131 1130
f 1086 1132 1133
f 1086 1133 1087
f 1086 1130 1134
f 1086 1134 1135
f 1086 1135 1136
f 1086 1136 1137
f 1086 1137 1132
f 1087 1133 1129
f 1087 1129 1088
f 1089 1138 1090
f 1090 1138 1116
f 1090 1116 1139
f 1090 1139 1140
f 1090 1140 1091
f 1091 1140 1155
f 1091 1155 1141
f 1091 1141 1142
f 1091 1142 1092
f 1092 1142 1093
f 1093 1142 1131
f 1094 1104 1103
f 1094 1103 1095
f 1095 1143 1096
f 1095 1103 1102
f 1095 1102 1144
f 1095 1144 1119
f 1095 1119 1145
f 1095 1145 1143
f 1096 1143 1146
f 1096 1146 1098
f 1097 1098 1147
f 1097 1147 1148
f 1097 1148 1105
f 1098 1146 1122
f 1098 1122 1147
f 1099 1149 1100
f 1100 1149 1150
f 1100 1150 1151
f 1100 1151 1101
f 1101 1151 1102
f 1102 1151 1152
f 1102 1152 1153
f 1102 1153 1144
f 1105 1148 1121
f 1105 1121 1106
f 1106 1121 1154
f 1106 1154 1128
f 1106 1128 1126
f 1106 1126 1107
f 1109 1155 1110
f 1109 1113 1156
f 1109 1156 1155
f 1110 1155 1111
f 1111 1155 1140
f 1111 1140 1157
f 1111 1157 1114
f 1111 1114 1112
f 1113 1158 1159
f 1113 1159 1156
f 1114 1116 1115
f 1114 1157 1116
f 1116 1157 1140
f 1116 1140 1139
f 1116 1138 1117
f 1118 1119 1153
f 1118 1153 1160
f 1118 1160 1134
f 1118 1134 1159
f 1118 1159 1158
f 1119 1120 1145
f 1119 1144 1153
f 1120 1125 1143
f 1120 1143 1145
f 1121 1128 1154
f 1121 1148 1147
f 1121 1147 1122
f 1122 1146 1161
f 1122 1161 1123
f 1123 1161 1162
f 1123 1162 1124
f 1124 1162 1125
f 1125 1162 1161
f 1125 1161 1143
f 1126 1128 1127
f 1129 1133 1163
f 1129 1163 1164
f 1130 1131 1134
f 1131 1142 1141
f 1131 1141 1155
f 1131 1155 1165
f 1131 1165 1134
f 1132 1137 1133
f 1133 1137 1150
f 1133 1150 1163
f 1134 1165 1156
f 1134 1156 1159
f 1134 1160 1135
f 1135 1160 1137
f 1135 1137 1136
f 1137 1160 1153
f 1137 1153 1152
f 1137 1152 1151
f 1137 1151 1150
f 1143 1161 1146
f 1149 1166 1150
f 1150 1166 1167
f 1150 1167 1163
f 1155 1156 1165
f 1163 1167 1164
o convex_4
v 0.0098953 -0.0193897 0.197038
v 0.0098953 -0.847154 0.197038
v 0.0098953 -0.0193897 -0.328013
v -0.851103 -0.0193897 0.197038
v 0.0098953 -0.847154 0.194786
v -0.0924198 -0.841401 0.197038
v 0.0098953 -0.656013 -0.424517
v -0.636696 -0.0193897 -0.424517
v -0.848996 -0.0193897 0.154384
v -0.851103 -0.0599839 0.197038
v 0.0098953 -0.827789 0.0404167
v -0.0772495 -0.829734 0.0578799
v -0.195072 -0.831759 0.197038
v 0.0098953 -0.68178 -0.411618
v -0.135149 -0.656013 -0.424517
v -0.655996 -0.0193897 -0.424517
v -0.829696 -0.115811 0.0771685
v -0.84672 -0.113542 0.197038
v -0.829696 -0.0193897 0.0385913
v 0.0098953 -0.789221 -0.191046
v -0.192965 -0.810368 0.0578799
v -0.192965 -0.791084 -0.0579125
v -0.173749 -0.7718 -0.192933
v -0.154449 -0.7718 -0.212221
v -0.0772495 -0.791084 -0.173644
v -0.267889 -0.8081 0.197038
v -0.289465 -0.791084 0.115746
v 0.0098953 -0.720348 -0.37304
v -0.141555 -0.68178 -0.411618
v -0.218755 -0.662495 -0.411618
v -0.212265 -0.636729 -0.424517
v -0.655996 -0.135095 -0.424517
v -0.656164 -0.0193897 -0.424456
v -0.810396 -0.0965268 -0.0386239
v -0.791096 -0.115811 -0.135067
v -0.810396 -0.212313 0.0771685
v -0.836607 -0.161267 0.197038
v -0.791096 -0.0193897 -0.173644
v -0.0772495 -0.7718 -0.270087
v 0.0098953 -0.7718 -0.270087
v -0.270165 -0.7718 -0.0386239
v -0.154449 -0.752516 -0.289436
v -0.250865 -0.733231 -0.270087
v -0.325789 -0.788815 0.197038
v -0.354276 -0.778687 0.197038
v -0.289465 -0.7718 -4.67166e-05
v 0.0098953 -0.739065 -0.353143
v -0.0836548 -0.720348 -0.37304
v -0.122255 -0.701064 -0.392329
v -0.180155 -0.720348 -0.353752
v -0.257355 -0.68178 -0.37304
v -0.315254 -0.623846 -0.411618
v -0.299157 -0.627087 -0.414843
v -0.270165 -0.617445 -0.424517
v -0.636696 -0.212313 -0.424517
v -0.668891 -0.128694 -0.418067
v -0.681785 -0.122212 -0.411618
v -0.681785 -0.0193897 -0.411618
v -0.771796 -0.115811 -0.23151
v -0.752496 -0.193029 -0.250798
v -0.791096 -0.231598 -4.67166e-05
v -0.810396 -0.231598 0.115746
v -0.817307 -0.238485 0.197038
v -0.771796 -0.0193897 -0.270087
v 0.0098953 -0.750652 -0.326127
v -0.0965495 -0.752516 -0.308725
v -0.299157 -0.762158 -0.0289492
v -0.279857 -0.723589 -0.260473
v -0.183357 -0.742873 -0.29905
v -0.173749 -0.733231 -0.328013
v -0.270165 -0.713947 -0.308725
v -0.407372 -0.754541 0.197038
v -0.376357 -0.723589 -0.0482986
v -0.102955 -0.739632 -0.334463
v -0.202657 -0.723589 -0.337627
v -0.276654 -0.701064 -0.334463
v -0.279857 -0.68494 -0.356977
v -0.337757 -0.627087 -0.395554
v -0.337757 -0.607803 -0.414843
v -0.308765 -0.598161 -0.424517
v -0.59818 -0.308816 -0.424517
v -0.646388 -0.24124 -0.414843
v -0.662485 -0.19943 -0.411618
v -0.681785 -0.19943 -0.392329
v -0.701085 -0.102928 -0.392329
v -0.720385 -0.0193897 -0.37304
v -0.752496 -0.0965268 -0.308725
v -0.733196 -0.193029 -0.308725
v -0.723588 -0.221955 -0.318339
v -0.723588 -0.24124 -0.29905
v -0.704288 -0.318458 -0.279762
v -0.733196 -0.28945 -0.192933
v -0.752496 -0.308816 -0.0579125
v -0.752496 -0.3281 -0.0193353
v -0.80812 -0.267897 0.197038
v -0.771796 -0.3281 0.096457
v -0.778707 -0.354271 0.197038
v -0.78882 -0.32575 0.197038
v -0.758985 -0.0193897 -0.295825
v -0.758985 -0.0257908 -0.295825
v -0.299157 -0.723589 -0.221896
v -0.357057 -0.68494 -0.279762
v -0.299157 -0.704305 -0.29905
v -0.295954 -0.701064 -0.315114
v -0.432993 -0.741739 0.197038
v -0.39237 -0.720348 -0.0257851
v -0.39237 -0.68178 -0.218671
v -0.376357 -0.704305 -0.144681
v -0.376357 -0.665655 -0.318339
v -0.357057 -0.665655 -0.337627
v -0.37307 -0.64313 -0.353752
v -0.395657 -0.627087 -0.356977
v -0.395657 -0.569234 -0.414843
v -0.42448 -0.520942 -0.424517
v -0.607788 -0.337742 -0.414843
v -0.52098 -0.424521 -0.424517
v -0.643185 -0.257364 -0.411618
v -0.662485 -0.257364 -0.392329
v -0.681785 -0.295932 -0.353752
v -0.701085 -0.180146 -0.37304
v -0.720385 -0.141577 -0.353752
v -0.739685 -0.102928 -0.334463
v -0.720385 -0.045075 -0.37304
v -0.739685 -0.0193897 -0.334463
v -0.742888 -0.125453 -0.318339
v -0.720385 -0.19943 -0.334463
v -0.684988 -0.318458 -0.337627
v -0.665688 -0.414879 -0.221896
v -0.662485 -0.431003 -0.199382
v -0.701085 -0.334501 -0.257248
v -0.723588 -0.337742 -0.144681
v -0.742888 -0.337742 -0.0482986
v -0.742888 -0.318458 -0.0868758
v -0.646388 -0.395595 -0.337627
v -0.739685 -0.353785 -0.0257851
v -0.740107 -0.431489 0.197038
v -0.376357 -0.68494 -0.241184
v -0.52511 -0.67943 0.197038
v -0.508086 -0.68178 0.147934
v -0.508086 -0.662495 0.0514301
v -0.488786 -0.64313 -0.102939
v -0.39237 -0.662495 -0.295825
v -0.469486 -0.64313 -0.160744
v -0.450186 -0.623846 -0.295825
v -0.446983 -0.620686 -0.31195
v -0.453388 -0.607803 -0.337627
v -0.453388 -0.588518 -0.356977
v -0.453388 -0.569234 -0.376265
v -0.453388 -0.530585 -0.414843
v -0.440578 -0.517701 -0.421292
v -0.530588 -0.453448 -0.414843
v -0.627088 -0.395595 -0.356977
v -0.517778 -0.440564 -0.421292
v -0.643185 -0.411719 -0.315114
v -0.604585 -0.488775 -0.276537
v -0.643185 -0.527425 0.0128529
v -0.701085 -0.450207 0.0321415
v -0.681785 -0.411719 -0.160744
v -0.720385 -0.353785 -0.122167
v -0.588488 -0.453448 -0.356977
v -0.588488 -0.472732 -0.337627
v -0.607788 -0.472732 -0.29905
v -0.720807 -0.469977 0.197038
v -0.587392 -0.625953 0.197038
v -0.585285 -0.604562 0.0707187
v -0.565986 -0.585277 -0.0836509
v -0.488786 -0.604562 -0.257248
v -0.469486 -0.604562 -0.315114
v -0.530588 -0.549869 -0.318339
v -0.491988 -0.569234 -0.337627
v -0.472688 -0.569234 -0.356977
v -0.530588 -0.569234 -0.260473
v -0.546686 -0.565993 -0.218671
v -0.664592 -0.548816 0.197038
v -0.682207 -0.52783 0.197038
v -0.604585 -0.604562 0.167222
f 1168 1169 1172
f 1168 1172 1178
f 1168 1178 1187
f 1168 1187 1207
f 1168 1207 1232
f 1168 1232 1214
f 1168 1214 1195
f 1168 1195 1181
f 1168 1181 1174
f 1168 1174 1170
f 1168 1170 1175
f 1168 1175 1183
f 1168 1183 1200
f 1168 1200 1225
f 1168 1225 1253
f 1168 1253 1291
f 1168 1291 1266
f 1168 1266 1231
f 1168 1231 1205
f 1168 1205 1186
f 1168 1186 1176
f 1168 1176 1171
f 1168 1171 1177
f 1168 1177 1185
f 1168 1185 1204
f 1168 1204 1230
f 1168 1230 1262
f 1168 1262 1265
f 1168 1265 1264
f 1168 1264 1303
f 1168 1303 1330
f 1168 1330 1342
f 1168 1342 1341
f 1168 1341 1331
f 1168 1331 1305
f 1168 1305 1272
f 1168 1272 1239
f 1168 1239 1212
f 1168 1212 1211
f 1168 1211 1193
f 1168 1193 1180
f 1168 1180 1173
f 1168 1173 1169
f 1169 1173 1172
f 1170 1174 1175
f 1171 1176 1177
f 1172 1173 1179
f 1172 1179 1178
f 1173 1180 1179
f 1174 1181 1196
f 1174 1196 1182
f 1174 1182 1198
f 1174 1198 1221
f 1174 1221 1247
f 1174 1247 1281
f 1174 1281 1283
f 1174 1283 1248
f 1174 1248 1222
f 1174 1222 1199
f 1174 1199 1183
f 1174 1183 1175
f 1176 1184 1185
f 1176 1185 1177
f 1176 1186 1184
f 1178 1179 1187
f 1179 1180 1188
f 1179 1188 1189
f 1179 1189 1190
f 1179 1190 1191
f 1179 1191 1192
f 1179 1192 1187
f 1180 1193 1194
f 1180 1194 1188
f 1181 1195 1215
f 1181 1215 1216
f 1181 1216 1196
f 1182 1196 1197
f 1182 1197 1198
f 1183 1199 1200
f 1184 1186 1201
f 1184 1201 1202
f 1184 1202 1203
f 1184 1203 1185
f 1185 1203 1204
f 1186 1205 1201
f 1187 1206 1207
f 1187 1192 1206
f 1188 1194 1208
f 1188 1208 1189
f 1189 1208 1190
f 1190 1209 1191
f 1190 1208 1210
f 1190 1210 1209
f 1191 1209 1206
f 1191 1206 1192
f 1193 1211 1194
f 1194 1211 1212
f 1194 1212 1213
f 1194 1213 1208
f 1195 1214 1215
f 1196 1216 1217
f 1196 1217 1197
f 1197 1218 1219
f 1197 1219 1220
f 1197 1220 1221
f 1197 1221 1198
f 1197 1217 1218
f 1199 1222 1223
f 1199 1223 1200
f 1200 1223 1224
f 1200 1224 1225
f 1201 1205 1202
f 1202 1205 1231
f 1202 1231 1226
f 1202 1226 1227
f 1202 1227 1203
f 1203 1228 1229
f 1203 1229 1204
f 1203 1227 1228
f 1204 1229 1230
f 1206 1214 1232
f 1206 1232 1207
f 1206 1209 1233
f 1206 1233 1214
f 1208 1213 1234
f 1208 1234 1235
f 1208 1235 1210
f 1209 1236 1242
f 1209 1242 1237
f 1209 1237 1233
f 1209 1210 1236
f 1210 1235 1238
f 1210 1238 1236
f 1212 1239 1240
f 1212 1240 1234
f 1212 1234 1213
f 1214 1233 1241
f 1214 1241 1215
f 1215 1241 1217
f 1215 1217 1216
f 1217 1241 1233
f 1217 1233 1237
f 1217 1237 1242
f 1217 1242 1243
f 1217 1243 1218
f 1218 1243 1244
f 1218 1244 1245
f 1218 1245 1219
f 1219 1245 1246
f 1219 1246 1220
f 1220 1246 1247
f 1220 1247 1221
f 1222 1248 1249
f 1222 1249 1250
f 1222 1250 1223
f 1223 1250 1224
f 1224 1250 1251
f 1224 1251 1287
f 1224 1287 1252
f 1224 1252 1290
f 1224 1290 1253
f 1224 1253 1225
f 1226 1231 1254
f 1226 1254 1227
f 1227 1254 1255
f 1227 1255 1256
f 1227 1256 1257
f 1227 1257 1258
f 1227 1258 1259
f 1227 1259 1228
f 1228 1259 1260
f 1228 1260 1261
f 1228 1261 1263
f 1228 1263 1229
f 1229 1262 1230
f 1229 1263 1264
f 1229 1264 1265
f 1229 1265 1262
f 1231 1266 1267
f 1231 1267 1289
f 1231 1289 1254
f 1234 1268 1235
f 1234 1240 1268
f 1235 1268 1304
f 1235 1304 1269
f 1235 1269 1276
f 1235 1276 1270
f 1235 1270 1238
f 1236 1238 1242
f 1238 1270 1271
f 1238 1271 1243
f 1238 1243 1242
f 1239 1272 1273
f 1239 1273 1240
f 1240 1273 1274
f 1240 1274 1275
f 1240 1275 1268
f 1243 1271 1276
f 1243 1276 1277
f 1243 1277 1244
f 1244 1277 1245
f 1245 1277 1278
f 1245 1278 1279
f 1245 1279 1280
f 1245 1280 1246
f 1246 1280 1247
f 1247 1280 1281
f 1248 1282 1249
f 1248 1283 1318
f 1248 1318 1282
f 1249 1284 1285
f 1249 1285 1251
f 1249 1251 1250
f 1249 1282 1284
f 1251 1286 1287
f 1251 1285 1286
f 1252 1287 1288
f 1252 1288 1289
f 1252 1289 1290
f 1253 1290 1289
f 1253 1289 1291
f 1254 1289 1292
f 1254 1292 1256
f 1254 1256 1255
f 1256 1292 1289
f 1256 1289 1293
f 1256 1293 1286
f 1256 1286 1294
f 1256 1294 1258
f 1256 1258 1257
f 1258 1295 1296
f 1258 1296 1297
f 1258 1297 1326
f 1258 1326 1298
f 1258 1298 1299
f 1258 1299 1300
f 1258 1300 1259
f 1258 1294 1301
f 1258 1301 1295
f 1259 1300 1260
f 1260 1300 1299
f 1260 1299 1261
f 1261 1264 1263
f 1261 1299 1302
f 1261 1302 1264
f 1264 1302 1303
f 1266 1291 1289
f 1266 1289 1267
f 1268 1275 1304
f 1269 1304 1276
f 1270 1276 1271
f 1272 1274 1273
f 1272 1305 1306
f 1272 1306 1307
f 1272 1307 1308
f 1272 1308 1274
f 1274 1309 1276
f 1274 1276 1304
f 1274 1304 1275
f 1274 1308 1310
f 1274 1310 1311
f 1274 1311 1309
f 1276 1309 1312
f 1276 1312 1313
f 1276 1313 1277
f 1277 1313 1279
f 1277 1279 1278
f 1279 1313 1314
f 1279 1314 1315
f 1279 1315 1280
f 1280 1315 1316
f 1280 1316 1281
f 1281 1316 1317
f 1281 1317 1320
f 1281 1320 1283
f 1282 1285 1284
f 1282 1318 1327
f 1282 1327 1319
f 1282 1319 1301
f 1282 1301 1294
f 1282 1294 1286
f 1282 1286 1285
f 1283 1320 1318
f 1286 1293 1287
f 1287 1293 1288
f 1288 1293 1289
f 1295 1301 1321
f 1295 1321 1296
f 1296 1321 1322
f 1296 1322 1323
f 1296 1323 1324
f 1296 1324 1325
f 1296 1325 1297
f 1297 1325 1326
f 1298 1326 1302
f 1298 1302 1299
f 1301 1319 1327
f 1301 1327 1328
f 1301 1328 1329
f 1301 1329 1321
f 1302 1326 1324
f 1302 1324 1330
f 1302 1330 1303
f 1305 1331 1332
f 1305 1332 1307
f 1305 1307 1306
f 1307 1332 1333
f 1307 1333 1308
f 1308 1333 1334
f 1308 1334 1335
f 1308 1335 1311
f 1308 1311 1310
f 1309 1311 1312
f 1311 1335 1312
f 1312 1335 1313
f 1313 1335 1336
f 1313 1336 1337
f 1313 1337 1338
f 1313 1338 1314
f 1314 1338 1315
f 1315 1338 1327
f 1315 1327 1318
f 1315 1318 1316
f 1316 1318 1320
f 1316 1320 1317
f 1321 1329 1322
f 1322 1333 1323
f 1322 1329 1336
f 1322 1336 1339
f 1322 1339 1340
f 1322 1340 1333
f 1323 1341 1342
f 1323 1342 1324
f 1323 1333 1332
f 1323 1332 1341
f 1324 1342 1330
f 1324 1326 1325
f 1327 1338 1337
f 1327 1337 1336
f 1327 1336 1328
f 1328 1336 1329
f 1331 1341 1343
f 1331 1343 1332
f 1332 1343 1341
f 1333 1340 1339
f 1333 1339 1334
f 1334 1339 1335
f 1335 1339 1336
o convex_5
v 0.835344 -0.297342 0.30876
v 0.835344 -0.297342 0.306556
v 0.829712 -0.297342 0.378014
v 0.829712 -0.30877 0.366616
v 0.833936 -0.297342 0.281557
v 0.829712 -0.30877 0.270159
v 0.827928 -0.297342 0.385917
v 0.824831 -0.31118 0.385917
v 0.810376 -0.34737 0.385917
v 0.803993 -0.360198 0.385917
v 0.816852 -0.334504 0.366616
v 0.829712 -0.297342 0.270159
v 0.824831 -0.31841 0.26052
v 0.816852 -0.30877 0.244425
v 0.827084 -0.297342 0.264883
v 0.816852 -0.334504 0.270159
v 0.805589 -0.357011 0.26052
v 0.823423 -0.297342 0.397537
v 0.820044 -0.31359 0.395556
v 0.803993 -0.353784 0.398783
v 0.765415 -0.437399 0.385917
v 0.789726 -0.297342 0.197098
v 0.745891 -0.400198 0.197098
v 0.782123 -0.32393 0.197098
v 0.816852 -0.297342 0.244425
v 0.765415 -0.437399 0.270159
v 0.767011 -0.434172 0.26052
v 0.822109 -0.297342 0.399674
v 0.803993 -0.315184 0.418084
v 0.800708 -0.332871 0.414856
v 0.781466 -0.371471 0.414856
v 0.765415 -0.430985 0.398783
v 0.758938 -0.450265 0.385917
v 0.746079 -0.475999 0.366616
v -0.123474 -0.297342 0.197098
v 0.740823 -0.410305 0.197098
v 0.746079 -0.475999 0.289459
v 0.747675 -0.472773 0.279798
v 0.740447 -0.482413 0.270159
v 0.681783 -0.508108 0.197098
v 0.81582 -0.297342 0.407688
v 0.803993 -0.297342 0.418084
v 0.791134 -0.30877 0.424517
v 0.765415 -0.392385 0.418084
v 0.742888 -0.448672 0.414856
v 0.70431 -0.506514 0.414856
v 0.742888 -0.467952 0.395556
v 0.76213 -0.438992 0.395556
v 0.720361 -0.508108 0.385917
v 0.739603 -0.488866 0.366616
v -0.123474 -0.694462 0.197098
v -0.123474 -0.297342 0.405217
v 0.739603 -0.488866 0.289459
v 0.701869 -0.540294 0.270159
v 0.689761 -0.549934 0.26052
v 0.675306 -0.559574 0.250859
v 0.660851 -0.569215 0.24122
v 0.605753 -0.591256 0.197098
v 0.791134 -0.297342 0.424517
v 0.73322 -0.424532 0.424517
v 0.746079 -0.430985 0.418084
v 0.73322 -0.446262 0.419687
v 0.656064 -0.581265 0.400386
v 0.665638 -0.574035 0.395556
v 0.723552 -0.496873 0.395556
v 0.694642 -0.504104 0.419687
v 0.656064 -0.542704 0.419687
v 0.607818 -0.602995 0.414856
v 0.59815 -0.639185 0.400386
v 0.662447 -0.585308 0.385917
v 0.681783 -0.565988 0.366616
v 0.701025 -0.546708 0.347316
v -0.123474 -0.694462 0.29921
v 0.474907 -0.694462 0.197098
v -0.123474 -0.30877 0.405217
v 0.212277 -0.297342 0.424517
v 0.701025 -0.546708 0.289459
v 0.681783 -0.565988 0.270159
v 0.545117 -0.685016 0.24122
v 0.527377 -0.66247 0.197098
v 0.694642 -0.482413 0.424517
v 0.643205 -0.604589 0.385917
v 0.520994 -0.656056 0.424517
v 0.559572 -0.639185 0.419687
v 0.520994 -0.677746 0.419687
v 0.549904 -0.660876 0.414856
v 0.578814 -0.658466 0.400386
v 0.585291 -0.66247 0.385917
v 0.424502 -0.694462 0.405217
v 0.472748 -0.685016 0.419687
v -0.123474 -0.675336 0.30876
v 0.531131 -0.694462 0.250859
v -0.077105 -0.34737 0.405217
v 0.308768 -0.540294 0.424517
v 0.250855 -0.443852 0.424517
v 0.231613 -0.405251 0.424517
v 0.212277 -0.30877 0.424517
v 0.643205 -0.604589 0.270159
v 0.585291 -0.66247 0.270159
v 0.565955 -0.681789 0.270159
v 0.54033 -0.694462 0.260097
v 0.501658 -0.675336 0.424517
v 0.501658 -0.694462 0.414967
v 0.507384 -0.694462 0.413543
v 0.530568 -0.680157 0.414856
v 0.569146 -0.670516 0.395556
v 0.565955 -0.681789 0.366616
v 0.559572 -0.682567 0.385917
v 0.54859 -0.694462 0.372315
v 0.463268 -0.694462 0.412608
v 0.482322 -0.694462 0.414967
v 0.482322 -0.675336 0.424517
v 0.549998 -0.694462 0.289459
v 0.544648 -0.694462 0.270159
v 0.521088 -0.694462 0.40535
v 0.540612 -0.694462 0.385917
v 0.549998 -0.694462 0.366616
f 1344 1345 1348
f 1344 1348 1355
f 1344 1355 1358
f 1344 1358 1368
f 1344 1368 1365
f 1344 1365 1378
f 1344 1378 1395
f 1344 1395 1419
f 1344 1419 1402
f 1344 1402 1385
f 1344 1385 1384
f 1344 1384 1371
f 1344 1371 1361
f 1344 1361 1350
f 1344 1350 1346
f 1344 1346 1347
f 1344 1347 1349
f 1344 1349 1345
f 1345 1349 1348
f 1346 1350 1351
f 1346 1351 1347
f 1347 1351 1352
f 1347 1352 1353
f 1347 1353 1364
f 1347 1364 1354
f 1347 1354 1359
f 1347 1359 1349
f 1348 1349 1355
f 1349 1356 1357
f 1349 1357 1358
f 1349 1358 1355
f 1349 1359 1360
f 1349 1360 1356
f 1350 1361 1351
f 1351 1361 1362
f 1351 1362 1363
f 1351 1363 1352
f 1352 1363 1353
f 1353 1363 1375
f 1353 1375 1364
f 1354 1364 1369
f 1354 1369 1359
f 1356 1365 1357
f 1356 1360 1366
f 1356 1366 1367
f 1356 1367 1365
f 1357 1368 1358
f 1357 1365 1368
f 1359 1369 1360
f 1360 1369 1370
f 1360 1370 1366
f 1361 1371 1362
f 1362 1371 1372
f 1362 1372 1373
f 1362 1373 1363
f 1363 1373 1374
f 1363 1374 1388
f 1363 1388 1375
f 1364 1375 1376
f 1364 1376 1393
f 1364 1393 1377
f 1364 1377 1380
f 1364 1380 1369
f 1365 1367 1366
f 1365 1366 1379
f 1365 1379 1383
f 1365 1383 1401
f 1365 1401 1423
f 1365 1423 1417
f 1365 1417 1394
f 1365 1394 1378
f 1366 1370 1379
f 1369 1380 1381
f 1369 1381 1370
f 1370 1381 1382
f 1370 1382 1383
f 1370 1383 1379
f 1371 1384 1372
f 1372 1384 1385
f 1372 1385 1402
f 1372 1402 1386
f 1372 1386 1387
f 1372 1387 1388
f 1372 1388 1374
f 1372 1374 1373
f 1375 1388 1389
f 1375 1389 1390
f 1375 1390 1391
f 1375 1391 1376
f 1376 1391 1390
f 1376 1390 1392
f 1376 1392 1393
f 1377 1393 1396
f 1377 1396 1380
f 1378 1394 1416
f 1378 1416 1434
f 1378 1434 1418
f 1378 1418 1395
f 1380 1396 1381
f 1381 1396 1382
f 1382 1396 1397
f 1382 1397 1383
f 1383 1397 1398
f 1383 1398 1399
f 1383 1399 1400
f 1383 1400 1401
f 1386 1402 1419
f 1386 1419 1440
f 1386 1440 1439
f 1386 1439 1438
f 1386 1438 1437
f 1386 1437 1455
f 1386 1455 1445
f 1386 1445 1426
f 1386 1426 1424
f 1386 1424 1403
f 1386 1403 1387
f 1387 1404 1388
f 1387 1403 1404
f 1388 1404 1405
f 1388 1405 1409
f 1388 1409 1389
f 1389 1406 1407
f 1389 1407 1408
f 1389 1408 1390
f 1389 1409 1410
f 1389 1410 1427
f 1389 1427 1411
f 1389 1411 1412
f 1389 1412 1406
f 1390 1408 1392
f 1392 1408 1413
f 1392 1413 1414
f 1392 1414 1393
f 1393 1414 1415
f 1393 1415 1420
f 1393 1420 1396
f 1394 1417 1435
f 1394 1435 1444
f 1394 1444 1457
f 1394 1457 1456
f 1394 1456 1460
f 1394 1460 1452
f 1394 1452 1459
f 1394 1459 1458
f 1394 1458 1447
f 1394 1447 1446
f 1394 1446 1454
f 1394 1454 1453
f 1394 1453 1432
f 1394 1432 1416
f 1395 1418 1440
f 1395 1440 1419
f 1396 1420 1397
f 1397 1420 1421
f 1397 1421 1398
f 1398 1421 1399
f 1399 1421 1400
f 1400 1421 1441
f 1400 1441 1422
f 1400 1422 1401
f 1401 1422 1423
f 1403 1424 1405
f 1403 1405 1404
f 1405 1424 1409
f 1406 1413 1407
f 1406 1412 1425
f 1406 1425 1413
f 1407 1413 1408
f 1409 1424 1410
f 1410 1424 1426
f 1410 1426 1427
f 1411 1427 1428
f 1411 1428 1429
f 1411 1429 1412
f 1412 1429 1448
f 1412 1448 1430
f 1412 1430 1431
f 1412 1431 1425
f 1413 1425 1414
f 1414 1425 1441
f 1414 1441 1421
f 1414 1421 1420
f 1414 1420 1415
f 1416 1432 1433
f 1416 1433 1434
f 1417 1423 1422
f 1417 1422 1435
f 1418 1434 1436
f 1418 1436 1437
f 1418 1437 1438
f 1418 1438 1439
f 1418 1439 1440
f 1422 1441 1442
f 1422 1442 1443
f 1422 1443 1444
f 1422 1444 1435
f 1425 1431 1442
f 1425 1442 1441
f 1426 1445 1428
f 1426 1428 1427
f 1428 1445 1446
f 1428 1446 1447
f 1428 1447 1448
f 1428 1448 1429
f 1430 1449 1431
f 1430 1448 1449
f 1431 1450 1443
f 1431 1443 1442
f 1431 1449 1451
f 1431 1451 1452
f 1431 1452 1450
f 1432 1453 1433
f 1433 1453 1454
f 1433 1454 1446
f 1433 1446 1445
f 1433 1445 1455
f 1433 1455 1434
f 1434 1455 1436
f 1436 1455 1437
f 1443 1450 1460
f 1443 1460 1456
f 1443 1456 1457
f 1443 1457 1444
f 1447 1458 1448
f 1448 1458 1449
f 1449 1458 1459
f 1449 1459 1451
f 1450 1452 1460
f 1451 1459 1452
o convex_6
v -0.123474 -0.836348 0.19712
v -0.123474 -0.694462 0.19712
v -0.122617 -0.836613 0.19712
v -0.123474 -0.855464 0.225143
v -0.123474 -0.694462 0.29921
v 0.474887 -0.694462 0.19712
v -0.0922898 -0.841453 0.19712
v -0.102904 -0.874751 0.244422
v -0.123474 -0.876017 0.2566
v -0.123474 -0.800782 0.395563
v 0.424452 -0.694462 0.405203
v 0.531123 -0.694462 0.250863
v 0.472777 -0.698697 0.19712
v 0.0193259 -0.849017 0.19712
v -0.0964433 -0.887627 0.270163
v -0.123474 -0.878948 0.262464
v 0.0514986 -0.874751 0.244422
v -0.123474 -0.812751 0.4029
v 0.463283 -0.694462 0.412603
v 0.540353 -0.694462 0.260097
v 0.469481 -0.701098 0.19712
v 0.487215 -0.723618 0.241223
v 0.0234793 -0.849017 0.19712
v -0.11576 -0.887627 0.289464
v 0.0578936 -0.887627 0.270163
v -0.123474 -0.88377 0.293303
v 0.160807 -0.861893 0.238003
v 0.0643545 -0.881179 0.257303
v -0.123474 -0.82973 0.405203
v 0.482402 -0.694462 0.414971
v 0.544704 -0.694462 0.270163
v 0.546682 -0.701098 0.289464
v 0.508114 -0.720404 0.270163
v 0.443241 -0.719137 0.19712
v 0.45023 -0.758995 0.270163
v 0.438956 -0.762209 0.260502
v 0.390697 -0.781515 0.241223
v 0.432034 -0.726379 0.19712
v 0.153884 -0.83077 0.19712
v -0.11576 -0.887627 0.347323
v 0.154412 -0.868322 0.250863
v 0.0965273 -0.887627 0.289464
v -0.123474 -0.88377 0.351162
v 0.250271 -0.811465 0.19712
v 0.237942 -0.842588 0.238003
v 0.176102 -0.8635 0.250863
v -0.123474 -0.849017 0.405203
v 0.501653 -0.694462 0.414971
v 0.550044 -0.694462 0.289464
v 0.546682 -0.701098 0.366623
v 0.488797 -0.73969 0.289464
v 0.475942 -0.746138 0.289464
v 0.437374 -0.765424 0.270163
v 0.388324 -0.786336 0.250863
v 0.373028 -0.758995 0.19712
v 0.429133 -0.728099 0.19712
v 0.352129 -0.800782 0.241223
v 0.346789 -0.772892 0.19712
v -0.0964433 -0.887627 0.366623
v -0.11576 -0.882787 0.369033
v 0.173729 -0.868322 0.270163
v 0.19298 -0.868322 0.289464
v 0.0965273 -0.887627 0.347323
v -0.123474 -0.881822 0.359884
v 0.255479 -0.809404 0.19712
v 0.255611 -0.839373 0.241223
v 0.253238 -0.844195 0.250863
v 0.195419 -0.8635 0.270163
v -0.123474 -0.85416 0.402644
v 0.154412 -0.849017 0.405203
v 0.507389 -0.694462 0.413542
v 0.231547 -0.82973 0.405203
v 0.347316 -0.791139 0.405203
v 0.366567 -0.79354 0.400383
v 0.405201 -0.774273 0.400383
v 0.443769 -0.754968 0.400383
v 0.550044 -0.694462 0.366623
v 0.548594 -0.694462 0.372296
v 0.540617 -0.694462 0.385924
v 0.530596 -0.699491 0.395563
v 0.530596 -0.709153 0.376263
v 0.482402 -0.740503 0.385924
v 0.488797 -0.73969 0.366623
v 0.475942 -0.746138 0.366623
v 0.437374 -0.765424 0.385924
v 0.334461 -0.816873 0.270163
v 0.34969 -0.805604 0.250863
v 0.308683 -0.82973 0.270163
v 0.315144 -0.823302 0.257303
v -0.0964433 -0.874751 0.392343
v 0.0772105 -0.887627 0.366623
v -0.123474 -0.871215 0.384474
v -0.123474 -0.878948 0.370953
v 0.250798 -0.849017 0.270163
v 0.19298 -0.868322 0.366623
v -0.123474 -0.861893 0.398784
v 0.154412 -0.861893 0.398784
v 0.501653 -0.701098 0.411644
v 0.501653 -0.716376 0.400383
v 0.521102 -0.694462 0.405352
v 0.231547 -0.842588 0.398784
v 0.289432 -0.823302 0.398784
v 0.347316 -0.803996 0.398784
v 0.356942 -0.805604 0.395563
v 0.39551 -0.786336 0.395563
v 0.434143 -0.767031 0.395563
v 0.492028 -0.728439 0.395563
v 0.472711 -0.747745 0.376263
v 0.45023 -0.758995 0.385924
v 0.318374 -0.824909 0.376263
v 0.334461 -0.816873 0.366623
v 0.308683 -0.82973 0.366623
v 0.0772105 -0.874751 0.392343
v 0.202671 -0.8635 0.376263
v 0.154412 -0.868322 0.385924
v 0.164037 -0.8635 0.395563
v 0.0868359 -0.882787 0.376263
v 0.241173 -0.844195 0.395563
v 0.299057 -0.824909 0.395563
v 0.212296 -0.856258 0.385924
f 1461 1462 1466
f 1461 1466 1473
f 1461 1473 1481
f 1461 1481 1494
f 1461 1494 1498
f 1461 1498 1516
f 1461 1516 1515
f 1461 1515 1518
f 1461 1518 1525
f 1461 1525 1504
f 1461 1504 1499
f 1461 1499 1483
f 1461 1483 1474
f 1461 1474 1467
f 1461 1467 1463
f 1461 1463 1464
f 1461 1464 1469
f 1461 1469 1476
f 1461 1476 1486
f 1461 1486 1503
f 1461 1503 1524
f 1461 1524 1553
f 1461 1553 1552
f 1461 1552 1556
f 1461 1556 1529
f 1461 1529 1507
f 1461 1507 1489
f 1461 1489 1478
f 1461 1478 1470
f 1461 1470 1465
f 1461 1465 1462
f 1462 1465 1471
f 1462 1471 1479
f 1462 1479 1490
f 1462 1490 1508
f 1462 1508 1531
f 1462 1531 1560
f 1462 1560 1539
f 1462 1539 1538
f 1462 1538 1537
f 1462 1537 1509
f 1462 1509 1491
f 1462 1491 1480
f 1462 1480 1472
f 1462 1472 1466
f 1463 1467 1468
f 1463 1468 1464
f 1464 1468 1469
f 1465 1470 1471
f 1466 1472 1473
f 1467 1474 1468
f 1468 1475 1476
f 1468 1476 1469
f 1468 1474 1483
f 1468 1483 1477
f 1468 1477 1485
f 1468 1485 1475
f 1470 1478 1479
f 1470 1479 1471
f 1472 1480 1473
f 1473 1480 1482
f 1473 1482 1481
f 1475 1484 1476
f 1475 1485 1502
f 1475 1502 1523
f 1475 1523 1551
f 1475 1551 1519
f 1475 1519 1500
f 1475 1500 1484
f 1476 1484 1486
f 1477 1483 1487
f 1477 1487 1488
f 1477 1488 1485
f 1478 1489 1490
f 1478 1490 1479
f 1480 1491 1492
f 1480 1492 1493
f 1480 1493 1482
f 1481 1482 1494
f 1482 1493 1495
f 1482 1495 1496
f 1482 1496 1497
f 1482 1497 1498
f 1482 1498 1494
f 1483 1499 1487
f 1484 1500 1503
f 1484 1503 1486
f 1485 1488 1487
f 1485 1487 1501
f 1485 1501 1502
f 1487 1499 1504
f 1487 1504 1505
f 1487 1505 1527
f 1487 1527 1506
f 1487 1506 1501
f 1489 1507 1490
f 1490 1507 1530
f 1490 1530 1508
f 1491 1509 1492
f 1492 1509 1537
f 1492 1537 1510
f 1492 1510 1543
f 1492 1543 1511
f 1492 1511 1495
f 1492 1495 1493
f 1495 1511 1512
f 1495 1512 1544
f 1495 1544 1569
f 1495 1569 1545
f 1495 1545 1513
f 1495 1513 1514
f 1495 1514 1496
f 1496 1514 1497
f 1497 1515 1516
f 1497 1516 1498
f 1497 1514 1517
f 1497 1517 1518
f 1497 1518 1515
f 1500 1519 1520
f 1500 1520 1503
f 1501 1506 1528
f 1501 1528 1521
f 1501 1521 1502
f 1502 1521 1522
f 1502 1522 1555
f 1502 1555 1523
f 1503 1520 1524
f 1504 1525 1526
f 1504 1526 1505
f 1505 1526 1527
f 1506 1527 1528
f 1507 1529 1530
f 1508 1530 1532
f 1508 1532 1533
f 1508 1533 1534
f 1508 1534 1535
f 1508 1535 1536
f 1508 1536 1531
f 1510 1537 1538
f 1510 1538 1539
f 1510 1539 1540
f 1510 1540 1541
f 1510 1541 1542
f 1510 1542 1543
f 1511 1543 1544
f 1511 1544 1512
f 1513 1545 1571
f 1513 1571 1546
f 1513 1546 1514
f 1514 1547 1517
f 1514 1546 1548
f 1514 1548 1547
f 1517 1547 1549
f 1517 1549 1526
f 1517 1526 1525
f 1517 1525 1518
f 1519 1550 1520
f 1519 1551 1573
f 1519 1573 1550
f 1520 1550 1552
f 1520 1552 1553
f 1520 1553 1524
f 1521 1528 1522
f 1522 1528 1527
f 1522 1527 1554
f 1522 1554 1548
f 1522 1548 1572
f 1522 1572 1555
f 1523 1555 1551
f 1526 1549 1527
f 1527 1549 1548
f 1527 1548 1554
f 1529 1556 1557
f 1529 1557 1530
f 1530 1557 1532
f 1531 1536 1558
f 1531 1558 1559
f 1531 1559 1560
f 1532 1561 1562
f 1532 1562 1533
f 1532 1557 1561
f 1533 1563 1534
f 1533 1562 1563
f 1534 1563 1564
f 1534 1564 1535
f 1535 1564 1565
f 1535 1565 1566
f 1535 1566 1536
f 1536 1566 1567
f 1536 1567 1559
f 1536 1559 1558
f 1539 1560 1540
f 1540 1560 1559
f 1540 1559 1567
f 1540 1567 1542
f 1540 1542 1541
f 1542 1568 1543
f 1542 1567 1566
f 1542 1566 1568
f 1543 1568 1544
f 1544 1568 1569
f 1545 1569 1566
f 1545 1566 1570
f 1545 1570 1571
f 1546 1571 1570
f 1546 1570 1548
f 1547 1548 1549
f 1548 1570 1572
f 1550 1556 1552
f 1550 1573 1557
f 1550 1557 1556
f 1551 1555 1574
f 1551 1574 1575
f 1551 1575 1576
f 1551 1576 1577
f 1551 1577 1573
f 1555 1572 1570
f 1555 1570 1574
f 1557 1573 1576
f 1557 1576 1578
f 1557 1578 1561
f 1561 1578 1579
f 1561 1579 1562
f 1562 1579 1564
f 1562 1564 1563
f 1564 1579 1574
f 1564 1574 1570
f 1564 1570 1565
f 1565 1570 1566
f 1566 1569 1568
f 1573 1577 1576
f 1574 1579 1578
f 1574 1578 1580
f 1574 1580 1576
f 1574 1576 1575
f 1576 1580 1578
o convex_7
v -0.123474 -0.297342 0.405201
v -0.123474 -0.308754 0.405201
v -0.123474 -0.297342 0.197098
v -0.135104 -0.297342 0.405201
v -0.123474 -0.549156 0.328031
v -0.135104 -0.308754 0.405201
v -0.123474 -0.549156 0.197098
v -0.443732 -0.297342 0.197098
v -0.181594 -0.297342 0.401269
v -0.433356 -0.549156 0.328031
v -0.443732 -0.328054 0.366616
v -0.443732 -0.549107 0.328031
v -0.443732 -0.549156 0.197098
v -0.443732 -0.297342 0.366616
v -0.443732 -0.549156 0.309635
f 1581 1582 1585
f 1581 1585 1587
f 1581 1587 1583
f 1581 1583 1588
f 1581 1588 1594
f 1581 1594 1589
f 1581 1589 1584
f 1581 1584 1586
f 1581 1586 1582
f 1582 1586 1590
f 1582 1590 1585
f 1583 1587 1593
f 1583 1593 1588
f 1584 1589 1586
f 1585 1590 1595
f 1585 1595 1593
f 1585 1593 1587
f 1586 1589 1591
f 1586 1591 1592
f 1586 1592 1590
f 1588 1593 1595
f 1588 1595 1592
f 1588 1592 1591
f 1588 1591 1594
f 1589 1594 1591
f 1590 1592 1595
o convex_8
v -0.443771 -0.297342 0.366616
v -0.636787 -0.540282 0.405201
v -0.443771 -0.328054 0.366616
v -0.443771 -0.297342 0.197098
v -0.791145 -0.297342 0.405201
v -0.771816 -0.308754 0.405201
v -0.636787 -0.549156 0.405201
v -0.443771 -0.549107 0.328031
v -0.60799 -0.549156 0.395402
v -0.443771 -0.549156 0.197098
v -0.797666 -0.297342 0.197098
v -0.818331 -0.297342 0.401269
v -0.791145 -0.328054 0.405201
v -0.656038 -0.540282 0.405201
v -0.664916 -0.549156 0.40078
v -0.44385 -0.549156 0.328031
v -0.443771 -0.549156 0.309635
v -0.663345 -0.549156 0.197098
v -0.788827 -0.325762 0.197098
v -0.797548 -0.334488 0.205838
v -0.816838 -0.334488 0.225131
v -0.83935 -0.299092 0.241204
v -0.83935 -0.297342 0.241204
v -0.820649 -0.297342 0.400087
v -0.82006 -0.299092 0.400393
v -0.76219 -0.414893 0.400393
v -0.733236 -0.443806 0.405201
v -0.675367 -0.520982 0.405201
v -0.684992 -0.530645 0.400393
v -0.666488 -0.549156 0.400189
v -0.664916 -0.549156 0.198687
v -0.664602 -0.548836 0.197098
v -0.77873 -0.354232 0.197098
v -0.75944 -0.392832 0.197098
v -0.758969 -0.411664 0.205838
v -0.778259 -0.411664 0.225131
v -0.80077 -0.395593 0.241204
v -0.829724 -0.328054 0.250861
v -0.829724 -0.347355 0.289446
v -0.840253 -0.297342 0.242956
v -0.833535 -0.297342 0.389718
v -0.816838 -0.328054 0.392346
v -0.758969 -0.443806 0.392346
v -0.742901 -0.453444 0.400393
v -0.778259 -0.40523 0.392346
v -0.694656 -0.501682 0.405201
v -0.704282 -0.511345 0.400393
v -0.704282 -0.530645 0.390736
v -0.675367 -0.549156 0.395768
v -0.704282 -0.549156 0.241204
v -0.682242 -0.527884 0.197098
v -0.723572 -0.511345 0.221912
v -0.720821 -0.469983 0.197098
v -0.739679 -0.45024 0.205838
v -0.758969 -0.45024 0.225131
v -0.78148 -0.434144 0.241204
v -0.778259 -0.45024 0.263716
v -0.797548 -0.411664 0.263716
v -0.810435 -0.38593 0.270153
v -0.829724 -0.347355 0.328031
v -0.845085 -0.297342 0.274105
v -0.765412 -0.475973 0.295883
v -0.8388 -0.297342 0.383138
v -0.80077 -0.395593 0.371444
v -0.742901 -0.492044 0.3811
v -0.78148 -0.434144 0.371444
v -0.685778 -0.549156 0.390349
v -0.684206 -0.549156 0.391327
v -0.723572 -0.530645 0.371444
v -0.704675 -0.549156 0.241999
v -0.720389 -0.527416 0.244423
v -0.742901 -0.492044 0.241204
v -0.758969 -0.46954 0.244423
v -0.791145 -0.424506 0.270153
v -0.739679 -0.508116 0.263716
v -0.758969 -0.488815 0.283028
v -0.810435 -0.38593 0.347323
v -0.845085 -0.297342 0.370568
v -0.765412 -0.475973 0.334448
v -0.842571 -0.302321 0.373053
v -0.83935 -0.299092 0.3811
v -0.803992 -0.398797 0.353761
v -0.784702 -0.437373 0.353761
v -0.746083 -0.495249 0.373053
v -0.705067 -0.549156 0.371057
v -0.726793 -0.533849 0.353761
v -0.720389 -0.546716 0.340886
v -0.709507 -0.549156 0.274594
v -0.720389 -0.546716 0.321593
v -0.758969 -0.488815 0.321593
v -0.791145 -0.424506 0.347323
v -0.715518 -0.549156 0.345755
v -0.715518 -0.549156 0.319169
f 1596 1597 1602
f 1596 1602 1598
f 1596 1598 1603
f 1596 1603 1612
f 1596 1612 1605
f 1596 1605 1599
f 1596 1599 1606
f 1596 1606 1618
f 1596 1618 1635
f 1596 1635 1656
f 1596 1656 1673
f 1596 1673 1658
f 1596 1658 1636
f 1596 1636 1619
f 1596 1619 1607
f 1596 1607 1600
f 1596 1600 1601
f 1596 1601 1597
f 1597 1601 1600
f 1597 1600 1608
f 1597 1608 1622
f 1597 1622 1641
f 1597 1641 1623
f 1597 1623 1609
f 1597 1609 1602
f 1598 1602 1604
f 1598 1604 1603
f 1599 1605 1613
f 1599 1613 1627
f 1599 1627 1646
f 1599 1646 1648
f 1599 1648 1629
f 1599 1629 1628
f 1599 1628 1614
f 1599 1614 1606
f 1600 1607 1608
f 1602 1609 1610
f 1602 1610 1625
f 1602 1625 1644
f 1602 1644 1663
f 1602 1663 1662
f 1602 1662 1680
f 1602 1680 1687
f 1602 1687 1688
f 1602 1688 1683
f 1602 1683 1665
f 1602 1665 1645
f 1602 1645 1626
f 1602 1626 1613
f 1602 1613 1605
f 1602 1605 1612
f 1602 1612 1611
f 1602 1611 1604
f 1603 1611 1612
f 1603 1604 1611
f 1606 1614 1615
f 1606 1615 1616
f 1606 1616 1617
f 1606 1617 1618
f 1607 1619 1620
f 1607 1620 1621
f 1607 1621 1608
f 1608 1621 1622
f 1609 1623 1610
f 1610 1623 1624
f 1610 1624 1625
f 1613 1626 1627
f 1614 1628 1615
f 1615 1628 1629
f 1615 1629 1630
f 1615 1630 1631
f 1615 1631 1616
f 1616 1631 1632
f 1616 1632 1617
f 1617 1633 1634
f 1617 1634 1635
f 1617 1635 1618
f 1617 1632 1633
f 1619 1636 1620
f 1620 1636 1637
f 1620 1637 1621
f 1621 1638 1639
f 1621 1639 1622
f 1621 1637 1640
f 1621 1640 1638
f 1622 1639 1641
f 1623 1641 1642
f 1623 1642 1624
f 1624 1642 1643
f 1624 1643 1644
f 1624 1644 1625
f 1626 1645 1627
f 1627 1645 1647
f 1627 1647 1646
f 1629 1648 1649
f 1629 1649 1630
f 1630 1649 1650
f 1630 1650 1631
f 1631 1650 1632
f 1632 1650 1651
f 1632 1651 1652
f 1632 1652 1653
f 1632 1653 1654
f 1632 1654 1633
f 1633 1654 1634
f 1634 1655 1673
f 1634 1673 1656
f 1634 1656 1635
f 1634 1654 1657
f 1634 1657 1674
f 1634 1674 1655
f 1636 1658 1637
f 1637 1658 1659
f 1637 1659 1640
f 1638 1660 1639
f 1638 1640 1659
f 1638 1659 1661
f 1638 1661 1660
f 1639 1660 1642
f 1639 1642 1641
f 1642 1660 1643
f 1643 1662 1663
f 1643 1663 1644
f 1643 1660 1664
f 1643 1664 1680
f 1643 1680 1662
f 1645 1665 1647
f 1646 1647 1648
f 1647 1665 1666
f 1647 1666 1667
f 1647 1667 1651
f 1647 1651 1650
f 1647 1650 1648
f 1648 1650 1649
f 1651 1667 1668
f 1651 1668 1652
f 1652 1669 1654
f 1652 1654 1653
f 1652 1668 1667
f 1652 1667 1670
f 1652 1670 1671
f 1652 1671 1657
f 1652 1657 1669
f 1654 1669 1657
f 1655 1672 1673
f 1655 1674 1672
f 1657 1671 1685
f 1657 1685 1674
f 1658 1673 1675
f 1658 1675 1676
f 1658 1676 1659
f 1659 1677 1678
f 1659 1678 1661
f 1659 1676 1675
f 1659 1675 1677
f 1660 1661 1679
f 1660 1679 1664
f 1661 1678 1679
f 1664 1679 1681
f 1664 1681 1682
f 1664 1682 1680
f 1665 1683 1684
f 1665 1684 1671
f 1665 1671 1670
f 1665 1670 1666
f 1666 1670 1667
f 1671 1684 1682
f 1671 1682 1685
f 1672 1686 1678
f 1672 1678 1677
f 1672 1677 1673
f 1672 1674 1686
f 1673 1677 1675
f 1674 1685 1682
f 1674 1682 1681
f 1674 1681 1678
f 1674 1678 1686
f 1678 1681 1679
f 1680 1682 1687
f 1682 1684 1688
f 1682 1688 1687
f 1683 1688 1684
o convex_9
v -0.46297 -0.549189 0.3309
v -0.715534 -0.549189 0.3309
v -0.47288 -0.549189 0.337527
v -0.123474 -0.800778 0.395567
v -0.123474 -0.785744 0.372025
v -0.123474 -0.774149 0.345013
v -0.123474 -0.772413 0.3309
v -0.701046 -0.566025 0.3309
v -0.715534 -0.549189 0.345763
v -0.607971 -0.549189 0.395414
v -0.135122 -0.810441 0.405221
v -0.123474 -0.812734 0.4029
v -0.636774 -0.549189 0.405221
v -0.123474 -0.883779 0.3309
v -0.701046 -0.566025 0.340903
v -0.681747 -0.58535 0.3309
v -0.705044 -0.549189 0.371058
v -0.681747 -0.58535 0.360203
v -0.68818 -0.572478 0.373058
v -0.123474 -0.829733 0.405221
v -0.664882 -0.549189 0.400783
v -0.636774 -0.559605 0.405221
v -0.123474 -0.883779 0.351182
v -0.231558 -0.868319 0.3309
v -0.643207 -0.623935 0.3309
v -0.704291 -0.549975 0.371451
v -0.70348 -0.549189 0.372629
v -0.643207 -0.623935 0.360203
v -0.684992 -0.569268 0.381097
v -0.630341 -0.630355 0.373058
v -0.123474 -0.849026 0.405221
v -0.666505 -0.549189 0.400194
v -0.665693 -0.549975 0.40039
v -0.559579 -0.636808 0.405221
v -0.123474 -0.881814 0.359905
v -0.21226 -0.868319 0.366634
v -0.231558 -0.868319 0.347334
v -0.289455 -0.849026 0.3309
v -0.566012 -0.701106 0.3309
v -0.684992 -0.549975 0.390744
v -0.685746 -0.549189 0.390351
v -0.585311 -0.681813 0.360203
v -0.636774 -0.59819 0.393159
v -0.675314 -0.559605 0.393159
v -0.5692 -0.685023 0.381097
v -0.598177 -0.636808 0.393159
v -0.572445 -0.688233 0.373058
v -0.123474 -0.861899 0.398783
v -0.154421 -0.849026 0.405221
v -0.684181 -0.549189 0.391333
v -0.511303 -0.704315 0.40039
v -0.501683 -0.694686 0.405221
v -0.123474 -0.878931 0.370963
v -0.21226 -0.861899 0.379489
v -0.231558 -0.863504 0.369035
v -0.154421 -0.868319 0.38592
v -0.154421 -0.861899 0.398783
v -0.289455 -0.849026 0.347334
v -0.385948 -0.810441 0.3309
v -0.566012 -0.701106 0.340903
v -0.508116 -0.739658 0.3309
v -0.553146 -0.707558 0.353765
v -0.559579 -0.675393 0.393159
v -0.492005 -0.742901 0.381097
v -0.530602 -0.704315 0.390744
v -0.49525 -0.746111 0.373058
v -0.123474 -0.871201 0.384473
v -0.164042 -0.858656 0.40039
v -0.231558 -0.829733 0.405221
v -0.241237 -0.839363 0.40039
v -0.482384 -0.733238 0.393159
v -0.453407 -0.742901 0.40039
v -0.443787 -0.733238 0.405221
v -0.21226 -0.855446 0.392352
v -0.328052 -0.816861 0.392352
v -0.289455 -0.844178 0.369035
v -0.328052 -0.829733 0.366634
v -0.385948 -0.810441 0.347334
v -0.402407 -0.802219 0.3309
v -0.508116 -0.739658 0.360203
v -0.440947 -0.782927 0.3309
v -0.443787 -0.758983 0.392352
v -0.395627 -0.800778 0.371451
v -0.437354 -0.784696 0.334472
v -0.398814 -0.803988 0.353765
v -0.289455 -0.810441 0.405221
v -0.299133 -0.820071 0.40039
v -0.414925 -0.762193 0.40039
v -0.405247 -0.75253 0.405221
v -0.405247 -0.778276 0.392352
v -0.33773 -0.820071 0.381097
v -0.299133 -0.839363 0.371451
v -0.340918 -0.823281 0.373058
v -0.41168 -0.797568 0.340903
v -0.385948 -0.805593 0.369035
f 1689 1690 1697
f 1689 1697 1705
f 1689 1705 1715
f 1689 1715 1729
f 1689 1729 1738
f 1689 1738 1720
f 1689 1720 1709
f 1689 1709 1701
f 1689 1701 1698
f 1689 1698 1691
f 1689 1691 1692
f 1689 1692 1693
f 1689 1693 1694
f 1689 1694 1695
f 1689 1695 1702
f 1689 1702 1712
f 1689 1712 1726
f 1689 1726 1747
f 1689 1747 1767
f 1689 1767 1769
f 1689 1769 1749
f 1689 1749 1727
f 1689 1727 1713
f 1689 1713 1704
f 1689 1704 1696
f 1689 1696 1690
f 1690 1696 1703
f 1690 1703 1697
f 1691 1698 1692
f 1692 1699 1700
f 1692 1700 1708
f 1692 1708 1719
f 1692 1719 1736
f 1692 1736 1755
f 1692 1755 1741
f 1692 1741 1723
f 1692 1723 1711
f 1692 1711 1702
f 1692 1702 1695
f 1692 1695 1694
f 1692 1694 1693
f 1692 1698 1701
f 1692 1701 1699
f 1696 1704 1706
f 1696 1706 1703
f 1697 1703 1706
f 1697 1706 1707
f 1697 1707 1705
f 1699 1708 1700
f 1699 1701 1710
f 1699 1710 1722
f 1699 1722 1740
f 1699 1740 1761
f 1699 1761 1777
f 1699 1777 1774
f 1699 1774 1757
f 1699 1757 1737
f 1699 1737 1719
f 1699 1719 1708
f 1701 1709 1710
f 1702 1711 1725
f 1702 1725 1712
f 1704 1713 1716
f 1704 1716 1706
f 1705 1707 1714
f 1705 1714 1715
f 1706 1716 1707
f 1707 1717 1714
f 1707 1716 1718
f 1707 1718 1717
f 1709 1720 1721
f 1709 1721 1710
f 1710 1721 1722
f 1711 1723 1724
f 1711 1724 1725
f 1712 1725 1746
f 1712 1746 1726
f 1713 1727 1748
f 1713 1748 1730
f 1713 1730 1716
f 1714 1717 1728
f 1714 1728 1715
f 1715 1728 1729
f 1716 1730 1735
f 1716 1735 1718
f 1717 1731 1732
f 1717 1732 1728
f 1717 1718 1735
f 1717 1735 1733
f 1717 1733 1751
f 1717 1751 1734
f 1717 1734 1731
f 1719 1737 1745
f 1719 1745 1736
f 1720 1738 1728
f 1720 1728 1732
f 1720 1732 1721
f 1721 1732 1731
f 1721 1731 1734
f 1721 1734 1751
f 1721 1751 1739
f 1721 1739 1740
f 1721 1740 1722
f 1723 1741 1724
f 1724 1742 1743
f 1724 1743 1725
f 1724 1741 1744
f 1724 1744 1745
f 1724 1745 1742
f 1725 1743 1746
f 1726 1746 1766
f 1726 1766 1747
f 1727 1749 1768
f 1727 1768 1748
f 1728 1738 1729
f 1730 1748 1750
f 1730 1750 1735
f 1733 1735 1754
f 1733 1754 1752
f 1733 1752 1753
f 1733 1753 1751
f 1735 1750 1754
f 1736 1745 1755
f 1737 1756 1745
f 1737 1757 1758
f 1737 1758 1756
f 1739 1753 1759
f 1739 1759 1760
f 1739 1760 1740
f 1739 1751 1753
f 1740 1760 1761
f 1741 1755 1745
f 1741 1745 1744
f 1742 1762 1743
f 1742 1745 1762
f 1743 1762 1763
f 1743 1763 1764
f 1743 1764 1746
f 1745 1756 1762
f 1746 1764 1765
f 1746 1765 1766
f 1747 1766 1767
f 1748 1768 1750
f 1749 1769 1768
f 1750 1768 1754
f 1752 1770 1760
f 1752 1760 1759
f 1752 1759 1753
f 1752 1754 1771
f 1752 1771 1770
f 1754 1768 1769
f 1754 1769 1772
f 1754 1772 1773
f 1754 1773 1771
f 1756 1758 1762
f 1757 1774 1775
f 1757 1775 1758
f 1758 1775 1763
f 1758 1763 1762
f 1760 1770 1776
f 1760 1776 1761
f 1761 1776 1777
f 1763 1775 1776
f 1763 1776 1778
f 1763 1778 1771
f 1763 1771 1779
f 1763 1779 1780
f 1763 1780 1764
f 1764 1780 1781
f 1764 1781 1765
f 1765 1781 1773
f 1765 1773 1766
f 1766 1773 1782
f 1766 1782 1767
f 1767 1782 1769
f 1769 1782 1773
f 1769 1773 1772
f 1770 1771 1778
f 1770 1778 1776
f 1771 1773 1783
f 1771 1783 1781
f 1771 1781 1779
f 1773 1781 1783
f 1774 1777 1776
f 1774 1776 1775
f 1779 1781 1780
o convex_10
v -0.123474 -0.549189 0.328031
v -0.123474 -0.772413 0.330887
v -0.123474 -0.549189 0.197098
v -0.46297 -0.549189 0.330887
v -0.123474 -0.883779 0.330887
v -0.123474 -0.83635 0.197098
v -0.663317 -0.549189 0.197098
v -0.715534 -0.549189 0.330887
v -0.123474 -0.883779 0.293284
v -0.231558 -0.868319 0.330887
v -0.123474 -0.855446 0.225126
v -0.199452 -0.855446 0.225126
v -0.195047 -0.831797 0.197098
v -0.645294 -0.568154 0.197098
v -0.665693 -0.58856 0.221918
v -0.663491 -0.549189 0.197269
v -0.715534 -0.549189 0.319165
v -0.701046 -0.566025 0.330887
v -0.193019 -0.868319 0.250863
v -0.123474 -0.878931 0.262454
v -0.231558 -0.868319 0.289434
v -0.289455 -0.849026 0.330887
v -0.123474 -0.876016 0.256599
v -0.125444 -0.877949 0.260502
v -0.221938 -0.858656 0.24121
v -0.299133 -0.839363 0.24121
v -0.276589 -0.836153 0.225126
v -0.276589 -0.816861 0.205834
v -0.267896 -0.808115 0.197098
v -0.587397 -0.626032 0.197098
v -0.643207 -0.623935 0.244432
v -0.681747 -0.58535 0.244432
v -0.704291 -0.549975 0.24121
v -0.681747 -0.566025 0.225126
v -0.607797 -0.646438 0.221918
v -0.664882 -0.549189 0.198683
v -0.709507 -0.549189 0.274569
v -0.701046 -0.566025 0.263724
v -0.681747 -0.58535 0.330887
v -0.228371 -0.865109 0.27335
v -0.286267 -0.845816 0.254071
v -0.289455 -0.849026 0.270142
v -0.347351 -0.829733 0.289434
v -0.385948 -0.810441 0.330887
v -0.334485 -0.816861 0.225126
v -0.328052 -0.829733 0.250863
v -0.395627 -0.800778 0.24121
v -0.334485 -0.797568 0.205834
v -0.325792 -0.788823 0.197098
v -0.530602 -0.685023 0.202612
v -0.525096 -0.67952 0.197098
v -0.643207 -0.623935 0.330887
v -0.60461 -0.66252 0.244432
v -0.697858 -0.562815 0.247641
v -0.704697 -0.549189 0.241996
v -0.704291 -0.549189 0.24121
v -0.530602 -0.704315 0.221918
v -0.549901 -0.704315 0.24121
v -0.385948 -0.810441 0.270142
v -0.402407 -0.802219 0.330887
v -0.41168 -0.778276 0.225126
v -0.433007 -0.741787 0.197098
v -0.407333 -0.754594 0.197098
v -0.41168 -0.797568 0.263724
v -0.469518 -0.758983 0.244432
v -0.45022 -0.758983 0.225126
v -0.354247 -0.778734 0.197098
v -0.472706 -0.742901 0.221918
v -0.566012 -0.701106 0.330887
v -0.566012 -0.701106 0.263724
v -0.492005 -0.742901 0.24121
v -0.440947 -0.782927 0.330887
v -0.45022 -0.778276 0.283003
v -0.508116 -0.739658 0.263724
v -0.45022 -0.778276 0.321601
v -0.508116 -0.739658 0.330887
f 1784 1785 1788
f 1784 1788 1792
f 1784 1792 1803
f 1784 1803 1806
f 1784 1806 1794
f 1784 1794 1789
f 1784 1789 1786
f 1784 1786 1790
f 1784 1790 1799
f 1784 1799 1819
f 1784 1819 1839
f 1784 1839 1838
f 1784 1838 1820
f 1784 1820 1800
f 1784 1800 1791
f 1784 1791 1787
f 1784 1787 1785
f 1785 1787 1791
f 1785 1791 1801
f 1785 1801 1822
f 1785 1822 1835
f 1785 1835 1852
f 1785 1852 1859
f 1785 1859 1855
f 1785 1855 1843
f 1785 1843 1827
f 1785 1827 1805
f 1785 1805 1793
f 1785 1793 1788
f 1786 1789 1796
f 1786 1796 1812
f 1786 1812 1832
f 1786 1832 1850
f 1786 1850 1846
f 1786 1846 1845
f 1786 1845 1834
f 1786 1834 1813
f 1786 1813 1797
f 1786 1797 1790
f 1788 1793 1804
f 1788 1804 1792
f 1789 1794 1795
f 1789 1795 1796
f 1790 1797 1798
f 1790 1798 1799
f 1791 1800 1821
f 1791 1821 1801
f 1792 1802 1803
f 1792 1804 1802
f 1793 1805 1826
f 1793 1826 1825
f 1793 1825 1804
f 1794 1806 1795
f 1795 1806 1807
f 1795 1807 1802
f 1795 1802 1808
f 1795 1808 1809
f 1795 1809 1810
f 1795 1810 1796
f 1796 1810 1811
f 1796 1811 1812
f 1797 1813 1818
f 1797 1818 1798
f 1798 1814 1815
f 1798 1815 1816
f 1798 1816 1817
f 1798 1817 1799
f 1798 1818 1836
f 1798 1836 1814
f 1799 1817 1819
f 1800 1820 1821
f 1801 1821 1815
f 1801 1815 1822
f 1802 1807 1803
f 1802 1804 1823
f 1802 1823 1824
f 1802 1824 1809
f 1802 1809 1808
f 1803 1807 1806
f 1804 1825 1823
f 1805 1827 1826
f 1809 1828 1810
f 1809 1824 1825
f 1809 1825 1829
f 1809 1829 1830
f 1809 1830 1828
f 1810 1828 1831
f 1810 1831 1811
f 1811 1831 1832
f 1811 1832 1812
f 1813 1833 1818
f 1813 1834 1833
f 1814 1835 1822
f 1814 1822 1815
f 1814 1836 1853
f 1814 1853 1852
f 1814 1852 1835
f 1815 1821 1837
f 1815 1837 1816
f 1816 1837 1821
f 1816 1821 1820
f 1816 1820 1838
f 1816 1838 1839
f 1816 1839 1819
f 1816 1819 1817
f 1818 1833 1840
f 1818 1840 1841
f 1818 1841 1836
f 1823 1825 1824
f 1825 1826 1842
f 1825 1842 1829
f 1826 1827 1843
f 1826 1843 1842
f 1828 1830 1844
f 1828 1844 1845
f 1828 1845 1846
f 1828 1846 1831
f 1829 1842 1830
f 1830 1842 1847
f 1830 1847 1848
f 1830 1848 1849
f 1830 1849 1844
f 1831 1846 1850
f 1831 1850 1832
f 1833 1834 1845
f 1833 1845 1851
f 1833 1851 1840
f 1836 1841 1853
f 1840 1851 1854
f 1840 1854 1841
f 1841 1854 1848
f 1841 1848 1853
f 1842 1843 1847
f 1843 1855 1847
f 1844 1849 1845
f 1845 1849 1851
f 1847 1855 1856
f 1847 1856 1848
f 1848 1854 1849
f 1848 1856 1857
f 1848 1857 1853
f 1849 1854 1851
f 1852 1858 1859
f 1852 1853 1856
f 1852 1856 1858
f 1853 1857 1856
f 1855 1859 1858
f 1855 1858 1856
