o convex_0
v 0.00560175 -0.745469 -0.274967
v 0.73532 -0.006543 -0.274967
v -0.020273 0.73532 -0.274967
v 0.472948 0.574472 -0.274967
v 0.377062 0.644396 -0.274967
v 0.31833 0.674416 -0.274967
v 0.142135 0.728754 -0.274967
v 0.0341746 0.73532 -0.274967
v 0.0203095 0.723919 -0.297698
v -0.020273 0.723919 -0.297698
v -0.0303991 0.725579 -0.294317
v -0.142139 0.717167 -0.290932
v -0.162415 0.703648 -0.297698
v -0.172553 0.705293 -0.294317
v -0.162415 0.718025 -0.28417
v -0.284202 0.67654 -0.290932
v -0.345096 0.62919 -0.304466
v -0.162415 0.690058 -0.304466
v -0.020273 0.710352 -0.304466
v 0.0203095 0.710352 -0.304466
v 0.0305136 0.720527 -0.29939
v 0.172591 0.70025 -0.29939
v 0.142135 0.717136 -0.290932
v 0.197517 0.71396 -0.274967
v 0.284213 0.676581 -0.290932
v 0.355173 0.639345 -0.29939
v 0.345047 0.62917 -0.304466
v 0.162387 0.690075 -0.304466
v 0.446542 0.547988 -0.304466
v 0.456669 0.558163 -0.29939
v 0.598746 0.416077 -0.29939
v 0.497251 0.537886 -0.289246
v 0.476921 0.558163 -0.289246
v 0.375504 0.639345 -0.289246
v 0.391783 0.635304 -0.274967
v 0.297688 0.68156 -0.274967
v 0.598746 0.436354 -0.289246
v 0.639329 0.355244 -0.289246
v 0.612455 0.426251 -0.274967
v 0.606458 0.436643 -0.274967
v 0.594696 0.452663 -0.274967
v 0.696191 0.249744 -0.274967
v 0.653038 0.345069 -0.274967
v 0.696814 0.223332 -0.290932
v 0.639329 0.334967 -0.29939
v 0.58862 0.405902 -0.304466
v 0.629203 0.324792 -0.304466
v 0.669785 0.223332 -0.304466
v 0.679911 0.233435 -0.29939
v 0.700241 0.172603 -0.29939
v 0.690115 0.162428 -0.304466
v 0.72054 -0.0101823 -0.29939
v 0.723929 -0.0202996 -0.297698
v 0.717144 0.121801 -0.290932
v 0.713951 0.197571 -0.274967
v 0.725167 0.121801 -0.274967
v 0.72875 0.0812457 -0.274967
v 0.734281 0.0148569 -0.274967
v 0.723929 -0.040607 -0.297698
v 0.710374 -0.040607 -0.304466
v 0.710374 -0.0202996 -0.304466
v 0.669782 -0.243608 -0.304466
v 0.683337 -0.243608 -0.297698
v 0.672305 -0.263915 -0.29939
v 0.652045 -0.30453 -0.29939
v 0.676559 -0.284223 -0.290932
v 0.684995 -0.253725 -0.294317
v 0.683625 -0.295286 -0.274967
v 0.692277 -0.263915 -0.274967
v 0.718016 -0.142144 -0.28417
v 0.724866 -0.1329 -0.274967
v 0.728759 -0.114485 -0.274967
v 0.717151 -0.121836 -0.290932
v 0.725587 -0.0507971 -0.294317
v 0.73532 -0.040607 -0.274967
v 0.55262 -0.516629 -0.274967
v 0.57288 -0.495376 -0.274967
v 0.654064 -0.354316 -0.274967
v 0.656227 -0.324765 -0.290932
v 0.611454 -0.385614 -0.29939
v 0.60893 -0.365379 -0.304466
v 0.570862 -0.446536 -0.29939
v 0.613977 -0.395804 -0.294317
v 0.573385 -0.456653 -0.294317
v 0.534451 -0.500616 -0.297698
v 0.527674 -0.487078 -0.304466
v 0.304526 -0.649464 -0.304466
v 0.365378 -0.608922 -0.304466
v 0.32731 -0.649464 -0.29939
v 0.388161 -0.608922 -0.29939
v 0.469345 -0.548 -0.29939
v 0.471869 -0.558117 -0.294317
v 0.390685 -0.619039 -0.294317
v 0.329905 -0.659654 -0.294317
v 0.311303 -0.663002 -0.297698
v 0.18275 -0.690079 -0.304466
v 0.189455 -0.703617 -0.297698
v 0.297749 -0.676541 -0.290932
v 0.3294 -0.679015 -0.274967
v 0.311303 -0.68331 -0.277404
v 0.250379 -0.703617 -0.277404
v 0.268476 -0.699323 -0.274967
v 0.248721 -0.705728 -0.274967
v 0.167537 -0.726035 -0.274967
v 0.169195 -0.723924 -0.277404
v 0.155641 -0.717155 -0.290932
v 0.0676794 -0.723924 -0.297698
v 0.060902 -0.710386 -0.304466
v -0.0609594 -0.710405 -0.304466
v -0.00678053 -0.737471 -0.290932
v 0.00682744 -0.744232 -0.277404
v 0.390252 -0.638401 -0.274967
v 0.542959 -0.497268 -0.294317
v -0.153221 -0.728764 -0.274967
v -0.169173 -0.717153 -0.290932
v -0.0541331 -0.723902 -0.297698
v -0.182682 -0.690087 -0.304466
v -0.304477 -0.649523 -0.304466
v -0.311303 -0.67659 -0.290932
v -0.25037 -0.696835 -0.290932
v -0.273076 -0.699302 -0.274967
v -0.192383 -0.720056 -0.274967
v -0.334009 -0.678984 -0.274967
v -0.334943 -0.65961 -0.294317
v -0.395805 -0.619046 -0.294317
v -0.394799 -0.638421 -0.274967
v -0.557191 -0.516585 -0.274967
v -0.57652 -0.495396 -0.274967
v -0.554748 -0.493872 -0.290932
v -0.534485 -0.51419 -0.290932
v -0.527731 -0.487124 -0.304466
v -0.57846 -0.456647 -0.294317
v -0.619059 -0.395765 -0.294317
v -0.608927 -0.36536 -0.304466
v -0.669788 -0.243597 -0.304466
v -0.67992 -0.274074 -0.294317
v -0.65628 -0.331545 -0.290932
v -0.676543 -0.290982 -0.290932
v -0.678986 -0.313695 -0.274967
v -0.692495 -0.26631 -0.274967
v -0.717141 -0.128582 -0.290932
v -0.720087 -0.151803 -0.274967
v -0.728782 -0.112618 -0.274967
v -0.73532 -0.0452057 -0.274967
v -0.723895 -0.0338857 -0.297698
v -0.710387 -0.0406342 -0.304466
v -0.710387 -0.0203161 -0.304466
v -0.723895 -0.0135676 -0.297698
v -0.690116 0.162411 -0.304466
v -0.703612 0.169206 -0.297698
v -0.717173 0.11506 -0.290932
v -0.723888 0.128579 -0.277404
v -0.713355 0.192738 -0.274967
v -0.725139 0.127363 -0.274967
v -0.728825 0.0830883 -0.274967
v -0.73532 -0.0111004 -0.274967
v -0.705784 0.228429 -0.274967
v -0.703612 0.230074 -0.277404
v -0.696831 0.216556 -0.290932
v -0.699267 0.248242 -0.274967
v -0.646734 0.355674 -0.274967
v -0.639361 0.350167 -0.294317
v -0.683336 0.230074 -0.297698
v -0.669775 0.223279 -0.304466
v -0.629223 0.324775 -0.304466
v -0.642718 0.33157 -0.297698
v -0.602166 0.41268 -0.297698
v -0.598743 0.431277 -0.294317
v -0.588605 0.428774 -0.29939
v -0.578467 0.45159 -0.294317
v -0.597821 0.45109 -0.274967
v -0.606116 0.436785 -0.274967
v -0.345096 0.662878 -0.274967
v -0.476034 0.572899 -0.274967
v -0.476956 0.553086 -0.294317
v -0.37551 0.634268 -0.294317
v -0.365372 0.631765 -0.29939
v -0.466818 0.550511 -0.29939
v -0.446542 0.548008 -0.304466
v -0.345096 0.642708 -0.297698
v -0.355234 0.644425 -0.294317
v -0.345096 0.657085 -0.28417
v -0.295328 0.683621 -0.274967
v -0.394864 0.633767 -0.274967
v -0.142139 0.728825 -0.274967
v -0.162415 0.723747 -0.274967
v -0.588605 0.405885 -0.304466
v -0.683297 -0.236849 -0.297698
v -0.36541 -0.608887 -0.304466
v -0.476929 -0.558164 -0.294317
v -0.658723 -0.354331 -0.274967
v 0.236825 -0.696848 -0.290932
v 0.701877 0.236754 -0.274967
v 0.0554395 0.734238 -0.274967
f 2 3 1
f 4 3 2
f 5 3 4
f 6 3 5
f 7 3 6
f 8 3 7
f 9 3 8
f 10 3 9
f 10 11 3
f 10 12 11
f 13 12 10
f 14 12 13
f 14 15 12
f 14 16 15
f 14 13 16
f 13 17 16
f 13 18 17
f 19 18 13
f 19 20 18
f 19 10 20
f 19 13 10
f 21 20 10
f 21 22 20
f 21 23 22
f 21 9 23
f 21 10 9
f 23 9 7
f 23 7 24
f 23 24 25
f 23 25 22
f 22 25 26
f 27 22 26
f 28 22 27
f 28 20 22
f 28 27 20
f 27 29 20
f 27 26 29
f 30 29 26
f 30 31 29
f 30 32 31
f 33 32 30
f 33 4 32
f 33 34 4
f 33 30 34
f 34 30 26
f 34 26 25
f 34 25 6
f 34 6 5
f 35 34 5
f 35 4 34
f 35 5 4
f 36 6 25
f 36 24 6
f 36 25 24
f 24 7 6
f 37 32 4
f 37 31 32
f 37 38 31
f 37 39 38
f 37 40 39
f 37 41 40
f 37 4 41
f 41 4 40
f 40 4 42
f 39 40 42
f 43 39 42
f 43 38 39
f 43 42 38
f 38 42 44
f 45 38 44
f 45 31 38
f 45 46 31
f 47 46 45
f 47 48 46
f 47 45 48
f 48 45 49
f 50 48 49
f 50 51 48
f 50 52 51
f 50 53 52
f 50 54 53
f 50 44 54
f 50 49 44
f 45 44 49
f 54 44 55
f 56 54 55
f 57 54 56
f 57 58 54
f 57 56 58
f 58 56 2
f 58 2 53
f 58 53 54
f 53 2 59
f 52 53 59
f 60 52 59
f 61 52 60
f 61 51 52
f 61 60 51
f 60 62 51
f 60 59 62
f 63 62 59
f 64 62 63
f 64 65 62
f 64 66 65
f 67 66 64
f 67 68 66
f 67 69 68
f 70 69 67
f 70 71 69
f 70 72 71
f 70 73 72
f 70 67 73
f 67 63 73
f 67 64 63
f 73 63 59
f 73 59 74
f 73 74 72
f 74 75 72
f 74 59 75
f 75 59 2
f 75 2 72
f 72 2 68
f 69 72 68
f 71 72 69
f 68 2 76
f 77 68 76
f 78 68 77
f 78 66 68
f 79 66 78
f 80 66 79
f 80 65 66
f 80 81 65
f 80 82 81
f 80 83 82
f 80 79 83
f 79 78 83
f 78 77 83
f 84 83 77
f 82 83 84
f 82 84 85
f 82 85 86
f 82 86 81
f 81 86 62
f 65 81 62
f 86 87 62
f 88 87 86
f 88 89 87
f 88 90 89
f 88 91 90
f 88 86 91
f 91 86 85
f 91 85 92
f 91 92 93
f 91 93 90
f 90 93 94
f 89 90 94
f 95 89 94
f 95 87 89
f 95 96 87
f 95 97 96
f 95 98 97
f 95 94 98
f 98 94 99
f 100 98 99
f 100 101 98
f 100 99 101
f 102 101 99
f 102 103 101
f 102 99 103
f 103 99 104
f 101 103 104
f 105 101 104
f 105 97 101
f 105 106 97
f 105 104 106
f 106 104 107
f 97 106 107
f 97 107 96
f 108 96 107
f 108 109 96
f 108 110 109
f 108 107 110
f 110 107 104
f 111 110 104
f 111 1 110
f 111 104 1
f 104 99 1
f 99 76 1
f 112 76 99
f 112 93 76
f 94 93 112
f 94 112 99
f 92 76 93
f 92 85 76
f 113 76 85
f 113 77 76
f 113 84 77
f 113 85 84
f 76 2 1
f 110 1 114
f 115 110 114
f 116 110 115
f 116 109 110
f 116 115 109
f 117 109 115
f 117 118 109
f 117 119 118
f 120 119 117
f 120 121 119
f 120 122 121
f 120 115 122
f 120 117 115
f 122 115 114
f 122 114 121
f 121 114 123
f 121 123 119
f 124 119 123
f 124 118 119
f 124 125 118
f 124 123 125
f 126 125 123
f 126 127 125
f 126 123 127
f 127 123 128
f 129 127 128
f 129 130 127
f 129 131 130
f 129 132 131
f 129 128 132
f 133 132 128
f 133 131 132
f 134 131 133
f 134 135 131
f 134 136 135
f 134 133 136
f 136 133 137
f 136 137 138
f 136 138 139
f 140 136 139
f 140 141 136
f 142 141 140
f 142 143 141
f 142 140 143
f 140 139 143
f 143 139 144
f 145 143 144
f 145 141 143
f 145 146 141
f 145 147 146
f 148 147 145
f 148 149 147
f 148 150 149
f 148 151 150
f 152 151 148
f 152 150 151
f 152 153 150
f 152 154 153
f 152 155 154
f 152 148 155
f 155 148 156
f 155 156 154
f 156 144 154
f 156 145 144
f 148 145 156
f 154 144 157
f 153 154 157
f 153 157 150
f 158 150 157
f 158 159 150
f 158 160 159
f 158 157 160
f 160 157 161
f 160 161 162
f 160 162 159
f 159 162 163
f 159 163 150
f 163 149 150
f 163 164 149
f 163 165 164
f 163 166 165
f 162 166 163
f 162 167 166
f 168 167 162
f 168 169 167
f 168 170 169
f 168 171 170
f 172 171 168
f 172 161 171
f 172 168 161
f 168 162 161
f 161 157 171
f 157 144 171
f 171 144 3
f 173 171 3
f 174 171 173
f 174 170 171
f 174 175 170
f 176 175 174
f 177 175 176
f 178 175 177
f 178 169 175
f 178 179 169
f 178 177 179
f 177 17 179
f 180 17 177
f 180 16 17
f 180 181 16
f 180 177 181
f 181 177 176
f 181 176 182
f 181 182 16
f 182 183 16
f 182 173 183
f 182 176 173
f 184 173 176
f 184 174 173
f 184 176 174
f 183 173 185
f 186 183 185
f 186 15 183
f 186 185 15
f 15 185 12
f 185 11 12
f 185 3 11
f 185 173 3
f 183 15 16
f 179 17 187
f 179 187 169
f 167 169 187
f 165 167 187
f 165 166 167
f 165 187 164
f 187 17 164
f 164 17 135
f 147 164 135
f 149 164 147
f 146 147 135
f 146 135 141
f 188 141 135
f 188 136 141
f 188 135 136
f 17 29 135
f 20 29 17
f 18 20 17
f 135 29 62
f 109 135 62
f 118 135 109
f 131 135 118
f 189 131 118
f 189 125 131
f 189 118 125
f 190 131 125
f 190 130 131
f 190 127 130
f 190 125 127
f 87 109 62
f 96 109 87
f 51 62 29
f 46 51 29
f 48 51 46
f 46 29 31
f 169 170 175
f 144 1 3
f 123 1 144
f 114 1 123
f 128 123 144
f 139 128 144
f 191 128 139
f 191 133 128
f 191 137 133
f 191 138 137
f 191 139 138
f 101 97 192
f 101 192 98
f 97 98 192
f 56 55 2
f 55 42 2
f 193 42 55
f 193 44 42
f 193 55 44
f 42 4 2
f 194 7 9
f 194 8 7
f 194 9 8
o convex_1
v -0.364939 -0.852716 0.183089
v -0.385676 -0.852493 0.223246
v -0.364939 -0.852582 0.162784
v -0.364939 -0.852716 0.283934
v -0.412729 -0.838973 0.216496
v -0.426266 -0.832169 0.182636
v -0.365371 -0.852493 0.162331
v -0.385676 -0.852493 0.284161
v -0.364939 -0.842555 0.101869
v -0.364939 -0.852493 0.284388
v -0.453319 -0.81865 0.175886
v -0.412729 -0.838973 0.277355
v -0.493909 -0.798371 0.25705
v -0.436408 -0.822052 0.152178
v -0.385676 -0.832169 0.0811668
v -0.372139 -0.838973 0.0947225
v -0.364939 -0.845867 0.29766
v -0.385676 -0.845733 0.29766
v -0.399192 -0.845733 0.290911
v -0.364939 -0.837451 0.0758921
v -0.514194 -0.778048 0.196191
v -0.534499 -0.757769 0.155581
v -0.575109 -0.717167 0.0946658
v -0.453319 -0.798371 0.0947225
v -0.412729 -0.81865 0.0744174
v -0.493909 -0.798371 0.277355
v -0.575109 -0.737446 0.236745
v -0.395818 -0.822052 0.0507092
v -0.364939 -0.832169 0.304466
v -0.385676 -0.832169 0.304466
v -0.395818 -0.842331 0.299362
v -0.480372 -0.805131 0.290911
v -0.436408 -0.822052 0.299362
v -0.364939 -0.817173 -0.0052717
v -0.575109 -0.727329 0.165734
v -0.575089 -0.696889 0.0338071
v -0.554804 -0.696889 -0.0270515
v -0.534499 -0.717167 -0.00674638
v -0.575109 -0.676521 -0.0270515
v -0.575109 -0.737446 0.277355
v -0.537873 -0.761127 0.299362
v -0.517588 -0.72057 -0.0303979
v -0.375513 -0.801729 -0.0303979
v -0.364939 -0.811891 0.304466
v -0.466856 -0.791612 0.304466
v -0.476978 -0.801729 0.299362
v -0.375513 -0.78145 -0.0710081
v -0.364939 -0.796894 -0.0458252
v -0.575089 -0.676565 -0.0270515
v -0.558178 -0.679967 -0.050703
v -0.537873 -0.700246 -0.050703
v -0.575109 -0.639365 -0.0913132
v -0.561552 -0.74425 0.290911
v -0.575109 -0.727329 0.29386
v -0.527731 -0.75101 0.304466
v -0.558178 -0.740848 0.299362
v -0.416124 -0.761127 -0.0710081
v -0.395818 -0.78145 -0.050703
v -0.548036 -0.690084 0.304466
v -0.364939 -0.798371 0.29766
v -0.375513 -0.78145 0.294314
v -0.497283 -0.700246 0.294314
v -0.558178 -0.659644 0.294314
v -0.416124 -0.72057 -0.152229
v -0.375513 -0.761127 -0.111618
v -0.364939 -0.776571 -0.0864355
v -0.517588 -0.679967 -0.111618
v -0.456714 -0.700246 -0.152229
v -0.575109 -0.581887 -0.169131
v -0.558178 -0.598808 -0.172477
v -0.575109 -0.723927 0.298511
v -0.56832 -0.710408 0.304466
v -0.575109 -0.717167 0.301063
v -0.436408 -0.72057 -0.131923
v -0.575109 -0.672492 0.301744
v -0.575109 -0.690084 0.304466
v -0.364939 -0.786732 0.288982
v -0.564 -0.401662 -0.274967
v -0.575109 -0.641067 0.272307
v -0.575109 -0.649482 0.284161
v -0.575109 -0.659644 0.294314
v -0.575109 -0.39544 -0.274967
v -0.436408 -0.700246 -0.172477
v -0.364939 -0.695367 -0.228515
v -0.364939 -0.755128 -0.125911
v -0.476978 -0.659644 -0.192782
v -0.575109 -0.521006 -0.250294
v -0.558178 -0.537927 -0.253697
v -0.575109 -0.710408 0.301914
v -0.364939 -0.776571 0.264253
v -0.394872 -0.557266 -0.274967
v -0.575109 -0.495445 -0.274967
v -0.395818 -0.679967 -0.233392
v -0.372139 -0.676565 -0.250294
v -0.364939 -0.677998 -0.251769
v -0.575109 -0.497325 -0.274003
v -0.558178 -0.517604 -0.274003
v -0.476978 -0.57853 -0.274003
v -0.364939 -0.644648 -0.116893
v -0.374567 -0.577545 -0.274967
v -0.557232 -0.516664 -0.274967
v -0.395818 -0.639365 -0.274003
v -0.372139 -0.656287 -0.270599
v -0.364939 -0.657719 -0.272074
v -0.394872 -0.638425 -0.274967
v -0.364939 -0.624324 -0.177808
v -0.364939 -0.592541 -0.274967
v -0.364939 -0.60409 -0.238667
v -0.364939 -0.646125 -0.274967
f 195 196 197
f 195 197 203
f 195 203 214
f 195 214 228
f 195 228 242
f 195 242 260
f 195 260 279
f 195 279 278
f 195 278 289
f 195 289 298
f 195 298 303
f 195 303 301
f 195 301 302
f 195 302 300
f 195 300 293
f 195 293 284
f 195 284 271
f 195 271 254
f 195 254 238
f 195 238 223
f 195 223 211
f 195 211 204
f 195 204 198
f 195 198 202
f 195 202 196
f 196 199 205
f 196 205 200
f 196 200 201
f 196 201 197
f 196 202 206
f 196 206 199
f 197 201 203
f 198 204 202
f 199 206 220
f 199 220 207
f 199 207 205
f 200 205 208
f 200 208 222
f 200 222 209
f 200 209 201
f 201 209 210
f 201 210 203
f 202 204 211
f 202 211 212
f 202 212 213
f 202 213 206
f 203 210 214
f 205 207 215
f 205 215 216
f 205 216 217
f 205 217 218
f 205 218 219
f 205 219 222
f 205 222 208
f 206 213 226
f 206 226 220
f 207 220 234
f 207 234 221
f 207 221 215
f 209 222 214
f 209 214 210
f 211 223 224
f 211 224 225
f 211 225 212
f 212 225 213
f 213 225 227
f 213 227 226
f 214 222 228
f 215 221 216
f 216 221 229
f 216 229 217
f 217 230 231
f 217 231 232
f 217 232 218
f 217 229 221
f 217 221 234
f 217 234 248
f 217 248 265
f 217 265 267
f 217 267 283
f 217 283 270
f 217 270 269
f 217 269 275
f 217 275 274
f 217 274 273
f 217 273 276
f 217 276 286
f 217 286 290
f 217 290 281
f 217 281 263
f 217 263 246
f 217 246 233
f 217 233 243
f 217 243 230
f 218 232 219
f 219 232 222
f 220 226 235
f 220 235 234
f 222 232 236
f 222 236 237
f 222 237 228
f 223 238 253
f 223 253 270
f 223 270 266
f 223 266 249
f 223 249 239
f 223 239 224
f 224 239 227
f 224 227 225
f 226 227 240
f 226 240 235
f 227 239 240
f 228 237 241
f 228 241 242
f 230 243 231
f 231 243 244
f 231 244 245
f 231 245 236
f 231 236 232
f 233 246 243
f 234 235 247
f 234 247 248
f 235 240 239
f 235 239 249
f 235 249 250
f 235 250 247
f 236 245 251
f 236 251 252
f 236 252 237
f 237 252 241
f 238 254 255
f 238 255 256
f 238 256 257
f 238 257 253
f 241 252 258
f 241 258 259
f 241 259 260
f 241 260 242
f 243 246 244
f 244 246 245
f 245 246 261
f 245 261 262
f 245 262 251
f 246 263 264
f 246 264 261
f 247 250 265
f 247 265 248
f 249 266 267
f 249 267 250
f 250 267 265
f 251 262 268
f 251 268 252
f 252 268 258
f 253 269 270
f 253 257 269
f 254 271 255
f 255 271 272
f 255 272 256
f 256 272 257
f 257 273 274
f 257 274 275
f 257 275 269
f 257 272 276
f 257 276 273
f 258 268 262
f 258 262 277
f 258 277 278
f 258 278 259
f 259 278 279
f 259 279 260
f 261 264 280
f 261 280 262
f 262 280 277
f 263 281 282
f 263 282 264
f 264 282 280
f 266 270 283
f 266 283 267
f 271 284 272
f 272 285 294
f 272 294 301
f 272 301 303
f 272 303 299
f 272 299 295
f 272 295 286
f 272 286 276
f 272 284 285
f 277 280 287
f 277 287 278
f 278 287 288
f 278 288 289
f 280 282 287
f 281 290 282
f 282 290 291
f 282 291 292
f 282 292 287
f 284 293 294
f 284 294 285
f 286 295 291
f 286 291 290
f 287 292 296
f 287 296 297
f 287 297 288
f 288 297 298
f 288 298 289
f 291 295 292
f 292 295 299
f 292 299 296
f 293 300 294
f 294 300 302
f 294 302 301
f 296 299 297
f 297 299 298
f 298 299 303
o convex_2
v 0.350584 -0.811893 0.304466
v 0.350584 -0.832194 0.304466
v 0.350584 -0.79837 0.29766
v 0.34504 -0.811893 0.304466
v 0.324755 -0.852494 0.304466
v 0.350584 -0.848815 0.300723
v 0.33829 -0.79837 0.29766
v 0.350584 -0.790366 0.284161
v -0.00124766 -0.893096 0.304466
v 0.284151 -0.872795 0.304466
v 0.34504 -0.855012 0.299362
v 0.350584 -0.852494 0.298908
v -0.00124766 -0.87954 0.29766
v -0.00124766 -0.890578 0.303219
v 0.350584 -0.776359 0.251605
v -0.00124766 -0.864404 0.272194
v -0.00124766 -0.913396 0.304466
v 0.223262 -0.893096 0.304466
v 0.284151 -0.886318 0.29766
v 0.304436 -0.875312 0.299362
v 0.33488 -0.867728 0.294314
v 0.350584 -0.859885 0.284161
v -0.00124766 -0.832194 0.182636
v -0.00124766 -0.852494 0.243551
v 0.350584 -0.735822 0.129831
v 0.0812001 -0.913396 0.304466
v -0.00124766 -0.926919 0.29766
v 0.223262 -0.906619 0.29766
v 0.294311 -0.887996 0.294314
v 0.284151 -0.893096 0.284161
v 0.350584 -0.859885 0.202941
v 0.350584 -0.604013 -0.274967
v -0.00124766 -0.771292 -0.0202453
v 0.0812001 -0.926919 0.29766
v -0.00124766 -0.927339 0.296866
v 0.233422 -0.908297 0.294314
v 0.223262 -0.913396 0.284161
v 0.284151 -0.893096 0.263856
v 0.324755 -0.872795 0.202941
v 0.34504 -0.852494 0.101472
v 0.350584 -0.849719 0.101472
v 0.350584 -0.657814 -0.274967
v -0.00124766 -0.704903 -0.274967
v -0.00124766 -0.710422 -0.243545
v -0.00124766 -0.730723 -0.162381
v 0.0913597 -0.928598 0.294314
v -0.00124766 -0.933697 0.284161
v 0.0812001 -0.933697 0.284161
v 0.223262 -0.913396 0.243551
v 0.263866 -0.893096 0.182636
v 0.243547 -0.893096 0.142082
v 0.347588 -0.847427 0.0811668
v 0.202978 -0.913396 0.182636
v 0.350584 -0.846943 0.0866685
v 0.350584 -0.659525 -0.273832
v 0.349655 -0.65875 -0.274967
v -0.00124766 -0.743213 -0.274967
v -0.00124766 -0.933697 0.202941
v 0.0812001 -0.933697 0.243551
v 0.246096 -0.887996 0.121777
v 0.350584 -0.846233 0.083549
v 0.26638 -0.867728 0.0608617
v 0.2867 -0.847427 3.09046e-06
v 0.347588 -0.827127 3.09046e-06
v 0.205492 -0.908297 0.162331
v 0.0609153 -0.933697 0.223246
v 0.121804 -0.913396 0.101472
v 0.144637 -0.908297 0.101472
v 0.329818 -0.679987 -0.274003
v 0.329335 -0.679051 -0.274967
v 0.350584 -0.679826 -0.253527
v 0.00519249 -0.745375 -0.274967
v -0.00124766 -0.778069 -0.229989
v 0.0405961 -0.933697 0.202941
v -0.00124766 -0.913396 0.0608617
v 0.350584 -0.825932 0.00244197
v 0.225811 -0.867728 0.0202515
v 0.225811 -0.847427 -0.0405504
v 0.246096 -0.827127 -0.0811607
v 0.306984 -0.827127 -0.0405504
v 0.309533 -0.822027 -0.050703
v 0.350102 -0.822027 -0.0100928
v 0.350584 -0.821866 -0.00975244
v 0.350584 -0.825126 3.09046e-06
v 0.0812001 -0.913396 0.0811668
v 0.142089 -0.893096 0.0405566
v 0.164922 -0.887996 0.0405566
v 0.309533 -0.700288 -0.253697
v 0.268929 -0.700288 -0.274003
v 0.350102 -0.700288 -0.233392
v 0.268447 -0.699352 -0.274967
v 0.350584 -0.700094 -0.233052
v 0.00557133 -0.745472 -0.274967
v 0.033846 -0.778069 -0.229989
v -0.00124766 -0.818671 -0.169131
v 0.0203114 -0.913396 0.0608617
v -0.00124766 -0.852494 -0.101466
v 0.202978 -0.852494 -0.0405504
v 0.223262 -0.832194 -0.0811607
v 0.230012 -0.825416 -0.0947163
v 0.248644 -0.822027 -0.0913132
v 0.248644 -0.801759 -0.131923
v 0.329818 -0.801759 -0.0710081
v 0.350102 -0.801759 -0.050703
v 0.350584 -0.781264 -0.0909729
v 0.0812001 -0.893096 0.0202515
v 0.0812001 -0.872795 -0.0405504
v 0.121804 -0.852494 -0.0811607
v 0.162408 -0.852494 -0.0608555
v 0.248644 -0.720588 -0.253697
v 0.309533 -0.740889 -0.192782
v 0.248644 -0.705807 -0.274967
v 0.230012 -0.723977 -0.257101
v 0.350102 -0.781458 -0.0913132
v 0.167505 -0.726107 -0.274967
v 0.135339 -0.7375 -0.270599
v 0.0947347 -0.757801 -0.250294
v 0.0541308 -0.818671 -0.169131
v -0.00124766 -0.83158 -0.143324
v 0.0203114 -0.852494 -0.101466
v -0.00124766 -0.851881 -0.102714
v 0.142089 -0.832194 -0.121771
v 0.148873 -0.825416 -0.13527
v 0.230012 -0.805115 -0.13527
v 0.230012 -0.764579 -0.196185
v 0.0609153 -0.832194 -0.142076
v 0.216478 -0.7172 -0.270599
v 0.148873 -0.744278 -0.257101
v 0.128554 -0.805115 -0.17588
v 0.115054 -0.79837 -0.189436
v 0.0676654 -0.825416 -0.155575
v -0.00124766 -0.833452 -0.13958
f 304 305 309
f 304 309 315
f 304 315 325
f 304 325 334
f 304 334 344
f 304 344 357
f 304 357 364
f 304 364 379
f 304 379 387
f 304 387 386
f 304 386 408
f 304 408 395
f 304 395 374
f 304 374 358
f 304 358 345
f 304 345 335
f 304 335 328
f 304 328 318
f 304 318 311
f 304 311 306
f 304 306 310
f 304 310 307
f 304 307 312
f 304 312 320
f 304 320 329
f 304 329 321
f 304 321 313
f 304 313 308
f 304 308 305
f 305 308 309
f 306 311 310
f 307 310 312
f 308 313 323
f 308 323 314
f 308 314 309
f 309 314 315
f 310 316 317
f 310 317 312
f 310 311 318
f 310 318 319
f 310 319 316
f 312 317 316
f 312 316 319
f 312 319 327
f 312 327 326
f 312 326 336
f 312 336 348
f 312 348 347
f 312 347 346
f 312 346 360
f 312 360 376
f 312 376 398
f 312 398 422
f 312 422 435
f 312 435 424
f 312 424 400
f 312 400 378
f 312 378 361
f 312 361 350
f 312 350 338
f 312 338 330
f 312 330 320
f 313 321 331
f 313 331 322
f 313 322 323
f 314 323 324
f 314 324 315
f 315 324 325
f 318 326 327
f 318 327 319
f 318 328 326
f 320 330 337
f 320 337 329
f 321 329 337
f 321 337 331
f 322 331 339
f 322 339 332
f 322 332 323
f 323 332 324
f 324 332 333
f 324 333 325
f 325 333 341
f 325 341 334
f 326 328 335
f 326 335 336
f 330 338 337
f 331 337 349
f 331 349 339
f 332 339 340
f 332 340 333
f 333 340 352
f 333 352 341
f 334 341 342
f 334 342 343
f 334 343 344
f 335 345 359
f 335 359 373
f 335 373 394
f 335 394 415
f 335 415 418
f 335 418 396
f 335 396 375
f 335 375 360
f 335 360 346
f 335 346 347
f 335 347 348
f 335 348 336
f 337 338 349
f 338 350 351
f 338 351 349
f 339 349 351
f 339 351 340
f 340 351 362
f 340 362 352
f 341 352 353
f 341 353 342
f 342 353 343
f 343 354 355
f 343 355 344
f 343 353 356
f 343 356 354
f 344 355 357
f 345 358 359
f 350 361 377
f 350 377 369
f 350 369 362
f 350 362 351
f 352 362 356
f 352 356 353
f 354 363 355
f 354 356 363
f 355 364 357
f 355 363 365
f 355 365 366
f 355 366 367
f 355 367 364
f 356 368 363
f 356 362 369
f 356 369 370
f 356 370 371
f 356 371 368
f 358 372 373
f 358 373 359
f 358 374 372
f 360 375 376
f 361 378 399
f 361 399 377
f 363 368 365
f 364 367 379
f 365 380 366
f 365 368 380
f 366 380 381
f 366 381 382
f 366 382 383
f 366 383 367
f 367 383 384
f 367 384 385
f 367 385 386
f 367 386 387
f 367 387 379
f 368 371 380
f 369 377 370
f 370 388 389
f 370 389 390
f 370 390 371
f 370 377 388
f 371 390 380
f 372 391 413
f 372 413 392
f 372 392 394
f 372 394 373
f 372 374 393
f 372 393 414
f 372 414 391
f 374 395 393
f 375 396 376
f 376 397 421
f 376 421 398
f 376 396 397
f 377 399 388
f 378 400 423
f 378 423 399
f 380 390 389
f 380 389 381
f 381 401 402
f 381 402 382
f 381 389 401
f 382 402 403
f 382 403 404
f 382 404 384
f 382 384 383
f 384 404 405
f 384 405 406
f 384 406 407
f 384 407 385
f 385 407 386
f 386 407 417
f 386 417 408
f 388 399 409
f 388 409 389
f 389 409 410
f 389 410 411
f 389 411 412
f 389 412 401
f 391 414 405
f 391 405 413
f 392 415 394
f 392 413 416
f 392 416 415
f 393 395 408
f 393 408 417
f 393 417 406
f 393 406 414
f 396 418 419
f 396 419 420
f 396 420 397
f 397 420 421
f 398 421 422
f 399 423 410
f 399 410 409
f 400 424 423
f 401 412 402
f 402 412 425
f 402 425 403
f 403 425 426
f 403 426 427
f 403 427 405
f 403 405 404
f 405 427 428
f 405 428 416
f 405 416 413
f 405 414 406
f 406 417 407
f 410 423 429
f 410 429 411
f 411 429 425
f 411 425 412
f 415 416 430
f 415 430 419
f 415 419 418
f 416 431 419
f 416 419 430
f 416 428 432
f 416 432 431
f 419 431 433
f 419 433 420
f 420 433 421
f 421 433 434
f 421 434 429
f 421 429 435
f 421 435 422
f 423 424 429
f 424 435 429
f 425 429 426
f 426 429 434
f 426 434 432
f 426 432 427
f 427 432 428
f 431 432 433
f 432 434 433
o convex_3
v -0.00128325 -0.893085 0.304466
v -0.00128325 -0.913391 0.304466
v -0.00128325 -0.89058 0.303219
v -0.345038 -0.811893 0.304466
v -0.0812056 -0.913391 0.304466
v -0.0913517 -0.923544 0.299362
v -0.00128325 -0.926917 0.29766
v -0.00128325 -0.879558 0.29766
v -0.364939 -0.811893 0.304466
v -0.351802 -0.798367 0.29766
v -0.22325 -0.893085 0.304466
v -0.233396 -0.903238 0.299362
v -0.0812056 -0.926917 0.29766
v -0.00128325 -0.927318 0.296866
v -0.0338574 -0.866032 0.290911
v -0.3146 -0.80174 0.294314
v -0.00128325 -0.864429 0.272194
v -0.0101833 -0.862625 0.274009
v -0.364939 -0.832199 0.304466
v -0.364939 -0.798367 0.29766
v -0.364939 -0.786744 0.288982
v -0.284162 -0.872778 0.304466
v -0.294308 -0.882932 0.299362
v -0.236778 -0.906611 0.290911
v -0.22325 -0.913391 0.284161
v -0.22325 -0.906611 0.29766
v -0.0812056 -0.933697 0.284161
v -0.00128325 -0.933697 0.284161
v -0.00128325 -0.852506 0.243551
v -0.355184 -0.781434 0.274009
v -0.334892 -0.862625 0.299362
v -0.324746 -0.852506 0.304466
v -0.364939 -0.845859 0.29766
v -0.364939 -0.776591 0.264253
v -0.338274 -0.866032 0.290911
v -0.29769 -0.886305 0.290911
v -0.284162 -0.893085 0.284161
v -0.22325 -0.913391 0.243551
v -0.0812056 -0.933697 0.243551
v -0.00128325 -0.933697 0.202941
v -0.00128325 -0.832199 0.182636
v -0.364939 -0.644668 -0.116893
v -0.364939 -0.852506 0.284388
v -0.364939 -0.852706 0.283934
v -0.284162 -0.893085 0.263856
v -0.26387 -0.893085 0.182636
v -0.202958 -0.913391 0.182636
v -0.182702 -0.913391 0.162331
v -0.0406214 -0.933697 0.202941
v -0.00128325 -0.913391 0.0608617
v -0.00128325 -0.771314 -0.0202453
v -0.364939 -0.592499 -0.274967
v -0.364939 -0.604089 -0.238667
v -0.364939 -0.852706 0.183089
v -0.324746 -0.872778 0.202941
v -0.345038 -0.852506 0.101472
v -0.243542 -0.893085 0.142082
v -0.24016 -0.889711 0.125123
v -0.284162 -0.852506 0.0202515
v -0.159028 -0.889711 0.0439597
v -0.142117 -0.913391 0.121777
v -0.12179 -0.913391 0.101472
v -0.0812056 -0.913391 0.0811668
v -0.0203293 -0.913391 0.0608617
v -0.00128325 -0.852506 -0.101466
v -0.00128325 -0.730735 -0.162381
v -0.00128325 -0.710429 -0.243545
v -0.00128325 -0.704885 -0.274967
v -0.364939 -0.646171 -0.274967
v -0.364939 -0.852572 0.162784
v -0.364939 -0.842553 0.101869
v -0.355184 -0.842352 0.0710143
v -0.364939 -0.852506 0.162331
v -0.294308 -0.842352 -0.0100928
v -0.26387 -0.852506 3.09046e-06
v -0.142117 -0.893085 0.0405566
v -0.0812056 -0.893085 0.0202515
v -0.0812056 -0.872778 -0.0405504
v -0.0203293 -0.852506 -0.101466
v -0.00128325 -0.818673 -0.169131
v -0.00128325 -0.743226 -0.274967
v -0.354259 -0.658762 -0.274967
v -0.364939 -0.65776 -0.272074
v -0.364939 -0.837476 0.0758921
v -0.364939 -0.81717 -0.0052717
v -0.355184 -0.822046 -0.0100928
v -0.3146 -0.822046 -0.050703
v -0.233396 -0.842352 -0.050703
v -0.202958 -0.852506 -0.0405504
v -0.16241 -0.852506 -0.0608555
v -0.12179 -0.852506 -0.0811607
v -0.0609135 -0.832199 -0.142076
v -0.0676775 -0.818673 -0.169131
v -0.00128325 -0.778061 -0.229989
v -0.108262 -0.757788 -0.250294
v -0.148882 -0.737515 -0.270599
v -0.153189 -0.728832 -0.274967
v -0.0473855 -0.778061 -0.229989
v -0.333931 -0.679035 -0.274967
v -0.364939 -0.678033 -0.251769
v -0.334892 -0.680003 -0.274003
v -0.364939 -0.796897 -0.0458252
v -0.355184 -0.781434 -0.0913132
v -0.294308 -0.761195 -0.172477
v -0.253688 -0.80174 -0.131923
v -0.253688 -0.822046 -0.0913132
v -0.182702 -0.832199 -0.101466
v -0.142117 -0.832199 -0.121771
v -0.128554 -0.798367 -0.189436
v -0.148882 -0.818673 -0.148825
v -0.230014 -0.717209 -0.270599
v -0.192349 -0.720115 -0.274967
v -0.273055 -0.699341 -0.274967
v -0.355184 -0.700276 -0.233392
v -0.364939 -0.695433 -0.228515
v -0.274016 -0.700276 -0.274003
v -0.246924 -0.713836 -0.267253
v -0.307836 -0.693529 -0.267253
v -0.328128 -0.713836 -0.226643
v -0.364939 -0.776591 -0.0864355
v -0.364939 -0.755183 -0.125911
v -0.290926 -0.737515 -0.209741
v -0.230014 -0.798367 -0.148825
v -0.172556 -0.822046 -0.131923
v -0.230014 -0.757788 -0.209741
v -0.287544 -0.713836 -0.246948
f 436 437 442
f 436 442 449
f 436 449 463
f 436 463 475
f 436 475 485
f 436 485 500
f 436 500 515
f 436 515 529
f 436 529 516
f 436 516 503
f 436 503 502
f 436 502 501
f 436 501 486
f 436 486 476
f 436 476 464
f 436 464 452
f 436 452 443
f 436 443 438
f 436 438 439
f 436 439 444
f 436 444 454
f 436 454 467
f 436 467 457
f 436 457 446
f 436 446 440
f 436 440 437
f 437 440 441
f 437 441 442
f 438 443 439
f 439 443 445
f 439 445 455
f 439 455 444
f 440 446 447
f 440 447 441
f 441 447 461
f 441 461 448
f 441 448 442
f 442 448 449
f 443 450 451
f 443 451 445
f 443 452 453
f 443 453 450
f 444 455 456
f 444 456 469
f 444 469 477
f 444 477 488
f 444 488 487
f 444 487 504
f 444 504 518
f 444 518 535
f 444 535 550
f 444 550 556
f 444 556 555
f 444 555 537
f 444 537 520
f 444 520 519
f 444 519 506
f 444 506 508
f 444 508 505
f 444 505 489
f 444 489 479
f 444 479 478
f 444 478 468
f 444 468 454
f 445 451 456
f 445 456 455
f 446 457 458
f 446 458 447
f 447 458 471
f 447 471 459
f 447 459 460
f 447 460 461
f 448 461 460
f 448 460 462
f 448 462 449
f 449 462 463
f 450 456 451
f 450 453 456
f 452 464 453
f 453 464 465
f 453 465 456
f 454 466 467
f 454 468 466
f 456 465 469
f 457 467 458
f 458 467 466
f 458 466 470
f 458 470 471
f 459 471 472
f 459 472 460
f 460 472 480
f 460 480 473
f 460 473 474
f 460 474 462
f 462 474 484
f 462 484 475
f 462 475 463
f 464 476 477
f 464 477 465
f 465 477 469
f 466 468 470
f 468 478 470
f 470 478 479
f 470 479 472
f 470 472 471
f 472 479 489
f 472 489 480
f 473 480 481
f 473 481 482
f 473 482 474
f 474 482 483
f 474 483 484
f 475 484 499
f 475 499 485
f 476 486 487
f 476 487 488
f 476 488 477
f 480 489 490
f 480 490 481
f 481 490 491
f 481 491 482
f 482 491 492
f 482 492 493
f 482 493 494
f 482 494 483
f 483 494 495
f 483 495 496
f 483 496 484
f 484 496 497
f 484 497 498
f 484 498 499
f 485 499 514
f 485 514 500
f 486 501 487
f 487 501 502
f 487 502 503
f 487 503 516
f 487 516 532
f 487 532 547
f 487 547 548
f 487 548 534
f 487 534 517
f 487 517 504
f 489 505 490
f 490 505 491
f 491 506 507
f 491 507 494
f 491 494 492
f 491 505 508
f 491 508 506
f 492 494 493
f 494 507 509
f 494 509 510
f 494 510 495
f 495 510 511
f 495 511 496
f 496 511 497
f 497 511 498
f 498 511 499
f 499 511 512
f 499 512 513
f 499 513 514
f 500 514 528
f 500 528 515
f 504 517 518
f 506 519 507
f 507 519 520
f 507 520 521
f 507 521 509
f 509 521 522
f 509 522 541
f 509 541 523
f 509 523 510
f 510 523 524
f 510 524 511
f 511 524 525
f 511 525 526
f 511 526 513
f 511 513 512
f 513 526 514
f 514 527 528
f 514 526 527
f 515 528 533
f 515 533 529
f 516 530 531
f 516 531 532
f 516 529 533
f 516 533 530
f 517 534 518
f 518 534 536
f 518 536 535
f 520 537 521
f 521 537 555
f 521 555 538
f 521 538 522
f 522 538 549
f 522 549 539
f 522 539 540
f 522 540 541
f 523 541 542
f 523 542 525
f 523 525 524
f 525 542 559
f 525 559 543
f 525 543 526
f 526 543 527
f 527 543 545
f 527 545 528
f 528 544 530
f 528 530 533
f 528 545 544
f 530 544 531
f 531 546 547
f 531 547 532
f 531 544 546
f 534 548 536
f 535 536 549
f 535 549 550
f 536 548 551
f 536 551 552
f 536 552 553
f 536 553 554
f 536 554 549
f 538 555 556
f 538 556 549
f 539 549 554
f 539 554 557
f 539 557 540
f 540 558 545
f 540 545 559
f 540 559 541
f 540 557 558
f 541 559 542
f 543 559 545
f 544 560 546
f 544 545 558
f 544 558 560
f 546 552 551
f 546 551 548
f 546 548 547
f 546 560 552
f 549 556 550
f 552 561 553
f 552 560 557
f 552 557 561
f 553 561 557
f 553 557 554
f 557 560 558
o convex_4
v -0.893086 -0.00188468 0.304466
v -0.879537 -0.00188468 0.29766
v -0.913374 -0.00188468 0.304466
v -0.575109 -0.690095 0.304466
v -0.575109 -0.672526 0.301744
v -0.873324 -0.00188468 0.29057
v -0.926923 -0.00188468 0.29766
v -0.913374 -0.0812326 0.304466
v -0.608946 -0.690095 0.304466
v -0.575109 -0.717168 0.301063
v -0.575109 -0.659637 0.294314
v -0.868691 -0.00188468 0.284161
v -0.927554 -0.00188468 0.296412
v -0.926923 -0.0812326 0.29766
v -0.923518 -0.0913851 0.299362
v -0.893086 -0.202991 0.304466
v -0.649558 -0.649485 0.304466
v -0.639414 -0.679942 0.299362
v -0.61909 -0.700247 0.299362
v -0.578514 -0.720552 0.299362
v -0.575109 -0.723936 0.298511
v -0.575109 -0.649485 0.284161
v -0.857634 -0.00188468 0.264367
v -0.864759 -0.00188468 0.278263
v -0.933697 -0.00188468 0.284161
v -0.933697 -0.0812326 0.284161
v -0.906599 -0.202991 0.29766
v -0.90323 -0.213143 0.299362
v -0.872797 -0.284211 0.304466
v -0.669846 -0.62918 0.304466
v -0.622495 -0.703631 0.290911
v -0.67999 -0.639332 0.299362
v -0.575109 -0.72732 0.29386
v -0.575109 -0.64106 0.272307
v -0.812319 -0.00188468 0.121777
v -0.857423 -0.00188468 0.263856
v -0.933697 -0.00188468 0.241679
v -0.933697 -0.0609276 0.243551
v -0.913374 -0.202991 0.284161
v -0.882942 -0.294363 0.299362
v -0.832186 -0.385592 0.304466
v -0.771287 -0.507422 0.304466
v -0.636009 -0.696863 0.277355
v -0.575109 -0.737473 0.277355
v -0.68336 -0.642716 0.290911
v -0.67662 -0.656253 0.277355
v -0.781431 -0.517574 0.299362
v -0.575109 -0.395384 -0.274967
v -0.576619 -0.376447 -0.274967
v -0.688239 -0.00188468 -0.274967
v -0.913374 -0.00188468 0.0811668
v -0.933697 -0.0203176 0.223246
v -0.933697 -0.0406226 0.223246
v -0.913374 -0.101538 0.142082
v -0.893086 -0.223296 0.142082
v -0.913374 -0.182686 0.243551
v -0.893086 -0.263906 0.202941
v -0.893086 -0.284211 0.263856
v -0.893086 -0.284211 0.284161
v -0.886311 -0.297747 0.290911
v -0.84233 -0.395744 0.299362
v -0.79161 -0.466812 0.304466
v -0.636009 -0.696863 0.25705
v -0.575109 -0.737473 0.236745
v -0.696908 -0.615643 0.175886
v -0.67662 -0.635948 0.155581
v -0.636009 -0.676558 0.114971
v -0.656297 -0.676558 0.25705
v -0.757773 -0.5548 0.277355
v -0.757773 -0.5548 0.25705
v -0.798349 -0.493885 0.277355
v -0.774691 -0.531111 0.280758
v -0.801754 -0.476964 0.299362
v -0.805124 -0.480348 0.290911
v -0.575109 -0.495397 -0.274967
v -0.733729 -0.00188468 -0.274967
v -0.912847 -0.00188468 0.0790116
v -0.910004 -0.0372384 0.0642648
v -0.913374 -0.0406226 0.0811668
v -0.893086 -0.162453 0.0811668
v -0.872797 -0.263906 0.0608617
v -0.872797 -0.284211 0.101472
v -0.872797 -0.304516 0.162331
v -0.872797 -0.324821 0.243551
v -0.832186 -0.426202 0.284161
v -0.825412 -0.439738 0.290911
v -0.615721 -0.696863 0.114971
v -0.595433 -0.717168 0.155581
v -0.575109 -0.717168 0.0946658
v -0.757773 -0.534495 0.135276
v -0.73752 -0.5548 0.114971
v -0.67662 -0.595338 0.0338071
v -0.595433 -0.676558 0.0135587
v -0.598802 -0.679942 0.030404
v -0.717197 -0.575033 0.0947225
v -0.73752 -0.534495 0.0541123
v -0.798349 -0.493885 0.25705
v -0.778061 -0.51419 0.175886
v -0.811898 -0.466812 0.284161
v -0.575109 -0.497269 -0.274003
v -0.576619 -0.495397 -0.274967
v -0.735344 -0.0111011 -0.274967
v -0.757773 -0.00188468 -0.250294
v -0.893086 -0.00188468 0.0202515
v -0.908319 -0.0177974 0.0608617
v -0.872797 -0.0203176 -0.0405504
v -0.872797 -0.0406226 -0.0405504
v -0.893086 -0.0609276 0.0202515
v -0.893086 -0.142148 0.0608617
v -0.872797 -0.182686 0.0202515
v -0.862653 -0.253753 0.030404
v -0.781431 -0.294363 -0.152229
v -0.822042 -0.294363 -0.050703
v -0.855879 -0.287595 0.0372102
v -0.84233 -0.334973 0.0507092
v -0.862653 -0.294363 0.0710143
v -0.852474 -0.324821 0.0811668
v -0.811898 -0.426202 0.121777
v -0.811898 -0.466812 0.263856
v -0.818672 -0.453275 0.277355
v -0.578514 -0.700247 0.0507092
v -0.575109 -0.676558 -0.0270515
v -0.778061 -0.493885 0.114971
v -0.757773 -0.51419 0.0744174
v -0.615721 -0.635948 -0.0270515
v -0.696908 -0.534495 -0.0473566
v -0.595433 -0.656253 -0.0270515
v -0.754403 -0.510806 0.0574586
v -0.740889 -0.517574 0.030404
v -0.73752 -0.51419 0.0135587
v -0.79161 -0.487117 0.182636
v -0.798349 -0.453275 0.114971
v -0.578514 -0.497269 -0.274003
v -0.575109 -0.517574 -0.253697
v -0.658754 -0.35427 -0.274967
v -0.778061 -0.00678092 -0.229989
v -0.735344 -0.0452308 -0.274967
v -0.77771 -0.00188468 -0.228685
v -0.867252 -0.00188468 -0.0442938
v -0.866023 -0.0135493 -0.0541061
v -0.827132 -0.0177974 -0.142076
v -0.828816 -0.0372384 -0.138673
v -0.822042 -0.0507751 -0.152229
v -0.811898 -0.101538 -0.162381
v -0.79161 -0.263906 -0.142076
v -0.822042 -0.314668 -0.0303979
v -0.778061 -0.270674 -0.169131
v -0.720601 -0.294363 -0.233392
v -0.761143 -0.334973 -0.152229
v -0.740889 -0.395744 -0.131923
v -0.781431 -0.416049 -0.0100928
v -0.740889 -0.497269 -0.0100928
v -0.761143 -0.497269 0.0507092
v -0.801754 -0.436354 0.0913194
v -0.838961 -0.351894 0.0744174
v -0.595433 -0.635948 -0.067605
v -0.578514 -0.639332 -0.0913132
v -0.575109 -0.639332 -0.0913132
v -0.781431 -0.476964 0.0913194
v -0.615721 -0.615643 -0.067605
v -0.700278 -0.517574 -0.0710081
v -0.61909 -0.598722 -0.0913132
v -0.578514 -0.517574 -0.253697
v -0.639414 -0.497269 -0.192782
v -0.720601 -0.436354 -0.131923
v -0.740889 -0.375439 -0.152229
v -0.659702 -0.355278 -0.274003
v -0.575109 -0.520958 -0.250294
v -0.679042 -0.313732 -0.274967
v -0.780518 -0.00188468 -0.225111
v -0.778061 -0.0473909 -0.229989
v -0.794979 -0.0440067 -0.206338
v -0.796664 -0.0228377 -0.202935
v -0.72885 -0.112626 -0.274967
v -0.73752 -0.108306 -0.270599
v -0.852474 -0.00188468 -0.0811607
v -0.822042 -0.0152773 -0.152229
v -0.801754 -0.0152773 -0.192782
v -0.801754 -0.0507751 -0.192782
v -0.798349 -0.108306 -0.189436
v -0.778061 -0.209759 -0.189436
v -0.757773 -0.230064 -0.209741
v -0.73752 -0.250369 -0.229989
v -0.717197 -0.270674 -0.250294
v -0.67999 -0.314668 -0.274003
v -0.720601 -0.355278 -0.192782
v -0.575109 -0.581801 -0.169131
v -0.639414 -0.517574 -0.172477
v -0.696908 -0.493885 -0.108215
v -0.67999 -0.517574 -0.111618
v -0.67999 -0.476964 -0.152229
v -0.696908 -0.270674 -0.270599
v -0.692591 -0.266354 -0.274967
v -0.80572 -0.00188468 -0.178262
v -0.72011 -0.151796 -0.274967
v -0.826008 -0.00188468 -0.137652
f 562 563 567
f 562 567 573
f 562 573 585
f 562 585 584
f 562 584 597
f 562 597 596
f 562 596 611
f 562 611 637
f 562 637 664
f 562 664 699
f 562 699 731
f 562 731 755
f 562 755 757
f 562 757 737
f 562 737 700
f 562 700 665
f 562 665 638
f 562 638 612
f 562 612 598
f 562 598 586
f 562 586 574
f 562 574 568
f 562 568 564
f 562 564 569
f 562 569 577
f 562 577 590
f 562 590 602
f 562 602 623
f 562 623 603
f 562 603 591
f 562 591 578
f 562 578 570
f 562 570 565
f 562 565 566
f 562 566 563
f 563 566 567
f 564 568 575
f 564 575 569
f 565 570 571
f 565 571 582
f 565 582 594
f 565 594 605
f 565 605 625
f 565 625 650
f 565 650 683
f 565 683 719
f 565 719 748
f 565 748 729
f 565 729 695
f 565 695 661
f 565 661 636
f 565 636 609
f 565 609 595
f 565 595 583
f 565 583 572
f 565 572 566
f 566 572 567
f 567 572 573
f 568 574 575
f 569 575 576
f 569 576 589
f 569 589 577
f 570 578 579
f 570 579 580
f 570 580 581
f 570 581 571
f 571 581 582
f 572 583 584
f 572 584 585
f 572 585 573
f 574 586 587
f 574 587 575
f 575 587 600
f 575 600 588
f 575 588 589
f 575 589 576
f 577 589 601
f 577 601 590
f 578 591 593
f 578 593 579
f 579 592 580
f 579 593 606
f 579 606 592
f 580 592 594
f 580 594 582
f 580 582 581
f 583 595 596
f 583 596 597
f 583 597 584
f 586 598 613
f 586 613 614
f 586 614 599
f 586 599 587
f 587 599 617
f 587 617 600
f 588 600 589
f 589 600 620
f 589 620 601
f 590 601 622
f 590 622 602
f 591 603 608
f 591 608 593
f 592 604 605
f 592 605 594
f 592 606 607
f 592 607 604
f 593 608 606
f 595 609 610
f 595 610 611
f 595 611 596
f 598 612 613
f 599 614 640
f 599 640 615
f 599 615 616
f 599 616 617
f 600 617 618
f 600 618 619
f 600 619 620
f 601 620 621
f 601 621 622
f 602 622 634
f 602 634 623
f 603 623 634
f 603 634 608
f 604 624 625
f 604 625 605
f 604 607 624
f 606 608 607
f 607 626 627
f 607 627 628
f 607 628 629
f 607 629 624
f 607 608 630
f 607 630 631
f 607 631 626
f 608 632 633
f 608 633 630
f 608 634 635
f 608 635 632
f 609 636 662
f 609 662 696
f 609 696 730
f 609 730 754
f 609 754 756
f 609 756 735
f 609 735 698
f 609 698 663
f 609 663 637
f 609 637 611
f 609 611 610
f 612 638 639
f 612 639 640
f 612 640 614
f 612 614 613
f 615 640 670
f 615 670 641
f 615 641 616
f 616 641 642
f 616 642 618
f 616 618 617
f 618 642 643
f 618 643 644
f 618 644 619
f 619 644 645
f 619 645 680
f 619 680 646
f 619 646 620
f 620 646 647
f 620 647 621
f 621 647 622
f 622 647 635
f 622 635 634
f 624 648 649
f 624 649 625
f 624 629 628
f 624 628 648
f 625 649 650
f 626 631 651
f 626 651 652
f 626 652 627
f 627 652 628
f 628 653 654
f 628 654 655
f 628 655 648
f 628 652 656
f 628 656 657
f 628 657 653
f 630 633 631
f 631 633 658
f 631 658 659
f 631 659 651
f 632 658 633
f 632 635 660
f 632 660 681
f 632 681 680
f 632 680 658
f 635 647 646
f 635 646 660
f 636 661 694
f 636 694 662
f 637 663 664
f 638 665 666
f 638 666 639
f 639 666 667
f 639 667 668
f 639 668 669
f 639 669 670
f 639 670 640
f 641 670 642
f 642 671 672
f 642 672 673
f 642 673 674
f 642 674 707
f 642 707 675
f 642 675 676
f 642 676 677
f 642 677 643
f 642 670 669
f 642 669 671
f 643 677 676
f 643 676 678
f 643 678 644
f 644 678 679
f 644 679 680
f 644 680 645
f 646 680 681
f 646 681 660
f 648 655 682
f 648 682 650
f 648 650 649
f 650 682 683
f 651 659 684
f 651 684 685
f 651 685 657
f 651 657 652
f 652 657 656
f 653 686 654
f 653 657 687
f 653 687 686
f 654 683 655
f 654 686 688
f 654 688 683
f 655 683 682
f 657 685 689
f 657 689 690
f 657 690 691
f 657 691 687
f 658 680 692
f 658 692 659
f 659 692 693
f 659 693 684
f 661 695 724
f 661 724 694
f 662 694 696
f 663 697 664
f 663 698 732
f 663 732 697
f 664 697 699
f 665 700 701
f 665 701 667
f 665 667 666
f 667 702 703
f 667 703 668
f 667 701 702
f 668 703 704
f 668 704 705
f 668 705 671
f 668 671 669
f 671 706 672
f 671 705 706
f 672 706 673
f 673 707 674
f 673 706 708
f 673 708 709
f 673 709 710
f 673 710 726
f 673 726 711
f 673 711 707
f 675 707 676
f 676 712 713
f 676 713 714
f 676 714 715
f 676 715 716
f 676 716 678
f 676 707 712
f 678 716 679
f 679 716 693
f 679 693 692
f 679 692 680
f 683 688 717
f 683 717 718
f 683 718 719
f 684 714 685
f 684 693 715
f 684 715 720
f 684 720 714
f 685 714 689
f 686 687 721
f 686 721 717
f 686 717 688
f 687 691 713
f 687 713 722
f 687 722 723
f 687 723 721
f 689 714 713
f 689 713 690
f 690 713 691
f 693 716 715
f 694 724 749
f 694 749 725
f 694 725 726
f 694 726 727
f 694 727 728
f 694 728 696
f 695 729 724
f 696 728 730
f 697 731 699
f 697 732 733
f 697 733 734
f 697 734 731
f 698 735 736
f 698 736 732
f 700 737 701
f 701 737 702
f 702 737 738
f 702 738 739
f 702 739 733
f 702 733 704
f 702 704 703
f 704 733 740
f 704 740 741
f 704 741 705
f 705 741 708
f 705 708 706
f 707 711 712
f 708 742 743
f 708 743 744
f 708 744 745
f 708 745 709
f 708 741 742
f 709 745 746
f 709 746 728
f 709 728 747
f 709 747 710
f 710 747 727
f 710 727 726
f 711 726 713
f 711 713 712
f 713 726 722
f 714 720 715
f 717 721 723
f 717 723 718
f 718 748 719
f 718 723 749
f 718 749 724
f 718 724 729
f 718 729 748
f 722 726 750
f 722 750 751
f 722 751 723
f 723 751 749
f 725 749 751
f 725 751 752
f 725 752 726
f 726 752 751
f 726 751 750
f 727 747 728
f 728 746 730
f 730 746 753
f 730 753 754
f 731 734 739
f 731 739 755
f 732 736 741
f 732 741 733
f 733 741 740
f 733 739 734
f 735 756 736
f 736 756 754
f 736 754 753
f 736 753 745
f 736 745 744
f 736 744 743
f 736 743 742
f 736 742 741
f 737 757 738
f 738 757 755
f 738 755 739
f 745 753 746
o convex_5
v 0.575027 0.401653 -0.274967
v 0.568906 0.406536 -0.274967
v 0.620956 0.401653 -0.274967
v 0.68723 0.401653 0.0593871
v 0.548621 0.426825 -0.274967
v 0.749697 0.401653 0.243948
v 0.619738 0.405962 -0.274967
v 0.628174 0.401653 -0.268671
v 0.533363 0.443128 -0.274967
v 0.758225 0.401653 0.267429
v 0.537901 0.639374 0.228294
v 0.533363 0.636537 0.208556
v 0.541281 0.500691 -0.108215
v 0.61252 0.426286 -0.274967
v 0.639382 0.416124 -0.248593
v 0.676601 0.405962 -0.209741
v 0.675169 0.401653 -0.212577
v 0.533363 0.555381 0.00567491
v 0.533363 0.51387 -0.274967
v 0.767301 0.401653 0.282119
v 0.740864 0.436413 0.289209
v 0.533363 0.677151 0.289776
v 0.537901 0.659663 0.268904
v 0.533363 0.643898 0.226082
v 0.606489 0.4367 -0.274967
v 0.619098 0.456702 -0.248593
v 0.679981 0.436413 -0.187734
v 0.678032 0.401653 -0.209004
v 0.72055 0.416124 -0.147124
v 0.723473 0.401653 -0.14996
v 0.53388 0.513583 -0.274967
v 0.533363 0.542454 -0.246381
v 0.537901 0.558218 -0.228344
v 0.537901 0.517604 -0.268898
v 0.778052 0.401653 0.29766
v 0.53452 0.676576 0.290911
v 0.537901 0.679952 0.299362
v 0.533363 0.678874 0.291932
v 0.533363 0.664187 0.266635
v 0.594794 0.452716 -0.274967
v 0.598814 0.456702 -0.268898
v 0.619098 0.477027 -0.228344
v 0.700265 0.456702 -0.147124
v 0.740864 0.436413 -0.0862653
v 0.740864 0.416124 -0.106514
v 0.74592 0.401653 -0.108329
v 0.725636 0.405962 -0.144572
v 0.727768 0.401653 -0.143494
v 0.554195 0.493294 -0.274967
v 0.533363 0.634849 -0.15393
v 0.558215 0.558218 -0.208039
v 0.598814 0.497316 -0.228344
v 0.558215 0.497316 -0.268898
v 0.537901 0.639374 -0.147124
v 0.791605 0.401653 0.304466
v 0.533363 0.684476 0.298227
v 0.548043 0.690114 0.304466
v 0.533363 0.710403 0.304466
v 0.578499 0.477027 -0.268898
v 0.578499 0.558218 -0.187734
v 0.679981 0.497316 -0.126819
v 0.72055 0.456702 -0.106514
v 0.781463 0.436413 0.0152036
v 0.801747 0.416124 0.0355087
v 0.806833 0.405962 0.0380043
v 0.807899 0.401653 0.0385715
v 0.533363 0.641636 -0.14599
v 0.558215 0.578507 -0.187734
v 0.537901 0.679952 -0.0659602
v 0.578499 0.639374 -0.0862653
v 0.619098 0.59876 -0.0862653
v 0.811889 0.401653 0.304466
v 0.533363 0.730692 0.304466
v 0.659697 0.558218 -0.0659602
v 0.700265 0.517604 -0.0456551
v 0.740864 0.497316 0.0152036
v 0.761148 0.456702 -0.00504483
v 0.801747 0.436413 0.0760622
v 0.805128 0.4195 0.0541123
v 0.811889 0.405962 0.0608617
v 0.812986 0.401653 0.0614289
v 0.533363 0.682214 -0.0648258
v 0.533363 0.717728 0.0258666
v 0.578499 0.659663 -0.0456551
v 0.598814 0.639374 -0.0456551
v 0.639382 0.639374 0.0355087
v 0.639382 0.619049 -0.00504483
v 0.829006 0.401653 0.301233
v 0.811889 0.426286 0.304466
v 0.548043 0.730692 0.304466
v 0.533363 0.749867 0.303332
v 0.679981 0.59876 0.0558138
v 0.740864 0.517604 0.0558138
v 0.761148 0.497316 0.0760622
v 0.805128 0.439788 0.0947225
v 0.811889 0.426286 0.101472
v 0.824194 0.401653 0.117466
v 0.578499 0.679952 0.0152036
v 0.533363 0.75116 0.140721
v 0.541281 0.74423 0.135276
v 0.561596 0.723941 0.114971
v 0.642763 0.663038 0.114971
v 0.639382 0.659663 0.0963673
v 0.656316 0.656287 0.128527
v 0.659697 0.639374 0.0963673
v 0.830651 0.401653 0.300156
v 0.828823 0.402586 0.301063
v 0.791605 0.466864 0.304466
v 0.838965 0.412749 0.290911
v 0.801747 0.477027 0.294314
v 0.649555 0.6495 0.304466
v 0.533363 0.762041 0.295221
v 0.544662 0.747605 0.301063
v 0.554835 0.757768 0.290911
v 0.537901 0.761143 0.294314
v 0.676601 0.615673 0.0879163
v 0.683362 0.602136 0.0744174
v 0.744245 0.52098 0.0744174
v 0.764529 0.500691 0.0947225
v 0.798366 0.453326 0.108221
v 0.805128 0.460113 0.175886
v 0.825412 0.439788 0.236802
v 0.832204 0.426286 0.243551
v 0.832204 0.405962 0.182636
v 0.832204 0.401653 0.178325
v 0.533363 0.758342 0.168002
v 0.53452 0.757768 0.169137
v 0.554835 0.737479 0.148832
v 0.676601 0.635962 0.148832
v 0.683362 0.62246 0.135276
v 0.717169 0.575132 0.128527
v 0.757768 0.514229 0.108221
v 0.737484 0.534518 0.0879163
v 0.663078 0.642749 0.114971
v 0.676601 0.656287 0.290911
v 0.683362 0.642749 0.236802
v 0.841158 0.401653 0.293123
v 0.788224 0.483778 0.301063
v 0.690123 0.608922 0.304466
v 0.844508 0.401653 0.279851
v 0.832204 0.426286 0.284161
v 0.818651 0.453326 0.290911
v 0.737484 0.575132 0.290911
v 0.666458 0.646125 0.301063
v 0.533363 0.765668 0.289776
v 0.541281 0.764519 0.277355
v 0.533363 0.768504 0.281325
v 0.784844 0.480402 0.135276
v 0.798366 0.473615 0.189442
v 0.818651 0.453326 0.250301
v 0.737484 0.575132 0.270606
v 0.686743 0.625836 0.301063
v 0.796661 0.487153 0.286657
v 0.778052 0.514229 0.250301
f 758 759 762
f 758 762 766
f 758 766 776
f 758 776 788
f 758 788 806
f 758 806 797
f 758 797 782
f 758 782 771
f 758 771 764
f 758 764 760
f 758 760 765
f 758 765 774
f 758 774 785
f 758 785 787
f 758 787 805
f 758 805 803
f 758 803 823
f 758 823 838
f 758 838 854
f 758 854 882
f 758 882 897
f 758 897 894
f 758 894 863
f 758 863 845
f 758 845 829
f 758 829 812
f 758 812 792
f 758 792 777
f 758 777 767
f 758 767 763
f 758 763 761
f 758 761 759
f 759 761 763
f 759 763 762
f 760 764 765
f 762 763 766
f 763 767 768
f 763 768 769
f 763 769 770
f 763 770 766
f 764 771 765
f 765 771 772
f 765 772 773
f 765 773 774
f 766 770 775
f 766 775 769
f 766 769 781
f 766 781 796
f 766 796 779
f 766 779 795
f 766 795 813
f 766 813 815
f 766 815 830
f 766 830 848
f 766 848 869
f 766 869 902
f 766 902 904
f 766 904 883
f 766 883 856
f 766 856 840
f 766 840 839
f 766 839 824
f 766 824 807
f 766 807 789
f 766 789 776
f 767 777 778
f 767 778 779
f 767 779 780
f 767 780 768
f 768 781 769
f 768 780 781
f 769 775 770
f 771 782 783
f 771 783 784
f 771 784 772
f 772 784 773
f 773 785 774
f 773 784 786
f 773 786 787
f 773 787 785
f 776 789 790
f 776 790 791
f 776 791 788
f 777 792 778
f 778 793 779
f 778 792 794
f 778 794 793
f 779 793 795
f 779 796 780
f 780 796 781
f 782 797 798
f 782 798 783
f 783 798 799
f 783 799 800
f 783 800 784
f 784 800 786
f 786 800 801
f 786 801 802
f 786 802 803
f 786 803 804
f 786 804 787
f 787 804 805
f 788 791 810
f 788 810 806
f 789 807 790
f 790 808 809
f 790 809 810
f 790 810 791
f 790 807 811
f 790 811 825
f 790 825 808
f 792 812 794
f 793 794 795
f 794 813 795
f 794 812 814
f 794 814 815
f 794 815 813
f 797 806 810
f 797 810 816
f 797 816 798
f 798 816 799
f 799 816 810
f 799 810 809
f 799 809 808
f 799 808 817
f 799 817 818
f 799 818 800
f 800 818 819
f 800 819 801
f 801 820 821
f 801 821 802
f 801 819 834
f 801 834 820
f 802 821 803
f 803 805 804
f 803 821 822
f 803 822 823
f 807 824 811
f 808 825 817
f 811 818 817
f 811 817 825
f 811 824 839
f 811 839 826
f 811 826 827
f 811 827 828
f 811 828 818
f 812 829 846
f 812 846 865
f 812 865 896
f 812 896 868
f 812 868 847
f 812 847 830
f 812 830 815
f 812 815 814
f 818 828 831
f 818 831 832
f 818 832 819
f 819 832 833
f 819 833 834
f 820 834 833
f 820 833 851
f 820 851 835
f 820 835 821
f 821 836 822
f 821 835 836
f 822 836 837
f 822 837 838
f 822 838 823
f 826 839 840
f 826 840 841
f 826 841 827
f 827 841 842
f 827 842 828
f 828 842 843
f 828 843 844
f 828 844 831
f 829 845 846
f 830 847 848
f 831 844 832
f 832 844 849
f 832 849 833
f 833 849 850
f 833 850 851
f 835 851 876
f 835 876 852
f 835 852 836
f 836 852 853
f 836 853 837
f 837 853 854
f 837 854 838
f 840 855 841
f 840 856 857
f 840 857 858
f 840 858 859
f 840 859 860
f 840 860 855
f 841 855 860
f 841 860 843
f 841 843 842
f 843 849 844
f 843 860 861
f 843 861 862
f 843 862 849
f 845 863 864
f 845 864 846
f 846 864 863
f 846 863 866
f 846 866 867
f 846 867 865
f 847 868 848
f 848 868 870
f 848 870 871
f 848 871 872
f 848 872 869
f 849 862 873
f 849 873 874
f 849 874 875
f 849 875 850
f 850 875 851
f 851 875 876
f 852 876 889
f 852 889 877
f 852 877 878
f 852 878 879
f 852 879 880
f 852 880 853
f 853 880 881
f 853 881 854
f 854 881 882
f 856 883 857
f 857 883 884
f 857 884 885
f 857 885 858
f 858 885 861
f 858 861 859
f 859 861 860
f 861 886 887
f 861 887 888
f 861 888 889
f 861 889 890
f 861 890 891
f 861 891 862
f 861 885 884
f 861 884 871
f 861 871 892
f 861 892 893
f 861 893 886
f 862 891 873
f 863 894 866
f 865 895 909
f 865 909 896
f 865 867 895
f 866 894 897
f 866 897 898
f 866 898 899
f 866 899 867
f 867 899 900
f 867 900 895
f 868 896 909
f 868 909 901
f 868 901 870
f 869 872 902
f 870 901 871
f 871 903 904
f 871 904 902
f 871 902 872
f 871 901 892
f 871 884 903
f 873 890 875
f 873 875 874
f 873 891 890
f 875 890 889
f 875 889 876
f 877 889 905
f 877 905 878
f 878 905 906
f 878 906 907
f 878 907 879
f 879 907 880
f 880 907 899
f 880 899 898
f 880 898 897
f 880 897 881
f 881 897 882
f 883 904 903
f 883 903 884
f 886 888 887
f 886 893 908
f 886 908 888
f 888 908 889
f 889 906 905
f 889 908 906
f 892 901 909
f 892 909 900
f 892 900 908
f 892 908 893
f 895 900 909
f 899 910 900
f 899 907 910
f 900 910 908
f 906 908 911
f 906 911 907
f 907 911 910
f 908 910 911
o convex_6
v 0.688241 -0.00184518 -0.274967
v 0.685186 0.00309238 -0.274967
v 0.734621 -0.00184518 -0.274967
v 0.792062 -0.00184518 0.0610886
v 0.583682 0.365352 -0.274967
v 0.734305 0.0148635 -0.274967
v 0.7375 0.0812244 -0.270599
v 0.778053 1.13392e-05 -0.229989
v 0.778053 -0.00184518 -0.229989
v 0.857086 -0.00184518 0.264253
v 0.57501 0.401653 -0.274967
v 0.687222 0.401653 0.0593871
v 0.728828 0.0812244 -0.274967
v 0.725177 0.121791 -0.274967
v 0.714012 0.197514 -0.274967
v 0.7375 0.202965 -0.250294
v 0.778053 0.121791 -0.209741
v 0.798347 0.0812244 -0.189436
v 0.792062 -0.00184518 -0.202708
v 0.857718 -0.00184518 0.265501
v 0.857578 1.13392e-05 0.266352
v 0.758215 0.401653 0.267429
v 0.749719 0.401653 0.243948
v 0.620969 0.401653 -0.274967
v 0.701934 0.236698 -0.274967
v 0.717207 0.202965 -0.270599
v 0.700283 0.253684 -0.268898
v 0.676619 0.304442 -0.270599
v 0.757759 0.263835 -0.189436
v 0.757759 0.223268 -0.209741
v 0.778053 0.202965 -0.189436
v 0.798347 0.162398 -0.169131
v 0.805298 -0.00184518 -0.176731
v 0.811899 0.0812244 -0.162381
v 0.858491 -0.00184518 0.266862
v 0.866004 0.0203146 0.290911
v 0.781459 0.375503 0.299362
v 0.767309 0.401653 0.282119
v 0.778053 0.385655 0.29766
v 0.626797 0.396083 -0.274967
v 0.628167 0.401653 -0.268671
v 0.696281 0.249694 -0.274967
v 0.674442 0.297964 -0.274967
v 0.65313 0.345048 -0.274967
v 0.67999 0.334897 -0.248593
v 0.720577 0.314593 -0.208039
v 0.761165 0.29429 -0.167429
v 0.778053 0.243571 -0.169131
v 0.786514 0.223268 -0.164877
v 0.806808 0.182701 -0.144572
v 0.811899 0.162398 -0.142076
v 0.825592 -0.00184518 -0.136177
v 0.852487 0.101528 -0.0608555
v 0.852487 0.0203146 -0.0811607
v 0.831737 -0.00184518 -0.123869
v 0.868181 -0.00184518 0.281836
v 0.879557 -0.00184518 0.29766
v 0.862634 0.0710728 0.299362
v 0.893074 -0.00184518 0.304466
v 0.791605 0.385655 0.304466
v 0.778053 0.401653 0.29766
v 0.632836 0.385655 -0.274967
v 0.67518 0.401653 -0.212577
v 0.659696 0.375503 -0.248593
v 0.678059 0.401653 -0.209004
v 0.717207 0.385655 -0.169131
v 0.723526 0.401653 -0.14996
v 0.72781 0.401653 -0.143494
v 0.740871 0.395767 -0.126819
v 0.781459 0.273987 -0.147124
v 0.786514 0.263835 -0.144572
v 0.806808 0.223268 -0.124323
v 0.827102 0.223268 -0.083713
v 0.832193 0.202965 -0.0811607
v 0.852487 0.182701 -0.0405504
v 0.893074 0.101528 0.0405566
v 0.868181 -0.00184518 -0.0428759
v 0.852487 -0.00184518 -0.0811607
v 0.893074 0.0203146 0.0202515
v 0.913368 -0.00184518 0.304466
v 0.791605 0.401653 0.304466
v 0.745962 0.401653 -0.108329
v 0.807897 0.401653 0.0385715
v 0.84234 0.314593 0.0355087
v 0.847431 0.304442 0.0380043
v 0.847431 0.202965 -0.0431027
v 0.867725 0.223268 0.0177559
v 0.893074 0.182701 0.0608617
v 0.912912 -0.00184518 0.0790683
v 0.893074 -0.00184518 0.0202515
v 0.913368 0.0609211 0.304466
v 0.926921 -0.00184518 0.29766
v 0.811899 0.401653 0.304466
v 0.811899 0.401653 0.0565511
v 0.825417 0.378861 0.0744174
v 0.84571 0.31799 0.0541123
v 0.852487 0.304442 0.0608617
v 0.888018 0.202965 0.0583094
v 0.867725 0.243571 0.0380043
v 0.893074 0.202965 0.0811668
v 0.913368 0.182701 0.223246
v 0.913368 0.142095 0.182636
v 0.913368 1.13392e-05 0.0811668
v 0.913368 -0.00184518 0.0811668
v 0.893074 0.223268 0.304466
v 0.926921 0.0541665 0.29766
v 0.933697 -0.00184518 0.284161
v 0.832193 0.385655 0.304466
v 0.828998 0.401653 0.301233
v 0.812953 0.401653 0.0614289
v 0.825417 0.399164 0.114971
v 0.832193 0.365352 0.0811668
v 0.832193 0.385655 0.121777
v 0.872781 0.284138 0.142082
v 0.893074 0.243571 0.182636
v 0.913368 0.223268 0.284161
v 0.913368 0.202965 0.243551
v 0.933697 0.0609211 0.284161
v 0.933697 0.0406179 0.263856
v 0.933697 -0.00184518 0.241679
v 0.906627 0.216474 0.29766
v 0.84571 0.378861 0.29766
v 0.84234 0.395767 0.294314
v 0.841181 0.401653 0.293123
v 0.830648 0.401653 0.300156
v 0.824188 0.401653 0.117466
v 0.832193 0.401653 0.178325
v 0.84571 0.399164 0.277355
v 0.852487 0.385655 0.284161
v 0.899851 0.250326 0.290911
v 0.903221 0.23342 0.294314
v 0.844482 0.401653 0.279851
f 912 913 916
f 912 916 922
f 912 922 935
f 912 935 951
f 912 951 973
f 912 973 955
f 912 955 954
f 912 954 953
f 912 953 936
f 912 936 926
f 912 926 925
f 912 925 924
f 912 924 917
f 912 917 914
f 912 914 920
f 912 920 930
f 912 930 944
f 912 944 963
f 912 963 966
f 912 966 989
f 912 989 988
f 912 988 1001
f 912 1001 1000
f 912 1000 1015
f 912 1015 1031
f 912 1031 1018
f 912 1018 1003
f 912 1003 991
f 912 991 970
f 912 970 968
f 912 968 967
f 912 967 946
f 912 946 931
f 912 931 921
f 912 921 915
f 912 915 913
f 913 915 916
f 914 917 918
f 914 918 919
f 914 919 920
f 915 921 916
f 916 921 923
f 916 923 922
f 917 924 918
f 918 924 925
f 918 925 926
f 918 926 927
f 918 927 928
f 918 928 929
f 918 929 919
f 919 929 930
f 919 930 920
f 921 931 932
f 921 932 933
f 921 933 934
f 921 934 923
f 922 923 934
f 922 934 933
f 922 933 949
f 922 949 972
f 922 972 992
f 922 992 1004
f 922 1004 1020
f 922 1020 1036
f 922 1036 1035
f 922 1035 1043
f 922 1043 1038
f 922 1038 1037
f 922 1037 1021
f 922 1021 1005
f 922 1005 994
f 922 994 993
f 922 993 979
f 922 979 978
f 922 978 976
f 922 976 974
f 922 974 952
f 922 952 935
f 926 936 937
f 926 937 927
f 927 937 936
f 927 936 938
f 927 938 939
f 927 939 940
f 927 940 941
f 927 941 942
f 927 942 943
f 927 943 929
f 927 929 928
f 929 944 930
f 929 943 962
f 929 962 945
f 929 945 944
f 931 946 932
f 932 946 947
f 932 947 948
f 932 948 933
f 933 948 950
f 933 950 949
f 935 952 951
f 936 953 939
f 936 939 938
f 939 953 954
f 939 954 955
f 939 955 956
f 939 956 957
f 939 957 940
f 940 957 958
f 940 958 959
f 940 959 941
f 941 959 942
f 942 959 960
f 942 960 961
f 942 961 943
f 943 961 962
f 944 945 963
f 945 962 986
f 945 986 964
f 945 964 965
f 945 965 966
f 945 966 963
f 946 967 947
f 947 968 948
f 947 967 968
f 948 968 969
f 948 969 970
f 948 970 971
f 948 971 950
f 949 950 972
f 950 971 992
f 950 992 972
f 951 952 974
f 951 974 973
f 955 973 975
f 955 975 956
f 956 975 976
f 956 976 977
f 956 977 957
f 957 977 958
f 958 977 978
f 958 978 979
f 958 979 980
f 958 980 981
f 958 981 959
f 959 981 982
f 959 982 960
f 960 982 983
f 960 983 961
f 961 983 984
f 961 984 962
f 962 984 985
f 962 985 986
f 964 986 999
f 964 999 987
f 964 987 990
f 964 990 965
f 965 988 989
f 965 989 966
f 965 990 988
f 968 970 969
f 970 991 1002
f 970 1002 1016
f 970 1016 1019
f 970 1019 1004
f 970 1004 992
f 970 992 971
f 973 974 975
f 974 976 975
f 976 978 977
f 979 993 980
f 980 993 994
f 980 994 995
f 980 995 981
f 981 995 996
f 981 996 982
f 982 996 984
f 982 984 983
f 984 997 985
f 984 996 998
f 984 998 997
f 985 997 986
f 986 997 1009
f 986 1009 999
f 987 999 1000
f 987 1000 990
f 988 990 1001
f 990 1000 1001
f 991 1003 1017
f 991 1017 1002
f 994 1005 1006
f 994 1006 1007
f 994 1007 996
f 994 996 995
f 996 1007 1008
f 996 1008 1011
f 996 1011 1009
f 996 1009 1010
f 996 1010 998
f 997 998 1009
f 998 1010 1009
f 999 1009 1011
f 999 1011 1028
f 999 1028 1012
f 999 1012 1013
f 999 1013 1014
f 999 1014 1000
f 1000 1014 1015
f 1002 1017 1016
f 1003 1018 1029
f 1003 1029 1017
f 1004 1019 1020
f 1005 1021 1006
f 1006 1022 1023
f 1006 1023 1007
f 1006 1021 1022
f 1007 1023 1008
f 1008 1023 1024
f 1008 1024 1011
f 1011 1024 1025
f 1011 1025 1026
f 1011 1026 1027
f 1011 1027 1028
f 1012 1028 1029
f 1012 1029 1030
f 1012 1030 1013
f 1013 1030 1014
f 1014 1030 1031
f 1014 1031 1015
f 1016 1017 1032
f 1016 1032 1019
f 1017 1029 1032
f 1018 1031 1030
f 1018 1030 1029
f 1019 1032 1033
f 1019 1033 1034
f 1019 1034 1035
f 1019 1035 1036
f 1019 1036 1020
f 1021 1037 1022
f 1022 1024 1023
f 1022 1037 1038
f 1022 1038 1039
f 1022 1039 1040
f 1022 1040 1024
f 1024 1040 1026
f 1024 1026 1025
f 1026 1040 1027
f 1027 1040 1041
f 1027 1041 1042
f 1027 1042 1032
f 1027 1032 1029
f 1027 1029 1028
f 1032 1042 1034
f 1032 1034 1033
f 1034 1042 1035
f 1035 1042 1041
f 1035 1041 1040
f 1035 1040 1043
f 1038 1043 1039
f 1039 1043 1040
o convex_7
v 0.533363 0.443108 -0.274967
v 0.268712 0.715456 -0.0331771
v 0.268712 0.654626 -0.236172
v 0.286302 0.629783 -0.274967
v 0.533363 0.513849 -0.274967
v 0.533363 0.555386 0.00567491
v 0.268712 0.816943 0.27123
v 0.268712 0.814564 0.265161
v 0.268712 0.643086 -0.274967
v 0.513571 0.533891 -0.274967
v 0.517586 0.537899 -0.268898
v 0.517586 0.578512 -0.228344
v 0.533363 0.594281 -0.19454
v 0.533363 0.636611 0.208556
v 0.274023 0.822052 0.289209
v 0.268712 0.824695 0.285239
v 0.533363 0.643923 0.226082
v 0.268712 0.685151 -0.274967
v 0.472977 0.574503 -0.274967
v 0.476992 0.578512 -0.268898
v 0.476992 0.619124 -0.228344
v 0.517586 0.619124 -0.187734
v 0.533363 0.634893 -0.15393
v 0.533363 0.677135 0.289776
v 0.533363 0.678853 0.291932
v 0.533363 0.684491 0.298227
v 0.294333 0.822052 0.299362
v 0.268712 0.837337 0.29749
v 0.533363 0.664229 0.266635
v 0.284178 0.685151 -0.274967
v 0.268712 0.696472 -0.268387
v 0.391815 0.635377 -0.274967
v 0.456682 0.619124 -0.248593
v 0.456682 0.639386 -0.228344
v 0.476992 0.639386 -0.208039
v 0.517586 0.639386 -0.167429
v 0.533363 0.641676 -0.14599
v 0.533363 0.710391 0.304466
v 0.527741 0.710391 0.304466
v 0.304488 0.832183 0.304466
v 0.268712 0.852489 0.304466
v 0.297623 0.681584 -0.274967
v 0.324772 0.676562 -0.270599
v 0.268712 0.757346 -0.187224
v 0.284178 0.73748 -0.209741
v 0.377101 0.644495 -0.274967
v 0.39583 0.639386 -0.268898
v 0.456682 0.679954 -0.167429
v 0.355236 0.679954 -0.248593
v 0.476992 0.679954 -0.147124
v 0.476992 0.720566 -0.0659602
v 0.533363 0.661982 -0.105379
v 0.533363 0.730697 0.304466
v 0.268712 0.872795 0.304466
v 0.318269 0.674404 -0.274967
v 0.268712 0.784083 -0.145819
v 0.274023 0.78144 -0.147124
v 0.294333 0.761134 -0.167429
v 0.314617 0.740828 -0.187734
v 0.416088 0.740828 -0.106514
v 0.416088 0.761134 -0.0659602
v 0.416088 0.78144 -0.0253499
v 0.476992 0.740828 -0.0253499
v 0.533363 0.6822 -0.0648258
v 0.527741 0.751003 0.304466
v 0.533363 0.749858 0.303332
v 0.284178 0.872795 0.304466
v 0.268712 0.886318 0.29766
v 0.268712 0.804389 -0.105209
v 0.324772 0.786506 -0.104018
v 0.334926 0.78144 -0.106514
v 0.37552 0.761134 -0.106514
v 0.39583 0.761134 -0.0862653
v 0.39583 0.78144 -0.0456551
v 0.355236 0.801746 -0.0456551
v 0.416088 0.801746 0.0355087
v 0.436398 0.78144 0.0152036
v 0.517586 0.720566 -0.00504483
v 0.533363 0.717747 0.0258666
v 0.483754 0.788224 0.301063
v 0.466837 0.791571 0.304466
v 0.533363 0.762059 0.295221
v 0.493909 0.798355 0.290911
v 0.460076 0.805138 0.29766
v 0.277416 0.886318 0.29766
v 0.268712 0.890679 0.288982
v 0.268712 0.806812 -0.0991403
v 0.324772 0.806812 -0.0634079
v 0.334926 0.801746 -0.0659602
v 0.355236 0.78144 -0.0862653
v 0.345081 0.806812 -0.0431027
v 0.405933 0.806812 0.0380043
v 0.419482 0.805138 0.0541123
v 0.436398 0.801746 0.0760622
v 0.476992 0.78144 0.0963673
v 0.497276 0.78144 0.136978
v 0.50067 0.784832 0.155581
v 0.520954 0.723914 0.0135587
v 0.514193 0.778048 0.169137
v 0.533363 0.751135 0.140721
v 0.476992 0.801746 0.294314
v 0.533363 0.765671 0.289776
v 0.466837 0.811877 0.284161
v 0.311249 0.879535 0.290911
v 0.533363 0.76849 0.281325
v 0.493909 0.798355 0.270606
v 0.48036 0.805138 0.277355
v 0.294333 0.882926 0.294314
v 0.284178 0.893057 0.284161
v 0.268712 0.893057 0.284161
v 0.268712 0.851256 0.0196843
v 0.284178 0.847424 0.0177559
v 0.324772 0.827118 -0.00249251
v 0.365365 0.827118 0.0583094
v 0.439766 0.805138 0.0947225
v 0.324772 0.847424 0.0786145
v 0.284178 0.872795 0.121777
v 0.304488 0.872795 0.162331
v 0.460076 0.805138 0.155581
v 0.48036 0.805138 0.25705
v 0.533363 0.758315 0.168002
v 0.466837 0.811877 0.263856
v 0.284178 0.893057 0.243551
v 0.268712 0.893057 0.228067
v 0.268712 0.867686 0.0834923
v 0.284178 0.867686 0.0989196
v 0.324772 0.872795 0.202941
v 0.33832 0.866012 0.196191
v 0.268712 0.887419 0.165564
v 0.268712 0.890679 0.180254
f 1044 1045 1046
f 1044 1046 1047
f 1044 1047 1052
f 1044 1052 1061
f 1044 1061 1073
f 1044 1073 1085
f 1044 1085 1098
f 1044 1098 1089
f 1044 1089 1075
f 1044 1075 1062
f 1044 1062 1053
f 1044 1053 1048
f 1044 1048 1056
f 1044 1056 1066
f 1044 1066 1080
f 1044 1080 1095
f 1044 1095 1107
f 1044 1107 1122
f 1044 1122 1143
f 1044 1143 1164
f 1044 1164 1148
f 1044 1148 1145
f 1044 1145 1125
f 1044 1125 1109
f 1044 1109 1096
f 1044 1096 1081
f 1044 1081 1069
f 1044 1069 1068
f 1044 1068 1067
f 1044 1067 1072
f 1044 1072 1060
f 1044 1060 1057
f 1044 1057 1049
f 1044 1049 1050
f 1044 1050 1051
f 1044 1051 1045
f 1045 1051 1050
f 1045 1050 1059
f 1045 1059 1071
f 1045 1071 1084
f 1045 1084 1097
f 1045 1097 1111
f 1045 1111 1129
f 1045 1129 1153
f 1045 1153 1167
f 1045 1167 1173
f 1045 1173 1172
f 1045 1172 1168
f 1045 1168 1154
f 1045 1154 1130
f 1045 1130 1112
f 1045 1112 1099
f 1045 1099 1087
f 1045 1087 1074
f 1045 1074 1061
f 1045 1061 1052
f 1045 1052 1046
f 1046 1052 1047
f 1048 1053 1054
f 1048 1054 1055
f 1048 1055 1056
f 1049 1057 1050
f 1050 1058 1059
f 1050 1057 1060
f 1050 1060 1058
f 1053 1062 1063
f 1053 1063 1054
f 1054 1063 1064
f 1054 1064 1055
f 1055 1064 1065
f 1055 1065 1066
f 1055 1066 1056
f 1058 1067 1068
f 1058 1068 1069
f 1058 1069 1070
f 1058 1070 1071
f 1058 1071 1059
f 1058 1060 1072
f 1058 1072 1067
f 1061 1074 1073
f 1062 1075 1076
f 1062 1076 1063
f 1063 1076 1064
f 1064 1077 1078
f 1064 1078 1079
f 1064 1079 1065
f 1064 1076 1077
f 1065 1079 1066
f 1066 1079 1080
f 1069 1081 1082
f 1069 1082 1083
f 1069 1083 1070
f 1070 1083 1084
f 1070 1084 1071
f 1073 1074 1085
f 1074 1086 1085
f 1074 1087 1088
f 1074 1088 1086
f 1075 1089 1090
f 1075 1090 1076
f 1076 1090 1077
f 1077 1091 1093
f 1077 1093 1078
f 1077 1090 1092
f 1077 1092 1091
f 1078 1093 1079
f 1079 1093 1080
f 1080 1093 1094
f 1080 1094 1095
f 1081 1096 1108
f 1081 1108 1124
f 1081 1124 1110
f 1081 1110 1097
f 1081 1097 1084
f 1081 1084 1083
f 1081 1083 1082
f 1085 1086 1098
f 1086 1092 1089
f 1086 1089 1098
f 1086 1088 1092
f 1087 1099 1100
f 1087 1100 1088
f 1088 1100 1101
f 1088 1101 1102
f 1088 1102 1092
f 1089 1092 1090
f 1091 1092 1102
f 1091 1102 1103
f 1091 1103 1093
f 1093 1103 1104
f 1093 1104 1094
f 1094 1104 1105
f 1094 1105 1106
f 1094 1106 1095
f 1095 1106 1107
f 1096 1109 1108
f 1097 1110 1128
f 1097 1128 1111
f 1099 1112 1131
f 1099 1131 1113
f 1099 1113 1100
f 1100 1113 1114
f 1100 1114 1101
f 1101 1114 1102
f 1102 1114 1115
f 1102 1115 1103
f 1103 1115 1116
f 1103 1116 1104
f 1104 1116 1117
f 1104 1117 1105
f 1105 1117 1118
f 1105 1118 1119
f 1105 1119 1137
f 1105 1137 1120
f 1105 1120 1121
f 1105 1121 1106
f 1106 1121 1107
f 1107 1121 1122
f 1108 1109 1123
f 1108 1123 1124
f 1109 1125 1126
f 1109 1126 1123
f 1110 1124 1127
f 1110 1127 1128
f 1111 1128 1129
f 1112 1130 1131
f 1113 1131 1132
f 1113 1132 1114
f 1114 1132 1133
f 1114 1133 1116
f 1114 1116 1115
f 1116 1133 1118
f 1116 1118 1117
f 1118 1134 1135
f 1118 1135 1119
f 1118 1133 1132
f 1118 1132 1131
f 1118 1131 1134
f 1119 1135 1136
f 1119 1136 1137
f 1120 1137 1121
f 1121 1137 1138
f 1121 1138 1139
f 1121 1139 1140
f 1121 1140 1141
f 1121 1141 1122
f 1122 1141 1140
f 1122 1140 1142
f 1122 1142 1143
f 1123 1126 1144
f 1123 1144 1124
f 1124 1144 1127
f 1125 1145 1126
f 1126 1146 1152
f 1126 1152 1147
f 1126 1147 1151
f 1126 1151 1144
f 1126 1145 1148
f 1126 1148 1149
f 1126 1149 1163
f 1126 1163 1150
f 1126 1150 1146
f 1127 1144 1151
f 1127 1151 1128
f 1128 1151 1152
f 1128 1152 1129
f 1129 1152 1153
f 1130 1154 1155
f 1130 1155 1131
f 1131 1155 1134
f 1134 1155 1156
f 1134 1156 1135
f 1135 1156 1155
f 1135 1155 1157
f 1135 1157 1136
f 1136 1158 1137
f 1136 1157 1159
f 1136 1159 1160
f 1136 1160 1161
f 1136 1161 1170
f 1136 1170 1158
f 1137 1158 1140
f 1137 1140 1139
f 1137 1139 1138
f 1140 1162 1163
f 1140 1163 1149
f 1140 1149 1142
f 1140 1158 1162
f 1142 1149 1148
f 1142 1148 1164
f 1142 1164 1143
f 1146 1150 1163
f 1146 1163 1165
f 1146 1165 1166
f 1146 1166 1152
f 1147 1152 1151
f 1152 1166 1167
f 1152 1167 1153
f 1154 1168 1155
f 1155 1168 1169
f 1155 1169 1159
f 1155 1159 1157
f 1158 1170 1171
f 1158 1171 1162
f 1159 1169 1160
f 1160 1169 1172
f 1160 1172 1173
f 1160 1173 1161
f 1161 1173 1170
f 1162 1171 1163
f 1163 1171 1170
f 1163 1170 1165
f 1165 1170 1166
f 1166 1170 1173
f 1166 1173 1167
f 1168 1172 1169
o convex_8
v 0.268712 0.872786 0.304466
v 0.268712 0.852502 0.304466
v 0.268712 0.886328 0.29766
v 0.202969 0.893099 0.304466
v 0.223247 0.852502 0.304466
v 0.268712 0.837338 0.29749
v 0.196188 0.906613 0.29766
v 0.268712 0.893099 0.284161
v 0.202969 0.913384 0.284161
v 0.0744528 0.926926 0.29766
v 0.0812015 0.913384 0.304466
v -0.061167 0.893099 0.304466
v -0.061167 0.892786 0.304353
v 0.213108 0.842345 0.299362
v 0.268712 0.824707 0.285239
v 0.223247 0.83896 0.29766
v 0.268712 0.893099 0.228067
v 0.202969 0.913384 0.243551
v 0.0812015 0.933697 0.284161
v -0.061167 0.926926 0.29766
v -0.061167 0.913384 0.304466
v -0.061167 0.879444 0.297717
v -0.061167 0.866072 0.291024
v -0.061167 0.86593 0.290797
v 0.268712 0.816968 0.27123
v 0.268712 0.890653 0.180254
v 0.263868 0.893099 0.182636
v 0.0812015 0.933697 0.263856
v 0.16238 0.913384 0.162331
v -0.061167 0.933697 0.284161
v -0.061167 0.859273 0.277469
v -0.061167 0.852502 0.263856
v -0.061167 0.852388 0.263573
v 0.268712 0.81455 0.265161
v 0.268712 0.88741 0.165564
v 0.257087 0.886328 0.135276
v 0.243558 0.893099 0.142082
v 0.0609231 0.933697 0.243551
v 0.0406124 0.933697 0.223246
v 0.202969 0.893099 0.0811668
v 0.142069 0.913384 0.142082
v -0.061167 0.933697 0.263856
v -0.061167 0.684593 -0.274967
v 0.268712 0.715517 -0.0331771
v 0.268712 0.867722 0.0834923
v 0.257087 0.866015 0.0541123
v 0.243558 0.888007 0.119225
v 0.0812015 0.913384 0.101472
v 2.33463e-05 0.933697 0.202941
v 0.16238 0.888007 0.0380043
v 0.142069 0.893099 0.0405566
v 0.243558 0.872786 0.0608617
v 0.268712 0.851279 0.0196843
v 0.243558 0.806812 -0.124323
v -0.0608764 0.933697 0.243551
v -0.061167 0.933583 0.243551
v -0.061167 0.728832 -0.274967
v 0.247207 0.643995 -0.274967
v 0.268712 0.654607 -0.236172
v 0.101512 0.893099 0.0202515
v 2.33463e-05 0.893099 3.09046e-06
v -0.0405657 0.933697 0.223246
v -0.061167 0.913384 0.101472
v 0.223247 0.811904 -0.121771
v 0.268712 0.806812 -0.0991403
v 0.263868 0.806812 -0.104018
v 0.268712 0.804394 -0.105209
v 0.253697 0.801748 -0.126819
v 0.223247 0.798362 -0.148825
v 0.121758 0.798362 -0.189436
v 0.142069 0.806812 -0.164877
v 0.121758 0.811904 -0.162381
v -0.061167 0.933555 0.243267
v -0.061167 0.73731 -0.270713
v -0.0405657 0.7329 -0.274967
v 0.268712 0.643056 -0.274967
v 0.121758 0.872786 -0.0202453
v 0.101512 0.832189 -0.121771
v 0.0406124 0.872786 -0.0405504
v -0.061167 0.893099 0.0202515
v 0.0609231 0.778106 -0.229989
v -0.0608764 0.778106 -0.229989
v -0.061167 0.811904 -0.162381
v -0.0608764 0.845731 -0.0947163
v -0.0608764 0.852502 -0.0811607
v -0.0507372 0.867722 -0.050703
v 0.268712 0.784138 -0.145819
v 0.263868 0.757793 -0.189436
v 0.243558 0.778106 -0.169131
v 0.16238 0.778106 -0.209741
v -0.061167 0.737509 -0.270599
v -0.0202873 0.735347 -0.274967
v 0.268712 0.685162 -0.274967
v -0.061167 0.85236 -0.0814443
v 0.142069 0.737509 -0.270599
v 0.034122 0.735347 -0.274967
v -0.061167 0.757793 -0.250294
v -0.061167 0.778106 -0.229933
v -0.061167 0.784906 -0.216377
v 0.268712 0.757395 -0.187224
v 0.223247 0.757793 -0.209741
v 0.263868 0.696911 -0.270599
v 0.258379 0.693725 -0.274967
v 0.268712 0.696513 -0.268387
v 0.197479 0.714009 -0.274967
v 0.142069 0.728832 -0.274967
v 0.0554337 0.734322 -0.274967
f 1174 1175 1179
f 1174 1179 1188
f 1174 1188 1198
f 1174 1198 1207
f 1174 1207 1217
f 1174 1217 1232
f 1174 1232 1249
f 1174 1249 1266
f 1174 1266 1277
f 1174 1277 1273
f 1174 1273 1260
f 1174 1260 1240
f 1174 1240 1238
f 1174 1238 1226
f 1174 1226 1218
f 1174 1218 1208
f 1174 1208 1199
f 1174 1199 1190
f 1174 1190 1181
f 1174 1181 1176
f 1174 1176 1177
f 1174 1177 1184
f 1174 1184 1194
f 1174 1194 1185
f 1174 1185 1178
f 1174 1178 1175
f 1175 1178 1179
f 1176 1180 1177
f 1176 1181 1182
f 1176 1182 1180
f 1177 1180 1183
f 1177 1183 1184
f 1178 1185 1186
f 1178 1186 1187
f 1178 1187 1179
f 1179 1187 1189
f 1179 1189 1188
f 1180 1182 1183
f 1181 1190 1191
f 1181 1191 1182
f 1182 1191 1201
f 1182 1201 1192
f 1182 1192 1183
f 1183 1192 1203
f 1183 1203 1193
f 1183 1193 1194
f 1183 1194 1184
f 1185 1194 1193
f 1185 1193 1203
f 1185 1203 1215
f 1185 1215 1229
f 1185 1229 1246
f 1185 1246 1236
f 1185 1236 1253
f 1185 1253 1267
f 1185 1267 1256
f 1185 1256 1272
f 1185 1272 1271
f 1185 1271 1270
f 1185 1270 1264
f 1185 1264 1247
f 1185 1247 1230
f 1185 1230 1216
f 1185 1216 1206
f 1185 1206 1205
f 1185 1205 1204
f 1185 1204 1197
f 1185 1197 1196
f 1185 1196 1195
f 1185 1195 1186
f 1186 1195 1187
f 1187 1195 1196
f 1187 1196 1189
f 1188 1189 1196
f 1188 1196 1197
f 1188 1197 1198
f 1190 1199 1200
f 1190 1200 1191
f 1191 1200 1202
f 1191 1202 1201
f 1192 1201 1211
f 1192 1211 1212
f 1192 1212 1222
f 1192 1222 1235
f 1192 1235 1228
f 1192 1228 1215
f 1192 1215 1203
f 1197 1204 1198
f 1198 1204 1205
f 1198 1205 1206
f 1198 1206 1207
f 1199 1208 1209
f 1199 1209 1200
f 1200 1209 1210
f 1200 1210 1202
f 1201 1202 1211
f 1202 1212 1211
f 1202 1210 1213
f 1202 1213 1214
f 1202 1214 1212
f 1206 1216 1217
f 1206 1217 1207
f 1208 1218 1209
f 1209 1218 1219
f 1209 1219 1220
f 1209 1220 1210
f 1210 1220 1213
f 1212 1214 1221
f 1212 1221 1222
f 1213 1223 1224
f 1213 1224 1221
f 1213 1221 1214
f 1213 1220 1225
f 1213 1225 1226
f 1213 1226 1227
f 1213 1227 1223
f 1215 1228 1229
f 1216 1230 1248
f 1216 1248 1265
f 1216 1265 1269
f 1216 1269 1280
f 1216 1280 1279
f 1216 1279 1278
f 1216 1278 1276
f 1216 1276 1266
f 1216 1266 1249
f 1216 1249 1231
f 1216 1231 1217
f 1217 1231 1232
f 1218 1226 1219
f 1219 1226 1225
f 1219 1225 1220
f 1221 1224 1233
f 1221 1233 1234
f 1221 1234 1222
f 1222 1234 1236
f 1222 1236 1235
f 1223 1227 1237
f 1223 1237 1224
f 1224 1237 1233
f 1226 1238 1239
f 1226 1239 1227
f 1227 1239 1240
f 1227 1240 1241
f 1227 1241 1242
f 1227 1242 1243
f 1227 1243 1244
f 1227 1244 1245
f 1227 1245 1237
f 1228 1235 1236
f 1228 1236 1246
f 1228 1246 1229
f 1230 1247 1248
f 1231 1249 1232
f 1233 1237 1250
f 1233 1250 1245
f 1233 1245 1251
f 1233 1251 1252
f 1233 1252 1234
f 1234 1253 1236
f 1234 1252 1251
f 1234 1251 1245
f 1234 1245 1254
f 1234 1254 1255
f 1234 1255 1256
f 1234 1256 1257
f 1234 1257 1258
f 1234 1258 1259
f 1234 1259 1253
f 1237 1245 1250
f 1238 1240 1239
f 1240 1260 1241
f 1241 1260 1261
f 1241 1261 1262
f 1241 1262 1242
f 1242 1262 1263
f 1242 1263 1243
f 1243 1263 1254
f 1243 1254 1245
f 1243 1245 1244
f 1247 1264 1248
f 1248 1264 1265
f 1253 1259 1267
f 1254 1263 1268
f 1254 1268 1269
f 1254 1269 1265
f 1254 1265 1255
f 1255 1265 1264
f 1255 1264 1270
f 1255 1270 1271
f 1255 1271 1272
f 1255 1272 1256
f 1256 1267 1257
f 1257 1267 1258
f 1258 1267 1259
f 1260 1273 1261
f 1261 1274 1263
f 1261 1263 1262
f 1261 1273 1277
f 1261 1277 1275
f 1261 1275 1274
f 1263 1274 1275
f 1263 1275 1268
f 1266 1276 1275
f 1266 1275 1277
f 1268 1275 1276
f 1268 1276 1278
f 1268 1278 1279
f 1268 1279 1280
f 1268 1280 1269
o convex_9
v -0.339975 0.618168 -0.274967
v -0.339975 0.663539 -0.274967
v -0.304442 0.625055 -0.274967
v -0.339975 0.619743 -0.267593
v -0.324747 0.676604 -0.270599
v -0.295245 0.683646 -0.274967
v -0.339975 0.677469 -0.258745
v -0.334899 0.685066 -0.253697
v -0.061167 0.684603 -0.274967
v -0.334899 0.634321 -0.213087
v -0.339975 0.627032 -0.235888
v -0.294317 0.685066 -0.274003
v -0.324747 0.697761 -0.243545
v -0.284164 0.697761 -0.26385
v -0.142086 0.737511 -0.270599
v -0.162391 0.723797 -0.274967
v -0.339975 0.777631 -0.10657
v -0.061167 0.728832 -0.274967
v -0.061167 0.852375 0.263573
v -0.339975 0.767532 0.223246
v -0.334899 0.71552 0.0507092
v -0.339975 0.631789 -0.218135
v -0.339975 0.686333 -0.0405504
v -0.284164 0.758636 -0.18263
v -0.22325 0.778897 -0.18263
v -0.162391 0.778064 -0.209741
v -0.101504 0.757802 -0.250294
v -0.061167 0.737511 -0.270599
v -0.061167 0.737325 -0.270713
v -0.142086 0.728832 -0.274967
v -0.339975 0.780195 -0.101466
v -0.324747 0.79922 -0.0811607
v -0.314594 0.786526 -0.111618
v -0.061167 0.852498 0.263856
v -0.0913512 0.857564 0.294314
v -0.339975 0.787793 0.284161
v -0.243555 0.79922 -0.142076
v -0.172543 0.786526 -0.192782
v -0.142086 0.79922 -0.18263
v -0.121808 0.798356 -0.189436
v -0.061167 0.757802 -0.250294
v -0.061167 0.778064 -0.229933
v -0.339975 0.800487 -0.0608555
v -0.339975 0.803019 -0.0557509
v -0.334899 0.806818 -0.050703
v -0.314594 0.806818 -0.0710081
v -0.061167 0.859262 0.277469
v -0.101504 0.859262 0.29766
v -0.334899 0.796657 0.294314
v -0.339975 0.790356 0.289209
v -0.061167 0.865934 0.290797
v -0.061167 0.866057 0.291024
v -0.0811989 0.870258 0.299362
v -0.233403 0.806818 -0.131923
v -0.131961 0.806818 -0.172477
v -0.061167 0.784889 -0.216377
v -0.121808 0.811883 -0.162381
v -0.101504 0.832206 -0.121771
v -0.061167 0.82535 -0.135497
v -0.339975 0.823311 0.00510773
v -0.334899 0.82711 0.0101556
v -0.253707 0.867725 0.0507092
v -0.213125 0.888017 0.0710143
v -0.339975 0.797522 0.295959
v -0.101504 0.87279 0.304466
v -0.339975 0.801104 0.298114
v -0.061167 0.879431 0.297717
v -0.061167 0.892773 0.304353
v -0.131961 0.867725 -0.0303979
v -0.152238 0.888017 0.030404
v -0.111656 0.888017 0.0101556
v -0.111656 0.82711 -0.131923
v -0.061167 0.852344 -0.0814443
v -0.061167 0.832206 -0.121771
v -0.101504 0.893082 0.0202515
v -0.339975 0.843634 0.0862715
v -0.334899 0.847402 0.0913194
v -0.294317 0.867725 0.111625
v -0.253707 0.888017 0.13193
v -0.202973 0.893082 0.0811668
v -0.061167 0.893082 0.304466
v -0.339975 0.81698 0.304466
v -0.339975 0.811266 0.303162
v -0.142086 0.893082 0.0405566
v -0.061167 0.893082 0.0202515
v -0.0811989 0.913374 0.101472
v -0.339975 0.863926 0.18774
v -0.334899 0.867725 0.192788
v -0.314594 0.867725 0.152178
v -0.274012 0.888017 0.172483
v -0.243555 0.893082 0.142082
v -0.162391 0.913374 0.162331
v -0.142086 0.913374 0.142082
v -0.061167 0.913374 0.304466
v -0.339975 0.837272 0.304466
v -0.061167 0.913374 0.101472
v -0.061167 0.933543 0.243267
v -0.339975 0.865192 0.202941
v -0.294317 0.888017 0.233399
v -0.26386 0.893082 0.182636
v -0.182695 0.913374 0.202941
v -0.0811989 0.933697 0.263856
v -0.0811989 0.913374 0.304466
v -0.061167 0.926902 0.29766
v -0.324747 0.852498 0.304466
v -0.339975 0.852498 0.301063
v -0.061167 0.933573 0.243551
v -0.339975 0.865192 0.284161
v -0.284164 0.893082 0.284161
v -0.284164 0.893082 0.243551
v -0.202973 0.913374 0.243551
v -0.061167 0.933697 0.263856
v -0.0811989 0.933697 0.284161
v -0.202973 0.893082 0.304466
v -0.0879671 0.926902 0.29766
v -0.061167 0.933697 0.284161
v -0.339975 0.858923 0.298568
v -0.284164 0.87279 0.304466
v -0.331515 0.866026 0.29766
v -0.339975 0.86266 0.2942
v -0.299366 0.882952 0.294314
v -0.290933 0.886318 0.29766
v -0.202973 0.913374 0.284161
v -0.209741 0.90661 0.29766
f 1281 1282 1286
f 1281 1286 1296
f 1281 1296 1310
f 1281 1310 1298
f 1281 1298 1289
f 1281 1289 1283
f 1281 1283 1284
f 1281 1284 1291
f 1281 1291 1302
f 1281 1302 1303
f 1281 1303 1300
f 1281 1300 1316
f 1281 1316 1330
f 1281 1330 1344
f 1281 1344 1346
f 1281 1346 1363
f 1281 1363 1362
f 1281 1362 1375
f 1281 1375 1386
f 1281 1386 1397
f 1281 1397 1400
f 1281 1400 1388
f 1281 1388 1378
f 1281 1378 1367
f 1281 1367 1356
f 1281 1356 1340
f 1281 1340 1324
f 1281 1324 1323
f 1281 1323 1311
f 1281 1311 1297
f 1281 1297 1287
f 1281 1287 1282
f 1282 1285 1286
f 1282 1287 1288
f 1282 1288 1285
f 1283 1289 1290
f 1283 1290 1291
f 1283 1291 1284
f 1285 1292 1286
f 1285 1288 1293
f 1285 1293 1294
f 1285 1294 1292
f 1286 1292 1295
f 1286 1295 1296
f 1287 1297 1288
f 1288 1297 1293
f 1289 1298 1309
f 1289 1309 1308
f 1289 1308 1321
f 1289 1321 1322
f 1289 1322 1336
f 1289 1336 1339
f 1289 1339 1354
f 1289 1354 1353
f 1289 1353 1365
f 1289 1365 1376
f 1289 1376 1377
f 1289 1377 1387
f 1289 1387 1392
f 1289 1392 1396
f 1289 1396 1384
f 1289 1384 1374
f 1289 1374 1361
f 1289 1361 1348
f 1289 1348 1347
f 1289 1347 1332
f 1289 1332 1331
f 1289 1331 1327
f 1289 1327 1314
f 1289 1314 1299
f 1289 1299 1300
f 1289 1300 1301
f 1289 1301 1290
f 1290 1302 1291
f 1290 1301 1300
f 1290 1300 1303
f 1290 1303 1302
f 1292 1294 1295
f 1293 1304 1294
f 1293 1297 1304
f 1294 1304 1305
f 1294 1305 1306
f 1294 1306 1295
f 1295 1307 1321
f 1295 1321 1308
f 1295 1308 1309
f 1295 1309 1310
f 1295 1310 1296
f 1295 1306 1320
f 1295 1320 1307
f 1297 1311 1312
f 1297 1312 1313
f 1297 1313 1304
f 1298 1310 1309
f 1299 1314 1315
f 1299 1315 1316
f 1299 1316 1300
f 1304 1313 1317
f 1304 1317 1305
f 1305 1318 1306
f 1305 1317 1318
f 1306 1318 1319
f 1306 1319 1320
f 1307 1320 1322
f 1307 1322 1321
f 1311 1323 1312
f 1312 1323 1324
f 1312 1324 1325
f 1312 1325 1326
f 1312 1326 1334
f 1312 1334 1317
f 1312 1317 1313
f 1314 1327 1315
f 1315 1328 1329
f 1315 1329 1330
f 1315 1330 1316
f 1315 1327 1331
f 1315 1331 1332
f 1315 1332 1333
f 1315 1333 1328
f 1317 1334 1335
f 1317 1335 1319
f 1317 1319 1318
f 1319 1335 1320
f 1320 1336 1322
f 1320 1335 1337
f 1320 1337 1338
f 1320 1338 1339
f 1320 1339 1336
f 1324 1340 1341
f 1324 1341 1325
f 1325 1341 1342
f 1325 1342 1326
f 1326 1342 1343
f 1326 1343 1334
f 1328 1344 1329
f 1328 1333 1345
f 1328 1345 1346
f 1328 1346 1344
f 1329 1344 1330
f 1332 1347 1333
f 1333 1347 1348
f 1333 1348 1345
f 1334 1349 1335
f 1334 1343 1350
f 1334 1350 1351
f 1334 1351 1349
f 1335 1349 1351
f 1335 1351 1352
f 1335 1352 1338
f 1335 1338 1337
f 1338 1353 1354
f 1338 1354 1339
f 1338 1352 1351
f 1338 1351 1355
f 1338 1355 1353
f 1340 1356 1341
f 1341 1356 1357
f 1341 1357 1358
f 1341 1358 1342
f 1342 1358 1343
f 1343 1358 1359
f 1343 1359 1371
f 1343 1371 1360
f 1343 1360 1364
f 1343 1364 1350
f 1345 1361 1374
f 1345 1374 1383
f 1345 1383 1394
f 1345 1394 1398
f 1345 1398 1385
f 1345 1385 1375
f 1345 1375 1362
f 1345 1362 1363
f 1345 1363 1346
f 1345 1348 1361
f 1350 1364 1355
f 1350 1355 1351
f 1353 1355 1365
f 1355 1364 1366
f 1355 1366 1376
f 1355 1376 1365
f 1356 1367 1368
f 1356 1368 1357
f 1357 1369 1358
f 1357 1368 1369
f 1358 1369 1370
f 1358 1370 1359
f 1359 1370 1380
f 1359 1380 1371
f 1360 1371 1372
f 1360 1372 1373
f 1360 1373 1366
f 1360 1366 1364
f 1366 1373 1377
f 1366 1377 1376
f 1367 1378 1368
f 1368 1378 1379
f 1368 1379 1370
f 1368 1370 1369
f 1370 1379 1390
f 1370 1390 1380
f 1371 1380 1372
f 1372 1380 1381
f 1372 1381 1382
f 1372 1382 1373
f 1373 1382 1377
f 1374 1384 1395
f 1374 1395 1383
f 1375 1385 1386
f 1377 1382 1387
f 1378 1388 1379
f 1379 1388 1389
f 1379 1389 1390
f 1380 1390 1391
f 1380 1391 1381
f 1381 1391 1382
f 1382 1392 1387
f 1382 1391 1403
f 1382 1403 1393
f 1382 1393 1396
f 1382 1396 1392
f 1383 1395 1404
f 1383 1404 1394
f 1384 1396 1393
f 1384 1393 1395
f 1385 1397 1386
f 1385 1398 1402
f 1385 1402 1399
f 1385 1399 1397
f 1388 1400 1399
f 1388 1399 1401
f 1388 1401 1389
f 1389 1401 1402
f 1389 1402 1404
f 1389 1404 1403
f 1389 1403 1391
f 1389 1391 1390
f 1393 1403 1404
f 1393 1404 1395
f 1394 1404 1402
f 1394 1402 1398
f 1397 1399 1400
f 1399 1402 1401
o convex_10
v -0.339975 0.787787 0.284161
v -0.339975 0.790317 0.289209
v -0.754308 0.405846 0.263856
v -0.76444 0.405846 0.280588
v -0.776235 0.405846 0.298114
v -0.339975 0.797492 0.295959
v -0.339975 0.801126 0.298114
v -0.339975 0.811245 0.303162
v -0.339975 0.865198 0.284161
v -0.339975 0.837279 0.304466
v -0.339975 0.816995 0.304466
v -0.345072 0.811889 0.304466
v -0.365365 0.832173 0.304466
v -0.339975 0.852503 0.301063
v -0.46683 0.791605 0.304466
v -0.339975 0.858897 0.298568
v -0.339999 0.862622 0.294314
v -0.473602 0.805128 0.29766
v -0.489671 0.791605 0.299362
v -0.550574 0.750991 0.299362
v -0.534505 0.764513 0.29766
v -0.542952 0.761156 0.294314
v -0.67238 0.649517 0.299362
v -0.527733 0.750991 0.304466
v -0.649532 0.649517 0.304466
v -0.690137 0.608916 0.304466
v -0.791587 0.466858 0.304466
v -0.794146 0.487174 0.299362
v -0.69267 0.629201 0.299362
v -0.676602 0.656279 0.284161
v -0.705361 0.619058 0.294314
v -0.806811 0.477 0.294314
v -0.827127 0.43643 0.294314
v -0.834905 0.405846 0.299305
v -0.811903 0.426256 0.304466
v -0.812031 0.405846 0.304466
v -0.581037 0.395351 -0.274967
v -0.791587 0.405846 0.304466
v -0.438302 0.520322 -0.274967
v -0.339975 0.767503 0.223246
v -0.339975 0.63177 -0.218135
v -0.339975 0.627032 -0.235888
v -0.339975 0.619765 -0.267593
v -0.343232 0.614475 -0.274967
v -0.383841 0.573861 -0.274967
v -0.339975 0.663507 -0.274967
v -0.339975 0.618201 -0.274967
v -0.339975 0.865198 0.202941
v -0.339975 0.823296 0.00510773
v -0.339975 0.86391 0.18774
v -0.476977 0.80683 0.253704
v -0.456707 0.80683 0.152178
v -0.436414 0.80683 0.0913194
v -0.497293 0.786499 0.152178
v -0.446561 0.799194 0.0811668
v -0.426268 0.799194 0.0405566
v -0.416121 0.80683 0.0507092
v -0.355219 0.847398 0.13193
v -0.339975 0.843626 0.0862715
v -0.375512 0.827114 0.0710143
v -0.355219 0.80683 -0.0303979
v -0.365365 0.799194 -0.0405504
v -0.416121 0.786499 -0.0100928
v -0.46683 0.758626 3.09046e-06
v -0.405975 0.77891 -0.0405504
v -0.345072 0.799194 -0.0608555
v -0.339975 0.803012 -0.0557509
v -0.345072 0.77891 -0.101466
v -0.339975 0.777622 -0.10657
v -0.339975 0.677443 -0.258745
v -0.355219 0.674868 -0.253697
v -0.345072 0.662863 -0.274967
v -0.456707 0.634299 -0.233392
v -0.395828 0.634299 -0.274003
v -0.394861 0.633794 -0.274967
v -0.476033 0.572941 -0.274967
v -0.476977 0.573447 -0.274003
v -0.456707 0.614015 -0.253697
v -0.598794 0.451644 -0.274003
v -0.597847 0.451174 -0.274967
v -0.618623 0.410322 -0.274967
v -0.606163 0.436868 -0.274967
v -0.619084 0.451644 -0.253697
v -0.6394 0.411042 -0.253697
v -0.618623 0.405846 -0.274967
v -0.6394 0.405846 -0.253697
v -0.679928 0.405846 -0.203105
v -0.72056 0.405846 -0.152229
v -0.72056 0.411042 -0.152229
v -0.67998 0.431359 -0.192782
v -0.700295 0.451644 -0.152229
v -0.619084 0.471929 -0.233392
v -0.537879 0.634299 -0.152229
v -0.476977 0.674868 -0.152229
v -0.456707 0.674868 -0.172477
v -0.416121 0.735766 -0.111618
v -0.405975 0.758626 -0.0811607
v -0.46683 0.697728 -0.121771
v -0.527733 0.657113 -0.121771
v -0.527733 0.697728 -0.0405504
v -0.50744 0.738296 0.0202515
v -0.568319 0.677397 -0.0202453
v -0.568319 0.697728 0.0405566
v -0.595417 0.656279 -0.0202453
v -0.578465 0.664749 -0.0303979
v -0.578465 0.634299 -0.0913132
v -0.595417 0.635994 -0.0608555
v -0.635997 0.635994 0.0202515
v -0.615707 0.615677 -0.0608555
v -0.619084 0.593702 -0.0913132
v -0.598794 0.613987 -0.0913132
v -0.67998 0.492245 -0.131923
v -0.676602 0.514221 -0.101466
v -0.696892 0.534537 -0.0202453
v -0.717182 0.473619 -0.0811607
v -0.737472 0.514221 0.0405566
v -0.72056 0.451644 -0.111618
v -0.74085 0.431359 -0.0913132
v -0.801745 0.411042 0.030404
v -0.761165 0.451644 -0.0100928
v -0.798368 0.433049 0.0608617
v -0.806811 0.408507 0.0405566
v -0.745941 0.405846 -0.104132
v -0.74085 0.411042 -0.111618
v -0.7267 0.405846 -0.142076
v -0.807425 0.405846 0.0405566
v -0.811903 0.405971 0.0608617
v -0.806811 0.428792 0.0811668
v -0.798368 0.453334 0.101472
v -0.811903 0.426256 0.101472
v -0.832193 0.405971 0.182636
v -0.832193 0.426256 0.243551
v -0.818658 0.453334 0.243551
v -0.842427 0.405846 0.284161
v -0.832193 0.405846 0.182522
v -0.811928 0.405846 0.0608617
v -0.778078 0.514221 0.243551
v -0.798368 0.473619 0.182636
v -0.676602 0.635994 0.142082
v -0.737472 0.575076 0.263856
v -0.737472 0.575076 0.284161
v -0.683383 0.642756 0.243551
v -0.656312 0.656279 0.121777
v -0.737472 0.534537 0.0811668
v -0.757762 0.514221 0.101472
v -0.757762 0.473619 0.0202515
v -0.676602 0.615677 0.0811668
v -0.514188 0.778036 0.162331
v -0.487123 0.77891 0.101472
v -0.493895 0.798366 0.263856
v -0.493895 0.798366 0.284161
v -0.46683 0.811889 0.284161
v -0.46683 0.811889 0.263856
v -0.48205 0.801724 0.294314
v -0.554798 0.757752 0.284161
v -0.664756 0.65966 0.294314
v -0.385658 0.758626 -0.101466
v -0.426268 0.697728 -0.162381
f 1406 1407 1405
f 1406 1408 1407
f 1406 1409 1408
f 1410 1409 1406
f 1411 1409 1410
f 1411 1412 1409
f 1411 1410 1412
f 1410 1406 1412
f 1412 1406 1413
f 1414 1412 1413
f 1415 1412 1414
f 1415 1416 1412
f 1415 1414 1416
f 1414 1417 1416
f 1418 1417 1414
f 1418 1419 1417
f 1418 1420 1419
f 1418 1414 1420
f 1420 1414 1413
f 1420 1413 1421
f 1420 1421 1422
f 1420 1422 1419
f 1423 1419 1422
f 1423 1424 1419
f 1423 1425 1424
f 1423 1422 1425
f 1425 1422 1426
f 1425 1426 1424
f 1424 1426 1427
f 1424 1427 1428
f 1419 1424 1428
f 1419 1428 1417
f 1417 1428 1416
f 1428 1429 1416
f 1428 1427 1429
f 1430 1429 1427
f 1430 1431 1429
f 1430 1432 1431
f 1430 1433 1432
f 1430 1427 1433
f 1433 1427 1434
f 1433 1434 1435
f 1432 1433 1435
f 1432 1435 1436
f 1432 1436 1437
f 1432 1437 1438
f 1439 1432 1438
f 1439 1431 1432
f 1439 1440 1431
f 1439 1438 1440
f 1440 1438 1441
f 1440 1441 1442
f 1440 1442 1429
f 1431 1440 1429
f 1416 1429 1442
f 1412 1416 1442
f 1412 1442 1409
f 1442 1441 1409
f 1408 1409 1441
f 1408 1441 1407
f 1443 1407 1441
f 1444 1407 1443
f 1444 1405 1407
f 1444 1445 1405
f 1444 1443 1445
f 1446 1445 1443
f 1446 1447 1445
f 1446 1448 1447
f 1446 1449 1448
f 1446 1443 1449
f 1449 1443 1448
f 1443 1441 1448
f 1448 1441 1450
f 1451 1448 1450
f 1451 1447 1448
f 1451 1450 1447
f 1447 1450 1405
f 1445 1447 1405
f 1450 1452 1405
f 1453 1452 1450
f 1454 1452 1453
f 1454 1455 1452
f 1454 1456 1455
f 1457 1456 1454
f 1457 1458 1456
f 1457 1459 1458
f 1457 1460 1459
f 1457 1461 1460
f 1457 1462 1461
f 1457 1454 1462
f 1463 1462 1454
f 1463 1464 1462
f 1463 1453 1464
f 1463 1454 1453
f 1461 1464 1453
f 1462 1464 1461
f 1465 1461 1453
f 1460 1461 1465
f 1466 1460 1465
f 1467 1460 1466
f 1467 1468 1460
f 1467 1469 1468
f 1467 1466 1469
f 1466 1470 1469
f 1466 1465 1470
f 1471 1470 1465
f 1471 1472 1470
f 1471 1473 1472
f 1471 1453 1473
f 1471 1465 1453
f 1473 1453 1450
f 1474 1473 1450
f 1474 1475 1473
f 1476 1475 1474
f 1476 1477 1475
f 1476 1478 1477
f 1476 1479 1478
f 1476 1450 1479
f 1476 1474 1450
f 1479 1450 1480
f 1479 1480 1478
f 1481 1478 1480
f 1481 1482 1478
f 1481 1483 1482
f 1481 1484 1483
f 1481 1480 1484
f 1484 1480 1485
f 1486 1484 1485
f 1486 1483 1484
f 1486 1487 1483
f 1486 1488 1487
f 1486 1485 1488
f 1488 1485 1489
f 1490 1488 1489
f 1490 1491 1488
f 1490 1441 1491
f 1490 1489 1441
f 1441 1489 1450
f 1480 1450 1489
f 1485 1480 1489
f 1491 1441 1492
f 1491 1492 1493
f 1488 1491 1493
f 1488 1493 1494
f 1487 1488 1494
f 1487 1494 1495
f 1487 1495 1496
f 1487 1496 1497
f 1487 1497 1483
f 1483 1497 1482
f 1482 1497 1477
f 1482 1477 1478
f 1498 1477 1497
f 1498 1499 1477
f 1498 1500 1499
f 1498 1501 1500
f 1502 1501 1498
f 1502 1503 1501
f 1502 1497 1503
f 1502 1498 1497
f 1504 1503 1497
f 1504 1468 1503
f 1504 1505 1468
f 1506 1505 1504
f 1506 1507 1505
f 1506 1508 1507
f 1506 1509 1508
f 1506 1504 1509
f 1504 1497 1509
f 1510 1509 1497
f 1511 1509 1510
f 1511 1508 1509
f 1511 1512 1508
f 1511 1513 1512
f 1511 1514 1513
f 1511 1515 1514
f 1511 1510 1515
f 1510 1497 1515
f 1514 1515 1497
f 1514 1497 1516
f 1517 1514 1516
f 1517 1513 1514
f 1517 1512 1513
f 1517 1518 1512
f 1519 1518 1517
f 1519 1520 1518
f 1519 1521 1520
f 1519 1517 1521
f 1517 1516 1521
f 1495 1521 1516
f 1522 1521 1495
f 1523 1521 1522
f 1523 1524 1521
f 1523 1525 1524
f 1523 1526 1525
f 1523 1527 1526
f 1523 1528 1527
f 1523 1522 1528
f 1522 1495 1528
f 1495 1493 1528
f 1495 1494 1493
f 1527 1528 1493
f 1529 1527 1493
f 1529 1441 1527
f 1529 1492 1441
f 1529 1493 1492
f 1527 1441 1530
f 1527 1530 1526
f 1531 1526 1530
f 1532 1526 1531
f 1532 1533 1526
f 1532 1534 1533
f 1532 1531 1534
f 1534 1531 1535
f 1536 1534 1535
f 1536 1537 1534
f 1536 1538 1537
f 1536 1535 1538
f 1539 1538 1535
f 1539 1441 1538
f 1540 1441 1539
f 1540 1530 1441
f 1540 1531 1530
f 1540 1535 1531
f 1540 1539 1535
f 1538 1441 1438
f 1437 1538 1438
f 1437 1537 1538
f 1437 1436 1537
f 1541 1537 1436
f 1541 1542 1537
f 1541 1543 1542
f 1541 1544 1543
f 1541 1436 1544
f 1544 1436 1545
f 1544 1545 1435
f 1544 1435 1434
f 1544 1434 1546
f 1544 1546 1543
f 1543 1546 1547
f 1548 1543 1547
f 1548 1549 1543
f 1533 1549 1548
f 1533 1542 1549
f 1537 1542 1533
f 1534 1537 1533
f 1543 1549 1542
f 1533 1548 1525
f 1533 1525 1526
f 1525 1548 1520
f 1550 1525 1520
f 1550 1524 1525
f 1550 1520 1524
f 1524 1520 1521
f 1548 1551 1520
f 1548 1547 1551
f 1551 1547 1512
f 1551 1512 1520
f 1518 1520 1512
f 1508 1512 1547
f 1508 1547 1507
f 1505 1507 1547
f 1505 1547 1552
f 1505 1552 1553
f 1505 1553 1459
f 1505 1459 1460
f 1505 1460 1468
f 1553 1458 1459
f 1553 1552 1458
f 1458 1552 1554
f 1458 1554 1455
f 1458 1455 1456
f 1555 1455 1554
f 1555 1556 1455
f 1422 1556 1555
f 1422 1421 1556
f 1413 1556 1421
f 1413 1557 1556
f 1413 1452 1557
f 1413 1406 1452
f 1406 1405 1452
f 1455 1557 1452
f 1455 1556 1557
f 1558 1422 1555
f 1558 1426 1422
f 1558 1555 1426
f 1426 1555 1559
f 1426 1559 1434
f 1426 1434 1560
f 1426 1560 1427
f 1427 1560 1434
f 1434 1559 1547
f 1546 1434 1547
f 1552 1547 1559
f 1554 1552 1559
f 1555 1554 1559
f 1436 1435 1545
f 1495 1516 1497
f 1496 1495 1497
f 1501 1503 1468
f 1501 1468 1469
f 1501 1469 1470
f 1501 1470 1472
f 1561 1501 1472
f 1561 1500 1501
f 1561 1562 1500
f 1561 1475 1562
f 1561 1472 1475
f 1473 1475 1472
f 1562 1475 1499
f 1500 1562 1499
f 1475 1477 1499
o convex_11
v 0.350584 -0.859894 0.202941
v 0.365369 -0.852487 0.162331
v 0.385673 -0.852487 0.223246
v 0.350584 -0.859894 0.284161
v 0.350584 -0.849731 0.101472
v 0.42626 -0.832205 0.182636
v 0.412738 -0.838966 0.223246
v 0.385673 -0.852487 0.284161
v 0.395815 -0.847406 0.294314
v 0.350584 -0.852487 0.298908
v 0.350584 -0.846932 0.0866685
v 0.385673 -0.832205 0.0811668
v 0.428806 -0.827124 0.162331
v 0.453325 -0.818641 0.182636
v 0.493892 -0.798359 0.263856
v 0.42626 -0.832205 0.284161
v 0.412738 -0.838966 0.284161
v 0.436402 -0.827124 0.294314
v 0.446564 -0.814421 0.299362
v 0.405957 -0.834703 0.299362
v 0.385673 -0.845726 0.29766
v 0.385673 -0.832205 0.304466
v 0.350584 -0.848827 0.300723
v 0.350584 -0.8462 0.083549
v 0.388198 -0.827124 0.0608617
v 0.412738 -0.818641 0.0811668
v 0.5345 -0.757752 0.162331
v 0.514196 -0.778077 0.202941
v 0.453325 -0.798359 0.101472
v 0.514196 -0.757752 0.101472
v 0.537881 -0.766235 0.294314
v 0.493892 -0.798359 0.284161
v 0.476989 -0.806799 0.294314
v 0.487131 -0.794139 0.299362
v 0.350584 -0.832205 0.304466
v 0.466848 -0.791598 0.304466
v 0.350584 -0.825918 0.00244197
v 0.350584 -0.825143 3.09046e-06
v 0.350584 -0.82187 -0.00975244
v 0.390744 -0.822043 0.0507092
v 0.509981 -0.725628 -0.0202453
v 0.5345 -0.717145 3.09046e-06
v 0.558612 -0.735532 0.147811
v 0.558612 -0.745695 0.243551
v 0.558612 -0.722398 0.0876327
v 0.558612 -0.724379 0.096027
v 0.558612 -0.734628 0.142082
v 0.558612 -0.746384 0.284161
v 0.558612 -0.745695 0.292953
v 0.558184 -0.74591 0.294314
v 0.558612 -0.742939 0.299362
v 0.548022 -0.753532 0.299362
v 0.350584 -0.81188 0.304466
v 0.527739 -0.750991 0.304466
v 0.350584 -0.781263 -0.0909729
v 0.37044 -0.801761 -0.0303979
v 0.512506 -0.720547 -0.0303979
v 0.53281 -0.700265 -0.050703
v 0.554804 -0.696863 -0.0202453
v 0.558612 -0.694064 -0.0154243
v 0.558612 -0.74535 0.294484
v 0.558612 -0.720116 0.304466
v 0.548022 -0.730709 0.304466
v 0.548022 -0.690102 0.304466
v 0.525193 -0.690102 0.299362
v 0.350584 -0.798359 0.29766
v 0.350584 -0.700093 -0.233052
v 0.37044 -0.761154 -0.111618
v 0.451635 -0.700265 -0.152229
v 0.411048 -0.761154 -0.0710081
v 0.512506 -0.67994 -0.111618
v 0.558612 -0.64717 -0.0920506
v 0.553113 -0.67994 -0.050703
v 0.558612 -0.67628 -0.0470163
v 0.558612 -0.690102 0.304466
v 0.558612 -0.678002 0.301404
v 0.558612 -0.671801 0.298851
v 0.541261 -0.676581 0.29766
v 0.53281 -0.67994 0.294314
v 0.350584 -0.790349 0.284161
v 0.350584 -0.679768 -0.253527
v 0.390744 -0.67994 -0.233392
v 0.431331 -0.700265 -0.172477
v 0.411048 -0.720547 -0.152229
v 0.453325 -0.683342 -0.17588
v 0.466848 -0.66982 -0.18263
v 0.553113 -0.598812 -0.172477
v 0.471919 -0.659658 -0.192782
v 0.558612 -0.595109 -0.168847
v 0.558612 -0.66151 0.29057
v 0.558612 -0.429064 -0.246324
v 0.350584 -0.776354 0.251605
v 0.350584 -0.659486 -0.273832
v 0.390744 -0.639419 -0.274003
v 0.471919 -0.639419 -0.213087
v 0.553113 -0.537923 -0.253697
v 0.558612 -0.53422 -0.250011
v 0.558612 -0.421313 -0.267934
v 0.350584 -0.735791 0.129831
v 0.350584 -0.657806 -0.274967
v 0.390276 -0.638472 -0.274967
v 0.553113 -0.517598 -0.274003
v 0.558612 -0.513938 -0.270316
v 0.558612 -0.420021 -0.274967
v 0.402311 -0.556311 -0.274967
v 0.350584 -0.604023 -0.274967
v 0.552625 -0.516651 -0.274967
v 0.558612 -0.513163 -0.270713
v 0.557227 -0.507479 -0.274967
v 0.558612 -0.50468 -0.274967
f 1563 1564 1565
f 1563 1565 1570
f 1563 1570 1566
f 1563 1566 1572
f 1563 1572 1585
f 1563 1585 1597
f 1563 1597 1615
f 1563 1615 1628
f 1563 1628 1642
f 1563 1642 1654
f 1563 1654 1661
f 1563 1661 1668
f 1563 1668 1662
f 1563 1662 1655
f 1563 1655 1643
f 1563 1643 1629
f 1563 1629 1617
f 1563 1617 1601
f 1563 1601 1600
f 1563 1600 1599
f 1563 1599 1586
f 1563 1586 1573
f 1563 1573 1567
f 1563 1567 1564
f 1564 1568 1565
f 1564 1567 1568
f 1565 1568 1569
f 1565 1569 1579
f 1565 1579 1570
f 1566 1570 1571
f 1566 1571 1572
f 1567 1573 1574
f 1567 1574 1568
f 1568 1574 1575
f 1568 1575 1576
f 1568 1576 1577
f 1568 1577 1594
f 1568 1594 1578
f 1568 1578 1579
f 1568 1579 1569
f 1570 1579 1571
f 1571 1580 1581
f 1571 1581 1582
f 1571 1582 1583
f 1571 1583 1572
f 1571 1579 1580
f 1572 1583 1584
f 1572 1584 1585
f 1573 1586 1587
f 1573 1587 1574
f 1574 1587 1575
f 1575 1587 1588
f 1575 1588 1576
f 1576 1589 1590
f 1576 1590 1577
f 1576 1588 1591
f 1576 1591 1592
f 1576 1592 1589
f 1577 1593 1594
f 1577 1590 1593
f 1578 1594 1580
f 1578 1580 1579
f 1580 1594 1595
f 1580 1595 1596
f 1580 1596 1581
f 1581 1596 1584
f 1581 1584 1582
f 1582 1584 1583
f 1584 1597 1585
f 1584 1596 1598
f 1584 1598 1616
f 1584 1616 1625
f 1584 1625 1624
f 1584 1624 1637
f 1584 1637 1626
f 1584 1626 1615
f 1584 1615 1597
f 1586 1599 1587
f 1587 1599 1600
f 1587 1600 1601
f 1587 1601 1602
f 1587 1602 1603
f 1587 1603 1604
f 1587 1604 1588
f 1588 1604 1591
f 1589 1605 1606
f 1589 1606 1590
f 1589 1592 1607
f 1589 1607 1608
f 1589 1608 1609
f 1589 1609 1605
f 1590 1606 1593
f 1591 1604 1592
f 1592 1604 1607
f 1593 1595 1594
f 1593 1606 1610
f 1593 1610 1611
f 1593 1611 1612
f 1593 1612 1613
f 1593 1613 1614
f 1593 1614 1596
f 1593 1596 1595
f 1596 1614 1616
f 1596 1616 1598
f 1601 1617 1630
f 1601 1630 1618
f 1601 1618 1619
f 1601 1619 1602
f 1602 1619 1603
f 1603 1619 1604
f 1604 1619 1620
f 1604 1620 1621
f 1604 1621 1607
f 1605 1609 1608
f 1605 1608 1607
f 1605 1607 1622
f 1605 1622 1636
f 1605 1636 1634
f 1605 1634 1651
f 1605 1651 1659
f 1605 1659 1665
f 1605 1665 1670
f 1605 1670 1672
f 1605 1672 1666
f 1605 1666 1660
f 1605 1660 1653
f 1605 1653 1652
f 1605 1652 1639
f 1605 1639 1638
f 1605 1638 1637
f 1605 1637 1624
f 1605 1624 1613
f 1605 1613 1623
f 1605 1623 1611
f 1605 1611 1610
f 1605 1610 1606
f 1607 1621 1622
f 1611 1623 1612
f 1612 1623 1613
f 1613 1624 1625
f 1613 1625 1614
f 1614 1625 1616
f 1615 1626 1627
f 1615 1627 1628
f 1617 1629 1630
f 1618 1630 1631
f 1618 1631 1632
f 1618 1632 1620
f 1618 1620 1619
f 1620 1632 1631
f 1620 1631 1633
f 1620 1633 1634
f 1620 1634 1635
f 1620 1635 1621
f 1621 1635 1636
f 1621 1636 1622
f 1626 1637 1638
f 1626 1638 1639
f 1626 1639 1640
f 1626 1640 1627
f 1627 1640 1628
f 1628 1641 1642
f 1628 1640 1641
f 1629 1643 1644
f 1629 1644 1645
f 1629 1645 1646
f 1629 1646 1630
f 1630 1646 1631
f 1631 1646 1645
f 1631 1645 1647
f 1631 1647 1648
f 1631 1648 1633
f 1633 1649 1634
f 1633 1648 1650
f 1633 1650 1649
f 1634 1636 1635
f 1634 1649 1651
f 1639 1652 1640
f 1640 1652 1641
f 1641 1652 1642
f 1642 1652 1653
f 1642 1653 1654
f 1643 1655 1656
f 1643 1656 1644
f 1644 1657 1650
f 1644 1650 1645
f 1644 1656 1657
f 1645 1650 1647
f 1647 1650 1648
f 1649 1650 1658
f 1649 1658 1651
f 1650 1657 1658
f 1651 1658 1659
f 1653 1660 1654
f 1654 1660 1661
f 1655 1662 1663
f 1655 1663 1656
f 1656 1663 1664
f 1656 1664 1658
f 1656 1658 1657
f 1658 1664 1665
f 1658 1665 1659
f 1660 1666 1667
f 1660 1667 1661
f 1661 1667 1668
f 1662 1668 1667
f 1662 1667 1666
f 1662 1666 1672
f 1662 1672 1671
f 1662 1671 1669
f 1662 1669 1663
f 1663 1669 1664
f 1664 1670 1665
f 1664 1669 1671
f 1664 1671 1670
f 1670 1671 1672
o convex_12
v -0.733721 -0.00184477 -0.274967
v -0.733721 0.0100478 -0.274967
v -0.688257 -0.00184477 -0.274967
v -0.757781 -0.00184477 -0.250294
v -0.728853 0.0831192 -0.274967
v -0.757781 0.0338329 -0.250294
v -0.737518 0.0744592 -0.270599
v -0.584006 0.370416 -0.274967
v -0.812323 -0.00184477 0.121777
v -0.777734 -0.00184477 -0.228685
v -0.725194 0.127337 -0.274967
v -0.780496 -0.00184477 -0.225111
v -0.798377 0.0744592 -0.189436
v -0.778079 0.115045 -0.209741
v -0.737518 0.196218 -0.250294
v -0.583108 0.374527 -0.274967
v -0.581037 0.405815 -0.255172
v -0.584662 0.405815 -0.243545
v -0.857407 -0.00184477 0.263856
v -0.713423 0.192706 -0.274967
v -0.71722 0.196218 -0.270599
v -0.80573 -0.00184477 -0.178262
v -0.805143 0.0879879 -0.17588
v -0.798377 0.155632 -0.169131
v -0.744284 0.209707 -0.236795
v -0.700305 0.248617 -0.274003
v -0.705794 0.228344 -0.274967
v -0.581037 0.395279 -0.274967
v -0.581037 0.395399 -0.274683
v -0.581037 0.402063 -0.261354
v -0.581037 0.405815 -0.274967
v -0.60496 0.405815 -0.18263
v -0.686152 0.405815 0.0608617
v -0.742385 0.405815 0.228918
v -0.754329 0.405815 0.263856
v -0.859271 0.0135597 0.277355
v -0.857649 -0.00184477 0.264367
v -0.645556 0.405815 -0.0608555
v -0.826028 -0.00184477 -0.137652
v -0.811909 0.0812036 -0.162381
v -0.811909 0.162416 -0.142076
v -0.805143 0.169161 -0.155575
v -0.778079 0.196218 -0.189436
v -0.784845 0.209707 -0.17588
v -0.740901 0.228344 -0.233392
v -0.646764 0.35565 -0.274967
v -0.699338 0.248138 -0.274967
v -0.680007 0.32983 -0.253697
v -0.61863 0.405815 -0.274967
v -0.755572 0.405815 0.265955
v -0.778079 0.378877 0.29766
v -0.868695 -0.00184477 0.284161
v -0.86476 -0.00184477 0.278263
v -0.873355 -0.00184477 0.29057
v -0.852505 -0.00184477 -0.0811607
v -0.852505 0.0203041 -0.0811607
v -0.825441 0.209707 -0.0947163
v -0.852505 0.101517 -0.0608555
v -0.852505 0.182689 -0.0405504
v -0.845739 0.189474 -0.0541061
v -0.784845 0.250333 -0.155575
v -0.781462 0.228344 -0.172477
v -0.781462 0.26893 -0.152229
v -0.761164 0.289204 -0.172477
v -0.720603 0.309517 -0.213087
v -0.626466 0.396237 -0.274967
v -0.659709 0.370416 -0.253697
v -0.720603 0.405815 -0.152229
v -0.639411 0.405815 -0.253697
v -0.764444 0.405815 0.280588
v -0.766826 0.405815 0.284161
v -0.77625 0.405815 0.298114
v -0.791611 0.385621 0.304466
v -0.893101 -0.00184477 0.304466
v -0.879569 -0.00184477 0.29766
v -0.893101 -0.00184477 0.0202515
v -0.893101 0.0203041 0.0202515
v -0.886335 0.189474 0.0473061
v -0.872803 0.202963 0.0202515
v -0.866037 0.209707 0.00680927
v -0.867729 0.22579 0.0202515
v -0.827133 0.22579 -0.0811607
v -0.822058 0.228344 -0.0913132
v -0.893101 0.101517 0.0405566
v -0.893101 0.182689 0.0608617
v -0.842356 0.309517 0.030404
v -0.740901 0.390729 -0.131923
v -0.679938 0.405815 -0.203105
v -0.726748 0.405815 -0.142076
v -0.791611 0.405815 0.304466
v -0.913399 -0.00184477 0.304466
v -0.912847 -0.00184477 0.0790116
v -0.913399 3.09011e-05 0.0811668
v -0.888027 0.205477 0.0608617
v -0.867729 0.246103 0.0405566
v -0.847431 0.307003 0.0405566
v -0.913399 0.142103 0.182636
v -0.913399 0.162416 0.202941
v -0.893101 0.202963 0.0811668
v -0.806524 0.405815 0.0382879
v -0.745975 0.405815 -0.104132
v -0.812047 0.405815 0.304466
v -0.913399 0.0609304 0.304466
v -0.926931 -0.00184477 0.29766
v -0.913399 -0.00184477 0.0811668
v -0.933662 -0.00184477 0.241679
v -0.933662 0.0406172 0.263856
v -0.852505 0.304448 0.0608617
v -0.832207 0.365348 0.0811668
v -0.827133 0.367862 0.0608617
v -0.811909 0.405815 0.0607483
v -0.807422 0.405815 0.0405566
v -0.933662 0.0609304 0.284161
v -0.913399 0.202963 0.243551
v -0.872803 0.284135 0.142082
v -0.913399 0.223236 0.284161
v -0.893101 0.243549 0.182636
v -0.832207 0.385621 0.304466
v -0.834727 0.405815 0.299419
v -0.893101 0.223236 0.304466
v -0.926931 0.0609304 0.29766
v -0.928623 0.071067 0.294314
v -0.933662 -0.00184477 0.284161
v -0.832207 0.385621 0.121777
v -0.827133 0.388175 0.101472
v -0.822127 0.405815 0.121777
v -0.908325 0.233412 0.294314
v -0.852505 0.385621 0.284161
v -0.872803 0.324762 0.263856
v -0.893101 0.263862 0.243551
v -0.852505 0.345035 0.162331
v -0.8349 0.405815 0.299305
v -0.847431 0.395798 0.294314
v -0.845739 0.385621 0.29766
v -0.906633 0.223236 0.29766
v -0.852505 0.365348 0.223246
v -0.832207 0.405815 0.182522
v -0.842425 0.405815 0.284161
f 1673 1674 1677
f 1673 1677 1683
f 1673 1683 1692
f 1673 1692 1699
f 1673 1699 1719
f 1673 1719 1718
f 1673 1718 1738
f 1673 1738 1721
f 1673 1721 1703
f 1673 1703 1700
f 1673 1700 1688
f 1673 1688 1680
f 1673 1680 1675
f 1673 1675 1681
f 1673 1681 1691
f 1673 1691 1709
f 1673 1709 1725
f 1673 1725 1724
f 1673 1724 1726
f 1673 1726 1747
f 1673 1747 1746
f 1673 1746 1763
f 1673 1763 1776
f 1673 1776 1795
f 1673 1795 1778
f 1673 1778 1777
f 1673 1777 1764
f 1673 1764 1748
f 1673 1748 1727
f 1673 1727 1711
f 1673 1711 1694
f 1673 1694 1684
f 1673 1684 1682
f 1673 1682 1676
f 1673 1676 1678
f 1673 1678 1674
f 1674 1678 1679
f 1674 1679 1677
f 1675 1680 1681
f 1676 1682 1678
f 1677 1679 1683
f 1678 1682 1684
f 1678 1684 1685
f 1678 1685 1679
f 1679 1685 1686
f 1679 1686 1687
f 1679 1687 1683
f 1680 1688 1689
f 1680 1689 1690
f 1680 1690 1691
f 1680 1691 1681
f 1683 1687 1693
f 1683 1693 1692
f 1684 1694 1685
f 1685 1694 1695
f 1685 1695 1714
f 1685 1714 1696
f 1685 1696 1697
f 1685 1697 1686
f 1686 1697 1687
f 1687 1698 1699
f 1687 1699 1693
f 1687 1697 1698
f 1688 1700 1701
f 1688 1701 1702
f 1688 1702 1689
f 1689 1702 1701
f 1689 1701 1700
f 1689 1700 1703
f 1689 1703 1721
f 1689 1721 1741
f 1689 1741 1760
f 1689 1760 1740
f 1689 1740 1761
f 1689 1761 1773
f 1689 1773 1772
f 1689 1772 1784
f 1689 1784 1783
f 1689 1783 1798
f 1689 1798 1809
f 1689 1809 1810
f 1689 1810 1804
f 1689 1804 1791
f 1689 1791 1774
f 1689 1774 1762
f 1689 1762 1744
f 1689 1744 1743
f 1689 1743 1742
f 1689 1742 1722
f 1689 1722 1707
f 1689 1707 1706
f 1689 1706 1705
f 1689 1705 1710
f 1689 1710 1704
f 1689 1704 1690
f 1690 1704 1691
f 1691 1705 1706
f 1691 1706 1707
f 1691 1707 1708
f 1691 1708 1709
f 1691 1704 1710
f 1691 1710 1705
f 1692 1693 1699
f 1694 1711 1695
f 1695 1711 1712
f 1695 1712 1713
f 1695 1713 1714
f 1696 1715 1697
f 1696 1714 1715
f 1697 1715 1716
f 1697 1716 1734
f 1697 1734 1717
f 1697 1717 1698
f 1698 1718 1719
f 1698 1719 1699
f 1698 1717 1720
f 1698 1720 1718
f 1707 1722 1723
f 1707 1723 1708
f 1708 1724 1725
f 1708 1725 1709
f 1708 1723 1726
f 1708 1726 1724
f 1711 1727 1728
f 1711 1728 1712
f 1712 1728 1730
f 1712 1730 1713
f 1713 1729 1714
f 1713 1730 1731
f 1713 1731 1732
f 1713 1732 1729
f 1714 1729 1733
f 1714 1733 1716
f 1714 1716 1715
f 1716 1733 1735
f 1716 1735 1734
f 1717 1734 1735
f 1717 1735 1736
f 1717 1736 1737
f 1717 1737 1720
f 1718 1720 1739
f 1718 1739 1738
f 1720 1737 1740
f 1720 1740 1739
f 1721 1738 1741
f 1722 1742 1723
f 1723 1743 1744
f 1723 1744 1745
f 1723 1745 1746
f 1723 1746 1747
f 1723 1747 1726
f 1723 1742 1743
f 1727 1748 1749
f 1727 1749 1728
f 1728 1749 1756
f 1728 1756 1730
f 1729 1735 1733
f 1729 1732 1750
f 1729 1750 1751
f 1729 1751 1752
f 1729 1752 1753
f 1729 1753 1754
f 1729 1754 1755
f 1729 1755 1735
f 1730 1756 1757
f 1730 1757 1731
f 1731 1757 1750
f 1731 1750 1732
f 1735 1755 1758
f 1735 1758 1759
f 1735 1759 1736
f 1736 1759 1740
f 1736 1740 1737
f 1738 1739 1741
f 1739 1760 1741
f 1739 1740 1760
f 1740 1759 1761
f 1744 1762 1745
f 1745 1762 1774
f 1745 1774 1790
f 1745 1790 1792
f 1745 1792 1775
f 1745 1775 1763
f 1745 1763 1746
f 1748 1764 1749
f 1749 1764 1765
f 1749 1765 1756
f 1750 1757 1766
f 1750 1766 1753
f 1750 1753 1751
f 1751 1753 1752
f 1753 1766 1767
f 1753 1767 1768
f 1753 1768 1754
f 1754 1768 1755
f 1755 1768 1758
f 1756 1765 1757
f 1757 1765 1769
f 1757 1769 1770
f 1757 1770 1786
f 1757 1786 1771
f 1757 1771 1766
f 1758 1768 1772
f 1758 1772 1759
f 1759 1773 1761
f 1759 1772 1773
f 1763 1775 1793
f 1763 1793 1776
f 1764 1777 1765
f 1765 1777 1778
f 1765 1778 1779
f 1765 1779 1769
f 1766 1768 1767
f 1766 1771 1768
f 1768 1771 1780
f 1768 1780 1796
f 1768 1796 1797
f 1768 1797 1781
f 1768 1781 1782
f 1768 1782 1783
f 1768 1783 1784
f 1768 1784 1772
f 1769 1779 1785
f 1769 1785 1770
f 1770 1785 1786
f 1771 1787 1796
f 1771 1796 1780
f 1771 1786 1788
f 1771 1788 1789
f 1771 1789 1787
f 1774 1791 1790
f 1775 1792 1807
f 1775 1807 1793
f 1776 1793 1794
f 1776 1794 1795
f 1778 1795 1785
f 1778 1785 1779
f 1781 1797 1782
f 1782 1797 1783
f 1783 1797 1796
f 1783 1796 1798
f 1785 1795 1794
f 1785 1794 1788
f 1785 1788 1786
f 1787 1789 1803
f 1787 1803 1796
f 1788 1794 1799
f 1788 1799 1805
f 1788 1805 1800
f 1788 1800 1801
f 1788 1801 1802
f 1788 1802 1789
f 1789 1802 1801
f 1789 1801 1808
f 1789 1808 1803
f 1790 1791 1792
f 1791 1804 1805
f 1791 1805 1806
f 1791 1806 1807
f 1791 1807 1792
f 1793 1807 1799
f 1793 1799 1794
f 1796 1803 1808
f 1796 1808 1800
f 1796 1800 1809
f 1796 1809 1798
f 1799 1807 1806
f 1799 1806 1805
f 1800 1805 1810
f 1800 1810 1809
f 1800 1808 1801
f 1804 1810 1805
o convex_13
v 0.933668 -0.00188468 0.284161
v 0.926915 -0.00188468 0.29766
v 0.933668 -0.0812125 0.284161
v 0.933668 -0.00188468 0.241679
v 0.91338 -0.00188468 0.304466
v 0.926915 -0.0879772 0.29766
v 0.91338 -0.202975 0.284161
v 0.933668 -0.0609187 0.243551
v 0.933668 -0.020304 0.223246
v 0.91338 -0.00188468 0.0811668
v 0.91338 -0.0812125 0.304466
v 0.893092 -0.00188468 0.304466
v 0.906627 -0.20974 0.29766
v 0.893092 -0.279424 0.284161
v 0.893092 -0.279424 0.263856
v 0.893092 -0.263857 0.202941
v 0.91338 -0.182654 0.243551
v 0.933668 -0.0405978 0.223246
v 0.893092 -0.223269 0.142082
v 0.91338 -0.101506 0.142082
v 0.91338 -0.0609187 0.101472
v 0.91338 -0.0405978 0.0811668
v 0.908301 -0.0304644 0.0507092
v 0.912918 -0.00188468 0.0790683
v 0.893092 -0.202975 0.304466
v 0.872804 -0.101506 0.304466
v 0.879557 -0.00188468 0.29766
v 0.88631 -0.279424 0.29766
v 0.872804 -0.279424 0.304466
v 0.877537 -0.279424 0.302084
v 0.883972 -0.279424 0.1874
v 0.888013 -0.274017 0.192788
v 0.872804 -0.263857 0.0608617
v 0.893092 -0.142067 0.0608617
v 0.893092 -0.101506 0.0405566
v 0.893092 -0.0609187 0.0202515
v 0.872804 -0.0405978 -0.0405504
v 0.872804 -0.020304 -0.0405504
v 0.893092 -0.00188468 0.0202515
v 0.831823 -0.279424 0.298965
v 0.834998 -0.279424 0.300553
v 0.852487 -0.223269 0.304466
v 0.859269 -0.101506 0.29766
v 0.857566 -0.0913459 0.294314
v 0.868186 -0.00188468 0.281836
v 0.852487 -0.279424 0.304466
v 0.872804 -0.279424 0.101472
v 0.867724 -0.274017 0.0507092
v 0.872804 -0.223269 0.0405566
v 0.872804 -0.182654 0.0202515
v 0.867724 -0.192815 0.0101556
v 0.888013 -0.0710521 0.0101556
v 0.867724 -0.0507583 -0.050703
v 0.827119 -0.0304644 -0.152229
v 0.852487 -0.00188468 -0.0811607
v 0.868186 -0.00188468 -0.0428759
v 0.838952 -0.223269 0.29766
v 0.828476 -0.279424 0.29698
v 0.823079 -0.279424 0.288869
v 0.827119 -0.274017 0.294314
v 0.858518 -0.00188468 0.266862
v 0.85771 -0.00188468 0.265501
v 0.863655 -0.279424 0.0453209
v 0.867724 -0.233403 0.030404
v 0.823079 -0.279424 -0.0561479
v 0.786514 -0.274017 -0.152229
v 0.806831 -0.253696 -0.111618
v 0.827119 -0.0913459 -0.131923
v 0.82559 -0.00188468 -0.136177
v 0.831737 -0.00188468 -0.123869
v 0.806831 -0.11164 -0.172477
v 0.806831 -0.0304644 -0.192782
v 0.820683 -0.279424 0.284161
v 0.857104 -0.00188468 0.264253
v 0.818317 -0.279424 0.279397
v 0.785215 -0.279424 -0.146784
v 0.778433 -0.279424 -0.157617
v 0.725649 -0.274017 -0.233392
v 0.738348 -0.263857 -0.22324
v 0.778087 -0.263857 -0.169131
v 0.778953 -0.223269 -0.18263
v 0.799212 -0.1218 -0.18263
v 0.805301 -0.00188468 -0.176731
v 0.798375 -0.101506 -0.189436
v 0.799212 -0.0405978 -0.202935
v 0.778087 -0.00188468 -0.229989
v 0.792084 -0.00188468 -0.202708
v 0.79396 -0.279424 0.207705
v 0.814277 -0.279424 0.268564
v 0.816961 -0.274017 0.274009
v 0.792084 -0.00188468 0.0610886
v 0.706371 -0.279424 -0.0608555
v 0.753412 -0.279424 0.0859312
v 0.69754 -0.279424 -0.265438
v 0.717194 -0.263857 -0.250294
v 0.738348 -0.1218 -0.26385
v 0.778087 -0.202975 -0.189436
v 0.737511 -0.101506 -0.270599
v 0.778087 -0.0405978 -0.229989
v 0.735346 -0.00650308 -0.274967
v 0.734596 -0.00188468 -0.274967
v 0.688248 -0.00188468 -0.274967
v 0.638869 -0.279424 -0.274967
v 0.68744 -0.279424 -0.274967
v 0.692317 -0.263857 -0.274967
v 0.696905 -0.263857 -0.270599
v 0.724957 -0.132884 -0.274967
v 0.728853 -0.114492 -0.274967
v 0.735346 -0.0405978 -0.274967
f 1811 1812 1816
f 1811 1816 1813
f 1811 1813 1818
f 1811 1818 1828
f 1811 1828 1819
f 1811 1819 1814
f 1811 1814 1820
f 1811 1820 1834
f 1811 1834 1849
f 1811 1849 1866
f 1811 1866 1865
f 1811 1865 1880
f 1811 1880 1879
f 1811 1879 1893
f 1811 1893 1897
f 1811 1897 1896
f 1811 1896 1911
f 1811 1911 1912
f 1811 1912 1901
f 1811 1901 1884
f 1811 1884 1872
f 1811 1872 1871
f 1811 1871 1855
f 1811 1855 1837
f 1811 1837 1822
f 1811 1822 1815
f 1811 1815 1812
f 1812 1815 1821
f 1812 1821 1816
f 1813 1817 1818
f 1813 1816 1823
f 1813 1823 1817
f 1814 1819 1820
f 1815 1822 1836
f 1815 1836 1852
f 1815 1852 1856
f 1815 1856 1839
f 1815 1839 1835
f 1815 1835 1821
f 1816 1821 1835
f 1816 1835 1823
f 1817 1824 1825
f 1817 1825 1826
f 1817 1826 1827
f 1817 1827 1818
f 1817 1823 1824
f 1818 1827 1829
f 1818 1829 1830
f 1818 1830 1831
f 1818 1831 1832
f 1818 1832 1828
f 1819 1828 1832
f 1819 1832 1820
f 1820 1832 1833
f 1820 1833 1834
f 1822 1837 1853
f 1822 1853 1836
f 1823 1838 1824
f 1823 1835 1839
f 1823 1839 1840
f 1823 1840 1838
f 1824 1838 1840
f 1824 1840 1839
f 1824 1839 1856
f 1824 1856 1851
f 1824 1851 1850
f 1824 1850 1868
f 1824 1868 1869
f 1824 1869 1883
f 1824 1883 1885
f 1824 1885 1899
f 1824 1899 1898
f 1824 1898 1903
f 1824 1903 1902
f 1824 1902 1913
f 1824 1913 1914
f 1824 1914 1904
f 1824 1904 1887
f 1824 1887 1886
f 1824 1886 1875
f 1824 1875 1873
f 1824 1873 1857
f 1824 1857 1841
f 1824 1841 1825
f 1825 1841 1842
f 1825 1842 1826
f 1826 1842 1858
f 1826 1858 1843
f 1826 1843 1829
f 1826 1829 1827
f 1829 1843 1831
f 1829 1831 1830
f 1831 1843 1844
f 1831 1844 1832
f 1832 1844 1833
f 1833 1844 1845
f 1833 1845 1846
f 1833 1846 1847
f 1833 1847 1848
f 1833 1848 1849
f 1833 1849 1834
f 1836 1850 1851
f 1836 1851 1852
f 1836 1853 1850
f 1837 1854 1853
f 1837 1855 1854
f 1841 1857 1842
f 1842 1857 1858
f 1843 1858 1859
f 1843 1859 1846
f 1843 1846 1845
f 1843 1845 1844
f 1846 1859 1860
f 1846 1860 1861
f 1846 1861 1862
f 1846 1862 1863
f 1846 1863 1847
f 1847 1863 1864
f 1847 1864 1848
f 1848 1864 1865
f 1848 1865 1866
f 1848 1866 1849
f 1850 1853 1867
f 1850 1867 1868
f 1851 1856 1852
f 1853 1854 1868
f 1853 1868 1867
f 1854 1869 1870
f 1854 1870 1868
f 1854 1855 1871
f 1854 1871 1872
f 1854 1872 1869
f 1857 1873 1858
f 1858 1874 1860
f 1858 1860 1859
f 1858 1873 1875
f 1858 1875 1876
f 1858 1876 1877
f 1858 1877 1874
f 1860 1874 1861
f 1861 1874 1877
f 1861 1877 1878
f 1861 1878 1863
f 1861 1863 1862
f 1863 1878 1864
f 1864 1879 1880
f 1864 1880 1865
f 1864 1878 1881
f 1864 1881 1882
f 1864 1882 1893
f 1864 1893 1879
f 1868 1870 1869
f 1869 1872 1883
f 1872 1884 1885
f 1872 1885 1883
f 1875 1886 1876
f 1876 1886 1887
f 1876 1887 1888
f 1876 1888 1889
f 1876 1889 1890
f 1876 1890 1891
f 1876 1891 1892
f 1876 1892 1881
f 1876 1881 1877
f 1877 1881 1878
f 1881 1892 1894
f 1881 1894 1882
f 1882 1894 1895
f 1882 1895 1896
f 1882 1896 1897
f 1882 1897 1893
f 1884 1898 1899
f 1884 1899 1900
f 1884 1900 1885
f 1884 1901 1902
f 1884 1902 1903
f 1884 1903 1898
f 1885 1900 1899
f 1887 1904 1888
f 1888 1904 1905
f 1888 1905 1889
f 1889 1891 1890
f 1889 1905 1906
f 1889 1906 1891
f 1891 1906 1907
f 1891 1907 1894
f 1891 1894 1892
f 1894 1907 1908
f 1894 1908 1895
f 1895 1909 1896
f 1895 1908 1909
f 1896 1909 1919
f 1896 1919 1910
f 1896 1910 1911
f 1901 1912 1913
f 1901 1913 1902
f 1904 1914 1915
f 1904 1915 1916
f 1904 1916 1905
f 1905 1916 1908
f 1905 1908 1906
f 1906 1908 1907
f 1908 1916 1915
f 1908 1915 1917
f 1908 1917 1918
f 1908 1918 1919
f 1908 1919 1909
f 1910 1919 1918
f 1910 1918 1917
f 1910 1917 1915
f 1910 1915 1914
f 1910 1914 1913
f 1910 1913 1912
f 1910 1912 1911
o convex_14
v 0.558632 -0.746417 0.284161
v 0.575133 -0.737457 0.284161
v 0.558632 -0.745685 0.292953
v 0.558632 -0.745685 0.243551
v 0.561579 -0.744223 0.243551
v 0.575133 -0.737457 0.243551
v 0.636029 -0.696865 0.284161
v 0.619103 -0.705322 0.294314
v 0.558632 -0.745365 0.294484
v 0.558632 -0.735537 0.147811
v 0.636029 -0.696865 0.263856
v 0.595432 -0.717161 0.162331
v 0.676594 -0.656273 0.284161
v 0.629252 -0.69266 0.299362
v 0.558632 -0.742943 0.299362
v 0.558632 -0.734623 0.142082
v 0.656295 -0.676569 0.263856
v 0.61573 -0.696865 0.121777
v 0.636029 -0.676569 0.121777
v 0.575133 -0.717161 0.101472
v 0.757755 -0.554792 0.263856
v 0.757755 -0.554792 0.284161
v 0.786534 -0.517583 0.294314
v 0.679999 -0.644433 0.294314
v 0.669849 -0.652022 0.299362
v 0.696892 -0.615681 0.182636
v 0.669849 -0.629211 0.304466
v 0.608953 -0.6901 0.304466
v 0.558632 -0.720087 0.304466
v 0.558632 -0.724384 0.096027
v 0.558632 -0.694031 -0.0154243
v 0.595432 -0.676569 0.0202515
v 0.717191 -0.575088 0.101472
v 0.676594 -0.595385 0.0405566
v 0.558632 -0.722418 0.0876327
v 0.778905 -0.527731 0.284161
v 0.757755 -0.534496 0.142082
v 0.778054 -0.5142 0.182636
v 0.811907 -0.466888 0.284161
v 0.84743 -0.395852 0.294314
v 0.80513 -0.473654 0.29766
v 0.784831 -0.5142 0.29766
v 0.77131 -0.530245 0.299362
v 0.798353 -0.49395 0.263856
v 0.806832 -0.477036 0.253704
v 0.77131 -0.50748 0.304466
v 0.558632 -0.6901 0.304466
v 0.558632 -0.676295 -0.0470163
v 0.573431 -0.639359 -0.0913132
v 0.575133 -0.676569 -0.0202453
v 0.595432 -0.635977 -0.0608555
v 0.61573 -0.615681 -0.0608555
v 0.61573 -0.635977 -0.0202453
v 0.737457 -0.534496 0.0608617
v 0.758607 -0.50748 0.0608617
v 0.738308 -0.548027 0.101472
v 0.758607 -0.527731 0.121777
v 0.696892 -0.534496 -0.0405504
v 0.778905 -0.50748 0.162331
v 0.786534 -0.497332 0.172483
v 0.893101 -0.284178 0.263856
v 0.893101 -0.284178 0.284161
v 0.886324 -0.290943 0.29766
v 0.845727 -0.392423 0.29766
v 0.825428 -0.433061 0.29766
v 0.867728 -0.314622 0.152178
v 0.888027 -0.294326 0.253704
v 0.806832 -0.436444 0.111625
v 0.811907 -0.426296 0.304466
v 0.834988 -0.279469 0.300553
v 0.558632 -0.677986 0.301404
v 0.832206 -0.304474 0.304466
v 0.558632 -0.64713 -0.0920506
v 0.614028 -0.598767 -0.0913132
v 0.558632 -0.595065 -0.168847
v 0.573431 -0.517583 -0.253697
v 0.674924 -0.517583 -0.111618
v 0.676594 -0.534496 -0.0811607
v 0.737457 -0.5142 0.0202515
v 0.799204 -0.426296 0.0608617
v 0.766235 -0.497332 0.0710143
v 0.778905 -0.487184 0.101472
v 0.745936 -0.497332 0.0101556
v 0.758607 -0.466888 3.09046e-06
v 0.705372 -0.517583 -0.050703
v 0.718042 -0.50748 -0.0405504
v 0.786534 -0.477036 0.111625
v 0.893101 -0.279469 0.263856
v 0.872803 -0.304474 0.162331
v 0.872803 -0.284178 0.101472
v 0.883967 -0.279469 0.1874
v 0.893101 -0.279469 0.284161
v 0.886324 -0.279469 0.29766
v 0.872803 -0.284178 0.304466
v 0.832206 -0.385658 0.304466
v 0.84743 -0.334918 0.0710143
v 0.867728 -0.294326 0.0913194
v 0.806832 -0.416148 0.0710143
v 0.831845 -0.279469 0.298965
v 0.852504 -0.279469 0.304466
v 0.828473 -0.279469 0.29698
v 0.558632 -0.671769 0.298851
v 0.634327 -0.517583 -0.172477
v 0.558632 -0.534176 -0.250011
v 0.573431 -0.497332 -0.274003
v 0.649551 -0.50748 -0.162381
v 0.705372 -0.477036 -0.111618
v 0.697744 -0.50748 -0.0811607
v 0.664775 -0.497332 -0.152229
v 0.839801 -0.345066 0.0608617
v 0.778905 -0.426296 3.09046e-06
v 0.738308 -0.406 -0.121771
v 0.863668 -0.279469 0.0453209
v 0.872803 -0.279469 0.101472
v 0.872803 -0.279469 0.304466
v 0.823071 -0.279469 0.288869
v 0.558632 -0.661484 0.29057
v 0.558632 -0.51388 -0.270316
v 0.558632 -0.513103 -0.270713
v 0.558632 -0.504692 -0.274967
v 0.57294 -0.495413 -0.274967
v 0.654134 -0.3543 -0.274967
v 0.654625 -0.355214 -0.274003
v 0.654625 -0.436444 -0.213087
v 0.715521 -0.436444 -0.131923
v 0.819503 -0.32477 -0.0202453
v 0.8601 -0.284178 0.0405566
v 0.778905 -0.304474 -0.142076
v 0.758607 -0.345066 -0.142076
v 0.823071 -0.279469 -0.0561479
v 0.820681 -0.279469 0.284161
v 0.818324 -0.279469 0.279397
v 0.814264 -0.279469 0.268564
v 0.793966 -0.279469 0.207705
v 0.753368 -0.279469 0.0859312
v 0.702818 -0.284178 -0.0608555
v 0.634523 -0.284178 -0.274967
v 0.593926 -0.345066 -0.274967
v 0.573627 -0.385658 -0.274967
v 0.558632 -0.429084 -0.246324
v 0.558632 -0.419988 -0.274967
v 0.674433 -0.313707 -0.274967
v 0.685073 -0.294326 -0.274003
v 0.735787 -0.37551 -0.152229
v 0.819503 -0.284178 -0.0608555
v 0.776384 -0.294326 -0.152229
v 0.785159 -0.279469 -0.146784
v 0.786534 -0.294326 -0.131923
v 0.706387 -0.279469 -0.0608555
v 0.638877 -0.279469 -0.274967
v 0.564165 -0.406 -0.274967
v 0.558632 -0.421313 -0.267934
v 0.683633 -0.295286 -0.274967
v 0.684582 -0.291491 -0.274967
v 0.68743 -0.279469 -0.274967
v 0.697547 -0.279469 -0.265438
v 0.697744 -0.284178 -0.26385
v 0.758607 -0.284178 -0.18263
v 0.778414 -0.279469 -0.157617
v 0.717551 -0.279469 -0.238781
f 1920 1921 1922
f 1920 1922 1928
f 1920 1928 1934
f 1920 1934 1948
f 1920 1948 1966
f 1920 1966 1990
f 1920 1990 2021
f 1920 2021 2036
f 1920 2036 2059
f 1920 2059 2071
f 1920 2071 2060
f 1920 2060 2039
f 1920 2039 2038
f 1920 2038 2037
f 1920 2037 2023
f 1920 2023 1994
f 1920 1994 1992
f 1920 1992 1967
f 1920 1967 1950
f 1920 1950 1954
f 1920 1954 1949
f 1920 1949 1935
f 1920 1935 1929
f 1920 1929 1923
f 1920 1923 1924
f 1920 1924 1925
f 1920 1925 1921
f 1921 1926 1927
f 1921 1927 1928
f 1921 1928 1922
f 1921 1925 1930
f 1921 1930 1926
f 1923 1929 1924
f 1924 1929 1925
f 1925 1929 1931
f 1925 1931 1930
f 1926 1932 1933
f 1926 1933 1927
f 1926 1930 1932
f 1927 1933 1934
f 1927 1934 1928
f 1929 1935 1931
f 1930 1936 1932
f 1930 1931 1937
f 1930 1937 1938
f 1930 1938 1936
f 1931 1935 1939
f 1931 1939 1937
f 1932 1940 1941
f 1932 1941 1942
f 1932 1942 1943
f 1932 1943 1944
f 1932 1944 1933
f 1932 1936 1938
f 1932 1938 1945
f 1932 1945 1940
f 1933 1944 1946
f 1933 1946 1947
f 1933 1947 1934
f 1934 1947 1948
f 1935 1949 1939
f 1937 1939 1950
f 1937 1950 1951
f 1937 1951 1938
f 1938 1952 1945
f 1938 1951 1953
f 1938 1953 1952
f 1939 1949 1954
f 1939 1954 1950
f 1940 1955 1941
f 1940 1945 1956
f 1940 1956 1957
f 1940 1957 1955
f 1941 1955 1942
f 1942 1958 1959
f 1942 1959 1960
f 1942 1960 1961
f 1942 1961 1962
f 1942 1962 1944
f 1942 1944 1943
f 1942 1955 1957
f 1942 1957 1963
f 1942 1963 1964
f 1942 1964 1958
f 1944 1962 1965
f 1944 1965 1946
f 1945 1952 1956
f 1946 1965 1988
f 1946 1988 2014
f 1946 2014 2013
f 1946 2013 2034
f 1946 2034 2019
f 1946 2019 1991
f 1946 1991 1966
f 1946 1966 1948
f 1946 1948 1947
f 1950 1967 1968
f 1950 1968 1969
f 1950 1969 1951
f 1951 1969 1970
f 1951 1970 1971
f 1951 1971 1972
f 1951 1972 1953
f 1952 1953 1973
f 1952 1973 1974
f 1952 1974 1975
f 1952 1975 1976
f 1952 1976 1956
f 1953 1972 1977
f 1953 1977 1973
f 1956 1976 1978
f 1956 1978 1957
f 1957 1978 1979
f 1957 1979 1963
f 1958 1964 1959
f 1959 1980 1981
f 1959 1981 1982
f 1959 1982 1983
f 1959 1983 1984
f 1959 1984 1960
f 1959 1964 1985
f 1959 1985 1986
f 1959 1986 1980
f 1960 1984 1988
f 1960 1988 1965
f 1960 1965 1961
f 1961 1965 1962
f 1963 1979 1964
f 1964 1979 1987
f 1964 1987 1985
f 1966 1989 1990
f 1966 1991 1989
f 1967 1992 1968
f 1968 1993 1971
f 1968 1971 1970
f 1968 1970 1969
f 1968 1992 1994
f 1968 1994 1995
f 1968 1995 1993
f 1971 1993 1996
f 1971 1996 1997
f 1971 1997 1977
f 1971 1977 1972
f 1973 1977 1998
f 1973 1998 1974
f 1974 1999 2017
f 1974 2017 2000
f 1974 2000 2006
f 1974 2006 2001
f 1974 2001 1978
f 1974 1978 1976
f 1974 1976 1975
f 1974 1998 2002
f 1974 2002 2003
f 1974 2003 2030
f 1974 2030 1999
f 1977 1997 1996
f 1977 1996 2004
f 1977 2004 2005
f 1977 2005 1998
f 1978 2001 2006
f 1978 2006 1979
f 1979 2006 1987
f 1980 2007 2011
f 1980 2011 1981
f 1980 1986 1985
f 1980 1985 2008
f 1980 2008 2009
f 1980 2009 2010
f 1980 2010 2007
f 1981 2011 2012
f 1981 2012 1982
f 1982 2012 2034
f 1982 2034 2013
f 1982 2013 2014
f 1982 2014 1983
f 1983 2014 1988
f 1983 1988 1984
f 1985 1987 2015
f 1985 2015 2016
f 1985 2016 2009
f 1985 2009 2008
f 1987 2006 2000
f 1987 2000 2017
f 1987 2017 2015
f 1989 2018 1990
f 1989 1991 2019
f 1989 2019 2034
f 1989 2034 2012
f 1989 2012 2011
f 1989 2011 2007
f 1989 2007 2010
f 1989 2010 2033
f 1989 2033 2032
f 1989 2032 2049
f 1989 2049 2066
f 1989 2066 2078
f 1989 2078 2079
f 1989 2079 2075
f 1989 2075 2074
f 1989 2074 2069
f 1989 2069 2068
f 1989 2068 2054
f 1989 2054 2053
f 1989 2053 2052
f 1989 2052 2051
f 1989 2051 2050
f 1989 2050 2035
f 1989 2035 2020
f 1989 2020 2018
f 1990 2018 2020
f 1990 2020 2021
f 1993 1995 2022
f 1993 2022 1996
f 1994 2023 1995
f 1995 2023 2024
f 1995 2024 2025
f 1995 2025 2022
f 1996 2026 2027
f 1996 2027 2005
f 1996 2005 2004
f 1996 2022 2025
f 1996 2025 2028
f 1996 2028 2026
f 1998 2005 2002
f 1999 2029 2015
f 1999 2015 2017
f 1999 2030 2029
f 2002 2005 2026
f 2002 2026 2003
f 2003 2026 2031
f 2003 2031 2030
f 2005 2027 2026
f 2009 2016 2032
f 2009 2032 2033
f 2009 2033 2010
f 2015 2029 2032
f 2015 2032 2016
f 2020 2035 2036
f 2020 2036 2021
f 2023 2037 2024
f 2024 2037 2038
f 2024 2038 2039
f 2024 2039 2040
f 2024 2040 2041
f 2024 2041 2042
f 2024 2042 2043
f 2024 2043 2044
f 2024 2044 2028
f 2024 2028 2025
f 2026 2028 2044
f 2026 2044 2031
f 2029 2030 2045
f 2029 2045 2046
f 2029 2046 2032
f 2030 2031 2047
f 2030 2047 2045
f 2031 2044 2048
f 2031 2048 2047
f 2032 2046 2049
f 2035 2050 2036
f 2036 2050 2051
f 2036 2051 2052
f 2036 2052 2053
f 2036 2053 2054
f 2036 2054 2055
f 2036 2055 2056
f 2036 2056 2057
f 2036 2057 2058
f 2036 2058 2059
f 2039 2060 2070
f 2039 2070 2058
f 2039 2058 2057
f 2039 2057 2056
f 2039 2056 2069
f 2039 2069 2074
f 2039 2074 2073
f 2039 2073 2072
f 2039 2072 2061
f 2039 2061 2041
f 2039 2041 2040
f 2041 2061 2062
f 2041 2062 2042
f 2042 2062 2065
f 2042 2065 2063
f 2042 2063 2043
f 2043 2063 2044
f 2044 2063 2048
f 2045 2047 2046
f 2046 2047 2064
f 2046 2064 2049
f 2047 2048 2063
f 2047 2063 2065
f 2047 2065 2066
f 2047 2066 2067
f 2047 2067 2049
f 2047 2049 2064
f 2049 2067 2066
f 2054 2068 2055
f 2055 2068 2056
f 2056 2068 2069
f 2058 2070 2059
f 2059 2070 2071
f 2060 2071 2070
f 2061 2072 2062
f 2062 2072 2073
f 2062 2073 2074
f 2062 2074 2075
f 2062 2075 2076
f 2062 2076 2065
f 2065 2077 2078
f 2065 2078 2066
f 2065 2076 2077
f 2075 2079 2076
f 2076 2079 2078
f 2076 2078 2077
