# https://github.com/mikedh/trimesh
v 0.08458970 0.97316200 0.04233800
v 0.08458970 0.97316200 -0.06336490
v 0.06344230 0.97316200 0.08472870
v 0.23262200 0.95182400 0.12701000
v 0.25376900 0.95182400 0.04233800
v 0.04229480 0.97316200 -0.08461510
v 0.25376900 0.95182400 0.02119740
v 0.23262200 0.95182400 -0.06336490
v 0.21147400 0.95182400 -0.08461510
v 0.00000000 0.97316200 0.14815000
v 0.19032700 0.95182400 0.16929100
v 0.22900200 0.94839500 0.14464500
v 0.24329100 0.94134600 0.15877600
v 0.29606400 0.93067700 0.10586900
v 0.40180100 0.88838200 0.10586900
v 0.35950600 0.90953000 0.00005682
v 0.00000000 0.97316200 -0.10575600
v 0.35950600 0.90953000 -0.02108380
v 0.29606400 0.93067700 -0.06336490
v 0.23262200 0.94668000 -0.08724390
v 0.16917900 0.95182400 -0.10575600
v 0.00000000 0.95182400 0.25396300
v 0.06344230 0.95182400 0.23271300
v -0.04229480 0.97316200 0.12701000
v -0.02114740 0.95182400 0.25396300
v 0.16917900 0.93067700 0.25396300
v 0.21147400 0.93067700 0.23271300
v 0.24329100 0.92019900 0.24333800
v 0.20785400 0.94839500 0.16578600
v 0.26443800 0.92019900 0.22219700
v 0.45476500 0.85675600 0.15877600
v 0.30673300 0.92019900 0.13752500
v 0.41247000 0.87790400 0.13752500
v 0.44409600 0.86723500 0.12701000
v 0.48658100 0.84608700 0.08472870
v 0.10573700 0.95182400 -0.12689600
v 0.10573700 0.94477500 -0.14102600
v 0.10573700 0.93772600 -0.15504700
v 0.00000000 0.95887400 -0.13390700
v -0.01047850 0.96782800 -0.11627100
v -0.13736300 0.94668000 -0.13741200
v -0.12688500 0.95182400 -0.12689600
v -0.23262200 0.95182400 -0.08461510
v -0.04229480 0.97316200 -0.08461510
v 0.48658100 0.84608700 -0.06336490
v 0.37360400 0.90248000 -0.02820370
v 0.31016200 0.92362800 -0.07048480
v 0.29606400 0.92553300 -0.08724390
v 0.25376900 0.92553300 -0.12952500
v 0.19032700 0.94668000 -0.10838500
v 0.19032700 0.93067700 -0.14803700
v 0.04229480 0.90953000 0.35955600
v 0.06344230 0.93067700 0.29613500
v 0.12688500 0.93067700 0.27510400
v -0.08458970 0.97316200 0.08472870
v -0.19032700 0.95182400 0.16929100
v -0.16917900 0.93067700 0.25396300
v -0.12688500 0.93067700 0.27510400
v -0.08458970 0.93067700 0.29613500
v -0.04229480 0.90953000 0.35955600
v 0.21147400 0.90953000 0.29613500
v 0.24329100 0.89905100 0.30665000
v 0.26443800 0.87790400 0.34904100
v 0.30673300 0.89905100 0.24333800
v 0.41247000 0.85675600 0.24333800
v 0.49706000 0.81446100 0.24333800
v 0.51477800 0.81084200 0.21869200
v 0.49363000 0.83198900 0.17630100
v 0.47229200 0.85313600 0.13402000
v 0.51477800 0.83198900 0.09173910
v 0.19032700 0.92362800 -0.16216700
v 0.08458970 0.91657900 -0.17629700
v -0.12688500 0.91657900 -0.17629700
v -0.12688500 0.93772600 -0.15504700
v -0.14803200 0.93867900 -0.14803700
v -0.24329100 0.92553300 -0.13741200
v -0.24329100 0.94668000 -0.09513060
v -0.30673300 0.92553300 -0.07399000
v -0.29606400 0.93067700 -0.06336490
v -0.23262200 0.95182400 0.10586900
v -0.08458970 0.97316200 -0.06336490
v 0.50067900 0.83903800 -0.07048480
v 0.33835900 0.90953000 -0.08461510
v 0.45819400 0.86018600 -0.07048480
v 0.33835900 0.90438600 -0.10838500
v 0.23262200 0.91657900 -0.15504700
v 0.21147400 0.92553300 -0.15066600
v 0.31721100 0.90438600 -0.12952500
v 0.08458970 0.88838200 0.40194700
v 0.16917900 0.90953000 0.31727500
v -0.21147400 0.95182400 0.14815000
v -0.21414100 0.94668000 0.16929100
v -0.21147400 0.93067700 0.23271300
v -0.25376900 0.90953000 0.27510400
v -0.12688500 0.90953000 0.33841600
v -0.21147400 0.88838200 0.35955600
v -0.04934400 0.90248000 0.37368700
v 0.20080500 0.89905100 0.32790000
v 0.24329100 0.85675600 0.41246300
v 0.28558500 0.85675600 0.39132200
v 0.34902800 0.85675600 0.32790000
v 0.37017500 0.85675600 0.30665000
v 0.43361700 0.83560900 0.28561900
v 0.51115800 0.80741200 0.23632800
v 0.45114500 0.81084200 0.32428600
v 0.51820700 0.79331400 0.26447900
v 0.53592500 0.78969400 0.23983300
v 0.57822000 0.76854700 0.19755200
v 0.53592500 0.81084200 0.15516100
v 0.51477800 0.83198900 -0.05635460
v 0.59936700 0.76854700 0.11288000
v 0.57822000 0.78969400 0.02820780
v 0.20080500 0.92019900 -0.16392000
v 0.09506810 0.89905100 -0.18506000
v -0.12688500 0.88838200 -0.19031800
v -0.25376900 0.89543100 -0.17629700
v -0.23262200 0.91657900 -0.15504700
v -0.25376900 0.91753100 -0.14803700
v -0.25376900 0.93867900 -0.10575600
v -0.37017500 0.88323800 -0.13741200
v -0.39132300 0.88323800 -0.11627100
v -0.41247000 0.88323800 -0.07399000
v -0.40180100 0.88838200 -0.06336490
v -0.29606400 0.93067700 0.12701000
v 0.49706000 0.83560900 -0.08987280
v 0.47591200 0.83560900 -0.13215400
v 0.47934200 0.83903800 -0.11276600
v 0.39475200 0.88133300 -0.11276600
v 0.56412200 0.79674300 -0.07048480
v 0.38065400 0.88838200 -0.10575600
v 0.26443800 0.89905100 -0.16392000
v 0.29606400 0.89543100 -0.15504700
v 0.32788000 0.89905100 -0.13215400
v 0.05639310 0.86018600 0.45835900
v 0.09163880 0.87428400 0.43009800
v 0.15508100 0.87428400 0.40895700
v 0.14803200 0.88838200 0.38069700
v -0.04229480 0.88838200 0.40194700
v -0.25376900 0.93067700 0.19043200
v -0.25643600 0.92553300 0.21157200
v -0.23528900 0.92553300 0.23271300
v -0.29873100 0.90438600 0.23271300
v -0.36217300 0.86209100 0.29613500
v -0.26081800 0.90248000 0.28912400
v -0.23528900 0.88323800 0.35955600
v -0.13393400 0.90248000 0.35254600
v -0.21852300 0.88133300 0.37368700
v -0.07049140 0.86018600 0.45835900
v -0.15508100 0.88133300 0.39482700
v 0.17965800 0.87790400 0.39132200
v 0.21852300 0.85313600 0.43009800
v 0.26443800 0.81446100 0.47599400
v 0.34902800 0.79331400 0.45474400
v 0.38770300 0.83198900 0.34553600
v 0.40885000 0.83198900 0.32428600
v 0.42999800 0.81084200 0.34553600
v 0.49706000 0.72987200 0.43360300
v 0.49706000 0.75101900 0.39132200
v 0.47591200 0.79331400 0.32790000
v 0.53935400 0.72987200 0.37018100
v 0.58164900 0.70853400 0.34904100
v 0.64509200 0.68738600 0.28561900
v 0.66281000 0.68395700 0.26097300
v 0.59936700 0.74739900 0.21869200
v 0.62051500 0.74739900 0.15516100
v 0.57822000 0.78969400 -0.05635460
v 0.68395700 0.70510400 0.11288000
v 0.22195300 0.87790400 -0.18506000
v 0.31721100 0.86723500 -0.17717400
v 0.30673300 0.85675600 -0.18506000
v 0.08458970 0.88838200 -0.19031800
v -0.25376900 0.80379200 -0.21145900
v -0.25376900 0.86723500 -0.19031800
v -0.27491600 0.86990200 -0.18506000
v -0.35950600 0.85313600 -0.17629700
v -0.35950600 0.87428400 -0.15504700
v -0.32788000 0.88323800 -0.15866200
v -0.31721100 0.89638400 -0.14803700
v -0.42294800 0.85408900 -0.14803700
v -0.40180100 0.87523600 -0.12689600
v -0.45476500 0.86209100 -0.09513060
v -0.51477800 0.83198900 0.08472870
v -0.48658100 0.84608700 0.08472870
v -0.40180100 0.88838200 0.08472870
v -0.33835900 0.90953000 0.14815000
v -0.29873100 0.92553300 0.14815000
v 0.56050200 0.79331400 -0.08987280
v 0.49706000 0.81446100 -0.14277900
v 0.45476500 0.83560900 -0.15329500
v 0.43361700 0.85675600 -0.13215400
v 0.53935400 0.79331400 -0.13215400
v 0.66985900 0.71215400 -0.09162540
v 0.58526900 0.77559600 -0.09162540
v 0.32788000 0.87790400 -0.16392000
v 0.34902800 0.87790400 -0.15329500
v 0.07049140 0.85313600 0.47237900
v 0.15508100 0.85313600 0.45123900
v -0.34102600 0.90438600 0.16929100
v -0.40446800 0.86209100 0.23271300
v -0.42561600 0.84075300 0.27510400
v -0.42828300 0.83560900 0.28561900
v -0.44943000 0.79331400 0.37018100
v -0.36484100 0.85675600 0.30665000
v -0.34369300 0.85675600 0.32790000
v -0.29873100 0.86209100 0.35955600
v -0.23795600 0.87790400 0.37018100
v -0.21852300 0.86018600 0.41596800
v -0.15508100 0.86018600 0.43710800
v -0.19737600 0.83903800 0.45835900
v -0.09868800 0.83198900 0.49362900
v -0.05639310 0.85313600 0.47237900
v 0.23967100 0.81084200 0.49362900
v 0.24329100 0.79331400 0.51827500
v 0.34902800 0.75101900 0.51827500
v 0.43361700 0.72987200 0.49713500
v 0.45476500 0.72987200 0.47599400
v 0.53935400 0.66623900 0.47599400
v 0.56050200 0.66623900 0.45474400
v 0.60279700 0.64509200 0.43360300
v 0.62394400 0.66623900 0.37018100
v 0.64166200 0.66281000 0.34553600
v 0.68395700 0.66281000 0.26097300
v 0.68395700 0.68395700 0.19755200
v 0.64166200 0.72625200 0.17630100
v 0.68395700 0.70510400 -0.07749520
v 0.70510400 0.68395700 0.11288000
v 0.21147400 0.86723500 -0.19031800
v 0.35950600 0.85313600 -0.17629700
v 0.37017500 0.83560900 -0.18506000
v 0.29606400 0.84608700 -0.19031800
v 0.29606400 0.78264500 -0.21145900
v 0.02114740 0.80379200 -0.21145900
v -0.04000860 0.53840200 -0.27279900
v -0.08458970 0.52982900 -0.27279900
v -0.20918800 0.49610700 -0.27279900
v -0.40180100 0.74035000 -0.21145900
v -0.35950600 0.82494000 -0.19031800
v -0.38065400 0.82760700 -0.18506000
v -0.44409600 0.81084200 -0.17629700
v -0.45476500 0.83027400 -0.15866200
v -0.43361700 0.84075300 -0.15866200
v -0.48658100 0.83294200 -0.12689600
v -0.46524300 0.85408900 -0.10575600
v -0.50772900 0.83294200 -0.08461510
v -0.49706000 0.84075300 -0.07399000
v -0.51477800 0.83198900 -0.06336490
v -0.49363000 0.83198900 0.19043200
v -0.47229200 0.85313600 0.10586900
v -0.57822000 0.78969400 0.06347860
v -0.53592500 0.81084200 0.14815000
v -0.44409600 0.86723500 0.10586900
v -0.46524300 0.84608700 0.19043200
v 0.58164900 0.77216700 -0.11101300
v 0.58164900 0.75101900 -0.15329500
v 0.43361700 0.83560900 -0.16392000
v 0.66623900 0.70853400 -0.11101300
v 0.00342931 0.82856000 0.51115500
v 0.04934400 0.81084200 0.53591100
v 0.11278600 0.78969400 0.55705100
v 0.17622800 0.81084200 0.51477000
v -0.46791000 0.84075300 0.21157200
v -0.46791000 0.81960500 0.27510400
v -0.47057800 0.81446100 0.28561900
v -0.44943000 0.77216700 0.41246300
v -0.42828300 0.79331400 0.39132200
v -0.49172500 0.79331400 0.30665000
v -0.53402000 0.75101900 0.32790000
v -0.30139800 0.85675600 0.37018100
v -0.23795600 0.85675600 0.41246300
v -0.23967100 0.81789100 0.47949900
v -0.22557200 0.81084200 0.49362900
v -0.03524570 0.81084200 0.53591100
v -0.18327800 0.78969400 0.53591100
v 0.21852300 0.78969400 0.53591100
v 0.32426000 0.74739900 0.53591100
v 0.34540800 0.70510400 0.57819200
v 0.37017500 0.70853400 0.56055600
v 0.41247000 0.68738600 0.56055600
v 0.47591200 0.62394400 0.58169700
v 0.49706000 0.66623900 0.51827500
v 0.59936700 0.59936700 0.49362900
v 0.62051500 0.59936700 0.47237900
v 0.64509200 0.60279700 0.43360300
v 0.66623900 0.62394400 0.37018100
v 0.66281000 0.64166200 0.34553600
v 0.68395700 0.64166200 0.30314500
v 0.72625200 0.59936700 0.28211400
v 0.72625200 0.62051500 0.23983300
v 0.70510400 0.68395700 -0.05635460
v 0.76854700 0.59936700 -0.07749520
v 0.69100600 0.69100600 -0.09162540
v 0.68738600 0.68738600 -0.11101300
v 0.72625200 0.66281000 0.09173910
v 0.42294800 0.82494000 -0.17717400
v 0.35950600 0.82494000 -0.19031800
v 0.45476500 0.79331400 -0.18506000
v 0.43361700 0.75101900 -0.20620100
v 0.42294800 0.74035000 -0.21145900
v 0.16917900 0.50601400 -0.27279900
v 0.10573700 0.51935000 -0.27279900
v 0.06344230 0.52716100 -0.27279900
v 0.04553360 0.52982900 -0.27279900
v -0.25376900 0.47457900 -0.27279900
v -0.44409600 0.71920300 -0.21145900
v -0.44409600 0.78264500 -0.19031800
v -0.46524300 0.78531200 -0.18506000
v -0.47591200 0.78798000 -0.17980200
v -0.50772900 0.80379200 -0.14803700
v -0.49706000 0.81960500 -0.13741200
v -0.58164900 0.74568500 -0.15866200
v -0.55002300 0.79064700 -0.12689600
v -0.57117100 0.79064700 -0.08461510
v -0.57822000 0.78969400 -0.06336490
v -0.49363000 0.81084200 0.25396300
v -0.47057800 0.83560900 0.22219700
v -0.53592500 0.78969400 0.23271300
v -0.66281000 0.72625200 0.08472870
v -0.62051500 0.74739900 0.14815000
v 0.62394400 0.72987200 -0.13215400
v 0.66623900 0.68738600 -0.15329500
v 0.60279700 0.70853400 -0.17443500
v 0.55002300 0.74035000 -0.17717400
v 0.56050200 0.75101900 -0.16392000
v 0.48658100 0.78264500 -0.17717400
v 0.01409830 0.77559600 0.58520200
v -0.00704914 0.77559600 0.58520200
v 0.02457670 0.76511700 0.59582700
v 0.15508100 0.74739900 0.59933200
v -0.51477800 0.78969400 0.27510400
v -0.49172500 0.72987200 0.43360300
v -0.47057800 0.72987200 0.45474400
v -0.42828300 0.70853400 0.51827500
v -0.38598800 0.72987200 0.51827500
v -0.34369300 0.79331400 0.45474400
v -0.30139800 0.83560900 0.41246300
v -0.57631500 0.72987200 0.30665000
v -0.61880000 0.68738600 0.32790000
v -0.53402000 0.72987200 0.37018100
v -0.25910400 0.81446100 0.47599400
v -0.26081800 0.79674300 0.50064000
v -0.24672000 0.78969400 0.51477000
v -0.16213000 0.74739900 0.59933200
v 0.23967100 0.74739900 0.57819200
v 0.34540800 0.68395700 0.59933200
v 0.38770300 0.68395700 0.57819200
v 0.41247000 0.66623900 0.58169700
v 0.39132300 0.62394400 0.62408800
v 0.47591200 0.56050200 0.62408800
v 0.51820700 0.56050200 0.60283700
v 0.57822000 0.57822000 0.53591100
v 0.62051500 0.57822000 0.49362900
v 0.68738600 0.49706000 0.49713500
v 0.66623900 0.56050200 0.45474400
v 0.72987200 0.49706000 0.43360300
v 0.72987200 0.53935400 0.37018100
v 0.72987200 0.58164900 0.30665000
v 0.68738600 0.62394400 0.32790000
v 0.77216700 0.53935400 0.28561900
v 0.76854700 0.55707300 0.26097300
v 0.76854700 0.57822000 0.19755200
v 0.72625200 0.66281000 0.07059850
v 0.78969400 0.57822000 0.00706718
v 0.83198900 0.51477800 -0.07749520
v 0.77559600 0.58526900 -0.09162540
v 0.77216700 0.58164900 -0.11101300
v 0.72987200 0.62394400 -0.13215400
v 0.69100600 0.66985900 -0.13390700
v 0.81084200 0.53592500 0.15516100
v 0.78969400 0.57822000 0.09173910
v 0.51820700 0.75101900 -0.18506000
v 0.50772900 0.67690800 -0.21145900
v 0.58164900 0.70853400 -0.18506000
v 0.51820700 0.68738600 -0.20620100
v 0.34902800 0.41247000 -0.27279900
v 0.34255000 0.41723300 -0.27279900
v 0.23757500 0.48124700 -0.27279900
v 0.21318900 0.49096300 -0.27279900
v 0.21109300 0.49172500 -0.27279900
v 0.19832900 0.49610700 -0.27279900
v -0.29835000 0.44523900 -0.27279900
v -0.46524300 0.72187000 -0.20620100
v -0.31721100 0.43228400 -0.27279900
v -0.38294000 0.38179700 -0.27279900
v -0.48658100 0.67690800 -0.21145900
v -0.57117100 0.69805500 -0.19031800
v -0.52887600 0.74301700 -0.18506000
v -0.60279700 0.70339000 -0.17980200
v -0.57117100 0.76149800 -0.14803700
v -0.56050200 0.77731100 -0.13741200
v -0.66623900 0.68224200 -0.15866200
v -0.57822000 0.76854700 -0.12689600
v -0.59936700 0.76854700 -0.08461510
v -0.68395700 0.70510400 -0.06336490
v -0.66281000 0.72625200 0.02119740
v -0.62051500 0.72625200 0.23271300
v -0.70510400 0.68395700 0.12701000
v -0.64166200 0.72625200 0.16929100
v 0.72987200 0.60279700 -0.15329500
v 0.68738600 0.62394400 -0.17443500
v 0.65576100 0.65576100 -0.17717400
v 0.63461300 0.67690800 -0.17717400
v -0.07754050 0.70510400 0.64172300
v 0.09163880 0.70510400 0.64172300
v 0.15508100 0.72625200 0.62047300
v -0.59936700 0.72625200 0.27510400
v -0.61880000 0.64509200 0.41246300
v -0.57631500 0.66623900 0.43360300
v -0.53402000 0.66623900 0.47599400
v -0.47057800 0.66623900 0.53941600
v -0.40713500 0.68738600 0.56055600
v -0.36484100 0.70853400 0.56055600
v -0.28025100 0.79331400 0.49713500
v -0.64166200 0.68395700 0.29613500
v -0.23967100 0.75444800 0.56406100
v -0.22557200 0.74739900 0.57819200
v -0.22557200 0.72625200 0.59933200
v -0.17622800 0.73330100 0.60645200
v -0.18327800 0.68395700 0.64172300
v 0.23967100 0.70510400 0.62047300
v 0.30311300 0.64166200 0.64172300
v 0.34540800 0.62051500 0.64172300
v 0.37017500 0.66623900 0.60283700
v 0.26443800 0.68738600 0.62408800
v 0.37017500 0.60279700 0.64522800
v 0.43361700 0.56050200 0.64522800
v 0.56050200 0.47591200 0.62408800
v 0.53935400 0.53935400 0.60283700
v 0.60279700 0.49706000 0.58169700
v 0.68738600 0.41247000 0.56055600
v 0.72987200 0.45476500 0.47599400
v 0.77216700 0.45476500 0.41246300
v 0.81446100 0.47591200 0.28561900
v 0.78626500 0.53230500 0.25746800
v 0.78969400 0.53592500 0.23983300
v 0.83198900 0.51477800 0.11288000
v 0.83903800 0.50067900 -0.09162540
v 0.83560900 0.49706000 -0.11101300
v 0.79331400 0.53935400 -0.13215400
v 0.81084200 0.49363000 0.26097300
v 0.35836300 0.40408700 -0.27279900
v 0.57117100 0.69805500 -0.19031800
v 0.59231800 0.59231800 -0.21145900
v 0.68738600 0.60279700 -0.18506000
v -0.59231800 0.70072300 -0.18506000
v -0.42523500 0.33950200 -0.27279900
v -0.59231800 0.57117100 -0.21145900
v -0.67690800 0.59231800 -0.19031800
v -0.68738600 0.61880000 -0.17980200
v -0.72987200 0.61880000 -0.13741200
v -0.67690800 0.67690800 -0.14803700
v -0.68395700 0.68395700 -0.12689600
v -0.75101900 0.57631500 -0.15866200
v -0.67690800 0.70605700 -0.08461510
v -0.68738600 0.69272100 -0.09513060
v -0.70510400 0.68395700 -0.06336490
v -0.66281000 0.68395700 0.25396300
v -0.68395700 0.66281000 0.25396300
v -0.78969400 0.57822000 0.06347860
v -0.83198900 0.51477800 0.10586900
v -0.81084200 0.53592500 0.14815000
v -0.81179400 0.52887600 0.16929100
v -0.74835200 0.61346600 0.16929100
v -0.74739900 0.59936700 0.21157200
v 0.79331400 0.51820700 -0.15329500
v 0.75101900 0.53935400 -0.17443500
v -0.09163880 0.69100600 0.64873300
v -0.03524570 0.66281000 0.66286400
v 0.04934400 0.66281000 0.66286400
v 0.08458970 0.67690800 0.65574400
v 0.19737600 0.64166200 0.66286400
v 0.19737600 0.68395700 0.64172300
v -0.57383800 0.54468900 0.57118100
v -0.64166200 0.64166200 0.38069700
v -0.63994800 0.62394400 0.41246300
v -0.49172500 0.60279700 0.58169700
v -0.40713500 0.66623900 0.58169700
v -0.32254600 0.70853400 0.58169700
v -0.30139800 0.75101900 0.53941600
v -0.25910400 0.75101900 0.56055600
v -0.30311300 0.71215400 0.58520200
v -0.23967100 0.71215400 0.60645200
v -0.24672000 0.66281000 0.64172300
v -0.19737600 0.66985900 0.64873300
v 0.32788000 0.62394400 0.64522800
v 0.25376900 0.52887600 0.69813400
v 0.34902800 0.56050200 0.66636900
v 0.39132300 0.47591200 0.68750900
v 0.56050200 0.43361700 0.64522800
v 0.62394400 0.39132300 0.62408800
v 0.62394400 0.43361700 0.60283700
v 0.66623900 0.41247000 0.58169700
v 0.70853400 0.37017500 0.56055600
v 0.72987200 0.39132300 0.51827500
v 0.68395700 0.38770300 0.57819200
v 0.75101900 0.41247000 0.47599400
v 0.79331400 0.41247000 0.41246300
v 0.79331400 0.43361700 0.39132200
v 0.83560900 0.43361700 0.28561900
v 0.85675600 0.43361700 0.20105700
v 0.84608700 0.48658100 0.10586900
v 0.85313600 0.45114500 0.17630100
v 0.87428400 0.42999800 0.11288000
v 0.84608700 0.48658100 -0.08461510
v 0.88133300 0.41589900 -0.07048480
v 0.88323800 0.40180100 -0.08724390
v 0.83560900 0.47591200 -0.13215400
v 0.81446100 0.49706000 -0.14277900
v 0.86209100 0.42294800 -0.12952500
v 0.85675600 0.43361700 -0.13215400
v 0.38294000 0.37951000 -0.27279900
v 0.67690800 0.59231800 -0.19031800
v 0.74035000 0.50772900 -0.19031800
v 0.63461300 0.52887600 -0.21145900
v 0.43952300 0.31244800 -0.27279900
v 0.39132300 0.37017500 -0.27279900
v 0.75101900 0.51820700 -0.18506000
v -0.67690800 0.61613300 -0.18506000
v -0.43895200 0.32216500 -0.27279900
v -0.78264500 0.44409600 -0.19031800
v -0.74035000 0.50772900 -0.19031800
v -0.75101900 0.53402000 -0.17980200
v -0.77216700 0.56583600 -0.13741200
v -0.76854700 0.57822000 -0.12689600
v -0.76854700 0.59936700 -0.08461510
v -0.79331400 0.51287300 -0.15866200
v -0.78969400 0.57822000 -0.06336490
v -0.70605700 0.63461300 0.25396300
v -0.72625200 0.59936700 0.27510400
v -0.68395700 0.64166200 0.29613500
v -0.83198900 0.51477800 -0.06336490
v -0.86209100 0.45476500 0.11638500
v -0.84075300 0.49706000 0.11638500
v -0.84075300 0.47591200 0.20105700
v -0.83198900 0.49363000 0.19043200
v -0.83294200 0.48658100 0.21157200
v -0.76949900 0.57117100 0.21157200
v 0.81084200 0.48658100 -0.15504700
v 0.79331400 0.49706000 -0.16392000
v -0.08458970 0.67690800 0.65574400
v -0.04934400 0.64871100 0.66987400
v -0.19737600 0.62756400 0.66987400
v 0.04229480 0.63461300 0.67688400
v 0.19032700 0.61346600 0.67688400
v 0.22195300 0.62394400 0.66636900
v -0.61880000 0.47591200 0.58169700
v -0.57631500 0.49706000 0.60283700
v -0.56583600 0.53935400 0.58169700
v -0.55707300 0.54297400 0.58520200
v -0.66109500 0.58164900 0.43360300
v -0.66109500 0.53935400 0.47599400
v -0.66109500 0.51820700 0.49713500
v -0.68224200 0.62394400 0.32790000
v -0.78798000 0.47591200 0.34904100
v -0.51287300 0.56050200 0.60283700
v -0.44943000 0.58164900 0.62408800
v -0.38598800 0.62394400 0.62408800
v -0.34369300 0.64509200 0.62408800
v -0.25910400 0.70853400 0.60283700
v -0.28025100 0.64509200 0.64522800
v -0.26081800 0.64871100 0.64873300
v 0.14803200 0.35950600 0.78269700
v 0.17965800 0.37017500 0.77218100
v 0.43361700 0.43361700 0.68750900
v 0.24329100 0.26443800 0.79332200
v 0.53935400 0.39132300 0.66636900
v 0.60279700 0.37017500 0.64522800
v 0.62051500 0.34540800 0.64172300
v 0.66623900 0.30673300 0.62408800
v 0.64166200 0.36655500 0.62047300
v 0.70510400 0.34540800 0.57819200
v 0.75101900 0.26443800 0.56055600
v 0.81446100 0.26443800 0.47599400
v 0.79331400 0.34902800 0.45474400
v 0.81446100 0.32788000 0.43360300
v 0.85675600 0.30673300 0.37018100
v 0.85675600 0.34902800 0.32790000
v 0.87790400 0.32788000 0.28561900
v 0.87790400 0.37017500 0.22219700
v 0.89905100 0.34902800 0.15877600
v 0.87790400 0.41247000 0.13752500
v 0.88838200 0.40180100 0.10586900
v 0.88838200 0.40180100 -0.06336490
v 0.92362800 0.31016200 -0.07048480
v 0.90953000 0.33835900 -0.08461510
v 0.90248000 0.35245700 -0.09162540
v 0.90438600 0.33835900 -0.10838500
v 0.90438600 0.31721100 -0.12952500
v 0.89905100 0.32788000 -0.13215400
v 0.85313600 0.40180100 -0.15504700
v 0.79331400 0.45476500 -0.18506000
v 0.78264500 0.44409600 -0.19031800
v 0.67690800 0.46524300 -0.21145900
v 0.46009900 0.27987000 -0.27279900
v 0.78264500 0.48658100 -0.17717400
v -0.74035000 0.53135300 -0.18506000
v -0.48181800 0.23719400 -0.27279900
v -0.82494000 0.35950600 -0.19031800
v -0.79674300 0.45114500 -0.18330800
v -0.78264500 0.46791000 -0.18506000
v -0.79331400 0.47057800 -0.17980200
v -0.81446100 0.50239400 -0.13741200
v -0.81084200 0.51477800 -0.12689600
v -0.81084200 0.53592500 -0.08461510
v -0.83560900 0.47057800 -0.13741200
v -0.81789100 0.49363000 -0.14102600
v -0.85675600 0.38598800 -0.15866200
v -0.74835200 0.57117100 0.27510400
v -0.70605700 0.61346600 0.29613500
v -0.79845800 0.47591200 0.32790000
v -0.69272100 0.62394400 0.30665000
v -0.83198900 0.49363000 -0.10575600
v -0.84075300 0.48905800 -0.08461510
v -0.84608700 0.48658100 -0.06336490
v -0.90438600 0.37017500 -0.01056820
v -0.88323800 0.41247000 0.07410370
v -0.94668000 0.26443800 0.07410370
v -0.90438600 0.34902800 0.13752500
v -0.88323800 0.39132300 0.15877600
v -0.86209100 0.43361700 0.17991600
v -0.92553300 0.28558500 0.17991600
v -0.86209100 0.41247000 0.22219700
v -0.81179400 0.48658100 0.27510400
v -0.85408900 0.42294800 0.23271300
v -0.87523600 0.29606400 0.33841600
v 0.81084200 0.44409600 -0.17629700
v -0.04229480 0.63461300 0.67688400
v -0.19032700 0.61346600 0.67688400
v -0.21147400 0.55002300 0.69813400
v 0.00000000 0.38065400 0.78269700
v 0.08458970 0.52887600 0.71927500
v -0.61880000 0.39132300 0.62408800
v -0.68224200 0.41247000 0.56055600
v -0.66109500 0.41247000 0.58169700
v -0.55516700 0.47591200 0.62408800
v -0.72453700 0.49706000 0.43360300
v -0.72453700 0.45476500 0.47599400
v -0.79064700 0.44409600 0.38069700
v -0.40713500 0.58164900 0.64522800
v -0.38770300 0.58526900 0.64873300
v 0.14803200 0.29606400 0.80383700
v 0.02114740 0.31721100 0.80383700
v 0.17965800 0.30673300 0.79332200
v 0.26443800 0.24329100 0.79332200
v 0.21147400 0.25376900 0.80383700
v 0.52887600 0.35950600 0.67688400
v 0.58164900 0.30673300 0.66636900
v 0.64509200 0.28558500 0.64522800
v 0.66281000 0.26081800 0.64172300
v 0.68395700 0.28196600 0.62047300
v 0.72625200 0.23967100 0.59933200
v 0.75101900 0.22195300 0.58169700
v 0.74739900 0.23967100 0.57819200
v 0.81084200 0.23967100 0.49362900
v 0.83198900 0.19737600 0.47237900
v 0.83560900 0.22195300 0.45474400
v 0.87790400 0.22195300 0.37018100
v 0.87790400 0.26443800 0.34904100
v 0.89905100 0.28558500 0.26447900
v 0.92019900 0.28558500 0.17991600
v 0.93067700 0.27491600 0.14815000
v 0.93067700 0.29606400 0.06347860
v 0.93067700 0.29606400 -0.06336490
v 0.95182400 0.23262200 -0.08461510
v 0.94477500 0.24672000 -0.09162540
v 0.89543100 0.29606400 -0.15504700
v 0.92553300 0.25376900 -0.12952500
v 0.89543100 0.25376900 -0.17629700
v 0.87790400 0.26443800 -0.18506000
v 0.76149800 0.31721100 -0.21145900
v 0.74035000 0.35950600 -0.21145900
v 0.86723500 0.25376900 -0.19031800
v 0.48124700 0.23757500 -0.27279900
v -0.49286800 0.21052200 -0.27279900
v -0.86723500 0.25376900 -0.19031800
v -0.83903800 0.36655500 -0.18330800
v -0.83560900 0.38598800 -0.17980200
v -0.84075300 0.46791000 -0.12689600
v -0.87790400 0.38598800 -0.13741200
v -0.86209100 0.42561600 -0.12689600
v -0.85313600 0.35245700 -0.17629700
v -0.78969400 0.49363000 0.31727500
v -0.88323800 0.38332100 -0.12689600
v -0.88838200 0.38065400 -0.10575600
v -0.88838200 0.40180100 -0.04222440
v -0.90953000 0.35950600 -0.02108380
v -0.88838200 0.40180100 0.06347860
v -0.95182400 0.25376900 0.06347860
v -0.93067700 0.27491600 0.16929100
v -0.95182400 0.21147400 0.14815000
v -0.94668000 0.22195300 0.15877600
v -0.92553300 0.24329100 0.22219700
v -0.88323800 0.28558500 0.32790000
v -0.87523600 0.23262200 0.38069700
v -0.85408900 0.23262200 0.42308800
v -0.83294200 0.29606400 0.42308800
v -0.08458970 0.38065400 0.78269700
v -0.14803200 0.35950600 0.78269700
v -0.29606400 0.50772900 0.69813400
v -0.62051500 0.33835900 0.64172300
v -0.59746200 0.37017500 0.64522800
v -0.66109500 0.37017500 0.60283700
v -0.68395700 0.33835900 0.59933200
v -0.64166200 0.35950600 0.62047300
v -0.70605700 0.38065400 0.55004100
v -0.70339000 0.37017500 0.56055600
v -0.68395700 0.38065400 0.57819200
v -0.51287300 0.47591200 0.64522800
v -0.74835200 0.42294800 0.46536900
v -0.76683200 0.37017500 0.47599400
v -0.79064700 0.33835900 0.46536900
v -0.40446800 0.57117100 0.65048600
v -0.38065400 0.57117100 0.65574400
v 0.16917900 0.19032700 0.82497800
v 0.06344230 0.23262200 0.82497800
v 0.12688500 0.21147400 0.82497800
v -0.06344230 0.31721100 0.80383700
v 0.25376900 0.21147400 0.80383700
v 0.57117100 0.27491600 0.67688400
v 0.33835900 0.16917900 0.78269700
v 0.63461300 0.25376900 0.65574400
v 0.68395700 0.19737600 0.64172300
v 0.74739900 0.15508100 0.59933200
v 0.76854700 0.15508100 0.57819200
v 0.83198900 0.11278600 0.49362900
v 0.85313600 0.13393400 0.45123900
v 0.87428400 0.19737600 0.38781700
v 0.88838200 0.19032700 0.35955600
v 0.89905100 0.20080500 0.32790000
v 0.89905100 0.24329100 0.30665000
v 0.89905100 0.26443800 0.28561900
v 0.93067700 0.23262200 0.21157200
v 0.95182400 0.21147400 0.14815000
v 0.95182400 0.23262200 0.06347860
v 0.97316200 0.08458970 0.02119740
v 0.97316200 0.06344230 -0.04222440
v 0.97316200 0.02114740 -0.08461510
v 0.97316200 0.00000000 -0.10575600
v 0.95182400 0.10573700 -0.12689600
v 0.94477500 0.10573700 -0.14102600
v 0.92362800 0.23262200 -0.14102600
v 0.91657900 0.23262200 -0.15504700
v 0.91657900 0.14803200 -0.17629700
v 0.89905100 0.15851000 -0.18506000
v 0.88838200 0.14803200 -0.19031800
v 0.50868100 0.16917900 -0.27279900
v 0.50429900 0.19032700 -0.27279900
v 0.50239400 0.19509000 -0.27279900
v -0.49458300 0.20518700 -0.27279900
v -0.52544700 0.10688000 -0.27279900
v -0.52982900 0.08668540 -0.27279900
v -0.88838200 0.10573700 -0.19031800
v -0.88133300 0.26081800 -0.18330800
v -0.87790400 0.28025100 -0.17980200
v -0.87428400 0.35245700 -0.15504700
v -0.89905100 0.28025100 -0.15866200
v -0.92019900 0.25910400 -0.13741200
v -0.89543100 0.24672000 -0.17629700
v -0.92553300 0.25643600 -0.12689600
v -0.92553300 0.29873100 -0.08461510
v -0.90953000 0.33835900 -0.08461510
v -0.93067700 0.29606400 -0.06336490
v -0.95182400 0.23262200 -0.06336490
v -0.97316200 0.08458970 -0.04222440
v -0.97316200 0.08458970 0.10586900
v -0.95182400 0.23262200 0.10586900
v -0.95182400 0.19032700 0.16929100
v -0.94668000 0.20080500 0.17991600
v -0.92553300 0.22195300 0.24333800
v -0.88323800 0.22195300 0.37018100
v -0.86209100 0.22195300 0.41246300
v -0.85408900 0.16917900 0.44422800
v -0.81179400 0.19032700 0.50765000
v -0.76949900 0.23262200 0.55004100
v -0.14803200 0.29606400 0.80383700
v -0.19032700 0.33835900 0.78269700
v -0.31987900 0.50772900 0.69276700
v -0.21414100 0.33835900 0.77743900
v -0.59498500 0.35950600 0.65048600
v -0.64166200 0.29606400 0.64172300
v -0.70510400 0.33835900 0.57819200
v -0.72625200 0.23262200 0.59933200
v -0.68395700 0.27491600 0.62047300
v -0.72720500 0.33835900 0.55004100
v -0.71386800 0.34902800 0.56055600
v -0.51020500 0.46524300 0.65048600
v -0.48905800 0.48658100 0.65048600
v -0.76949900 0.31721100 0.50765000
v -0.42561600 0.48658100 0.67162600
v -0.42561600 0.42294800 0.69276700
v -0.38065400 0.38065400 0.71927500
v 0.14803200 -0.02114740 0.84622800
v 0.19032700 0.14803200 0.82497800
v -0.02114740 0.10573700 0.84622800
v 0.04229480 0.06344230 0.84622800
v 0.12688500 0.00000000 0.84622800
v -0.06344230 0.23262200 0.82497800
v 0.23262200 0.04229480 0.82497800
v 0.35950600 0.12688500 0.78269700
v 0.65576100 0.19032700 0.65574400
v 0.66281000 0.07049140 0.66286400
v 0.70510400 0.04934400 0.64172300
v 0.72625200 0.11278600 0.62047300
v 0.81084200 0.04934400 0.53591100
v 0.85313600 0.04934400 0.47237900
v 0.87428400 0.13393400 0.40895700
v 0.88838200 0.12688500 0.38069700
v 0.90953000 0.16917900 0.31727500
v 0.90953000 0.21147400 0.29613500
v 0.95182400 0.10573700 0.21157200
v 0.97316200 0.02114740 0.14815000
v 0.97316200 0.06344230 0.10586900
v 0.97316200 0.08458970 0.06347860
v 0.97316200 -0.04229480 -0.08461510
v 0.95182400 -0.16917900 -0.10575600
v 0.94668000 -0.17965800 -0.11627100
v 0.94668000 -0.11621600 -0.13741200
v 0.96782800 -0.01047850 -0.11627100
v 0.95887400 0.00000000 -0.13390700
v 0.93772600 0.10573700 -0.15504700
v 0.91657900 -0.12688500 -0.17629700
v 0.88838200 -0.12688500 -0.19031800
v 0.52982900 0.02438620 -0.27279900
v 0.52716100 0.04839140 -0.27279900
v 0.51935000 0.10573700 -0.27279900
v -0.52982900 -0.06439480 -0.27279900
v -0.88838200 -0.12688500 -0.19031800
v -0.90248000 0.11278600 -0.18330800
v -0.90248000 0.26081800 -0.16216700
v -0.92362800 0.23967100 -0.14102600
v -0.91657900 0.09868800 -0.17629700
v -0.93772600 0.11983500 -0.15504700
v -0.91657900 0.22557200 -0.15504700
v -0.94668000 0.23528900 -0.08461510
v -0.95182400 0.21147400 -0.08461510
v -0.97316200 0.04229480 -0.08461510
v -0.97316200 0.06344230 0.12701000
v -0.97316200 0.02114740 0.14815000
v -0.95182400 0.04229480 0.23271300
v -0.93067700 0.12688500 0.27510400
v -0.93067700 0.16917900 0.25396300
v -0.93067700 0.21147400 0.23271300
v -0.92553300 0.13736300 0.28561900
v -0.86209100 0.15851000 0.43360300
v -0.92553300 0.03162590 0.32790000
v -0.85313600 0.14803200 0.45123900
v -0.81084200 0.16917900 0.51477000
v -0.76949900 0.16917900 0.57118100
v -0.74739900 0.23262200 0.57819200
v -0.74739900 0.31721100 0.53591100
v -0.14803200 0.21147400 0.82497800
v -0.17184700 0.29606400 0.79858000
v -0.25376900 0.21147400 0.80383700
v -0.29606400 0.31721100 0.76155600
v -0.27758400 0.21147400 0.79858000
v -0.61613300 0.31721100 0.65048600
v -0.50772900 0.29606400 0.69813400
v -0.52887600 0.35950600 0.67688400
v -0.53135300 0.38065400 0.67162600
v -0.68395700 0.16917900 0.64172300
v -0.62051500 0.23262200 0.66286400
v -0.61346600 0.29606400 0.65574400
v -0.74739900 0.16917900 0.59933200
v -0.70510400 0.21147400 0.62047300
v -0.46791000 0.38065400 0.69276700
v 0.14803200 -0.04229480 0.84622800
v 0.16556000 -0.02457670 0.84261300
v -0.10573700 0.10573700 0.84622800
v 0.23262200 -0.06344230 0.82497800
v 0.42294800 -0.02114740 0.76155600
v 0.52887600 0.02114740 0.71927500
v 0.63461300 0.06344230 0.67688400
v 0.66281000 -0.03524570 0.66286400
v 0.70510400 -0.05639310 0.64172300
v 0.81084200 -0.03524570 0.53591100
v 0.85313600 -0.01409830 0.47237900
v 0.86018600 0.03524570 0.45835900
v 0.89543100 0.04934400 0.38781700
v 0.90953000 0.04229480 0.35955600
v 0.93067700 0.02114740 0.31727500
v 0.95182400 0.02114740 0.25396300
v 0.97316200 0.00000000 0.14815000
v 0.97316200 -0.08458970 -0.04222440
v 0.95182400 -0.21147400 -0.08461510
v 0.94668000 -0.22195300 -0.09513060
v 0.92553300 -0.24329100 -0.13741200
v 0.93867900 -0.12688500 -0.14803700
v 0.93772600 -0.10573700 -0.15504700
v 0.91657900 -0.23262200 -0.15504700
v 0.89543100 -0.23262200 -0.17629700
v 0.86723500 -0.23262200 -0.19031800
v 0.76149800 -0.33835900 -0.21145900
v 0.52982900 -0.08458970 -0.27279900
v -0.76149800 -0.27491600 -0.21145900
v -0.86723500 -0.23262200 -0.19031800
v -0.49286800 -0.21795200 -0.27279900
v -0.91657900 -0.13393400 -0.17629700
v -0.94477500 0.13393400 -0.14102600
v -0.95887400 -0.00704914 -0.13390700
v -0.95182400 0.12688500 -0.12689600
v -0.97316200 0.00000000 -0.10575600
v -0.97316200 -0.02114740 0.14815000
v -0.94668000 0.01047850 0.26447900
v -0.93067700 0.02114740 0.31727500
v -0.86209100 0.05277330 0.45474400
v -0.88323800 0.05277330 0.41246300
v -0.93067700 0.00000000 0.31727500
v -0.88838200 -0.04229480 0.40194700
v -0.86723500 -0.06344230 0.44422800
v -0.86018600 -0.06344230 0.45835900
v -0.90438600 0.03162590 0.37018100
v -0.85313600 0.04229480 0.47237900
v -0.83198900 0.10573700 0.49362900
v -0.78969400 0.10573700 0.55705100
v -0.76854700 0.14803200 0.57819200
v -0.19032700 0.16917900 0.82497800
v -0.27491600 0.19032700 0.80383700
v -0.48905800 0.25376900 0.71390800
v -0.48658100 0.23262200 0.71927500
v -0.59498500 0.25376900 0.67162600
v -0.52887600 0.25376900 0.69813400
v -0.66281000 0.06344230 0.66286400
v -0.64166200 0.16917900 0.66286400
v -0.72625200 0.12688500 0.62047300
v -0.73330100 0.02114740 0.62759300
v -0.70510400 0.04229480 0.64172300
v -0.59231800 0.23262200 0.67688400
v -0.74739900 0.00000000 0.62047300
v 0.21147400 -0.12688500 0.82497800
v 0.04229480 -0.14803200 0.84622800
v -0.12688500 0.00000000 0.84622800
v -0.21147400 0.10573700 0.82497800
v -0.25376900 -0.04229480 0.82497800
v 0.29606400 -0.10573700 0.80383700
v 0.42294800 -0.08458970 0.76155600
v 0.52887600 -0.08458970 0.71927500
v 0.63461300 -0.04229480 0.67688400
v 0.64871100 -0.04934400 0.66987400
v 0.69100600 -0.07049140 0.64873300
v 0.71215400 -0.15508100 0.62759300
v 0.72625200 -0.14098300 0.62047300
v 0.76854700 -0.11983500 0.57819200
v 0.78969400 -0.09868800 0.55705100
v 0.85313600 -0.14098300 0.45123900
v 0.86018600 -0.02819660 0.45835900
v 0.88838200 0.04229480 0.40194700
v 0.91657900 0.02819660 0.34553600
v 0.93067700 -0.02114740 0.31727500
v 0.95182400 0.00000000 0.25396300
v 0.97316200 -0.04229480 0.12701000
v 0.97316200 -0.08458970 0.08472870
v 0.95182400 -0.25376900 0.00005682
v 0.94668000 -0.26443800 -0.01056820
v 0.94668000 -0.24329100 -0.05284940
v 0.92553300 -0.28558500 -0.09513060
v 0.90438600 -0.30673300 -0.13741200
v 0.91753100 -0.25376900 -0.14803700
v 0.90438600 -0.26443800 -0.15866200
v 0.85313600 -0.35950600 -0.17629700
v 0.82494000 -0.35950600 -0.19031800
v 0.74035000 -0.40180100 -0.21145900
v 0.51687300 -0.12688500 -0.27279900
v -0.74035000 -0.35950600 -0.21145900
v -0.89543100 -0.23967100 -0.17629700
v -0.82494000 -0.35950600 -0.19031800
v -0.47172100 -0.26024700 -0.27279900
v -0.91657900 -0.23967100 -0.15504700
v -0.93772600 -0.11278600 -0.15504700
v -0.96592300 0.00704914 -0.11977600
v -0.97316200 -0.04229480 -0.08461510
v -0.95182400 -0.10573700 -0.12689600
v -0.95182400 -0.16917900 -0.10575600
v -0.97316200 -0.06344230 0.12701000
v -0.95182400 -0.14803200 0.19043200
v -0.95182400 -0.04229480 0.23271300
v -0.84075300 -0.01047850 0.49713500
v -0.93067700 -0.12688500 0.27510400
v -0.90953000 -0.10573700 0.33841600
v -0.86723500 -0.14803200 0.42308800
v -0.85313600 -0.14803200 0.45123900
v -0.85313600 -0.06344230 0.47237900
v -0.83294200 0.00000000 0.50765000
v -0.81084200 0.04229480 0.53591100
v -0.40180100 0.16917900 0.76155600
v -0.35950600 0.10573700 0.78269700
v -0.38065400 0.02114740 0.78269700
v -0.31721100 0.00000000 0.80383700
v -0.50772900 0.16917900 0.71927500
v -0.66281000 -0.04229480 0.66286400
v -0.63461300 0.06344230 0.67688400
v -0.72987200 -0.01047850 0.62934500
v -0.61346600 0.16917900 0.67688400
v -0.81084200 -0.06344230 0.53591100
v -0.76854700 -0.14803200 0.57819200
v -0.74739900 -0.16917900 0.59933200
v -0.72625200 -0.14803200 0.62047300
v -0.68395700 -0.21147400 0.64172300
v -0.70510400 -0.04229480 0.64172300
v 0.25376900 -0.21147400 0.80383700
v 0.12688500 -0.21147400 0.82497800
v 0.08458970 -0.23262200 0.82497800
v -0.02114740 -0.14803200 0.84622800
v -0.06344230 -0.31721100 0.80383700
v -0.12688500 -0.08458970 0.84622800
v -0.25376900 -0.08458970 0.82497800
v 0.35950600 -0.12688500 0.78269700
v 0.57117100 -0.14803200 0.69813400
v 0.62756400 -0.17622800 0.66987400
v 0.66985900 -0.17622800 0.64873300
v 0.69100600 -0.23967100 0.62759300
v 0.70510400 -0.22557200 0.62047300
v 0.72625200 -0.22557200 0.59933200
v 0.78969400 -0.20442500 0.53591100
v 0.86018600 -0.15508100 0.43710800
v 0.88133300 -0.04934400 0.41596800
v 0.88838200 -0.04229480 0.40194700
v 0.91657900 -0.01409830 0.34553600
v 0.92362800 -0.02819660 0.33140500
v 0.88838200 -0.14803200 0.38069700
v 0.90953000 -0.23262200 0.29613500
v 0.95182400 -0.12688500 0.19043200
v 0.95182400 -0.19032700 0.14815000
v 0.95182400 -0.23262200 0.10586900
v 0.93067700 -0.29606400 0.08472870
v 0.90953000 -0.35950600 0.02119740
v 0.92553300 -0.30673300 -0.05284940
v 0.86723500 -0.44409600 -0.08461510
v 0.86209100 -0.45476500 -0.09513060
v 0.90438600 -0.32788000 -0.11627100
v 0.89638400 -0.33835900 -0.12689600
v 0.86209100 -0.41247000 -0.13741200
v 0.89543100 -0.29606400 -0.15504700
v 0.85313600 -0.40180100 -0.15504700
v 0.81084200 -0.48658100 -0.15504700
v 0.81084200 -0.44409600 -0.17629700
v 0.82760700 -0.38065400 -0.18506000
v 0.78264500 -0.44409600 -0.19031800
v 0.71920300 -0.44409600 -0.21145900
v 0.45971800 -0.27491600 -0.27279900
v 0.48753400 -0.21147400 -0.27279900
v 0.49572600 -0.19032700 -0.27279900
v -0.71920300 -0.40180100 -0.21145900
v -0.89905100 -0.28558500 -0.15866200
v -0.85313600 -0.36655500 -0.17629700
v -0.78264500 -0.44409600 -0.19031800
v -0.83560900 -0.39132300 -0.17980200
v -0.40408700 -0.36179200 -0.27279900
v -0.92019900 -0.26443800 -0.13741200
v -0.93772600 -0.17622800 -0.13390700
v -0.91314900 -0.25738900 -0.15154200
v -0.97316200 -0.08458970 -0.04222440
v -0.95182400 -0.21147400 -0.08461510
v -0.94134600 -0.20080500 -0.11627100
v -0.94134600 -0.24329100 -0.09513060
v -0.97316200 -0.08458970 0.08472870
v -0.95182400 -0.23262200 0.12701000
v -0.95182400 -0.21147400 0.14815000
v -0.93067700 -0.21147400 0.23271300
v -0.93067700 -0.16917900 0.25396300
v -0.90953000 -0.23262200 0.29613500
v -0.86209100 -0.16917900 0.42571700
v -0.81084200 -0.23262200 0.49362900
v -0.81084200 -0.16917900 0.51477000
v -0.46524300 0.12688500 0.74041600
v -0.38065400 0.00000000 0.78269700
v -0.57117100 0.12688500 0.69813400
v -0.48658100 -0.06344230 0.74041600
v -0.64509200 -0.05277330 0.67162600
v -0.63461300 -0.04229480 0.67688400
v -0.78969400 -0.21147400 0.53591100
v -0.74739900 -0.23262200 0.57819200
v -0.72625200 -0.23262200 0.59933200
v -0.68395700 -0.33835900 0.59933200
v -0.65576100 -0.27491600 0.64259900
v -0.66623900 -0.22195300 0.65048600
v -0.68738600 -0.05277330 0.65048600
v 0.21147400 -0.25376900 0.80383700
v 0.25376900 -0.23528900 0.79858000
v 0.48658100 -0.33835900 0.69813400
v 0.33835900 -0.16917900 0.78269700
v 0.02114740 -0.38065400 0.78269700
v 0.10573700 -0.29606400 0.80383700
v 0.16917900 -0.27491600 0.80383700
v -0.10573700 -0.10573700 0.84622800
v -0.12688500 -0.23262200 0.82497800
v -0.12688500 -0.31721100 0.80383700
v -0.23262200 -0.12688500 0.82497800
v -0.31721100 -0.08458970 0.80383700
v -0.26443800 -0.09506810 0.81972000
v 0.52887600 -0.25376900 0.69813400
v 0.64871100 -0.23967100 0.64873300
v 0.58526900 -0.28196600 0.66987400
v 0.68738600 -0.25910400 0.62408800
v 0.62756400 -0.36655500 0.62759300
v 0.72987200 -0.25910400 0.58169700
v 0.79331400 -0.23795600 0.51827500
v 0.79674300 -0.21852300 0.52178000
v 0.88133300 -0.15508100 0.39482700
v 0.83903800 -0.19737600 0.45835900
v 0.90248000 -0.23967100 0.31026500
v 0.88323800 -0.31987900 0.27510400
v 0.90438600 -0.27758400 0.25396300
v 0.93067700 -0.23262200 0.21157200
v 0.93067700 -0.27491600 0.14815000
v 0.88838200 -0.38065400 0.14815000
v 0.88838200 -0.40180100 0.06347860
v 0.90438600 -0.37017500 0.01068190
v 0.88323800 -0.41247000 -0.03170880
v 0.83198900 -0.51477800 0.08472870
v 0.83198900 -0.51477800 0.00005682
v 0.85313600 -0.47229200 -0.08461510
v 0.85408900 -0.46524300 -0.10575600
v 0.85408900 -0.44409600 -0.12689600
v 0.83294200 -0.48658100 -0.12689600
v 0.83027400 -0.47591200 -0.13741200
v 0.81960500 -0.49706000 -0.13741200
v 0.80379200 -0.50772900 -0.14803700
v 0.78798000 -0.51820700 -0.15866200
v 0.78798000 -0.47591200 -0.17980200
v 0.78531200 -0.46524300 -0.18506000
v 0.72187000 -0.46524300 -0.20620100
v 0.69805500 -0.57117100 -0.19031800
v 0.67690800 -0.48658100 -0.21145900
v 0.41037400 -0.34464600 -0.27279900
v 0.43228400 -0.31721100 -0.27279900
v 0.44523900 -0.29835000 -0.27279900
v -0.69805500 -0.57117100 -0.19031800
v -0.74035000 -0.50772900 -0.19031800
v -0.89543100 -0.30311300 -0.15504700
v -0.89905100 -0.32788000 -0.13741200
v -0.83560900 -0.45476500 -0.15866200
v -0.79331400 -0.47591200 -0.17980200
v -0.32616600 -0.43190300 -0.27279900
v -0.57117100 -0.69805500 -0.19031800
v -0.95182400 -0.23262200 -0.06336490
v -0.94839500 -0.22900200 -0.08100030
v -0.92019900 -0.30673300 -0.09513060
v -0.93067700 -0.29606400 0.10586900
v -0.94477500 -0.24672000 0.13402000
v -0.94668000 -0.23262200 0.15077900
v -0.92553300 -0.23262200 0.23545100
v -0.90438600 -0.25376900 0.29876300
v -0.86209100 -0.25376900 0.38343500
v -0.81960500 -0.25376900 0.46799800
v -0.81446100 -0.26443800 0.47062700
v -0.78969400 -0.25376900 0.51477000
v -0.52887600 -0.14803200 0.71927500
v -0.53935400 -0.15851000 0.71390800
v -0.74739900 -0.27491600 0.55705100
v -0.70853400 -0.30673300 0.58706400
v -0.66623900 -0.41247000 0.57643900
v -0.66623900 -0.39132300 0.58706400
v -0.66623900 -0.34902800 0.60820500
v -0.65576100 -0.33835900 0.62134900
v -0.70853400 -0.32788000 0.57643900
v -0.63461300 -0.31721100 0.64259900
v -0.64509200 -0.26443800 0.65048600
v 0.16917900 -0.33835900 0.78269700
v 0.23262200 -0.25643600 0.79858000
v 0.44409600 -0.40180100 0.69813400
v 0.48658100 -0.36217300 0.69276700
v 0.50067900 -0.34540800 0.69101500
v 0.56412200 -0.32426000 0.66987400
v 0.04229480 -0.59231800 0.69813400
v 0.08458970 -0.52887600 0.71927500
v 0.10573700 -0.35950600 0.78269700
v 0.00000000 -0.38065400 0.78269700
v -0.13736300 -0.24329100 0.81972000
v -0.13736300 -0.32788000 0.79858000
v -0.06344230 -0.63461300 0.67688400
v 0.00000000 -0.59231800 0.69813400
v -0.24329100 -0.13736300 0.81972000
v -0.32788000 -0.09506810 0.79858000
v 0.68738600 -0.40713500 0.56055600
v 0.62394400 -0.38598800 0.62408800
v 0.58526900 -0.36655500 0.64873300
v 0.75101900 -0.30139800 0.53941600
v 0.75101900 -0.40713500 0.47599400
v 0.79331400 -0.30139800 0.47599400
v 0.83560900 -0.25910400 0.43360300
v 0.83560900 -0.21680900 0.45474400
v 0.83903800 -0.23967100 0.43710800
v 0.87790400 -0.25910400 0.34904100
v 0.85675600 -0.32254600 0.34904100
v 0.86209100 -0.31987900 0.33841600
v 0.86209100 -0.34102600 0.31727500
v 0.86209100 -0.40446800 0.23271300
v 0.92553300 -0.27758400 0.16929100
v 0.86723500 -0.44409600 0.08472870
v 0.88323800 -0.38332100 0.16929100
v 0.84608700 -0.46524300 0.19043200
v 0.84608700 -0.48658100 0.08472870
v 0.83198900 -0.49363000 0.19043200
v 0.81084200 -0.53592500 0.14815000
v 0.76854700 -0.59936700 0.10586900
v 0.72625200 -0.66281000 0.00005682
v 0.72625200 -0.66281000 -0.02108380
v 0.76854700 -0.59936700 -0.08461510
v 0.81084200 -0.53592500 -0.08461510
v 0.81179400 -0.52887600 -0.10575600
v 0.76949900 -0.57117100 -0.12689600
v 0.78798000 -0.53935400 -0.13741200
v 0.74035000 -0.59231800 -0.14803700
v 0.72453700 -0.60279700 -0.15866200
v 0.70339000 -0.60279700 -0.17980200
v 0.74301700 -0.52887600 -0.18506000
v 0.70072300 -0.59231800 -0.18506000
v 0.57117100 -0.69805500 -0.19031800
v 0.57117100 -0.59231800 -0.21145900
v 0.34693200 -0.40808800 -0.27279900
v -0.70853400 -0.60279700 -0.17980200
v -0.75101900 -0.53935400 -0.17980200
v -0.85675600 -0.43361700 -0.13741200
v -0.89905100 -0.34902800 -0.11627100
v -0.79331400 -0.51820700 -0.15866200
v -0.83560900 -0.49706000 -0.11627100
v -0.85675600 -0.45476500 -0.11627100
v -0.30254100 -0.45057300 -0.27279900
v -0.53935400 -0.75101900 -0.17980200
v -0.60279700 -0.70853400 -0.17980200
v -0.50772900 -0.74035000 -0.19031800
v -0.93067700 -0.29606400 -0.06336490
v -0.87790400 -0.41247000 -0.09513060
v -0.88838200 -0.40180100 0.08472870
v -0.86723500 -0.44409600 0.10586900
v -0.92362800 -0.31016200 0.11288000
v -0.90248000 -0.26786700 0.28211400
v -0.88323800 -0.31721100 0.27773200
v -0.86209100 -0.33835900 0.31990400
v -0.85675600 -0.30673300 0.36492400
v -0.86209100 -0.29606400 0.36218500
v -0.79331400 -0.41247000 0.40720500
v -0.79331400 -0.28558500 0.49176700
v -0.72987200 -0.39132300 0.51301700
v -0.72625200 -0.35950600 0.53591100
v -0.60279700 -0.24329100 0.67162600
v -0.53935400 -0.26443800 0.69276700
v -0.51820700 -0.20080500 0.71390800
v -0.70853400 -0.43361700 0.51301700
v -0.66623900 -0.47591200 0.53415800
v -0.64509200 -0.47591200 0.55529900
v -0.62394400 -0.43361700 0.59758000
v -0.62394400 -0.41247000 0.60820500
v -0.61346600 -0.40180100 0.62134900
v -0.60279700 -0.34902800 0.65048600
v 0.19032700 -0.34102600 0.77743900
v 0.14803200 -0.40180100 0.76155600
v 0.19032700 -0.55002300 0.69813400
v 0.31721100 -0.55002300 0.67688400
v 0.33835900 -0.55269100 0.67162600
v 0.46524300 -0.46791000 0.67162600
v 0.45819400 -0.40885000 0.69101500
v 0.47591200 -0.47057800 0.66636900
v 0.52887600 -0.44676300 0.65048600
v 0.55002300 -0.34102600 0.67162600
v 0.56050200 -0.34369300 0.66636900
v 0.06344230 -0.70510400 0.64172300
v 0.06344230 -0.66281000 0.66286400
v 0.06344230 -0.63461300 0.67688400
v 0.19032700 -0.65576100 0.65574400
v 0.12688500 -0.57117100 0.69813400
v -0.24329100 -0.30673300 0.77743900
v -0.12688500 -0.57117100 0.69813400
v -0.22195300 -0.32788000 0.77743900
v -0.39132300 -0.58164900 0.65048600
v -0.32788000 -0.56050200 0.67162600
v -0.26443800 -0.64509200 0.65048600
v -0.17965800 -0.62394400 0.67162600
v -0.10573700 -0.67690800 0.65574400
v -0.10573700 -0.70510400 0.64172300
v -0.30673300 -0.24329100 0.77743900
v 0.66623900 -0.49172500 0.51827500
v 0.72987200 -0.44943000 0.47599400
v 0.72987200 -0.38598800 0.51827500
v 0.62394400 -0.42828300 0.60283700
v 0.60279700 -0.49172500 0.58169700
v 0.58164900 -0.38598800 0.64522800
v 0.58164900 -0.44943000 0.62408800
v 0.77216700 -0.44943000 0.41246300
v 0.79331400 -0.42828300 0.39132200
v 0.85675600 -0.34369300 0.32790000
v 0.79331400 -0.44943000 0.37018100
v 0.79845800 -0.44676300 0.35955600
v 0.81960500 -0.46791000 0.27510400
v 0.86209100 -0.42561600 0.19043200
v 0.84075300 -0.46791000 0.21157200
v 0.83560900 -0.47057800 0.22219700
v 0.81084200 -0.49363000 0.25396300
v 0.81084200 -0.51477800 0.21157200
v 0.78969400 -0.55707300 0.16929100
v 0.70510400 -0.68395700 0.08472870
v 0.70510400 -0.68395700 -0.02108380
v 0.66281000 -0.70510400 -0.12689600
v 0.73501600 -0.64509200 -0.05284940
v 0.74739900 -0.59936700 -0.12689600
v 0.76683200 -0.58164900 -0.11627100
v 0.77731100 -0.58164900 -0.09513060
v 0.75616300 -0.58164900 -0.13741200
v 0.67157300 -0.68738600 -0.13741200
v 0.65842800 -0.69805500 -0.14277900
v 0.61880000 -0.68738600 -0.17980200
v 0.59498500 -0.69805500 -0.18506000
v 0.42294800 -0.78264500 -0.19031800
v 0.31721100 -0.78264500 -0.21145900
v 0.38065400 -0.74035000 -0.21145900
v 0.46524300 -0.67690800 -0.21145900
v 0.34502700 -0.40961200 -0.27279900
v -0.68395700 -0.68395700 -0.13390700
v -0.72987200 -0.60279700 -0.15866200
v -0.79331400 -0.53935400 -0.13741200
v -0.83198900 -0.51477800 -0.09162540
v -0.72987200 -0.62394400 -0.13741200
v -0.86723500 -0.44409600 -0.08461510
v -0.85313600 -0.47229200 -0.09162540
v -0.40180100 -0.80379200 -0.19031800
v -0.26024700 -0.47172100 -0.27279900
v -0.51820700 -0.79331400 -0.15866200
v -0.43361700 -0.81446100 -0.17980200
v -0.60279700 -0.72987200 -0.15866200
v -0.88838200 -0.40180100 -0.06336490
v -0.84608700 -0.48658100 0.10586900
v -0.86018600 -0.45819400 0.11288000
v -0.83903800 -0.47934200 0.17630100
v -0.83903800 -0.45819400 0.21869200
v -0.86209100 -0.38065400 0.25659200
v -0.81446100 -0.47591200 0.28036100
v -0.85675600 -0.34902800 0.32253300
v -0.79331400 -0.45476500 0.36492400
v -0.77216700 -0.43361700 0.42834500
v -0.72987200 -0.45476500 0.47062700
v -0.56050200 -0.32788000 0.67162600
v -0.66623900 -0.49706000 0.51301700
v -0.56050200 -0.51820700 0.59758000
v -0.55002300 -0.48658100 0.62134900
v -0.55002300 -0.44409600 0.64259900
v -0.48658100 -0.46524300 0.66374000
v -0.47591200 -0.45476500 0.67162600
v 0.29606400 -0.61346600 0.65574400
v 0.31721100 -0.61613300 0.65048600
v 0.35950600 -0.59498500 0.65048600
v 0.42294800 -0.55269100 0.65048600
v 0.43361700 -0.55516700 0.64522800
v 0.52182700 -0.51477800 0.62759300
v 0.53935400 -0.44943000 0.64522800
v 0.57117100 -0.38332100 0.65048600
v 0.12688500 -0.72625200 0.62047300
v 0.19032700 -0.68395700 0.64172300
v 0.00000000 -0.78969400 0.57819200
v 0.21147400 -0.65842800 0.65048600
v -0.11621600 -0.68738600 0.65048600
v -0.42294800 -0.57117100 0.64259900
v -0.35950600 -0.61346600 0.64259900
v -0.27491600 -0.65576100 0.64259900
v -0.21147400 -0.67690800 0.64259900
v -0.20080500 -0.66623900 0.65048600
v -0.17965800 -0.70853400 0.62934500
v -0.14803200 -0.72625200 0.62047300
v 0.60279700 -0.57631500 0.51827500
v 0.72987200 -0.49172500 0.43360300
v 0.56050200 -0.51287300 0.60283700
v 0.75101900 -0.53402000 0.32790000
v 0.81446100 -0.47057800 0.28561900
v 0.74739900 -0.55707300 0.29613500
v 0.74739900 -0.57822000 0.25396300
v 0.70510400 -0.64166200 0.23271300
v 0.68395700 -0.68395700 0.19043200
v 0.69100600 -0.69100600 0.12701000
v 0.68395700 -0.70510400 0.08472870
v 0.66281000 -0.72625200 0.02119740
v 0.62051500 -0.74739900 -0.08461510
v 0.57822000 -0.76854700 -0.12689600
v 0.56583600 -0.77216700 -0.13741200
v 0.65042600 -0.70853400 -0.13741200
v 0.57631500 -0.75101900 -0.15866200
v 0.59746200 -0.70853400 -0.17980200
v 0.57822000 -0.71215400 -0.18330800
v 0.42999800 -0.79674300 -0.18330800
v 0.32426000 -0.79674300 -0.20444800
v 0.21147400 -0.86723500 -0.19031800
v 0.12688500 -0.88838200 -0.19031800
v 0.16917900 -0.80379200 -0.21145900
v 0.08668540 -0.52982900 -0.27279900
v 0.10688000 -0.52544700 -0.27279900
v 0.17394200 -0.50315600 -0.27279900
v 0.23376500 -0.48315200 -0.27279900
v 0.23719400 -0.48181800 -0.27279900
v 0.31625900 -0.42942600 -0.27279900
v -0.64166200 -0.72625200 -0.11276600
v -0.68395700 -0.70510400 -0.04934420
v -0.72625200 -0.64166200 -0.11276600
v -0.62394400 -0.72987200 -0.13741200
v -0.78969400 -0.57822000 -0.04934420
v -0.83198900 -0.51477800 0.09874940
v -0.84608700 -0.48658100 -0.08461510
v -0.31721100 -0.84608700 -0.19031800
v -0.23033500 -0.48239000 -0.27279900
v -0.53935400 -0.79331400 -0.13741200
v -0.40885000 -0.83198900 -0.17629700
v -0.45114500 -0.83198900 -0.15504700
v -0.47591200 -0.83560900 -0.13741200
v -0.34902800 -0.85675600 -0.17980200
v -0.83903800 -0.50067900 0.11288000
v -0.81789100 -0.50067900 0.21869200
v -0.81789100 -0.47934200 0.26097300
v -0.83560900 -0.45476500 0.23808000
v -0.84075300 -0.44409600 0.23545100
v -0.81446100 -0.49706000 0.23808000
v -0.79331400 -0.51820700 0.25922100
v -0.79331400 -0.49706000 0.30139200
v -0.77216700 -0.45476500 0.40720500
v -0.72987200 -0.53935400 0.36492400
v -0.72987200 -0.47591200 0.44948600
v -0.66623900 -0.56050200 0.44948600
v -0.64509200 -0.60279700 0.42834500
v -0.49706000 -0.66623900 0.51301700
v -0.51820700 -0.56050200 0.59758000
v -0.48658100 -0.55002300 0.62134900
v -0.50772900 -0.48658100 0.64259900
v -0.48658100 -0.50772900 0.64259900
v 0.29606400 -0.64166200 0.64172300
v 0.33835900 -0.62051500 0.64172300
v 0.37017500 -0.59746200 0.64522800
v 0.45476500 -0.57631500 0.62408800
v 0.52887600 -0.52887600 0.61346300
v 0.49706000 -0.57631500 0.60283700
v 0.12688500 -0.76854700 0.57819200
v 0.23262200 -0.70510400 0.62047300
v -0.14803200 -0.74739900 0.59933200
v -0.21147400 -0.78969400 0.53591100
v -0.06344230 -0.81084200 0.53591100
v -0.01047850 -0.84075300 0.49713500
v 0.04229480 -0.85313600 0.47237900
v 0.10573700 -0.83198900 0.49362900
v 0.21147400 -0.78969400 0.53591100
v -0.45476500 -0.58164900 0.61872000
v -0.43361700 -0.62394400 0.59758000
v -0.41247000 -0.62394400 0.60820500
v -0.34902800 -0.66623900 0.60820500
v -0.33835900 -0.65576100 0.62134900
v -0.23262200 -0.70510400 0.62047300
v 0.58164900 -0.59746200 0.51827500
v 0.62394400 -0.61880000 0.43360300
v 0.64509200 -0.59746200 0.43360300
v 0.66623900 -0.55516700 0.45474400
v 0.66623900 -0.61880000 0.37018100
v 0.72987200 -0.53402000 0.37018100
v 0.68738600 -0.61880000 0.32790000
v 0.68395700 -0.64166200 0.29613500
v 0.66281000 -0.66281000 0.29613500
v 0.65576100 -0.68491000 0.25396300
v 0.64166200 -0.70510400 0.23271300
v 0.64166200 -0.72625200 0.16929100
v 0.68738600 -0.69272100 0.13752500
v 0.51477800 -0.83198900 0.08472870
v 0.57822000 -0.78969400 0.02119740
v 0.57822000 -0.78969400 -0.04222440
v 0.53592500 -0.81084200 -0.08461510
v 0.51477800 -0.81084200 -0.12689600
v 0.50239400 -0.81446100 -0.13741200
v 0.51287300 -0.79331400 -0.15866200
v 0.40713500 -0.85675600 -0.15866200
v 0.44943000 -0.79331400 -0.17980200
v 0.38770300 -0.86018600 -0.16216700
v 0.34540800 -0.83903800 -0.18330800
v 0.21852300 -0.88133300 -0.18330800
v 0.13393400 -0.90248000 -0.18330800
v -0.14803200 -0.88838200 -0.19031800
v -0.06344230 -0.82494000 -0.21145900
v -0.06439480 -0.52982900 -0.27279900
v -0.55707300 -0.78969400 -0.11276600
v -0.57822000 -0.78969400 -0.04934420
v -0.72625200 -0.66281000 -0.02820370
v -0.66281000 -0.72625200 -0.00695352
v -0.74739900 -0.64166200 -0.00695352
v -0.78969400 -0.57822000 0.05646820
v -0.81084200 -0.53592500 0.14114000
v -0.32426000 -0.87428400 -0.17629700
v -0.08458970 -0.82494000 -0.21145900
v -0.16689300 -0.50353700 -0.27279900
v -0.53230500 -0.80741200 -0.10926100
v -0.40885000 -0.85313600 -0.15504700
v -0.43361700 -0.85675600 -0.13741200
v -0.49706000 -0.83560900 -0.09513060
v -0.51115800 -0.82856000 -0.08812020
v -0.81789100 -0.52182700 0.15516100
v -0.77559600 -0.56412200 0.19755200
v -0.79674300 -0.52182700 0.23983300
v -0.72987200 -0.60279700 0.25922100
v -0.72987200 -0.58164900 0.30139200
v -0.66623900 -0.62394400 0.36492400
v -0.60279700 -0.64509200 0.42834500
v -0.47591200 -0.72987200 0.44948600
v -0.45476500 -0.72987200 0.47062700
v -0.43361700 -0.70853400 0.51301700
v -0.49706000 -0.60279700 0.57643900
v -0.53935400 -0.66623900 0.47062700
v 0.31721100 -0.66281000 0.62047300
v 0.34902800 -0.63994800 0.62408800
v 0.43361700 -0.61880000 0.60283700
v 0.47591200 -0.61880000 0.58169700
v 0.23262200 -0.74739900 0.57819200
v 0.30673300 -0.69272100 0.60283700
v 0.32788000 -0.68224200 0.60283700
v -0.23262200 -0.72625200 0.59933200
v -0.33835900 -0.70510400 0.57819200
v -0.24329100 -0.79331400 0.51301700
v -0.23262200 -0.79845800 0.51027900
v -0.23262200 -0.86209100 0.40457600
v -0.21147400 -0.85313600 0.43009800
v -0.16917900 -0.81084200 0.51477000
v -0.10573700 -0.83198900 0.49362900
v -0.04229480 -0.85313600 0.47237900
v -0.04229480 -0.86018600 0.45835900
v 0.05277330 -0.86209100 0.45474400
v 0.14803200 -0.85313600 0.45123900
v 0.16917900 -0.85408900 0.44422800
v 0.21147400 -0.83294200 0.46536900
v 0.22195300 -0.79845800 0.51827500
v 0.31721100 -0.76949900 0.50765000
v 0.31721100 -0.74739900 0.53591100
v -0.37017500 -0.66623900 0.59758000
v -0.33835900 -0.68395700 0.59933200
v 0.53935400 -0.66109500 0.47599400
v 0.60279700 -0.63994800 0.43360300
v 0.47591200 -0.63994800 0.56055600
v 0.49706000 -0.66109500 0.51827500
v 0.64509200 -0.63994800 0.37018100
v 0.66281000 -0.64166200 0.33841600
v 0.59936700 -0.70510400 0.31727500
v 0.62051500 -0.70510400 0.27510400
v 0.59936700 -0.74739900 0.21157200
v 0.57117100 -0.76949900 0.21157200
v 0.57822000 -0.76854700 0.19043200
v 0.53592500 -0.81084200 0.12701000
v 0.49363000 -0.83198900 0.16929100
v 0.47591200 -0.84075300 0.17991600
v 0.49706000 -0.84075300 0.09524420
v 0.45476500 -0.86209100 0.11638500
v 0.51477800 -0.83198900 -0.04222440
v 0.49363000 -0.83198900 -0.10575600
v 0.47057800 -0.83560900 -0.13741200
v 0.49363000 -0.81789100 -0.14102600
v 0.40446800 -0.86209100 -0.14803700
v 0.34102600 -0.90438600 -0.10575600
v 0.34369300 -0.89905100 -0.11627100
v 0.28025100 -0.89905100 -0.15866200
v 0.26081800 -0.90248000 -0.16216700
v 0.20442500 -0.89543100 -0.17629700
v 0.11983500 -0.91657900 -0.17629700
v -0.15508100 -0.91657900 -0.17629700
v -0.13317200 -0.51401600 -0.27279900
v -0.51477800 -0.83198900 -0.07048480
v -0.57822000 -0.78969400 0.07760880
v -0.66281000 -0.72625200 0.03532770
v -0.70510400 -0.68395700 0.07760880
v -0.74739900 -0.62051500 0.14114000
v -0.28558500 -0.89905100 -0.15866200
v -0.34902800 -0.87790400 -0.15866200
v -0.23967100 -0.91657900 -0.15504700
v -0.41247000 -0.87790400 -0.09513060
v -0.32788000 -0.89905100 -0.13741200
v -0.34902800 -0.89905100 -0.11627100
v -0.73330100 -0.60641700 0.23983300
v -0.72625200 -0.62051500 0.22570200
v -0.68395700 -0.66281000 0.24684300
v -0.69100600 -0.64871100 0.26097300
v -0.68738600 -0.64509200 0.28036100
v -0.68738600 -0.62394400 0.32253300
v -0.62394400 -0.66623900 0.36492400
v -0.56050200 -0.72987200 0.34367400
v -0.47591200 -0.79331400 0.34367400
v -0.41247000 -0.75101900 0.47062700
v -0.39132300 -0.72987200 0.51301700
v -0.37017500 -0.70853400 0.55529900
v 0.44409600 -0.64166200 0.57819200
v 0.40180100 -0.72625200 0.51477000
v -0.30673300 -0.75101900 0.53415800
v -0.24329100 -0.85675600 0.40720500
v -0.30673300 -0.85675600 0.36492400
v -0.21147400 -0.86723500 0.40194700
v -0.29606400 -0.86209100 0.36218500
v -0.25376900 -0.88323800 0.34104500
v -0.23262200 -0.90438600 0.29876300
v -0.19032700 -0.90438600 0.31990400
v -0.06344230 -0.87428400 0.43009800
v -0.06344230 -0.88838200 0.40194700
v 0.03162590 -0.90438600 0.37018100
v 0.05277330 -0.88323800 0.41246300
v 0.15851000 -0.86209100 0.43360300
v 0.23262200 -0.85408900 0.42308800
v 0.31721100 -0.81179400 0.44422800
v 0.33835900 -0.79064700 0.46536900
v 0.40180100 -0.74835200 0.48650900
v 0.53935400 -0.70339000 0.41246300
v 0.45476500 -0.72453700 0.47599400
v 0.47591200 -0.72453700 0.45474400
v 0.58164900 -0.68224200 0.39132200
v 0.43361700 -0.72453700 0.49713500
v 0.59936700 -0.68395700 0.35955600
v 0.58164900 -0.70339000 0.34904100
v 0.58164900 -0.71386800 0.32790000
v 0.57117100 -0.72720500 0.31727500
v 0.51477800 -0.78969400 0.27510400
v 0.57822000 -0.74739900 0.25396300
v 0.52887600 -0.81179400 0.14815000
v 0.48658100 -0.81179400 0.27510400
v 0.48658100 -0.83294200 0.19043200
v 0.43361700 -0.86209100 0.17991600
v 0.41247000 -0.88323800 0.09524420
v 0.48658100 -0.84608700 -0.04222440
v 0.47229200 -0.85313600 -0.06336490
v 0.44676300 -0.86209100 -0.08461510
v 0.46791000 -0.84075300 -0.12689600
v 0.40446800 -0.88323800 -0.08461510
v 0.29873100 -0.92553300 -0.08461510
v 0.27758400 -0.92553300 -0.10575600
v 0.28025100 -0.92019900 -0.11627100
v 0.26081800 -0.92362800 -0.11977600
v 0.21852300 -0.92362800 -0.14102600
v 0.17622800 -0.92362800 -0.16216700
v 0.09868800 -0.93772600 -0.15504700
v 0.03524570 -0.95887400 -0.13390700
v -0.13393400 -0.93772600 -0.15504700
v -0.42999800 -0.87428400 -0.07048480
v -0.48658100 -0.84608700 -0.06336490
v -0.51477800 -0.83198900 0.07760880
v -0.56412200 -0.79674300 0.09173910
v -0.55707300 -0.78969400 0.16228100
v -0.62051500 -0.74739900 0.14114000
v -0.64166200 -0.72625200 0.16228100
v -0.68395700 -0.68395700 0.18342100
v -0.72625200 -0.64166200 0.16228100
v -0.25738900 -0.91314900 -0.15154200
v -0.26443800 -0.92019900 -0.13741200
v -0.40180100 -0.88838200 -0.06336490
v -0.30673300 -0.92019900 -0.09513060
v -0.66985900 -0.66985900 0.26097300
v -0.66623900 -0.66623900 0.28036100
v -0.62394400 -0.68738600 0.32253300
v -0.58164900 -0.72987200 0.30139200
v -0.47934200 -0.79674300 0.32428600
v -0.45476500 -0.83560900 0.23808000
v -0.43361700 -0.83560900 0.28036100
v -0.37017500 -0.85675600 0.30139200
v -0.58164900 -0.75101900 0.23808000
v -0.58526900 -0.75444800 0.21869200
v -0.56412200 -0.77559600 0.19755200
v 0.41247000 -0.73501600 0.49713500
v -0.35950600 -0.86209100 0.29876300
v -0.16917900 -0.90953000 0.31727500
v -0.31721100 -0.88323800 0.27773200
v -0.25376900 -0.90438600 0.27773200
v -0.23262200 -0.92553300 0.23545100
v -0.21147400 -0.90953000 0.29613500
v -0.10573700 -0.90953000 0.33841600
v -0.06344230 -0.93067700 0.29613500
v -0.02114740 -0.90953000 0.35955600
v 0.02114740 -0.90953000 0.35955600
v 0.02114740 -0.95182400 0.25396300
v 0.03162590 -0.94668000 0.26447900
v 0.11621600 -0.90438600 0.34904100
v 0.22195300 -0.86209100 0.41246300
v 0.30673300 -0.86209100 0.34904100
v 0.31721100 -0.85408900 0.35955600
v 0.31721100 -0.83294200 0.40194700
v 0.44409600 -0.79064700 0.38069700
v 0.52887600 -0.72720500 0.38069700
v 0.45476500 -0.77731100 0.39132200
v 0.49706000 -0.74568500 0.39132200
v 0.57117100 -0.70605700 0.35955600
v 0.48658100 -0.76949900 0.35955600
v 0.35950600 -0.85408900 0.31727500
v 0.42294800 -0.85408900 0.23271300
v 0.41247000 -0.86209100 0.22219700
v 0.39132300 -0.88323800 0.15877600
v 0.30673300 -0.92553300 0.11638500
v 0.40180100 -0.88838200 0.08472870
v 0.40180100 -0.88838200 -0.06336490
v 0.29606400 -0.93067700 -0.06336490
v 0.23528900 -0.94668000 -0.08461510
v 0.23795600 -0.94134600 -0.09513060
v 0.21852300 -0.94477500 -0.09863580
v 0.17622800 -0.94477500 -0.11977600
v 0.11278600 -0.94477500 -0.14102600
v 0.04934400 -0.96592300 -0.11977600
v 0.04229480 -0.97316200 -0.10575600
v -0.12688500 -0.95182400 -0.12689600
v -0.15851000 -0.94134600 -0.13741200
v -0.48658100 -0.84608700 0.08472870
v -0.50067900 -0.83903800 0.09173910
v -0.54297400 -0.79674300 0.17630100
v -0.62394400 -0.72987200 0.19579900
v -0.66985900 -0.69100600 0.19755200
v -0.24329100 -0.94134600 -0.09513060
v -0.40180100 -0.88838200 0.08472870
v -0.29606400 -0.93067700 -0.06336490
v -0.64166200 -0.68395700 0.28912400
v -0.58526900 -0.73330100 0.28211400
v -0.62756400 -0.69100600 0.30314500
v -0.50067900 -0.81789100 0.19755200
v -0.45819400 -0.83903800 0.21869200
v -0.43704700 -0.83903800 0.26097300
v -0.41247000 -0.85675600 0.23808000
v -0.40180100 -0.86209100 0.23545100
v -0.33835900 -0.88323800 0.25659200
v -0.12688500 -0.93067700 0.27510400
v -0.21147400 -0.93067700 0.23271300
v -0.25376900 -0.92553300 0.21431100
v -0.16917900 -0.93067700 0.25396300
v 0.14803200 -0.95182400 0.19043200
v 0.16917900 -0.93067700 0.25396300
v 0.12688500 -0.93067700 0.27510400
v 0.00000000 -0.97316200 0.16929100
v 0.13736300 -0.92553300 0.28561900
v 0.17965800 -0.90438600 0.32790000
v 0.22195300 -0.90438600 0.30665000
v 0.26443800 -0.88323800 0.32790000
v 0.32788000 -0.86209100 0.32790000
v 0.34902800 -0.86209100 0.30665000
v 0.32788000 -0.88323800 0.26447900
v 0.26443800 -0.92553300 0.20105700
v 0.28558500 -0.92553300 0.15877600
v 0.24329100 -0.94668000 0.11638500
v 0.29606400 -0.93067700 0.10586900
v 0.23262200 -0.95182400 -0.06336490
v 0.21147400 -0.95182400 -0.08461510
v 0.16917900 -0.95182400 -0.10575600
v 0.06344230 -0.97316200 -0.08461510
v -0.02114740 -0.97316200 -0.08461510
v -0.21147400 -0.95182400 -0.08461510
v -0.44409600 -0.86723500 0.10586900
v -0.45819400 -0.86018600 0.11288000
v -0.43704700 -0.86018600 0.17630100
v -0.22900200 -0.94839500 -0.08100030
v -0.23262200 -0.95182400 -0.06336490
v -0.29606400 -0.93067700 0.10586900
v -0.41589900 -0.86018600 0.21869200
v -0.35245700 -0.88133300 0.23983300
v -0.25376900 -0.93067700 0.19043200
v -0.19032700 -0.95182400 0.14815000
v -0.12688500 -0.95182400 0.19043200
v -0.26786700 -0.92362800 0.19755200
v 0.23262200 -0.95182400 0.10586900
v 0.21147400 -0.93067700 0.23271300
v 0.22195300 -0.92553300 0.24333800
v 0.06344230 -0.97316200 0.10586900
v -0.08458970 -0.97316200 0.08472870
v 0.24329100 -0.90438600 0.28561900
v 0.24329100 -0.92553300 0.22219700
v 0.25376900 -0.93067700 0.19043200
v 0.08458970 -0.97316200 0.00005682
v -0.06344230 -0.97316200 -0.06336490
v -0.08458970 -0.97316200 -0.04222440
v -0.42294800 -0.86723500 0.16929100
v -0.23262200 -0.95182400 0.10586900
v -0.37360400 -0.88133300 0.19755200
v 0.08458970 -0.97316200 0.06347860
f 1 2 6
f 1108 1196 1109
f 1109 1196 1197
f 1109 1197 1198
f 1109 1198 1110
f 1110 1198 1199
f 1110 1199 1111
f 1111 1199 1113
f 1111 1113 1112
f 1113 1199 1200
f 1113 1200 1201
f 1113 1201 1115
f 1113 1115 1114
f 1115 1201 1116
f 1116 1201 1202
f 1116 1202 1203
f 1116 1203 1117
f 1117 1203 1204
f 1117 1204 1118
f 1118 1205 1119
f 1118 1204 1206
f 1118 1206 1205
f 1119 1205 1120
f 1120 1205 1206
f 1108 1195 1196
f 1121 1206 1301
f 1108 1194 1195
f 1108 1192 1193
f 1098 1181 1099
f 1099 1182 1183
f 1099 1183 1184
f 1099 1184 1185
f 1099 1185 1100
f 1099 1181 1179
f 1099 1179 1182
f 1100 1185 1186
f 1100 1186 1187
f 1100 1187 1101
f 1101 1187 1102
f 1102 1187 1103
f 1103 1187 1189
f 1103 1189 1104
f 1104 1188 1105
f 1104 1189 1284
f 1104 1284 1190
f 1104 1190 1188
f 1105 1188 1106
f 1106 1188 1191
f 1106 1191 1108
f 1106 1108 1107
f 1108 1191 1192
f 1108 1193 1194
f 1121 1301 1207
f 1121 1207 1208
f 1121 1208 1122
f 1137 1321 1225
f 1138 1225 1323
f 1138 1323 1226
f 1138 1226 1139
f 1139 1226 1141
f 1139 1141 1140
f 1141 1226 1227
f 1141 1227 1228
f 1141 1228 1229
f 1141 1229 1230
f 1141 1230 1142
f 1142 1230 1143
f 1143 1230 1144
f 1144 1231 1328
f 1144 1328 1232
f 1144 1230 1229
f 1144 1229 1231
f 1145 1232 1233
f 1145 1233 1234
f 1145 1234 1148
f 1146 1147 1172
f 1147 1235 1236
f 1147 1236 1237
f 1137 1224 1321
f 1137 1223 1224
f 1137 1319 1223
f 1137 1221 1319
f 1122 1208 1209
f 1122 1209 1123
f 1126 1133 1219
f 1126 1219 1210
f 1126 1210 1211
f 1126 1211 1131
f 1126 1131 1127
f 1128 1130 1129
f 1129 1130 1212
f 1129 1212 1216
f 1129 1216 1213
f 1098 1179 1181
f 1130 1131 1211
f 1130 1214 1215
f 1130 1215 1216
f 1130 1216 1212
f 1132 1217 1133
f 1133 1218 1219
f 1133 1217 1220
f 1133 1220 1218
f 1136 1213 1216
f 1136 1216 1222
f 1136 1222 1319
f 1136 1319 1221
f 1130 1211 1214
f 1098 1180 1179
f 1097 1098 1099
f 1095 1098 1096
f 1055 1225 1138
f 1055 1138 1139
f 1055 1139 1056
f 1056 1139 1140
f 1056 1140 1057
f 1057 1140 1059
f 1057 1059 1058
f 1059 1140 1141
f 1060 1141 1142
f 1060 1142 1143
f 1060 1143 1061
f 1061 1143 1144
f 1061 1144 1232
f 1061 1232 1145
f 1061 1145 1069
f 1061 1069 1062
f 1064 1066 1087
f 1066 1068 1146
f 1066 1146 1087
f 1067 1075 1074
f 1067 1074 1147
f 1067 1147 1146
f 1067 1146 1068
f 1055 1137 1225
f 1055 1221 1137
f 1055 1134 1221
f 1053 1134 1135
f 1041 1127 1044
f 1041 1046 1126
f 1042 1128 1129
f 1042 1129 1047
f 1042 1047 1049
f 1042 1043 1130
f 1042 1130 1128
f 1043 1045 1130
f 1044 1127 1131
f 1045 1131 1130
f 1046 1132 1133
f 1069 1145 1148
f 1046 1133 1126
f 1047 1052 1048
f 1047 1129 1213
f 1047 1213 1136
f 1047 1136 1053
f 1050 1051 1134
f 1050 1134 1055
f 1050 1055 1054
f 1051 1135 1134
f 1051 1053 1135
f 1053 1136 1221
f 1053 1221 1134
f 1047 1053 1052
f 1147 1237 1172
f 1069 1148 1070
f 1070 1149 1072
f 1081 1165 1157
f 1081 1157 1082
f 1084 1167 1168
f 1084 1168 1085
f 1084 1086 1171
f 1084 1171 1167
f 1085 1168 1169
f 1085 1169 1170
f 1085 1170 1166
f 1087 1146 1172
f 1088 1172 1171
f 1092 1173 1094
f 1092 1174 1173
f 1093 1175 1276
f 1093 1276 1174
f 1094 1173 1176
f 1094 1176 1095
f 1095 1176 1273
f 1095 1273 1177
f 1095 1177 1178
f 1095 1178 1179
f 1095 1179 1180
f 1095 1180 1098
f 1080 1170 1163
f 1080 1166 1170
f 1080 1165 1081
f 1080 1164 1165
f 1070 1072 1071
f 1072 1150 1151
f 1072 1151 1152
f 1072 1152 1153
f 1072 1153 1073
f 1072 1149 1154
f 1072 1154 1150
f 1073 1153 1155
f 1073 1155 1244
f 1073 1244 1156
f 1073 1156 1074
f 1070 1148 1149
f 1074 1156 1235
f 1076 1082 1157
f 1076 1157 1245
f 1076 1245 1158
f 1077 1158 1159
f 1077 1159 1078
f 1078 1159 1160
f 1078 1160 1161
f 1078 1161 1162
f 1078 1162 1091
f 1078 1091 1089
f 1080 1163 1164
f 1074 1235 1147
f 1041 1126 1127
f 1148 1234 1154
f 1150 1154 1233
f 1210 1219 1307
f 1210 1307 1308
f 1210 1308 1214
f 1210 1214 1211
f 1214 1309 1215
f 1214 1308 1311
f 1214 1311 1309
f 1215 1310 1216
f 1215 1309 1311
f 1215 1311 1389
f 1215 1389 1310
f 1216 1312 1222
f 1216 1310 1313
f 1216 1313 1312
f 1217 1314 1220
f 1217 1315 1394
f 1217 1394 1314
f 1218 1316 1219
f 1218 1220 1317
f 1218 1317 1316
f 1219 1316 1318
f 1219 1318 1307
f 1220 1314 1317
f 1208 1306 1209
f 1222 1312 1319
f 1208 1305 1306
f 1207 1304 1305
f 1197 1294 1295
f 1197 1295 1296
f 1197 1296 1199
f 1197 1199 1198
f 1197 1293 1292
f 1197 1292 1294
f 1199 1296 1200
f 1200 1296 1295
f 1200 1295 1297
f 1200 1297 1201
f 1201 1297 1202
f 1202 1298 1203
f 1202 1297 1298
f 1203 1298 1299
f 1203 1299 1204
f 1204 1299 1300
f 1204 1300 1301
f 1204 1301 1206
f 1207 1301 1375
f 1207 1375 1376
f 1207 1376 1302
f 1207 1302 1303
f 1207 1303 1304
f 1207 1305 1208
f 1223 1319 1393
f 1223 1393 1320
f 1223 1320 1224
f 1241 1333 1243
f 1241 1243 1242
f 1243 1333 1334
f 1243 1334 1244
f 1244 1334 1335
f 1244 1335 1336
f 1244 1336 1330
f 1246 1260 1247
f 1247 1260 1259
f 1247 1259 1337
f 1247 1337 1248
f 1248 1337 1338
f 1248 1338 1249
f 1249 1338 1339
f 1249 1339 1340
f 1249 1340 1250
f 1250 1340 1252
f 1252 1340 1341
f 1252 1341 1342
f 1252 1342 1343
f 1252 1343 1253
f 1253 1343 1276
f 1253 1276 1344
f 1241 1332 1333
f 1239 1411 1331
f 1239 1329 1411
f 1239 1332 1240
f 1224 1320 1401
f 1224 1401 1321
f 1225 1321 1322
f 1225 1322 1323
f 1226 1323 1324
f 1226 1324 1227
f 1227 1324 1325
f 1227 1325 1228
f 1228 1326 1229
f 1228 1325 1326
f 1229 1326 1327
f 1196 1293 1197
f 1229 1327 1231
f 1231 1409 1328
f 1232 1328 1233
f 1233 1329 1238
f 1233 1328 1329
f 1236 1330 1270
f 1236 1270 1237
f 1238 1329 1239
f 1239 1331 1414
f 1239 1414 1494
f 1239 1494 1415
f 1239 1415 1332
f 1231 1327 1409
f 1196 1292 1293
f 1196 1291 1292
f 1195 1291 1196
f 1160 1252 1253
f 1160 1253 1344
f 1160 1344 1254
f 1160 1254 1162
f 1160 1162 1161
f 1162 1254 1255
f 1162 1255 1276
f 1162 1276 1175
f 1163 1256 1257
f 1163 1257 1258
f 1163 1258 1259
f 1163 1259 1260
f 1163 1260 1164
f 1163 1170 1269
f 1163 1269 1256
f 1164 1260 1246
f 1164 1246 1165
f 1167 1171 1270
f 1167 1270 1261
f 1167 1261 1168
f 1168 1262 1169
f 1168 1261 1263
f 1168 1263 1264
f 1160 1250 1252
f 1160 1251 1250
f 1159 1251 1160
f 1159 1250 1251
f 1150 1233 1238
f 1150 1238 1239
f 1150 1239 1240
f 1150 1240 1332
f 1150 1332 1241
f 1150 1241 1242
f 1150 1242 1151
f 1151 1242 1152
f 1152 1242 1243
f 1152 1243 1153
f 1153 1243 1244
f 1168 1264 1265
f 1153 1244 1155
f 1156 1244 1330
f 1156 1330 1236
f 1156 1236 1235
f 1157 1165 1246
f 1157 1246 1247
f 1157 1247 1248
f 1157 1248 1249
f 1157 1249 1245
f 1158 1245 1249
f 1158 1249 1250
f 1158 1250 1159
f 1154 1234 1233
f 1148 1154 1149
f 1168 1265 1266
f 1168 1267 1262
f 1185 1282 1283
f 1185 1283 1186
f 1186 1284 1189
f 1186 1189 1187
f 1186 1283 1285
f 1186 1285 1284
f 1188 1190 1192
f 1188 1192 1191
f 1190 1285 1192
f 1190 1284 1285
f 1192 1285 1286
f 1192 1286 1287
f 1192 1287 1288
f 1192 1288 1289
f 1192 1289 1193
f 1193 1289 1365
f 1193 1365 1366
f 1193 1366 1290
f 1193 1290 1194
f 1194 1290 1195
f 1195 1290 1367
f 1195 1367 1368
f 1195 1368 1291
f 1185 1281 1282
f 1185 1280 1281
f 1183 1281 1280
f 1183 1279 1281
f 1169 1262 1268
f 1169 1268 1170
f 1170 1268 1269
f 1171 1172 1237
f 1171 1237 1270
f 1173 1271 1272
f 1173 1272 1273
f 1173 1273 1176
f 1173 1174 1274
f 1173 1274 1275
f 1173 1275 1357
f 1168 1266 1267
f 1173 1357 1271
f 1174 1343 1277
f 1174 1277 1274
f 1177 1278 1279
f 1177 1279 1178
f 1177 1273 1272
f 1177 1272 1278
f 1178 1279 1179
f 1179 1279 1183
f 1179 1183 1182
f 1183 1280 1185
f 1183 1185 1184
f 1174 1276 1343
f 1037 1125 1038
f 1037 1124 1125
f 1037 1123 1124
f 891 1040 961
f 891 961 892
f 893 962 894
f 893 895 962
f 894 962 964
f 894 964 1043
f 894 1043 963
f 895 965 1041
f 895 1041 962
f 896 966 967
f 896 967 898
f 896 963 966
f 897 898 968
f 897 968 900
f 897 900 899
f 898 900 968
f 898 967 900
f 900 967 970
f 900 970 971
f 900 971 1051
f 900 1051 969
f 901 972 973
f 901 973 974
f 891 960 1040
f 901 974 902
f 890 960 891
f 889 959 890
f 879 946 1016
f 879 1016 1017
f 879 1017 947
f 879 947 948
f 879 948 880
f 881 948 949
f 882 950 951
f 882 951 883
f 883 951 952
f 883 952 953
f 883 953 884
f 884 953 954
f 884 954 885
f 885 954 1028
f 885 1028 955
f 885 955 956
f 885 956 886
f 886 956 888
f 886 888 887
f 888 956 957
f 888 957 889
f 889 957 958
f 889 958 959
f 890 959 960
f 902 974 906
f 902 906 903
f 904 910 909
f 921 988 1068
f 921 1068 989
f 921 989 991
f 921 991 922
f 921 925 990
f 921 990 988
f 923 927 924
f 924 990 925
f 924 927 990
f 927 982 981
f 927 981 992
f 927 992 993
f 927 993 994
f 927 994 995
f 927 995 996
f 927 996 997
f 927 997 990
f 928 998 933
f 928 999 1076
f 928 1076 998
f 929 1000 999
f 929 1001 1085
f 929 1085 1002
f 919 926 920
f 918 987 983
f 918 991 987
f 918 926 991
f 904 909 975
f 904 975 911
f 906 974 976
f 906 976 977
f 906 977 978
f 906 978 907
f 907 978 908
f 908 978 909
f 909 978 979
f 909 979 980
f 909 980 975
f 877 879 878
f 911 975 981
f 911 982 912
f 913 927 914
f 913 982 927
f 915 916 931
f 916 932 931
f 916 918 983
f 916 983 984
f 916 984 985
f 916 985 986
f 916 986 932
f 918 920 926
f 911 981 982
f 877 946 879
f 877 945 946
f 876 946 945
f 831 898 897
f 834 897 899
f 834 899 900
f 834 900 835
f 837 901 902
f 837 902 838
f 838 902 839
f 839 903 844
f 839 844 842
f 839 902 903
f 843 904 911
f 843 911 845
f 843 844 905
f 843 905 904
f 844 903 906
f 844 906 907
f 844 907 908
f 844 908 909
f 844 909 910
f 844 910 904
f 844 904 905
f 845 911 912
f 845 912 846
f 830 898 831
f 830 896 898
f 829 834 833
f 829 897 834
f 810 948 881
f 813 882 883
f 814 883 884
f 814 884 815
f 815 884 885
f 815 885 816
f 816 885 886
f 816 886 887
f 816 887 818
f 816 818 817
f 818 887 820
f 846 912 982
f 820 887 888
f 820 889 890
f 820 890 821
f 821 890 891
f 821 891 892
f 825 893 894
f 825 894 826
f 825 895 893
f 826 894 963
f 826 963 896
f 829 832 831
f 829 831 897
f 820 888 889
f 929 1002 1000
f 846 982 913
f 846 914 847
f 865 929 999
f 865 999 928
f 867 915 931
f 867 931 932
f 867 932 930
f 868 928 933
f 869 934 935
f 869 935 870
f 870 935 936
f 870 936 871
f 872 937 938
f 872 938 873
f 873 938 939
f 873 939 940
f 873 940 941
f 873 941 942
f 873 942 874
f 874 943 875
f 874 942 943
f 875 943 944
f 876 944 1015
f 876 1015 1016
f 876 1016 946
f 865 868 866
f 865 928 868
f 862 927 923
f 862 914 927
f 847 914 862
f 850 852 916
f 850 916 915
f 850 915 867
f 852 854 916
f 854 917 918
f 854 918 916
f 854 864 858
f 854 858 917
f 855 861 926
f 855 926 919
f 846 913 914
f 855 919 920
f 856 917 858
f 856 858 857
f 856 920 918
f 859 921 922
f 859 863 862
f 859 862 923
f 859 923 924
f 859 924 925
f 859 925 921
f 860 922 991
f 860 991 926
f 856 918 917
f 930 932 1004
f 930 1004 1003
f 932 986 985
f 1000 1081 1082
f 1000 1002 1080
f 1001 1083 1084
f 1001 1084 1085
f 1002 1085 1166
f 1002 1166 1080
f 1003 1004 1086
f 1003 1086 1084
f 1003 1084 1083
f 1004 1087 1172
f 1004 1172 1088
f 1004 1088 1171
f 1004 1171 1086
f 1005 1079 1078
f 1005 1078 1089
f 1005 1089 1006
f 1006 1091 1007
f 1007 1090 1009
f 1007 1009 1008
f 1007 1091 1090
f 1009 1092 1010
f 1009 1090 1091
f 1009 1091 1162
f 1000 1080 1081
f 999 1082 1076
f 999 1000 1082
f 998 1079 1005
f 985 1066 1064
f 987 991 1065
f 988 1067 1068
f 988 990 997
f 988 997 1075
f 988 1075 1067
f 989 1065 991
f 989 1068 1066
f 992 1062 1069
f 992 1069 993
f 993 1069 994
f 1009 1162 1175
f 994 1069 1070
f 994 1071 996
f 994 996 995
f 996 1071 1072
f 996 1072 1073
f 996 1073 1074
f 996 1074 1075
f 996 1075 997
f 998 1076 1158
f 998 1158 1077
f 998 1077 1078
f 998 1078 1079
f 994 1070 1071
f 985 989 1066
f 1009 1175 1093
f 1009 1174 1092
f 1027 1107 1108
f 1027 1108 1109
f 1027 1109 1110
f 1027 1110 1111
f 1027 1111 1029
f 1027 1029 1028
f 1029 1111 1112
f 1030 1112 1113
f 1030 1113 1114
f 1030 1114 1033
f 1030 1033 1032
f 1033 1114 1115
f 1033 1115 1116
f 1033 1116 1117
f 1033 1117 1034
f 1034 1117 1118
f 1034 1118 1119
f 1036 1119 1120
f 1036 1120 1037
f 1037 1120 1206
f 1037 1206 1121
f 1037 1121 1122
f 1037 1122 1123
f 1027 1106 1107
f 1024 1027 1026
f 1024 1106 1027
f 1024 1105 1106
f 1010 1092 1094
f 1010 1094 1011
f 1011 1094 1095
f 1011 1095 1012
f 1012 1095 1096
f 1013 1097 1014
f 1013 1096 1098
f 1013 1098 1097
f 1014 1097 1017
f 1014 1017 1015
f 1015 1017 1016
f 1009 1093 1174
f 1018 1097 1099
f 1019 1099 1100
f 1019 1100 1101
f 1019 1101 1102
f 1019 1102 1020
f 1020 1102 1021
f 1021 1102 1022
f 1022 1102 1103
f 1022 1103 1023
f 1023 1103 1104
f 1023 1104 1105
f 1023 1105 1024
f 1018 1099 1019
f 1254 1344 1276
f 985 1065 989
f 983 985 984
f 947 1019 948
f 948 1020 949
f 948 1019 1020
f 949 1020 1021
f 949 1021 1022
f 949 1022 950
f 950 1022 951
f 951 1022 1023
f 951 1023 1024
f 951 1024 952
f 952 1025 954
f 952 954 953
f 952 1024 1026
f 952 1026 1027
f 952 1027 1025
f 954 1025 1027
f 954 1027 1028
f 955 1028 1029
f 955 1029 1112
f 955 1112 1030
f 955 1030 1032
f 955 1032 1031
f 955 1031 956
f 947 1018 1019
f 947 1097 1018
f 947 1017 1097
f 944 1014 1015
f 932 985 1064
f 932 1064 1087
f 932 1087 1004
f 933 998 1005
f 934 1005 1006
f 934 1006 935
f 935 1006 936
f 936 1006 937
f 937 1006 938
f 938 1006 1007
f 938 1007 1008
f 956 1031 958
f 938 1008 939
f 939 1009 1010
f 939 1010 940
f 940 1010 1011
f 940 1011 1012
f 940 1012 941
f 941 1012 942
f 942 1012 943
f 943 1012 1096
f 943 1096 1013
f 943 1013 944
f 944 1013 1014
f 939 1008 1009
f 985 1063 1065
f 956 958 957
f 958 1033 1034
f 971 1053 1051
f 972 1054 1055
f 972 1055 1056
f 972 1056 973
f 973 1056 1057
f 973 1057 1058
f 973 1058 976
f 973 976 974
f 975 980 992
f 975 992 981
f 976 1058 1059
f 976 1059 977
f 977 1059 978
f 978 1059 1141
f 978 1141 1060
f 978 1060 979
f 979 1061 1062
f 979 1062 980
f 979 1060 1061
f 980 1062 992
f 983 987 1065
f 983 1065 1063
f 983 1063 985
f 971 1052 1053
f 971 1048 1052
f 969 1051 1050
f 967 971 970
f 958 1034 1119
f 958 1119 1035
f 958 1035 959
f 958 1031 1032
f 959 1035 1119
f 959 1119 1036
f 959 1036 1037
f 959 1037 960
f 960 1037 1038
f 960 1038 1039
f 960 1039 1040
f 958 1032 1033
f 962 1041 1044
f 963 1042 966
f 963 1043 1042
f 964 1044 1131
f 964 1131 1045
f 964 1045 1043
f 965 1046 1041
f 966 1047 1048
f 966 1048 967
f 966 1042 1049
f 966 1049 1047
f 967 1048 971
f 962 1044 964
f 1254 1276 1255
f 1256 1345 1346
f 1256 1346 1257
f 1558 1633 1632
f 1559 1634 1623
f 1559 1561 1635
f 1559 1635 1695
f 1559 1695 1634
f 1560 1633 1693
f 1560 1693 1635
f 1560 1635 1561
f 1562 1631 1563
f 1563 1631 1630
f 1563 1630 1564
f 1564 1630 1692
f 1564 1692 1636
f 1564 1636 1637
f 1564 1637 1566
f 1564 1566 1565
f 1568 1638 1569
f 1568 1637 1638
f 1569 1638 1639
f 1569 1639 1570
f 1570 1640 1700
f 1570 1700 1641
f 1570 1641 1642
f 1558 1622 1633
f 1570 1642 1643
f 1556 1560 1557
f 1556 1632 1633
f 1546 1548 1547
f 1548 1619 1620
f 1548 1620 1621
f 1548 1621 1549
f 1549 1622 1558
f 1549 1621 1622
f 1551 1559 1623
f 1551 1623 1634
f 1551 1634 1624
f 1551 1624 1688
f 1551 1688 1689
f 1551 1689 1625
f 1552 1626 1627
f 1552 1627 1628
f 1552 1628 1553
f 1552 1625 1689
f 1552 1689 1626
f 1553 1628 1629
f 1553 1629 1554
f 1554 1629 1630
f 1554 1630 1631
f 1554 1631 1555
f 1556 1558 1632
f 1556 1633 1560
f 1570 1643 1578
f 1570 1578 1571
f 1570 1639 1644
f 1588 1660 1714
f 1588 1714 1661
f 1589 1661 1662
f 1589 1662 1663
f 1589 1663 1664
f 1589 1664 1590
f 1590 1664 1665
f 1590 1665 1591
f 1591 1665 1592
f 1592 1665 1597
f 1592 1597 1647
f 1593 1666 1669
f 1593 1669 1596
f 1593 1595 1667
f 1593 1667 1668
f 1593 1668 1670
f 1593 1670 1666
f 1594 1597 1665
f 1594 1665 1595
f 1595 1665 1667
f 1596 1669 1601
f 1596 1601 1599
f 1599 1601 1600
f 1586 1656 1657
f 1586 1588 1587
f 1586 1660 1588
f 1586 1659 1660
f 1570 1644 1645
f 1570 1645 1646
f 1570 1646 1640
f 1572 1576 1573
f 1575 1592 1647
f 1575 1647 1597
f 1578 1643 1648
f 1578 1648 1580
f 1579 1649 1585
f 1580 1648 1704
f 1580 1704 1650
f 1546 1619 1548
f 1580 1650 1651
f 1581 1651 1652
f 1581 1652 1582
f 1582 1652 1653
f 1582 1653 1649
f 1582 1649 1583
f 1585 1649 1654
f 1585 1654 1655
f 1585 1655 1656
f 1585 1656 1586
f 1586 1657 1658
f 1586 1658 1659
f 1580 1651 1581
f 1546 1618 1619
f 1546 1681 1618
f 1546 1617 1681
f 1507 1582 1583
f 1507 1583 1649
f 1507 1649 1579
f 1508 1579 1585
f 1508 1585 1584
f 1508 1584 1510
f 1508 1510 1509
f 1510 1584 1511
f 1511 1584 1512
f 1512 1584 1585
f 1512 1585 1586
f 1512 1586 1513
f 1513 1586 1587
f 1513 1587 1588
f 1514 1588 1515
f 1515 1588 1661
f 1515 1661 1589
f 1515 1589 1516
f 1516 1589 1517
f 1517 1589 1590
f 1517 1590 1591
f 1517 1591 1518
f 1518 1591 1592
f 1507 1581 1582
f 1507 1580 1581
f 1507 1578 1580
f 1507 1577 1578
f 1491 1570 1492
f 1491 1569 1570
f 1492 1571 1572
f 1492 1572 1493
f 1492 1570 1571
f 1493 1572 1573
f 1497 1502 1498
f 1498 1502 1499
f 1499 1502 1574
f 1499 1574 1524
f 1500 1519 1501
f 1518 1592 1575
f 1501 1519 1575
f 1502 1575 1574
f 1504 1521 1520
f 1504 1520 1573
f 1504 1573 1576
f 1505 1577 1507
f 1505 1507 1506
f 1505 1576 1572
f 1505 1572 1571
f 1505 1571 1578
f 1505 1578 1577
f 1507 1579 1508
f 1501 1575 1502
f 1601 1669 1605
f 1518 1575 1519
f 1522 1525 1597
f 1535 1606 1607
f 1535 1607 1537
f 1535 1537 1536
f 1537 1607 1674
f 1537 1674 1608
f 1537 1608 1538
f 1538 1608 1609
f 1538 1609 1677
f 1538 1677 1610
f 1538 1610 1539
f 1539 1610 1611
f 1539 1611 1612
f 1539 1612 1540
f 1540 1612 1542
f 1542 1612 1613
f 1542 1613 1543
f 1543 1614 1679
f 1543 1679 1615
f 1543 1615 1616
f 1543 1616 1544
f 1543 1613 1614
f 1545 1616 1617
f 1545 1617 1546
f 1534 1606 1535
f 1533 1606 1534
f 1533 1604 1606
f 1531 1606 1604
f 1522 1597 1594
f 1522 1594 1595
f 1522 1595 1593
f 1523 1593 1596
f 1523 1596 1526
f 1524 1574 1575
f 1524 1575 1597
f 1524 1597 1525
f 1526 1596 1598
f 1526 1598 1527
f 1528 1598 1596
f 1522 1593 1523
f 1528 1596 1599
f 1528 1600 1601
f 1528 1601 1605
f 1528 1605 1602
f 1528 1602 1529
f 1529 1602 1603
f 1530 1603 1602
f 1530 1602 1605
f 1530 1605 1531
f 1531 1604 1533
f 1531 1533 1532
f 1531 1605 1606
f 1528 1599 1600
f 1605 1670 1665
f 1605 1665 1671
f 1605 1671 1672
f 1685 1746 1752
f 1685 1752 1751
f 1685 1751 1728
f 1685 1728 1686
f 1686 1728 1729
f 1686 1729 1693
f 1686 1693 1687
f 1688 1694 1730
f 1688 1730 1731
f 1688 1731 1689
f 1689 1699 1690
f 1689 1731 1732
f 1689 1732 1699
f 1693 1729 1733
f 1693 1733 1734
f 1694 1735 1753
f 1694 1753 1730
f 1695 1734 1754
f 1695 1754 1735
f 1699 1732 1700
f 1700 1732 1736
f 1700 1736 1701
f 1702 1736 1703
f 1685 1712 1746
f 1685 1745 1712
f 1685 1756 1745
f 1685 1750 1756
f 1671 1717 1718
f 1671 1718 1673
f 1671 1673 1672
f 1673 1718 1719
f 1673 1719 1720
f 1674 1721 1675
f 1675 1721 1722
f 1675 1722 1742
f 1675 1742 1723
f 1676 1723 1678
f 1676 1678 1677
f 1703 1736 1737
f 1678 1723 1742
f 1679 1724 1725
f 1679 1725 1681
f 1679 1681 1680
f 1681 1725 1726
f 1681 1726 1682
f 1682 1726 1685
f 1682 1685 1684
f 1682 1684 1683
f 1685 1726 1725
f 1685 1725 1727
f 1685 1727 1750
f 1678 1742 1724
f 1665 1668 1667
f 1703 1737 1704
f 1704 1741 1707
f 1724 1742 1756
f 1724 1756 1750
f 1724 1750 1727
f 1724 1727 1725
f 1728 1751 1729
f 1729 1734 1733
f 1729 1751 1752
f 1729 1752 1734
f 1730 1753 1732
f 1730 1732 1731
f 1732 1753 1736
f 1734 1752 1746
f 1734 1746 1754
f 1735 1754 1738
f 1735 1738 1741
f 1735 1741 1755
f 1735 1755 1736
f 1735 1736 1753
f 1736 1755 1741
f 1736 1741 1737
f 1742 1745 1756
f 1743 1748 1744
f 1744 1748 1747
f 1720 1722 1721
f 1720 1742 1722
f 1720 1749 1742
f 1720 1743 1749
f 1705 1708 1712
f 1706 1738 1754
f 1706 1754 1739
f 1706 1739 1740
f 1706 1740 1712
f 1706 1712 1708
f 1707 1741 1738
f 1709 1742 1749
f 1709 1749 1743
f 1709 1743 1710
f 1709 1712 1745
f 1704 1737 1741
f 1709 1745 1742
f 1710 1744 1713
f 1710 1713 1711
f 1712 1740 1739
f 1712 1739 1754
f 1712 1754 1746
f 1713 1744 1714
f 1714 1744 1715
f 1715 1744 1747
f 1715 1747 1716
f 1717 1719 1718
f 1720 1748 1743
f 1710 1743 1744
f 1490 1491 1495
f 1665 1670 1668
f 1663 1671 1665
f 1619 1621 1620
f 1621 1683 1684
f 1621 1684 1685
f 1621 1685 1622
f 1622 1686 1687
f 1622 1687 1633
f 1622 1685 1686
f 1624 1634 1694
f 1624 1694 1688
f 1626 1689 1627
f 1627 1690 1646
f 1627 1646 1628
f 1627 1689 1690
f 1628 1646 1645
f 1628 1645 1629
f 1629 1645 1691
f 1629 1691 1630
f 1630 1691 1692
f 1633 1687 1693
f 1634 1695 1735
f 1634 1735 1694
f 1635 1693 1734
f 1635 1734 1695
f 1619 1683 1621
f 1619 1682 1683
f 1618 1682 1619
f 1618 1681 1682
f 1605 1672 1673
f 1605 1673 1607
f 1605 1607 1606
f 1605 1669 1666
f 1605 1666 1670
f 1607 1673 1720
f 1607 1720 1721
f 1607 1721 1674
f 1608 1674 1675
f 1608 1675 1723
f 1608 1723 1676
f 1636 1696 1637
f 1608 1676 1677
f 1610 1677 1613
f 1610 1613 1611
f 1611 1613 1612
f 1613 1677 1678
f 1613 1678 1614
f 1614 1678 1724
f 1614 1724 1679
f 1615 1679 1680
f 1615 1680 1616
f 1616 1680 1681
f 1616 1681 1617
f 1608 1677 1609
f 1663 1665 1664
f 1636 1692 1691
f 1636 1644 1697
f 1653 1706 1708
f 1654 1705 1655
f 1655 1705 1658
f 1655 1658 1656
f 1656 1658 1657
f 1658 1709 1710
f 1658 1710 1711
f 1658 1711 1713
f 1658 1713 1659
f 1658 1705 1712
f 1658 1712 1709
f 1659 1713 1714
f 1659 1714 1660
f 1661 1715 1716
f 1661 1716 1662
f 1661 1714 1715
f 1662 1717 1671
f 1662 1671 1663
f 1662 1716 1747
f 1662 1747 1748
f 1662 1748 1720
f 1662 1720 1719
f 1662 1719 1717
f 1652 1738 1706
f 1652 1707 1738
f 1652 1706 1653
f 1650 1652 1651
f 1636 1697 1696
f 1637 1696 1638
f 1638 1696 1698
f 1638 1698 1639
f 1639 1697 1644
f 1639 1698 1696
f 1639 1696 1697
f 1640 1699 1700
f 1640 1646 1690
f 1640 1690 1699
f 1641 1700 1701
f 1636 1691 1644
f 1641 1701 1642
f 1642 1736 1702
f 1642 1702 1703
f 1642 1703 1704
f 1642 1704 1648
f 1642 1648 1643
f 1644 1691 1645
f 1649 1653 1708
f 1649 1708 1705
f 1649 1705 1654
f 1650 1704 1707
f 1650 1707 1652
f 1642 1701 1736
f 810 880 948
f 1490 1569 1491
f 1489 1637 1568
f 1331 1413 1490
f 1331 1490 1414
f 1332 1415 1416
f 1332 1416 1333
f 1333 1416 1418
f 1333 1418 1417
f 1333 1417 1334
f 1334 1417 1335
f 1335 1417 1418
f 1335 1418 1350
f 1338 1348 1346
f 1338 1346 1419
f 1338 1419 1420
f 1338 1420 1339
f 1339 1420 1421
f 1339 1421 1341
f 1339 1341 1340
f 1341 1421 1422
f 1341 1422 1342
f 1342 1423 1359
f 1342 1422 1424
f 1342 1424 1423
f 1345 1425 1500
f 1331 1412 1413
f 1345 1500 1426
f 1331 1411 1412
f 1328 1409 1411
f 1316 1398 1399
f 1316 1399 1396
f 1317 1400 1476
f 1317 1476 1397
f 1321 1401 1322
f 1322 1401 1402
f 1322 1402 1323
f 1323 1402 1403
f 1323 1403 1325
f 1323 1325 1404
f 1323 1404 1405
f 1323 1405 1324
f 1324 1405 1404
f 1324 1404 1325
f 1325 1403 1402
f 1325 1402 1406
f 1325 1406 1407
f 1325 1407 1408
f 1325 1408 1327
f 1325 1327 1326
f 1327 1408 1488
f 1327 1488 1410
f 1327 1410 1409
f 1328 1411 1329
f 1345 1426 1346
f 1345 1347 1425
f 1346 1426 1419
f 1357 1440 1523
f 1357 1523 1441
f 1357 1441 1442
f 1357 1442 1443
f 1357 1443 1358
f 1358 1443 1442
f 1358 1442 1444
f 1358 1444 1445
f 1359 1423 1424
f 1360 1445 1444
f 1360 1444 1446
f 1360 1446 1447
f 1360 1447 1362
f 1363 1447 1364
f 1364 1447 1365
f 1365 1447 1448
f 1365 1448 1449
f 1365 1449 1450
f 1365 1450 1530
f 1365 1530 1451
f 1365 1451 1452
f 1365 1452 1366
f 1366 1452 1367
f 1357 1424 1440
f 1357 1359 1424
f 1356 1503 1427
f 1356 1439 1503
f 1347 1356 1427
f 1347 1427 1428
f 1347 1428 1509
f 1347 1509 1429
f 1347 1429 1430
f 1347 1430 1431
f 1347 1431 1432
f 1347 1432 1433
f 1347 1433 1425
f 1349 1354 1355
f 1350 1418 1416
f 1316 1397 1398
f 1350 1416 1415
f 1350 1434 1435
f 1350 1435 1436
f 1350 1436 1437
f 1350 1437 1351
f 1351 1437 1438
f 1351 1438 1352
f 1352 1439 1353
f 1352 1438 1439
f 1353 1439 1355
f 1353 1355 1354
f 1355 1439 1356
f 1350 1415 1434
f 1316 1317 1397
f 1316 1390 1318
f 1316 1396 1390
f 1272 1357 1358
f 1272 1358 1278
f 1274 1277 1275
f 1275 1277 1359
f 1275 1359 1357
f 1277 1343 1342
f 1277 1342 1359
f 1278 1281 1279
f 1278 1358 1445
f 1278 1445 1360
f 1278 1360 1281
f 1281 1360 1361
f 1281 1361 1283
f 1281 1283 1282
f 1283 1361 1286
f 1283 1286 1285
f 1286 1361 1287
f 1287 1361 1360
f 1287 1360 1362
f 1287 1362 1447
f 1287 1447 1363
f 1287 1363 1288
f 1288 1363 1364
f 1271 1357 1272
f 1270 1330 1336
f 1269 1356 1347
f 1269 1355 1356
f 1256 1269 1347
f 1256 1347 1345
f 1257 1346 1259
f 1257 1259 1258
f 1259 1346 1348
f 1259 1348 1338
f 1259 1338 1337
f 1261 1270 1336
f 1261 1336 1263
f 1262 1349 1268
f 1262 1267 1349
f 1288 1364 1365
f 1263 1336 1264
f 1264 1335 1350
f 1264 1350 1351
f 1264 1351 1352
f 1264 1352 1266
f 1264 1266 1265
f 1266 1352 1353
f 1266 1353 1354
f 1266 1354 1267
f 1267 1354 1349
f 1268 1349 1269
f 1269 1349 1355
f 1264 1336 1335
f 1367 1452 1451
f 1288 1365 1289
f 1291 1368 1369
f 1304 1386 1306
f 1304 1306 1305
f 1307 1387 1388
f 1307 1388 1471
f 1307 1471 1389
f 1307 1389 1311
f 1307 1311 1308
f 1307 1318 1390
f 1307 1390 1387
f 1310 1391 1473
f 1310 1473 1474
f 1310 1474 1392
f 1310 1392 1401
f 1310 1401 1320
f 1310 1320 1393
f 1310 1393 1312
f 1310 1312 1313
f 1310 1389 1471
f 1310 1471 1391
f 1312 1393 1319
f 1314 1394 1400
f 1314 1400 1317
f 1315 1395 1394
f 1303 1386 1304
f 1303 1385 1386
f 1303 1384 1385
f 1303 1383 1384
f 1291 1369 1292
f 1292 1369 1456
f 1292 1456 1370
f 1292 1370 1371
f 1292 1371 1372
f 1292 1372 1299
f 1292 1299 1298
f 1292 1298 1297
f 1292 1297 1294
f 1294 1297 1295
f 1299 1372 1373
f 1290 1366 1367
f 1299 1373 1374
f 1300 1374 1301
f 1301 1374 1375
f 1302 1376 1377
f 1302 1377 1303
f 1303 1377 1464
f 1303 1464 1378
f 1303 1378 1379
f 1303 1379 1380
f 1303 1380 1381
f 1303 1381 1382
f 1303 1382 1383
f 1299 1374 1300
f 1367 1451 1533
f 1367 1533 1453
f 1367 1453 1454
f 1440 1525 1522
f 1441 1523 1526
f 1441 1526 1444
f 1441 1444 1442
f 1444 1526 1527
f 1444 1527 1447
f 1444 1447 1446
f 1447 1527 1448
f 1448 1450 1449
f 1448 1527 1598
f 1448 1598 1528
f 1448 1528 1529
f 1448 1529 1450
f 1450 1529 1603
f 1450 1603 1530
f 1451 1530 1531
f 1451 1531 1532
f 1451 1532 1533
f 1453 1533 1534
f 1453 1534 1535
f 1453 1535 1536
f 1453 1536 1537
f 1453 1537 1538
f 1440 1524 1525
f 1440 1499 1524
f 1440 1522 1523
f 1439 1504 1503
f 1428 1507 1508
f 1428 1508 1509
f 1429 1510 1511
f 1429 1511 1430
f 1429 1509 1510
f 1430 1511 1512
f 1430 1512 1513
f 1430 1513 1431
f 1431 1513 1588
f 1431 1588 1514
f 1431 1514 1432
f 1453 1538 1455
f 1432 1514 1433
f 1433 1515 1516
f 1433 1516 1517
f 1433 1517 1518
f 1433 1518 1519
f 1433 1519 1500
f 1435 1520 1437
f 1435 1437 1436
f 1437 1521 1438
f 1437 1520 1521
f 1438 1521 1439
f 1439 1521 1504
f 1433 1514 1515
f 1428 1506 1507
f 1453 1455 1454
f 1456 1538 1539
f 1475 1555 1485
f 1476 1556 1557
f 1476 1557 1481
f 1476 1481 1480
f 1476 1549 1558
f 1476 1558 1556
f 1477 1478 1550
f 1481 1557 1560
f 1481 1560 1561
f 1481 1561 1559
f 1482 1551 1483
f 1482 1559 1551
f 1485 1555 1631
f 1485 1631 1562
f 1487 1562 1563
f 1487 1563 1564
f 1487 1564 1565
f 1487 1565 1566
f 1487 1566 1567
f 1487 1567 1488
f 1488 1567 1489
f 1489 1567 1566
f 1489 1566 1637
f 1474 1555 1475
f 1473 1555 1474
f 1473 1554 1555
f 1470 1625 1552
f 1457 1539 1540
f 1457 1540 1458
f 1458 1541 1459
f 1458 1540 1541
f 1459 1541 1540
f 1459 1540 1460
f 1460 1540 1542
f 1460 1542 1543
f 1460 1543 1544
f 1460 1544 1616
f 1460 1616 1545
f 1455 1538 1456
f 1460 1545 1546
f 1462 1546 1464
f 1462 1464 1463
f 1464 1546 1547
f 1464 1547 1548
f 1464 1548 1465
f 1468 1477 1550
f 1469 1479 1483
f 1469 1483 1551
f 1470 1552 1553
f 1470 1553 1472
f 1470 1551 1625
f 1460 1546 1462
f 1490 1568 1569
f 1428 1505 1506
f 1428 1504 1576
f 1379 1467 1380
f 1380 1467 1381
f 1381 1467 1477
f 1381 1477 1468
f 1387 1390 1396
f 1387 1396 1469
f 1387 1469 1551
f 1387 1551 1470
f 1387 1470 1388
f 1388 1470 1472
f 1388 1472 1553
f 1388 1553 1554
f 1388 1554 1473
f 1388 1473 1471
f 1391 1471 1473
f 1392 1474 1475
f 1392 1475 1401
f 1394 1476 1400
f 1394 1395 1477
f 1394 1477 1466
f 1394 1466 1549
f 1394 1549 1476
f 1395 1478 1477
f 1379 1477 1467
f 1379 1466 1477
f 1379 1549 1466
f 1379 1548 1549
f 1367 1454 1368
f 1368 1454 1455
f 1368 1455 1369
f 1369 1455 1456
f 1370 1456 1539
f 1370 1539 1457
f 1370 1457 1458
f 1370 1458 1371
f 1371 1373 1372
f 1371 1458 1459
f 1371 1459 1373
f 1396 1479 1469
f 1373 1459 1374
f 1374 1460 1461
f 1374 1461 1375
f 1375 1461 1376
f 1376 1461 1460
f 1376 1460 1462
f 1376 1462 1463
f 1376 1463 1377
f 1377 1463 1464
f 1378 1464 1465
f 1378 1465 1379
f 1379 1465 1548
f 1374 1459 1460
f 1428 1576 1505
f 1396 1399 1479
f 1397 1480 1398
f 1414 1573 1520
f 1414 1520 1435
f 1414 1435 1494
f 1414 1490 1495
f 1414 1495 1491
f 1415 1494 1435
f 1415 1435 1434
f 1419 1426 1496
f 1419 1496 1420
f 1420 1496 1502
f 1420 1502 1497
f 1420 1497 1421
f 1421 1497 1422
f 1422 1497 1498
f 1422 1498 1499
f 1422 1499 1424
f 1424 1499 1440
f 1425 1433 1500
f 1426 1500 1501
f 1426 1501 1502
f 1426 1502 1496
f 1427 1503 1428
f 1428 1503 1504
f 1414 1493 1573
f 1414 1492 1493
f 1414 1491 1492
f 1413 1568 1490
f 1398 1480 1481
f 1398 1481 1399
f 1399 1481 1559
f 1399 1559 1482
f 1399 1482 1483
f 1399 1483 1479
f 1401 1475 1484
f 1401 1484 1402
f 1402 1484 1475
f 1402 1475 1485
f 1402 1485 1562
f 1397 1476 1480
f 1402 1562 1486
f 1402 1407 1406
f 1407 1486 1562
f 1407 1562 1487
f 1407 1487 1488
f 1407 1488 1408
f 1409 1410 1489
f 1409 1489 1412
f 1409 1412 1411
f 1410 1488 1489
f 1412 1489 1413
f 1413 1489 1568
f 1402 1486 1407
f 809 880 810
f 1006 1089 1091
f 807 880 808
f 233 1209 1306
f 233 1306 1386
f 233 1386 1385
f 233 1385 1384
f 233 1384 1383
f 233 1383 1382
f 233 1382 1381
f 233 1381 1468
f 233 1468 1550
f 233 1550 1478
f 233 1478 1395
f 233 1395 1315
f 233 1315 1217
f 233 1217 1132
f 233 1132 1046
f 233 1046 965
f 233 965 895
f 233 895 825
f 233 825 750
f 233 750 749
f 233 749 748
f 233 748 673
f 233 673 596
f 233 1123 1209
f 233 596 518
f 233 1124 1123
f 233 1038 1125
f 233 299 379
f 233 379 378
f 233 378 377
f 233 377 376
f 233 376 375
f 233 375 374
f 233 374 440
f 233 440 510
f 233 510 515
f 233 515 514
f 233 514 593
f 233 593 672
f 233 672 747
f 233 747 746
f 233 746 745
f 233 745 824
f 233 824 823
f 233 823 822
f 233 822 892
f 233 892 961
f 233 961 1040
f 233 1040 1039
f 233 1039 1038
f 233 1125 1124
f 233 518 445
f 233 445 383
f 233 383 382
f 247 261 252
f 247 252 251
f 247 251 248
f 247 250 318
f 247 318 397
f 247 397 395
f 247 395 316
f 247 316 329
f 247 329 314
f 249 313 394
f 249 394 317
f 249 317 250
f 250 317 318
f 253 256 319
f 254 319 320
f 254 320 321
f 254 321 322
f 254 322 323
f 255 324 296
f 255 296 294
f 255 323 322
f 255 322 324
f 256 292 320
f 247 315 261
f 247 314 315
f 244 313 246
f 244 312 313
f 233 382 380
f 233 380 303
f 233 303 235
f 233 235 234
f 235 303 236
f 236 304 305
f 236 305 237
f 236 303 304
f 237 305 306
f 237 306 238
f 239 306 307
f 233 300 299
f 239 307 240
f 240 309 242
f 240 307 387
f 240 387 310
f 240 310 388
f 240 388 308
f 242 244 243
f 242 309 389
f 242 389 311
f 242 311 312
f 242 312 244
f 244 246 245
f 240 308 309
f 233 301 300
f 233 302 301
f 231 233 232
f 196 259 260
f 196 260 197
f 196 211 257
f 198 252 261
f 198 261 199
f 199 261 200
f 200 261 262
f 200 262 263
f 200 263 201
f 201 263 202
f 202 264 265
f 202 265 268
f 202 268 204
f 202 204 203
f 202 263 266
f 202 266 267
f 202 267 338
f 202 338 330
f 202 330 264
f 206 268 335
f 206 335 269
f 207 269 339
f 207 339 270
f 196 258 259
f 196 257 258
f 194 255 228
f 192 253 193
f 181 243 244
f 181 244 245
f 181 245 246
f 181 246 182
f 182 247 248
f 182 248 251
f 182 251 183
f 182 246 313
f 182 313 249
f 182 249 250
f 182 250 247
f 207 270 209
f 183 251 184
f 185 252 198
f 188 191 254
f 188 254 189
f 189 255 194
f 189 194 195
f 189 254 323
f 189 323 255
f 191 253 319
f 191 319 254
f 192 225 256
f 192 256 253
f 185 251 252
f 256 320 319
f 207 209 208
f 210 272 211
f 222 285 286
f 223 288 226
f 225 289 290
f 225 290 364
f 225 364 291
f 225 291 292
f 225 292 256
f 226 288 360
f 226 360 293
f 227 230 231
f 228 255 294
f 228 294 229
f 229 294 296
f 229 296 297
f 229 297 298
f 229 298 295
f 230 295 298
f 230 298 231
f 231 298 299
f 231 299 300
f 231 300 301
f 231 301 302
f 231 302 233
f 222 288 223
f 222 359 288
f 222 287 359
f 222 286 287
f 210 271 273
f 210 273 342
f 210 342 272
f 211 272 257
f 212 260 274
f 213 274 275
f 808 880 809
f 214 275 276
f 214 276 277
f 214 277 215
f 215 278 279
f 209 270 271
f 215 279 280
f 215 217 216
f 215 277 278
f 217 281 282
f 217 282 218
f 217 280 281
f 218 282 219
f 219 282 283
f 219 283 284
f 219 284 220
f 220 284 285
f 220 285 221
f 215 280 217
f 257 325 258
f 257 272 326
f 257 326 325
f 327 404 328
f 327 402 403
f 328 404 419
f 328 419 343
f 330 338 406
f 330 406 407
f 330 407 408
f 330 408 409
f 330 409 331
f 331 409 332
f 332 409 410
f 332 410 333
f 333 411 412
f 333 412 334
f 333 410 411
f 334 412 339
f 334 339 335
f 336 405 337
f 337 405 413
f 337 413 473
f 337 473 406
f 340 414 415
f 340 415 341
f 327 403 404
f 326 402 327
f 326 342 402
f 325 326 327
f 310 390 388
f 311 389 391
f 311 391 392
f 311 392 312
f 312 392 313
f 313 392 393
f 313 393 394
f 316 395 405
f 316 405 329
f 317 394 393
f 317 393 455
f 340 412 479
f 317 455 396
f 317 397 318
f 320 367 366
f 320 366 398
f 320 398 465
f 320 465 399
f 320 399 400
f 320 400 401
f 320 401 321
f 321 372 322
f 321 401 372
f 322 372 370
f 317 396 397
f 310 387 390
f 340 479 414
f 342 416 481
f 354 431 358
f 354 358 355
f 355 358 356
f 358 431 432
f 358 432 433
f 358 433 359
f 359 433 434
f 360 434 368
f 362 369 435
f 362 435 363
f 363 435 500
f 363 500 503
f 363 503 436
f 364 436 437
f 364 437 365
f 365 437 438
f 365 438 366
f 366 438 464
f 366 464 398
f 368 439 435
f 368 435 369
f 368 434 439
f 371 440 374
f 354 430 431
f 352 491 429
f 352 428 491
f 352 354 353
f 342 481 417
f 342 417 418
f 342 418 402
f 344 420 421
f 344 421 347
f 344 347 422
f 344 422 346
f 344 346 345
f 344 419 423
f 344 423 420
f 346 422 347
f 342 415 416
f 347 421 424
f 347 425 348
f 348 425 488
f 348 488 426
f 348 426 427
f 348 427 349
f 349 427 350
f 350 427 428
f 350 428 352
f 350 352 351
f 352 429 430
f 352 430 354
f 347 424 425
f 180 242 243
f 308 389 309
f 307 444 387
f 271 341 415
f 271 415 342
f 271 342 273
f 272 342 326
f 274 343 276
f 274 276 275
f 274 328 343
f 276 344 345
f 276 345 278
f 276 278 277
f 276 343 419
f 276 419 344
f 278 346 279
f 278 345 346
f 279 346 347
f 279 347 348
f 279 348 349
f 279 349 350
f 279 350 280
f 280 350 281
f 281 350 351
f 281 351 282
f 282 351 352
f 270 341 271
f 270 340 341
f 270 412 340
f 270 339 412
f 258 325 259
f 259 325 327
f 259 327 328
f 259 328 274
f 259 274 260
f 261 315 262
f 262 315 263
f 263 315 314
f 263 314 329
f 263 329 266
f 264 330 331
f 282 352 353
f 264 331 332
f 264 333 334
f 264 334 335
f 264 335 265
f 265 335 268
f 266 329 405
f 266 405 336
f 266 336 267
f 267 336 337
f 267 337 406
f 267 406 338
f 269 335 339
f 264 332 333
f 308 388 389
f 282 353 283
f 283 354 284
f 297 371 298
f 297 370 372
f 297 372 373
f 297 373 371
f 298 371 374
f 298 374 375
f 298 375 376
f 298 376 377
f 298 377 378
f 298 378 379
f 298 379 299
f 303 380 304
f 304 381 306
f 304 306 305
f 304 380 382
f 304 382 383
f 304 383 384
f 304 384 385
f 304 385 444
f 304 444 381
f 306 381 386
f 306 386 307
f 307 386 444
f 296 370 297
f 296 322 370
f 296 324 322
f 293 362 361
f 284 354 355
f 284 355 356
f 284 356 357
f 284 357 285
f 285 357 286
f 286 357 356
f 286 356 358
f 286 358 287
f 287 358 359
f 288 359 434
f 288 434 360
f 283 353 354
f 289 361 362
f 290 362 363
f 290 363 436
f 290 436 364
f 291 364 365
f 291 365 292
f 292 365 366
f 292 366 367
f 292 367 320
f 293 360 368
f 293 368 369
f 293 369 362
f 289 362 290
f 371 373 372
f 179 242 180
f 179 241 240
f 46 82 84
f 46 84 130
f 46 130 83
f 47 83 48
f 48 83 130
f 48 130 85
f 49 86 87
f 49 88 132
f 49 132 86
f 51 87 71
f 52 89 54
f 52 54 53
f 52 60 97
f 52 97 138
f 52 138 89
f 54 89 137
f 54 137 90
f 55 80 91
f 56 91 92
f 56 92 141
f 56 141 93
f 56 93 57
f 57 93 94
f 46 83 47
f 57 94 58
f 43 81 44
f 43 80 55
f 34 69 70
f 34 70 35
f 35 70 110
f 35 110 82
f 35 82 45
f 36 51 71
f 36 71 37
f 37 71 38
f 38 72 39
f 38 71 72
f 39 72 73
f 39 73 74
f 39 74 41
f 39 41 40
f 41 74 75
f 41 75 76
f 41 76 77
f 41 77 42
f 42 77 43
f 43 77 78
f 43 78 79
f 43 79 124
f 43 124 80
f 43 55 81
f 58 95 59
f 58 94 96
f 58 96 95
f 71 113 72
f 72 113 114
f 72 114 73
f 73 115 173
f 73 173 116
f 73 116 74
f 73 114 115
f 74 116 117
f 74 117 118
f 74 118 75
f 75 118 76
f 76 118 119
f 76 119 77
f 77 119 120
f 77 120 121
f 77 121 181
f 77 181 122
f 77 122 78
f 78 122 123
f 78 123 79
f 79 123 184
f 79 184 124
f 80 124 91
f 71 87 113
f 70 166 110
f 70 112 166
f 70 111 112
f 59 95 60
f 60 95 146
f 60 146 97
f 61 90 98
f 61 98 62
f 62 98 63
f 63 98 150
f 63 150 99
f 63 99 100
f 64 101 102
f 64 102 65
f 31 69 34
f 65 102 103
f 66 103 105
f 66 105 106
f 66 106 104
f 67 104 107
f 67 107 164
f 67 164 108
f 67 108 109
f 67 109 68
f 68 109 69
f 69 109 70
f 70 109 111
f 66 104 67
f 31 68 69
f 31 67 68
f 31 66 67
f 7 19 8
f 8 20 9
f 8 19 48
f 8 48 20
f 9 20 50
f 9 50 21
f 10 22 23
f 10 23 11
f 10 24 25
f 10 25 22
f 11 26 27
f 11 27 28
f 11 28 29
f 11 23 54
f 11 54 26
f 12 29 13
f 13 29 28
f 13 28 30
f 13 30 64
f 13 64 65
f 13 65 31
f 13 31 33
f 13 33 32
f 7 18 19
f 6 21 17
f 6 9 21
f 5 18 7
f 1 6 17
f 1 17 44
f 1 44 81
f 1 81 55
f 1 55 24
f 1 24 10
f 1 10 3
f 1 3 4
f 1 4 5
f 1 5 7
f 1 7 2
f 13 32 14
f 2 7 8
f 2 9 6
f 3 10 11
f 3 11 4
f 4 11 29
f 4 29 12
f 4 12 13
f 4 13 14
f 4 14 5
f 5 14 15
f 5 15 16
f 5 16 18
f 2 8 9
f 82 125 126
f 14 32 33
f 15 33 31
f 22 53 54
f 22 54 23
f 22 25 60
f 22 60 52
f 24 55 91
f 24 91 56
f 24 56 25
f 25 56 57
f 25 57 58
f 25 58 59
f 25 59 60
f 26 61 27
f 26 54 90
f 26 90 61
f 27 61 28
f 28 61 62
f 28 62 63
f 28 63 100
f 28 100 101
f 28 101 64
f 28 64 30
f 31 65 103
f 31 103 66
f 22 52 53
f 21 51 36
f 21 87 51
f 21 50 87
f 15 31 34
f 15 34 35
f 15 35 16
f 16 35 45
f 16 45 18
f 17 21 36
f 17 36 37
f 17 37 38
f 17 38 39
f 17 39 40
f 17 40 41
f 14 33 15
f 17 41 42
f 17 43 44
f 18 45 82
f 18 82 46
f 18 46 47
f 18 47 19
f 19 47 48
f 20 49 87
f 20 87 50
f 20 48 85
f 20 85 88
f 20 88 49
f 17 42 43
f 82 126 127
f 82 127 128
f 82 128 84
f 143 200 201
f 143 201 202
f 143 202 203
f 143 203 204
f 143 204 268
f 143 268 205
f 143 205 144
f 144 205 145
f 145 206 147
f 145 205 268
f 145 268 206
f 146 147 149
f 147 206 269
f 147 269 207
f 147 207 208
f 147 208 149
f 148 149 208
f 148 208 209
f 148 209 271
f 148 271 210
f 148 210 211
f 151 197 260
f 151 260 212
f 143 199 200
f 142 199 143
f 142 198 199
f 140 198 142
f 126 188 189
f 126 189 190
f 126 190 128
f 126 128 127
f 126 191 188
f 128 190 133
f 129 166 225
f 129 225 192
f 129 192 193
f 129 193 253
f 129 253 187
f 152 212 274
f 131 194 169
f 132 195 194
f 133 190 189
f 133 189 195
f 134 196 135
f 134 148 211
f 134 211 196
f 135 196 197
f 135 197 151
f 135 151 136
f 136 150 137
f 140 186 198
f 132 133 195
f 125 191 126
f 152 274 213
f 152 214 215
f 169 194 228
f 169 228 229
f 169 229 170
f 170 229 295
f 170 295 230
f 170 230 227
f 171 227 231
f 171 231 232
f 172 233 234
f 172 234 235
f 172 235 236
f 172 236 237
f 172 237 173
f 172 232 233
f 173 237 238
f 173 238 174
f 175 238 306
f 175 306 239
f 175 239 240
f 175 240 241
f 175 241 176
f 176 178 177
f 176 241 179
f 168 170 227
f 167 224 223
f 167 289 225
f 167 361 289
f 152 215 153
f 153 215 154
f 154 215 156
f 156 215 216
f 156 216 157
f 157 216 217
f 157 217 218
f 157 218 219
f 157 219 220
f 157 220 160
f 157 160 158
f 152 213 214
f 160 220 161
f 162 220 221
f 162 221 163
f 163 221 285
f 163 285 222
f 163 222 223
f 163 223 224
f 163 224 164
f 165 224 167
f 167 223 226
f 167 226 293
f 167 293 361
f 161 220 162
f 179 240 242
f 125 253 191
f 124 140 139
f 94 143 144
f 94 144 145
f 94 145 96
f 95 96 147
f 95 147 146
f 96 145 147
f 97 148 138
f 97 146 149
f 97 149 148
f 99 150 136
f 99 136 151
f 99 151 212
f 99 212 152
f 99 152 100
f 100 153 154
f 100 154 101
f 100 152 153
f 101 154 155
f 101 155 102
f 102 155 103
f 103 155 105
f 104 106 107
f 105 155 154
f 94 142 143
f 94 140 142
f 94 141 140
f 93 141 94
f 82 110 166
f 82 166 129
f 82 129 187
f 82 187 125
f 84 128 130
f 85 130 128
f 85 128 88
f 86 131 113
f 86 113 87
f 86 132 194
f 86 194 131
f 105 154 156
f 88 128 133
f 89 134 135
f 89 135 136
f 89 136 137
f 89 138 148
f 89 148 134
f 90 137 150
f 90 150 98
f 91 124 139
f 91 139 140
f 91 140 92
f 92 140 141
f 88 133 132
f 125 187 253
f 105 156 157
f 105 158 159
f 116 174 238
f 116 238 175
f 116 175 176
f 116 176 177
f 116 177 178
f 116 178 118
f 118 178 119
f 119 178 120
f 120 178 176
f 120 176 179
f 120 179 180
f 120 180 121
f 121 180 243
f 121 243 181
f 122 181 182
f 122 182 183
f 122 183 184
f 122 184 123
f 124 184 251
f 124 251 185
f 124 185 198
f 124 198 186
f 124 186 140
f 116 173 174
f 116 118 117
f 115 232 172
f 115 171 232
f 105 159 106
f 106 160 161
f 106 161 162
f 106 162 163
f 106 163 107
f 106 159 158
f 106 158 160
f 107 163 164
f 108 164 224
f 108 224 165
f 108 165 109
f 105 157 158
f 109 165 167
f 111 167 112
f 112 167 225
f 112 225 166
f 113 168 114
f 113 131 169
f 113 169 170
f 113 170 168
f 114 168 227
f 114 227 171
f 114 171 115
f 115 172 173
f 109 167 111
f 371 372 441
f 213 275 214
f 371 511 442
f 663 738 739
f 663 739 740
f 663 740 666
f 663 666 664
f 665 741 667
f 666 740 741
f 667 741 742
f 667 742 668
f 668 742 743
f 668 743 744
f 668 744 671
f 669 671 744
f 669 744 745
f 669 745 746
f 669 746 747
f 669 747 672
f 673 748 674
f 674 749 750
f 674 750 751
f 674 751 827
f 674 827 752
f 674 748 749
f 675 752 753
f 663 737 738
f 675 753 676
f 663 736 737
f 663 734 735
f 653 724 654
f 653 723 724
f 654 724 725
f 654 725 805
f 654 805 726
f 654 726 656
f 654 656 655
f 656 726 727
f 656 727 807
f 656 807 728
f 656 728 657
f 657 728 729
f 657 729 730
f 658 730 731
f 658 731 659
f 659 731 732
f 659 732 660
f 660 732 733
f 660 733 661
f 661 733 663
f 661 663 662
f 663 733 812
f 663 812 734
f 663 735 736
f 676 753 757
f 676 757 680
f 678 754 757
f 692 768 769
f 693 769 694
f 694 769 770
f 694 770 843
f 694 843 771
f 694 771 772
f 694 772 773
f 694 773 695
f 695 773 710
f 696 697 774
f 696 774 716
f 697 775 774
f 698 712 711
f 698 711 776
f 698 776 777
f 698 777 775
f 699 778 700
f 699 703 702
f 699 702 779
f 699 779 855
f 699 855 778
f 700 778 707
f 702 706 780
f 692 769 693
f 691 768 692
f 691 767 768
f 689 767 690
f 678 757 755
f 678 755 756
f 678 756 758
f 678 758 682
f 680 757 754
f 682 758 833
f 682 833 759
f 682 759 760
f 682 760 683
f 683 760 685
f 683 685 684
f 651 653 652
f 685 760 761
f 685 687 686
f 687 762 763
f 687 763 764
f 687 764 765
f 687 765 688
f 687 761 762
f 688 765 689
f 689 765 764
f 689 764 836
f 689 836 766
f 689 766 767
f 685 761 687
f 651 723 653
f 651 722 723
f 650 722 651
f 613 682 683
f 613 683 684
f 613 684 614
f 614 684 685
f 614 685 615
f 615 685 686
f 615 686 687
f 615 687 616
f 616 687 688
f 616 688 620
f 616 620 617
f 618 620 619
f 620 688 689
f 620 689 690
f 620 690 767
f 620 767 691
f 620 691 692
f 620 692 621
f 621 692 624
f 621 624 623
f 624 692 693
f 624 693 694
f 624 694 695
f 612 682 613
f 612 679 682
f 612 677 679
f 611 677 612
f 593 669 672
f 596 673 597
f 597 674 752
f 597 752 675
f 597 673 674
f 598 600 599
f 598 675 676
f 598 676 600
f 601 605 604
f 601 604 602
f 602 604 611
f 624 695 637
f 604 677 611
f 604 682 679
f 604 679 677
f 606 676 680
f 606 680 754
f 606 754 678
f 607 622 681
f 607 681 608
f 608 681 609
f 609 681 622
f 609 622 624
f 609 624 637
f 604 678 682
f 702 780 848
f 626 627 696
f 627 697 696
f 638 786 711
f 638 711 639
f 639 711 712
f 639 712 698
f 640 713 644
f 640 641 714
f 640 714 715
f 640 715 713
f 641 716 796
f 641 796 714
f 643 717 645
f 644 713 717
f 645 717 719
f 645 719 798
f 645 798 718
f 646 718 720
f 646 720 647
f 647 720 648
f 648 720 799
f 648 799 721
f 648 721 650
f 648 650 649
f 650 721 722
f 638 707 786
f 637 710 708
f 637 695 710
f 636 783 704
f 628 698 775
f 628 775 697
f 629 696 716
f 629 716 641
f 631 699 700
f 631 700 634
f 631 633 701
f 631 701 702
f 631 702 703
f 631 703 699
f 632 636 704
f 627 628 697
f 632 704 783
f 632 705 780
f 632 780 706
f 632 706 633
f 633 706 702
f 633 702 701
f 634 700 707
f 635 637 636
f 636 637 708
f 636 708 710
f 636 710 709
f 636 709 783
f 632 783 705
f 593 670 669
f 702 848 781
f 702 782 779
f 772 846 847
f 772 847 773
f 773 847 862
f 773 862 848
f 773 848 849
f 773 849 787
f 774 775 777
f 774 777 851
f 774 851 854
f 774 854 852
f 774 852 850
f 777 790 853
f 777 853 854
f 777 854 851
f 778 855 920
f 778 920 856
f 371 441 511
f 778 857 858
f 778 858 785
f 779 782 863
f 779 863 859
f 779 859 922
f 779 922 860
f 771 846 772
f 779 860 926
f 771 845 846
f 769 844 843
f 763 835 900
f 763 900 969
f 763 969 1050
f 763 1050 1054
f 763 1054 972
f 763 972 901
f 763 901 837
f 763 837 836
f 763 836 764
f 763 834 835
f 766 836 837
f 766 837 838
f 766 838 839
f 766 839 840
f 766 840 841
f 766 841 768
f 766 768 767
f 768 841 840
f 768 840 839
f 768 839 842
f 768 842 769
f 769 843 770
f 769 842 844
f 771 843 845
f 779 926 861
f 779 861 855
f 780 784 783
f 797 933 1005
f 797 1005 934
f 797 934 869
f 797 869 798
f 798 869 870
f 798 870 871
f 798 871 799
f 800 871 936
f 800 936 937
f 800 937 872
f 800 872 873
f 800 873 801
f 801 873 874
f 801 874 803
f 803 874 875
f 803 875 804
f 804 875 944
f 804 944 876
f 804 876 945
f 804 945 877
f 805 877 878
f 805 878 806
f 807 879 880
f 797 868 933
f 797 866 868
f 796 850 867
f 791 929 865
f 780 783 849
f 780 849 848
f 781 848 862
f 781 862 863
f 781 863 782
f 783 787 849
f 785 858 786
f 786 858 864
f 786 864 788
f 788 864 789
f 789 864 790
f 762 834 763
f 790 864 854
f 791 865 866
f 791 866 797
f 791 797 792
f 791 795 794
f 791 794 793
f 791 793 867
f 791 867 930
f 791 930 1003
f 791 1003 1083
f 791 1083 1001
f 791 1001 929
f 790 854 853
f 762 833 834
f 759 761 760
f 759 762 761
f 721 799 871
f 721 871 800
f 721 800 801
f 721 801 802
f 721 802 722
f 722 802 801
f 722 801 723
f 723 801 803
f 723 803 724
f 724 803 804
f 724 804 725
f 725 804 877
f 725 877 805
f 726 805 806
f 726 806 727
f 727 806 878
f 727 878 879
f 727 879 807
f 728 807 808
f 728 808 729
f 729 808 731
f 729 731 730
f 731 809 732
f 720 798 799
f 718 798 720
f 717 798 719
f 717 797 798
f 705 783 784
f 705 784 780
f 707 785 786
f 707 778 785
f 709 710 783
f 710 773 787
f 710 787 783
f 711 786 788
f 711 788 789
f 711 789 790
f 711 790 777
f 731 808 809
f 711 777 776
f 713 792 717
f 713 715 793
f 713 793 794
f 713 794 795
f 713 795 791
f 714 796 867
f 714 867 793
f 714 793 715
f 716 774 850
f 716 850 796
f 717 792 797
f 713 791 792
f 702 781 782
f 732 809 810
f 732 811 812
f 744 821 892
f 744 892 822
f 744 822 823
f 744 823 824
f 744 824 745
f 750 825 826
f 750 826 751
f 751 826 896
f 751 896 830
f 751 830 827
f 752 827 830
f 752 830 757
f 752 757 753
f 755 757 828
f 755 828 829
f 755 829 756
f 756 829 758
f 757 830 831
f 757 831 832
f 757 832 829
f 757 829 828
f 758 829 833
f 759 833 762
f 743 820 821
f 743 821 744
f 742 820 743
f 742 818 820
f 732 812 733
f 734 812 811
f 734 811 810
f 734 810 881
f 734 881 949
f 734 949 950
f 734 950 882
f 734 882 813
f 734 813 737
f 734 737 736
f 734 736 735
f 732 810 811
f 737 813 883
f 737 814 815
f 737 815 816
f 737 816 817
f 737 817 818
f 737 818 819
f 737 819 739
f 737 739 738
f 739 819 741
f 739 741 740
f 741 819 742
f 742 819 818
f 737 883 814
f 592 670 593
f 778 856 857
f 591 670 592
f 446 520 447
f 446 518 519
f 447 520 517
f 448 517 521
f 448 521 452
f 449 451 450
f 449 452 522
f 449 522 523
f 449 523 451
f 451 454 453
f 451 523 524
f 451 524 454
f 452 521 600
f 452 600 525
f 452 525 601
f 452 601 522
f 454 524 455
f 455 524 526
f 456 457 473
f 457 527 607
f 457 607 528
f 457 528 529
f 457 529 473
f 446 519 520
f 445 518 446
f 443 516 511
f 442 515 510
f 431 497 432
f 432 439 433
f 432 497 498
f 432 498 499
f 432 499 439
f 433 439 434
f 435 439 501
f 435 501 502
f 435 502 581
f 435 581 500
f 436 503 504
f 457 463 536
f 436 504 505
f 437 506 507
f 437 507 438
f 437 505 508
f 437 508 509
f 437 509 506
f 438 507 464
f 439 499 501
f 442 511 512
f 442 512 513
f 442 513 514
f 442 514 515
f 436 505 437
f 431 496 497
f 457 536 527
f 458 530 459
f 472 474 549
f 472 549 550
f 472 550 551
f 472 551 545
f 473 529 552
f 473 552 474
f 474 552 553
f 474 553 549
f 475 548 554
f 475 554 555
f 475 555 476
f 476 555 556
f 476 556 557
f 476 557 477
f 477 557 559
f 477 559 558
f 477 558 481
f 477 481 480
f 481 558 559
f 481 559 560
f 481 560 482
f 483 560 541
f 484 544 543
f 472 548 475
f 472 547 548
f 472 546 547
f 472 545 546
f 459 530 531
f 459 531 532
f 459 532 533
f 459 533 534
f 459 534 460
f 460 534 535
f 460 535 461
f 461 535 536
f 461 536 462
f 464 507 537
f 464 537 538
f 458 526 530
f 464 538 516
f 466 539 626
f 466 626 540
f 466 483 541
f 466 541 627
f 466 627 539
f 467 540 626
f 467 626 542
f 467 542 468
f 469 542 543
f 470 543 544
f 470 544 484
f 464 516 465
f 484 543 485
f 430 496 431
f 430 493 495
f 393 454 455
f 395 397 456
f 395 456 405
f 396 457 456
f 396 455 526
f 396 526 458
f 396 458 459
f 396 459 460
f 396 460 461
f 396 461 462
f 396 462 536
f 396 536 463
f 396 463 457
f 398 464 465
f 399 443 400
f 399 465 516
f 399 516 443
f 402 418 483
f 402 483 466
f 402 466 540
f 402 540 467
f 402 467 468
f 402 468 403
f 393 453 454
f 392 453 393
f 392 451 453
f 391 451 392
f 591 671 669
f 371 442 510
f 371 510 440
f 372 401 400
f 372 400 443
f 372 443 511
f 372 511 441
f 381 444 386
f 383 445 446
f 383 446 384
f 384 446 447
f 403 468 542
f 384 447 385
f 385 517 444
f 387 444 517
f 387 517 448
f 387 448 390
f 388 390 389
f 389 390 391
f 390 449 450
f 390 450 451
f 390 451 391
f 390 448 452
f 390 452 449
f 385 447 517
f 430 495 496
f 403 542 469
f 403 543 470
f 419 471 420
f 419 420 423
f 420 484 424
f 420 424 421
f 420 471 470
f 420 470 484
f 424 484 485
f 424 485 486
f 424 486 487
f 424 487 425
f 425 487 563
f 425 563 565
f 425 565 488
f 426 488 489
f 426 489 490
f 426 490 428
f 426 428 427
f 428 490 491
f 429 492 493
f 429 493 430
f 429 491 494
f 429 494 570
f 429 570 492
f 418 560 483
f 418 482 560
f 417 482 418
f 417 481 482
f 403 470 471
f 403 471 404
f 404 471 419
f 405 456 413
f 406 472 407
f 406 473 474
f 406 474 472
f 407 472 408
f 408 472 409
f 409 475 476
f 409 476 410
f 403 469 543
f 409 472 475
f 410 477 411
f 411 477 479
f 411 479 478
f 411 478 412
f 412 478 479
f 413 456 473
f 414 479 415
f 415 479 477
f 415 477 480
f 415 480 416
f 416 480 481
f 410 476 477
f 485 543 561
f 396 456 397
f 485 562 486
f 546 555 554
f 546 554 548
f 549 635 636
f 549 636 550
f 549 553 635
f 550 636 551
f 552 610 609
f 552 609 553
f 553 609 637
f 553 637 635
f 555 638 556
f 555 634 707
f 555 707 638
f 556 638 559
f 556 559 557
f 559 638 639
f 559 639 560
f 560 639 698
f 560 698 628
f 561 640 642
f 561 642 562
f 561 630 629
f 561 629 641
f 546 634 555
f 561 641 640
f 546 631 634
f 545 633 631
f 533 620 621
f 533 621 535
f 535 622 607
f 535 607 536
f 535 621 623
f 535 623 624
f 535 624 622
f 537 589 625
f 537 625 538
f 538 590 594
f 538 625 590
f 539 627 626
f 541 560 628
f 541 628 627
f 542 629 630
f 542 630 543
f 542 626 696
f 542 696 629
f 543 630 561
f 545 631 546
f 545 551 636
f 545 636 632
f 545 632 633
f 546 548 547
f 562 642 564
f 563 643 565
f 564 642 640
f 577 659 578
f 579 581 580
f 579 659 660
f 579 660 581
f 581 660 661
f 581 661 662
f 583 662 663
f 584 663 664
f 584 664 585
f 585 664 586
f 586 664 587
f 587 665 588
f 587 664 666
f 587 666 741
f 587 741 665
f 589 665 667
f 589 667 625
f 590 625 667
f 590 667 668
f 590 668 671
f 590 671 591
f 485 561 562
f 591 669 670
f 577 658 659
f 575 577 576
f 575 658 577
f 575 730 658
f 564 640 644
f 564 644 717
f 564 717 643
f 565 645 718
f 565 718 646
f 565 646 647
f 565 647 566
f 565 643 645
f 566 647 648
f 566 648 567
f 568 648 649
f 533 619 620
f 570 649 650
f 570 651 652
f 570 652 571
f 571 652 653
f 571 653 572
f 572 653 654
f 572 654 655
f 572 655 656
f 572 656 657
f 572 657 575
f 572 575 574
f 575 657 730
f 570 650 651
f 533 535 534
f 581 662 582
f 531 619 533
f 498 576 577
f 498 577 578
f 498 578 499
f 499 578 659
f 499 659 579
f 499 579 580
f 499 580 502
f 499 502 501
f 500 581 582
f 500 582 503
f 502 580 581
f 503 582 504
f 504 582 662
f 504 662 583
f 504 583 663
f 504 663 584
f 504 584 585
f 504 585 586
f 504 586 505
f 505 586 508
f 506 537 507
f 506 509 537
f 508 586 587
f 497 576 498
f 496 576 497
f 496 575 576
f 496 574 575
f 487 562 564
f 531 533 532
f 486 562 487
f 487 564 643
f 487 643 563
f 488 565 566
f 488 566 489
f 489 566 567
f 489 567 648
f 489 648 568
f 489 568 649
f 508 587 588
f 489 569 494
f 489 491 490
f 492 570 571
f 492 571 572
f 492 572 493
f 493 572 495
f 494 569 649
f 494 649 570
f 495 572 573
f 495 573 496
f 496 573 572
f 496 572 574
f 489 494 491
f 508 588 509
f 489 649 569
f 509 665 589
f 524 530 526
f 525 604 605
f 525 605 601
f 525 600 676
f 525 676 606
f 525 606 678
f 525 678 604
f 527 536 607
f 528 607 608
f 528 608 529
f 529 608 609
f 524 603 530
f 529 609 610
f 530 603 611
f 530 611 612
f 530 612 613
f 530 614 531
f 531 614 615
f 531 615 616
f 531 616 617
f 531 618 619
f 509 588 665
f 531 617 620
f 531 620 618
f 529 610 552
f 523 603 524
f 530 613 614
f 523 602 611
f 511 516 512
f 523 611 603
f 512 590 591
f 512 591 592
f 512 592 513
f 512 516 590
f 509 589 537
f 514 592 593
f 516 538 594
f 516 594 590
f 517 520 595
f 517 595 521
f 513 592 514
f 519 597 675
f 519 675 598
f 522 601 602
f 519 598 599
f 518 596 519
f 519 599 520
f 519 596 597
f 522 602 523
f 520 599 595
f 521 599 600
f 521 595 599

