o convex_0
v -0.341407 -0.0839536 0.238372
v -0.339763 -0.0896949 0.238372
v -0.339334 -0.0535497 0.303651
v -0.339334 -0.0357119 0.321499
v -0.341407 -0.0178379 0.294401
v -0.341407 0.0790066 0.238372
v -0.333366 -0.0654657 0.309601
v -0.334867 -0.0535497 0.32374
v -0.311851 -0.132556 0.238372
v -0.315532 -0.101178 0.309601
v -0.341407 0 0.299536
v -0.315532 -0.0357119 0.369114
v -0.339334 0.0357119 0.321499
v -0.341407 0.0480973 0.280302
v -0.339334 0.0535497 0.303651
v -0.339334 0.0714237 0.267915
v -0.334867 0.0803427 0.276859
v -0.335867 0.090056 0.238372
v -0.330399 -0.0625048 0.325961
v -0.316997 -0.0535497 0.359436
v -0.31253 -0.0625048 0.361677
v -0.302059 -0.141331 0.238372
v -0.291694 -0.130968 0.31555
v -0.297663 -0.119052 0.327449
v -0.294697 -0.116091 0.343809
v -0.31253 -0.0982167 0.325961
v -0.341407 0.0116632 0.299536
v -0.309564 -0.0357119 0.381013
v -0.297663 -0.0178379 0.40483
v -0.299164 0.0267568 0.401856
v -0.315532 0.0357119 0.369114
v -0.334867 0.0446308 0.330423
v -0.334867 0.0625048 0.312575
v -0.341407 0.0302233 0.298171
v -0.328184 0.0892977 0.285783
v -0.317605 0.12501 0.238372
v -0.327183 0.107136 0.238372
v -0.294697 -0.0982167 0.361677
v -0.294697 -0.0803427 0.379525
v -0.268286 -0.161155 0.238372
v -0.261924 -0.154763 0.309601
v -0.273861 -0.148805 0.297682
v -0.279794 -0.136926 0.327449
v -0.276827 -0.133929 0.343809
v -0.258958 -0.0982167 0.415242
v -0.273861 -0.0357119 0.434597
v -0.291694 -0.0178379 0.416729
v -0.291694 -0.0535497 0.398881
v -0.291694 0.0178379 0.416729
v -0.292445 0.0357119 0.41078
v -0.310314 0.0535497 0.375063
v -0.316997 0.0446308 0.366139
v -0.328184 0.0535497 0.339368
v -0.328184 0.0714237 0.321499
v -0.310314 0.107136 0.321499
v -0.291694 0.130968 0.321499
v -0.312208 0.131184 0.238372
v -0.276827 -0.0625048 0.415242
v -0.232583 -0.178993 0.238372
v -0.250023 -0.160721 0.303651
v -0.250023 -0.15628 0.32374
v -0.258958 -0.151803 0.325961
v -0.258958 -0.133929 0.361677
v -0.241089 -0.0982167 0.424186
v -0.232154 -0.0892977 0.435351
v -0.250023 -0.0714237 0.435351
v -0.258958 -0.0803427 0.424186
v -0.241089 -0.133929 0.379525
v -0.223255 -0.116091 0.415242
v -0.196451 -0.113094 0.434597
v -0.258958 -0.0625048 0.43311
v -0.258958 -0.0446308 0.442034
v -0.250023 -0.0357119 0.446516
v -0.273861 0.0357119 0.434597
v -0.281295 0.0446308 0.419724
v -0.299164 0.0625048 0.383987
v -0.290229 0.0803427 0.383987
v -0.310314 0.0892977 0.339368
v -0.290229 0.116091 0.348271
v -0.299164 0.116091 0.330423
v -0.306705 0.136673 0.238372
v -0.27236 0.133929 0.348271
v -0.254491 0.151803 0.330423
v -0.273861 0.148805 0.303651
v -0.301558 0.140789 0.238372
v -0.21432 -0.184445 0.238372
v -0.21432 -0.178595 0.267915
v -0.232154 -0.15628 0.341588
v -0.21432 -0.174118 0.288004
v -0.196451 -0.174118 0.305872
v -0.241089 -0.151803 0.343809
v -0.223255 -0.0982167 0.43311
v -0.205386 -0.0982167 0.442034
v -0.241089 -0.0625048 0.442034
v -0.232154 -0.138406 0.377305
v -0.21432 -0.130968 0.398881
v -0.178582 -0.130968 0.416729
v -0.125045 -0.113094 0.434597
v -0.196451 -0.0892977 0.446516
v -0.250023 0.0357119 0.446516
v -0.252275 0.0535497 0.442034
v -0.254491 0.0625048 0.437572
v -0.254491 0.0982167 0.419724
v -0.27236 0.0625048 0.419724
v -0.290229 0.0982167 0.366139
v -0.254491 0.133929 0.366139
v -0.236621 0.151803 0.348271
v -0.234405 0.15628 0.339368
v -0.252275 0.15628 0.321499
v -0.250023 0.160721 0.303651
v -0.229473 0.177837 0.238372
v -0.265176 0.159963 0.238372
v -0.125045 -0.184445 0.238372
v -0.178582 -0.178595 0.303651
v -0.21432 -0.160721 0.339368
v -0.178582 -0.142884 0.392932
v -0.196451 -0.138406 0.395152
v -0.160712 -0.130968 0.416729
v -0.107176 -0.113852 0.428648
v -0.0982411 -0.102694 0.437572
v -0.107176 -0.101178 0.440546
v -0.107176 -0.0892977 0.446516
v -0.196451 0.0892977 0.446516
v -0.216536 0.0892977 0.442034
v -0.218788 0.0982167 0.437572
v -0.218788 0.116091 0.419724
v -0.236621 0.133929 0.383987
v -0.220253 0.154763 0.351246
v -0.220253 0.136926 0.386962
v -0.21432 0.160721 0.339368
v -0.178582 0.178595 0.303651
v -0.198667 0.174118 0.303651
v -0.216536 0.174118 0.285783
v -0.21432 0.178595 0.267915
v -0.227937 0.178595 0.238372
v -0.11611 -0.174118 0.276859
v -0.125045 -0.178595 0.267915
v -0.160712 -0.178595 0.303651
v -0.0893064 -0.166571 0.238372
v -0.0804075 -0.15628 0.294707
v -0.169647 -0.15628 0.366139
v -0.160712 -0.142884 0.392932
v -0.151849 -0.138406 0.401856
v -0.142914 -0.13169 0.41078
v -0.0893064 -0.113852 0.41078
v -0.11611 -0.15628 0.348271
v -0.107176 -0.149564 0.357195
v -0.0893064 -0.149564 0.339368
v -0.0804075 -0.102694 0.419724
v -0.0774055 -0.0952557 0.422699
v -0.0952748 -0.0952557 0.440546
v -0.0595361 -0.00592189 0.440546
v -0.0714728 0 0.446516
v -0.107176 0.0892977 0.446516
v -0.190483 0.113094 0.434597
v -0.202419 0.101178 0.440546
v -0.202419 0.119052 0.422699
v -0.18455 0.136926 0.40483
v -0.200918 0.133929 0.401856
v -0.178582 0.142884 0.392932
v -0.160712 0.178595 0.303651
v -0.208459 0.184445 0.238372
v -0.0982411 -0.15628 0.330423
v -0.0706866 -0.157255 0.238372
v -0.0655045 -0.148805 0.285783
v -0.0714728 -0.149564 0.303651
v -0.0446688 -0.111613 0.348271
v -0.0536035 -0.13169 0.321499
v -0.0446688 -0.120532 0.330423
v -0.0625382 -0.0937391 0.401856
v -0.0625382 -0.0759013 0.419724
v -0.0595361 -0.0595077 0.422699
v -0.0476351 -0.0297539 0.416729
v -0.0357342 -0.0357119 0.392932
v -0.0357342 0.0357119 0.392932
v -0.0476351 0.0416699 0.416729
v -0.0625382 0.0267568 0.437572
v -0.0833738 0.0952557 0.434597
v -0.104209 0.110133 0.431623
v -0.119077 0.113094 0.434597
v -0.172649 0.130968 0.416729
v -0.160712 0.142884 0.392932
v -0.125045 0.178595 0.267915
v -0.11922 0.184445 0.238372
v -0.125045 0.160721 0.339368
v -0.110142 0.15776 0.336393
v -0.0349837 -0.121543 0.238372
v -0.0476351 -0.130968 0.303651
v -0.0298016 -0.113094 0.303651
v -0.0267995 -0.0937391 0.330423
v -0.0446688 -0.0580273 0.401856
v -0.0417025 -0.0416699 0.40483
v -0.0402015 -0.0557885 0.392932
v 0.0178381 0 0.267915
v -0.0446688 0.0625048 0.401856
v -0.0625382 0.0803427 0.419724
v -0.0625382 0.0982167 0.401856
v -0.0804075 0.116091 0.401856
v -0.0982411 0.116091 0.419724
v -0.154815 0.130968 0.416729
v -0.0982411 0.151803 0.348271
v -0.083481 0.166571 0.238372
v -0.0804075 0.151803 0.312575
v -0.0655045 0.148805 0.291732
v -0.0171143 -0.103669 0.238372
v -0.00346216 -0.0896227 0.238372
v -0.000781754 -0.0865895 0.238372
v -0.0223322 -0.0915004 0.321499
v 0.0236992 0.00581356 0.238372
v 0.0058299 0.0772734 0.238372
v -0.0267995 0.0982167 0.330423
v 0.0058299 -0.0655741 0.238372
v -0.0446688 0.116091 0.348271
v -0.0804075 0.133929 0.366139
v -0.13398 0.133929 0.401856
v -0.0684708 0.145844 0.306626
v -0.0476351 0.130968 0.309601
v -0.06529 0.157291 0.238372
v -3.12432e-05 -0.0850368 0.238372
v -0.00346216 0.0954724 0.238372
v -0.0298016 0.113094 0.309601
v -0.0327679 0.110133 0.324474
v -0.0116821 0.103705 0.238372
v -0.0295514 0.121579 0.238372
v -0.0611444 0.153175 0.238372
f 1 2 3
f 1 3 4
f 1 4 5
f 1 5 11
f 1 11 27
f 1 27 34
f 1 34 14
f 1 14 6
f 1 6 18
f 1 18 37
f 1 37 36
f 1 36 57
f 1 57 81
f 1 81 85
f 1 85 112
f 1 112 111
f 1 111 135
f 1 135 162
f 1 162 184
f 1 184 202
f 1 202 218
f 1 218 225
f 1 225 224
f 1 224 223
f 1 223 220
f 1 220 210
f 1 210 209
f 1 209 212
f 1 212 219
f 1 219 207
f 1 207 206
f 1 206 205
f 1 205 187
f 1 187 164
f 1 164 139
f 1 139 113
f 1 113 86
f 1 86 59
f 1 59 40
f 1 40 22
f 1 22 9
f 1 9 2
f 2 7 8
f 2 8 3
f 2 9 10
f 2 10 7
f 3 8 4
f 4 11 5
f 4 8 12
f 4 12 31
f 4 31 13
f 4 13 27
f 4 27 11
f 6 14 15
f 6 15 16
f 6 16 17
f 6 17 18
f 7 19 8
f 7 10 19
f 8 20 12
f 8 19 21
f 8 21 20
f 9 22 23
f 9 23 24
f 9 24 10
f 10 24 25
f 10 25 26
f 10 26 19
f 12 20 28
f 12 28 47
f 12 47 29
f 12 29 30
f 12 30 31
f 13 31 32
f 13 32 33
f 13 33 15
f 13 15 14
f 13 14 34
f 13 34 27
f 15 33 16
f 16 33 17
f 17 35 36
f 17 36 37
f 17 37 18
f 17 33 35
f 19 26 25
f 19 25 38
f 19 38 39
f 19 39 21
f 20 21 28
f 21 39 28
f 22 40 41
f 22 41 42
f 22 42 23
f 23 42 43
f 23 43 44
f 23 44 25
f 23 25 24
f 25 44 45
f 25 45 38
f 28 46 47
f 28 39 48
f 28 48 46
f 29 47 30
f 30 49 50
f 30 50 51
f 30 51 52
f 30 52 31
f 30 47 49
f 31 52 32
f 32 52 53
f 32 53 33
f 33 54 35
f 33 53 54
f 35 54 55
f 35 55 36
f 36 56 57
f 36 55 56
f 38 45 39
f 39 45 58
f 39 58 46
f 39 46 48
f 40 59 41
f 41 59 60
f 41 60 61
f 41 61 62
f 41 62 43
f 41 43 42
f 43 62 44
f 44 62 63
f 44 63 45
f 45 64 65
f 45 65 66
f 45 66 67
f 45 67 46
f 45 46 58
f 45 63 68
f 45 68 69
f 45 69 70
f 45 70 64
f 46 67 71
f 46 71 72
f 46 72 73
f 46 73 100
f 46 100 74
f 46 74 49
f 46 49 47
f 49 74 50
f 50 74 75
f 50 75 76
f 50 76 51
f 51 53 52
f 51 76 77
f 51 77 105
f 51 105 78
f 51 78 53
f 53 78 54
f 54 78 55
f 55 79 80
f 55 80 56
f 55 78 79
f 56 81 57
f 56 80 79
f 56 79 82
f 56 82 83
f 56 83 84
f 56 84 85
f 56 85 81
f 59 86 87
f 59 87 60
f 60 87 61
f 61 88 91
f 61 91 62
f 61 87 89
f 61 89 90
f 61 90 88
f 62 91 68
f 62 68 63
f 64 92 65
f 64 70 92
f 65 92 93
f 65 93 94
f 65 94 72
f 65 72 66
f 66 71 67
f 66 72 71
f 68 91 88
f 68 88 95
f 68 95 96
f 68 96 69
f 69 96 70
f 70 96 97
f 70 97 118
f 70 118 98
f 70 98 122
f 70 122 99
f 70 99 93
f 70 93 92
f 72 94 73
f 73 94 99
f 73 99 122
f 73 122 153
f 73 153 154
f 73 154 123
f 73 123 100
f 74 100 101
f 74 101 102
f 74 102 103
f 74 103 104
f 74 104 75
f 75 104 76
f 76 104 103
f 76 103 77
f 77 103 105
f 78 105 79
f 79 105 103
f 79 103 82
f 82 106 83
f 82 103 106
f 83 107 108
f 83 108 109
f 83 109 84
f 83 106 127
f 83 127 107
f 84 109 110
f 84 110 111
f 84 111 112
f 84 112 85
f 86 113 138
f 86 138 114
f 86 114 87
f 87 114 90
f 87 90 89
f 88 90 114
f 88 114 115
f 88 115 116
f 88 116 117
f 88 117 95
f 93 99 94
f 95 117 96
f 96 117 97
f 97 117 116
f 97 116 142
f 97 142 118
f 98 119 120
f 98 120 121
f 98 121 122
f 98 118 119
f 100 123 124
f 100 124 101
f 101 124 102
f 102 124 125
f 102 125 103
f 103 125 126
f 103 126 127
f 103 127 106
f 107 128 108
f 107 127 129
f 107 129 128
f 108 130 131
f 108 131 132
f 108 132 133
f 108 133 109
f 108 128 130
f 109 133 134
f 109 134 110
f 110 134 135
f 110 135 111
f 113 136 137
f 113 137 138
f 113 139 140
f 113 140 136
f 114 138 141
f 114 141 115
f 115 141 116
f 116 141 142
f 118 143 144
f 118 144 119
f 118 142 143
f 119 145 120
f 119 144 143
f 119 143 146
f 119 146 147
f 119 147 148
f 119 148 145
f 120 145 149
f 120 149 150
f 120 150 151
f 120 151 122
f 120 122 121
f 122 151 152
f 122 152 153
f 123 154 180
f 123 180 155
f 123 155 156
f 123 156 124
f 124 156 125
f 125 156 155
f 125 155 126
f 126 155 157
f 126 157 158
f 126 158 159
f 126 159 127
f 127 159 158
f 127 158 129
f 128 129 158
f 128 158 130
f 130 158 160
f 130 160 131
f 131 161 184
f 131 184 162
f 131 162 134
f 131 134 133
f 131 133 132
f 131 160 182
f 131 182 161
f 134 162 135
f 136 140 163
f 136 163 137
f 137 163 138
f 138 163 146
f 138 146 141
f 139 164 140
f 140 164 165
f 140 165 166
f 140 166 148
f 140 148 163
f 141 146 143
f 141 143 142
f 145 167 149
f 145 148 167
f 146 163 148
f 146 148 147
f 148 166 168
f 148 168 169
f 148 169 167
f 149 167 170
f 149 170 150
f 150 170 171
f 150 171 151
f 151 171 172
f 151 172 152
f 152 172 173
f 152 173 174
f 152 174 175
f 152 175 176
f 152 176 177
f 152 177 153
f 153 177 178
f 153 178 154
f 154 178 179
f 154 179 180
f 155 180 200
f 155 200 181
f 155 181 157
f 157 181 158
f 158 181 200
f 158 200 182
f 158 182 160
f 161 183 184
f 161 182 185
f 161 185 186
f 161 186 183
f 164 187 188
f 164 188 165
f 165 188 166
f 166 188 168
f 167 169 189
f 167 189 190
f 167 190 171
f 167 171 170
f 168 188 169
f 169 188 189
f 171 191 172
f 171 190 191
f 172 191 192
f 172 192 173
f 173 192 174
f 174 192 193
f 174 193 194
f 174 194 175
f 175 194 195
f 175 195 176
f 176 195 196
f 176 196 177
f 177 196 178
f 178 196 197
f 178 197 198
f 178 198 199
f 178 199 179
f 179 199 180
f 180 199 200
f 182 201 185
f 182 200 201
f 183 186 201
f 183 201 184
f 184 201 203
f 184 203 204
f 184 204 202
f 185 201 186
f 187 205 188
f 188 205 189
f 189 205 206
f 189 206 207
f 189 207 208
f 189 208 190
f 190 208 193
f 190 193 191
f 191 193 192
f 193 208 194
f 194 209 210
f 194 210 211
f 194 211 195
f 194 208 212
f 194 212 209
f 195 211 213
f 195 213 197
f 195 197 196
f 197 213 198
f 198 213 214
f 198 214 201
f 198 201 199
f 199 201 215
f 199 215 200
f 200 215 201
f 201 216 203
f 201 214 213
f 201 213 217
f 201 217 216
f 202 204 218
f 203 216 204
f 204 216 217
f 204 217 218
f 207 219 208
f 208 219 212
f 210 220 211
f 211 221 222
f 211 222 213
f 211 220 221
f 213 222 221
f 213 221 217
f 217 223 224
f 217 224 225
f 217 225 218
f 217 221 220
f 217 220 223
o convex_1
v -0.341407 -0.351781 -0.371306
v -0.119025 -0.351229 -0.369081
v -0.116029 -0.352748 -0.366115
v 0.267879 -0.351229 -0.148779
v -0.341407 -0.339351 0.0535406
v -0.341407 -0.339351 -0.376064
v -0.116029 -0.330373 -0.388423
v -0.127947 -0.34232 -0.378042
v 0.255961 -0.315526 -0.38694
v 0.267879 -0.339351 -0.303577
v 0.338789 -0.351229 -0.154773
v 0.338789 -0.351229 -0.148779
v 0.250036 -0.321465 -0.375014
v 0.321477 -0.339351 0.0535406
v -0.341407 -0.321465 0.178554
v -0.341407 0.339351 -0.376064
v -4.41326e-05 -0.303579 -0.392934
v 0.250036 -0.303579 -0.392934
v -0.116029 0.330373 -0.388423
v 0.338789 -0.178584 -0.392934
v 0.263418 -0.312556 -0.383974
v 0.287987 -0.334862 -0.303577
v 0.285723 -0.339351 -0.285719
v 0.299106 -0.330373 -0.294679
v 0.317017 -0.330373 -0.258961
v 0.338789 -0.190462 -0.38694
v 0.338789 -0.339351 0.0356816
v 0.303567 -0.321465 0.160695
v 0.285723 -0.321465 0.178554
v -0.341407 -0.316216 0.189121
v -0.341407 0.351367 -0.370008
v -4.41326e-05 0.303579 -0.392934
v -0.125017 0.351229 -0.369081
v 0.250036 0.315526 -0.38694
v 0.258958 0.312556 -0.388423
v 0.250036 0.303579 -0.392934
v 0.338789 0.178584 -0.392934
v 0.338789 -0.328578 0.0708434
v 0.312556 -0.316976 0.169655
v 0.294645 -0.316976 0.187514
v 0.285723 -0.315526 0.19048
v -0.341407 -0.315526 0.19048
v -0.341407 0.351229 -0.363149
v 0.258958 0.352748 -0.151807
v 0.338789 0.351229 -0.154773
v 0.267879 0.339351 -0.303577
v 0.250036 0.321465 -0.375014
v 0.261954 0.315526 -0.381008
v 0.338789 0.190462 -0.38694
v 0.338789 0.190116 -0.387125
v 0.338789 -0.314904 0.107674
v 0.315485 -0.309518 0.172621
v 0.297641 -0.309518 0.19048
v 0.285723 -0.303579 0.196413
v 0.258958 -0.312556 0.191963
v -0.341407 -0.30496 0.195733
v -0.341407 0.339351 0.0535406
v 0.321477 0.339351 0.0535406
v 0.338789 0.351229 -0.148779
v 0.315485 0.333343 -0.255995
v 0.297641 0.333343 -0.291713
v 0.285723 0.334862 -0.305802
v 0.285723 0.339351 -0.285719
v 0.338789 -0.314283 0.10823
v 0.312556 -0.290181 0.187514
v 0.338789 -0.304131 0.116325
v 0.321477 -0.303579 0.160695
v 0.315485 -0.273815 0.19048
v -0.341407 -0.303579 0.196413
v 0.303567 -0.267876 0.196413
v -0.000776528 -0.0865296 0.238372
v -0.0033732 -0.0896372 0.238372
v -0.017089 -0.103656 0.238372
v -0.0349328 -0.121542 0.238372
v -0.0706204 -0.157245 0.238372
v -0.106375 -0.175131 0.238372
v -0.124751 -0.184316 0.238372
v -0.125017 -0.184385 0.238372
v -0.341407 0.321465 0.178554
v 0.338789 0.339351 0.0356816
v 0.196438 0.321465 0.178554
v 0.303567 0.321465 0.160695
v 0.321477 -0.267876 0.178554
v 0.338789 0.303026 0.116325
v 0.315485 0.29764 0.172621
v -0.214303 -0.184385 0.238372
v -0.232546 -0.178998 0.238372
v -0.341407 -0.232173 0.214272
v 0.00581503 -0.065536 0.238372
v -4.41326e-05 -0.0850103 0.238372
v 0.303567 0.303579 0.178554
v 0.14284 0.267876 0.232131
v -0.341407 0.315526 0.19048
v 0.338789 0.338729 0.0385242
v 0.190512 0.315526 0.19048
v 0.297641 0.315526 0.172621
v 0.312556 0.312556 0.169655
v 0.338789 0.335138 0.0529844
v 0.321477 0.303579 0.160695
v 0.338789 0.31083 0.114409
v -0.268301 -0.161112 0.238372
v -0.302057 -0.141292 0.238372
v -0.311845 -0.132522 0.238372
v -0.339742 -0.0897062 0.238372
v -0.341407 -0.0839054 0.238372
v 0.0236588 0.00580086 0.238372
v 0.136914 0.279754 0.226198
v 0.107152 0.267876 0.232131
v -0.119158 0.184385 0.238372
v -0.0834041 0.166568 0.238372
v -0.0652273 0.157245 0.238372
v -0.0610993 0.15317 0.238372
v -0.0116293 0.103725 0.238372
v -0.0033732 0.095438 0.238372
v 0.00581503 0.0772758 0.238372
v -0.341407 0.307722 0.194373
v 0.10116 0.279754 0.226198
v 0.338789 0.316078 0.106561
v -0.341407 0.0790022 0.238372
v -0.208444 0.184385 0.238372
v -0.341407 0.303579 0.196413
v -0.336613 0.0885322 0.238372
v -0.341407 0.232173 0.214272
v -0.227886 0.178584 0.238372
v -0.327159 0.107109 0.238372
v -0.317571 0.124995 0.238372
v -0.312178 0.131141 0.238372
v -0.306718 0.136666 0.238372
v -0.301525 0.140809 0.238372
v -0.265171 0.159938 0.238372
v -0.229417 0.177824 0.238372
f 226 227 228
f 226 228 229
f 226 229 230
f 226 230 240
f 226 240 255
f 226 255 267
f 226 267 281
f 226 281 294
f 226 294 313
f 226 313 330
f 226 330 344
f 226 344 348
f 226 348 346
f 226 346 341
f 226 341 318
f 226 318 304
f 226 304 282
f 226 282 268
f 226 268 256
f 226 256 241
f 226 241 231
f 226 231 232
f 226 232 233
f 226 233 227
f 227 233 234
f 227 234 228
f 228 235 236
f 228 236 237
f 228 237 229
f 228 234 238
f 228 238 235
f 229 237 239
f 229 239 230
f 230 239 254
f 230 254 240
f 231 241 244
f 231 244 232
f 232 242 243
f 232 243 234
f 232 234 233
f 232 244 257
f 232 257 242
f 234 243 245
f 234 245 246
f 234 246 247
f 234 247 238
f 235 247 248
f 235 248 236
f 235 238 247
f 236 248 247
f 236 247 249
f 236 249 250
f 236 250 251
f 236 251 245
f 236 245 262
f 236 262 275
f 236 275 274
f 236 274 270
f 236 270 284
f 236 284 305
f 236 305 319
f 236 319 323
f 236 323 343
f 236 343 325
f 236 325 309
f 236 309 291
f 236 291 289
f 236 289 276
f 236 276 263
f 236 263 252
f 236 252 237
f 237 252 239
f 239 252 253
f 239 253 254
f 240 254 255
f 241 256 244
f 242 257 261
f 242 261 262
f 242 262 245
f 242 245 243
f 244 256 258
f 244 258 259
f 244 259 260
f 244 260 261
f 244 261 257
f 245 251 246
f 246 249 247
f 246 251 249
f 249 251 250
f 252 263 264
f 252 264 253
f 253 264 254
f 254 264 265
f 254 265 266
f 254 266 255
f 255 266 267
f 256 268 269
f 256 269 258
f 258 269 270
f 258 270 271
f 258 271 272
f 258 272 259
f 259 272 273
f 259 273 260
f 260 273 274
f 260 274 275
f 260 275 262
f 260 262 261
f 263 276 264
f 264 276 277
f 264 277 278
f 264 278 265
f 265 278 266
f 266 278 279
f 266 279 280
f 266 280 267
f 267 280 281
f 268 282 269
f 269 283 284
f 269 284 270
f 269 282 283
f 270 274 285
f 270 285 286
f 270 286 287
f 270 287 288
f 270 288 271
f 271 288 287
f 271 287 272
f 272 287 273
f 273 287 286
f 273 286 274
f 274 286 285
f 276 289 277
f 277 290 278
f 277 289 291
f 277 291 292
f 277 292 308
f 277 308 293
f 277 293 290
f 278 290 293
f 278 293 295
f 278 295 279
f 279 294 281
f 279 281 280
f 279 295 296
f 279 296 297
f 279 297 298
f 279 298 299
f 279 299 300
f 279 300 301
f 279 301 302
f 279 302 303
f 279 303 311
f 279 311 294
f 282 304 306
f 282 306 283
f 283 305 284
f 283 306 307
f 283 307 305
f 291 308 292
f 291 309 308
f 293 308 324
f 293 324 310
f 293 310 316
f 293 316 295
f 294 311 312
f 294 312 313
f 295 314 315
f 295 315 296
f 295 316 317
f 295 317 314
f 296 315 314
f 296 314 331
f 296 331 340
f 296 340 339
f 296 339 338
f 296 338 337
f 296 337 336
f 296 336 335
f 296 335 334
f 296 334 345
f 296 345 349
f 296 349 356
f 296 356 355
f 296 355 354
f 296 354 353
f 296 353 352
f 296 352 351
f 296 351 350
f 296 350 347
f 296 347 344
f 296 344 330
f 296 330 329
f 296 329 328
f 296 328 327
f 296 327 326
f 296 326 312
f 296 312 311
f 296 311 303
f 296 303 302
f 296 302 301
f 296 301 300
f 296 300 299
f 296 299 298
f 296 298 297
f 304 318 320
f 304 320 306
f 305 307 319
f 306 320 321
f 306 321 307
f 307 321 322
f 307 322 323
f 307 323 319
f 308 309 324
f 309 325 324
f 310 324 322
f 310 322 316
f 312 326 313
f 313 326 327
f 313 327 328
f 313 328 329
f 313 329 330
f 314 317 331
f 316 322 321
f 316 321 317
f 317 321 332
f 317 332 342
f 317 342 333
f 317 333 345
f 317 345 334
f 317 334 335
f 317 335 336
f 317 336 337
f 317 337 338
f 317 338 339
f 317 339 340
f 317 340 331
f 318 341 342
f 318 342 332
f 318 332 320
f 320 332 321
f 322 324 325
f 322 325 343
f 322 343 323
f 333 342 346
f 333 346 345
f 341 346 342
f 344 347 348
f 345 346 349
f 346 348 349
f 347 350 348
f 348 350 351
f 348 351 352
f 348 352 353
f 348 353 354
f 348 354 355
f 348 355 356
f 348 356 349
o convex_2
v -0.743014 0.287466 0.230436
v -0.741228 0.294641 0.22321
v -0.743889 0.287466 0.230436
v -0.735512 0.282484 0.230436
v -0.745686 0.294641 0.22321
v -0.706864 0.315502 0.17263
v -0.706864 0.317694 0.168285
v -0.706864 0.321481 0.160705
v -0.744765 0.285739 0.230436
v -0.706864 0.30361 0.178593
v -0.706864 0.311184 0.174803
v -0.738241 -0.273847 0.230436
v -0.706864 -0.30361 0.178593
v -0.756849 0.285739 0.214317
v -0.750156 0.321481 0.160705
v -0.756108 0.315502 0.17263
v -0.770235 0.316964 0.160705
v -0.781398 0.312512 0.151812
v -0.706864 0.339286 0.0535331
v -0.746326 0.273315 0.230436
v -0.738769 -0.285938 0.230436
v -0.706864 -0.315502 0.17263
v -0.763553 0.276837 0.205373
v -0.785867 0.339286 0.0535331
v -0.791819 0.333373 0.065458
v -0.799253 0.330384 0.0624768
v -0.799253 0.312512 0.0982009
v -0.785867 0.30361 0.142869
v -0.706864 0.339286 -0.232159
v -0.746798 -0.283547 0.230436
v -0.741228 -0.299159 0.205373
v -0.739746 -0.285739 0.230436
v -0.750156 -0.309523 0.184555
v -0.706864 -0.318957 0.165758
v -0.785867 -0.30361 0.142869
v -0.803723 0.339286 -0.124986
v -0.797771 0.333373 0.0535331
v -0.81712 0.330384 -0.116093
v -0.803723 0.321481 0.0535331
v -0.803723 0.30361 0.0892572
v -0.706864 0.335898 -0.239031
v -0.768 0.339286 -0.250046
v -0.773952 -0.30361 0.166668
v -0.776928 -0.312512 0.156259
v -0.779904 -0.315502 0.148831
v -0.768 -0.316964 0.162929
v -0.750156 -0.321481 0.160705
v -0.706864 -0.321481 0.160705
v -0.803723 -0.30361 0.0892572
v -0.797771 -0.315502 0.0952197
v -0.803723 0.339286 -0.178598
v -0.815627 0.333373 -0.124986
v -0.821579 0.321481 -0.124986
v -0.706864 0.333373 -0.244084
v -0.768 0.333373 -0.261921
v -0.794795 0.334835 -0.241103
v -0.785867 0.339286 -0.232159
v -0.776928 0.334835 -0.258939
v -0.797771 -0.333373 0.0594955
v -0.785867 -0.339286 0.0535331
v -0.706864 -0.339286 0.0535331
v -0.821579 -0.321481 -0.124986
v -0.803723 -0.321481 0.0535331
v -0.812651 0.334835 -0.187491
v -0.815627 0.333373 -0.178598
v -0.821579 0.321481 -0.178598
v -0.706864 0.324006 -0.26283
v -0.714433 0.315502 -0.279808
v -0.750156 0.315502 -0.279808
v -0.797771 0.327394 -0.244084
v -0.759084 0.316964 -0.276827
v -0.768 0.319222 -0.27233
v -0.779904 0.327394 -0.261921
v -0.815627 -0.333373 -0.119024
v -0.803723 -0.339286 -0.124986
v -0.706864 -0.339286 -0.232159
v -0.821579 -0.321481 -0.178598
v -0.815627 0.327394 -0.190472
v -0.803723 0.321481 -0.232159
v -0.706864 0.312977 -0.281071
v -0.706864 0.311184 -0.281981
v -0.750156 0.30361 -0.28577
v -0.791819 0.315502 -0.255958
v -0.797771 -0.315502 -0.244084
v -0.76206 0.309523 -0.279808
v -0.815627 -0.333373 -0.172636
v -0.803723 -0.339286 -0.178598
v -0.768 -0.339286 -0.250046
v -0.76206 -0.333373 -0.261921
v -0.706864 -0.333373 -0.244084
v -0.803723 -0.321481 -0.232159
v -0.714433 0.30361 -0.28577
v -0.706864 0.19645 -0.28577
v -0.750156 -0.30361 -0.28577
v -0.773952 0.297631 -0.273845
v -0.791819 -0.327394 -0.255958
v -0.76206 -0.297631 -0.279808
v -0.797771 -0.333373 -0.226196
v -0.785867 -0.339286 -0.232159
v -0.782891 -0.336363 -0.247065
v -0.708481 -0.315502 -0.279808
v -0.706864 -0.325268 -0.260304
v -0.770976 -0.324404 -0.270864
v -0.744204 -0.315502 -0.279808
v -0.794795 -0.330384 -0.241103
v -0.706864 -0.188876 -0.28577
v -0.714433 -0.30361 -0.28577
v -0.773952 -0.309523 -0.273845
v -0.706864 -0.312313 -0.279808
v -0.706864 -0.314838 -0.279151
v -0.706864 -0.315701 -0.278444
v -0.706864 -0.30361 -0.281981
f 357 358 361
f 357 361 359
f 357 359 365
f 357 365 376
f 357 376 386
f 357 386 388
f 357 388 377
f 357 377 368
f 357 368 360
f 357 360 358
f 358 360 362
f 358 362 363
f 358 363 364
f 358 364 371
f 358 371 361
f 359 361 365
f 360 366 367
f 360 367 362
f 360 368 369
f 360 369 366
f 361 370 365
f 361 371 372
f 361 372 373
f 361 373 374
f 361 374 370
f 362 367 366
f 362 366 369
f 362 369 378
f 362 378 390
f 362 390 404
f 362 404 417
f 362 417 432
f 362 432 446
f 362 446 458
f 362 458 467
f 362 467 466
f 362 466 465
f 362 465 468
f 362 468 462
f 362 462 449
f 362 449 437
f 362 437 436
f 362 436 423
f 362 423 410
f 362 410 397
f 362 397 385
f 362 385 375
f 362 375 364
f 362 364 363
f 364 375 380
f 364 380 371
f 365 370 376
f 368 377 369
f 369 377 378
f 370 379 376
f 370 374 379
f 371 380 373
f 371 373 372
f 373 380 381
f 373 381 382
f 373 382 374
f 374 382 383
f 374 383 396
f 374 396 384
f 374 384 379
f 375 385 398
f 375 398 413
f 375 413 407
f 375 407 392
f 375 392 380
f 376 379 386
f 377 387 378
f 377 388 389
f 377 389 387
f 378 387 390
f 379 384 391
f 379 391 386
f 380 392 408
f 380 408 393
f 380 393 381
f 381 393 382
f 382 393 394
f 382 394 395
f 382 395 396
f 382 396 383
f 384 396 405
f 384 405 391
f 385 397 398
f 386 391 399
f 386 399 400
f 386 400 401
f 386 401 402
f 386 402 388
f 387 389 403
f 387 403 390
f 388 402 389
f 389 402 403
f 390 403 404
f 391 405 406
f 391 406 401
f 391 401 399
f 392 407 421
f 392 421 408
f 393 408 394
f 394 408 409
f 394 409 395
f 395 409 396
f 396 409 418
f 396 418 405
f 397 410 411
f 397 411 398
f 398 412 413
f 398 411 414
f 398 414 412
f 399 401 400
f 401 406 415
f 401 415 402
f 402 415 416
f 402 416 403
f 403 416 417
f 403 417 404
f 405 418 419
f 405 419 415
f 405 415 406
f 407 413 412
f 407 412 420
f 407 420 421
f 408 421 422
f 408 422 409
f 409 422 433
f 409 433 418
f 410 423 411
f 411 423 424
f 411 424 425
f 411 425 427
f 411 427 414
f 412 414 429
f 412 429 426
f 412 426 434
f 412 434 420
f 414 427 428
f 414 428 429
f 415 419 418
f 415 418 430
f 415 430 431
f 415 431 416
f 416 431 443
f 416 443 455
f 416 455 444
f 416 444 432
f 416 432 417
f 418 433 442
f 418 442 430
f 420 434 421
f 421 434 422
f 422 434 426
f 422 426 435
f 422 435 447
f 422 447 433
f 423 436 424
f 424 436 437
f 424 437 425
f 425 437 438
f 425 438 441
f 425 441 427
f 426 429 439
f 426 439 452
f 426 452 440
f 426 440 447
f 426 447 435
f 427 441 428
f 428 441 429
f 429 441 439
f 430 442 443
f 430 443 431
f 432 444 445
f 432 445 446
f 433 447 454
f 433 454 442
f 437 448 438
f 437 449 448
f 438 448 449
f 438 449 462
f 438 462 463
f 438 463 450
f 438 450 453
f 438 453 441
f 439 441 451
f 439 451 464
f 439 464 452
f 440 452 447
f 441 453 464
f 441 464 451
f 442 454 455
f 442 455 443
f 444 455 456
f 444 456 445
f 445 457 458
f 445 458 446
f 445 456 459
f 445 459 460
f 445 460 457
f 447 452 461
f 447 461 454
f 450 463 457
f 450 457 460
f 450 460 459
f 450 459 464
f 450 464 453
f 452 464 459
f 452 459 456
f 452 456 461
f 454 461 456
f 454 456 455
f 457 463 465
f 457 465 466
f 457 466 467
f 457 467 458
f 462 468 463
f 463 468 465
o convex_3
v -0.735511 0.282548 0.230436
v -0.736488 0.279122 0.230436
v -0.743014 0.287523 0.230436
v -0.738241 0.279815 0.529837
v -0.738241 0.273863 0.535797
v -0.738241 0.273863 0.230436
v -0.743889 0.287523 0.230436
v -0.759075 0.281304 0.544722
v -0.7561 0.279815 0.547717
v -0.741219 0.27684 0.544722
v -0.741219 0.272375 0.544722
v -0.739578 0.273697 0.230436
v -0.747171 0.270887 0.538793
v -0.744764 0.285769 0.230436
v -0.763543 0.27684 0.544722
v -0.759075 0.27684 0.549184
v -0.750146 0.273863 0.547717
v -0.74632 0.273332 0.230436
f 469 470 474
f 469 474 480
f 469 480 486
f 469 486 482
f 469 482 475
f 469 475 471
f 469 471 472
f 469 472 473
f 469 473 470
f 470 473 474
f 471 475 476
f 471 476 472
f 472 476 477
f 472 477 478
f 472 478 473
f 473 478 479
f 473 479 474
f 474 479 481
f 474 481 480
f 475 482 483
f 475 483 476
f 476 483 484
f 476 484 477
f 477 484 485
f 477 485 478
f 478 485 479
f 479 485 481
f 480 481 486
f 481 485 483
f 481 483 486
f 482 486 483
f 483 485 484
o convex_4
v -0.732287 -0.28577 0.357217
v -0.73824 -0.273864 0.529837
v -0.73824 -0.279817 0.535797
v -0.73824 -0.297676 0.357217
v -0.732287 -0.28577 0.250063
v -0.744194 -0.273864 0.535797
v -0.741217 -0.276841 0.549184
v -0.73824 -0.273864 0.230436
v -0.752379 -0.272375 0.267912
v -0.741217 -0.281307 0.544722
v -0.741217 -0.299166 0.366173
v -0.73824 -0.297676 0.250063
v -0.736754 -0.2947 0.241139
v -0.738767 -0.285988 0.230436
v -0.745684 -0.276841 0.544722
v -0.759076 -0.272375 0.258987
v -0.76354 -0.276841 0.258987
v -0.744194 -0.273864 0.230436
v -0.744194 -0.279817 0.541757
v -0.744194 -0.297676 0.363177
v -0.744194 -0.297676 0.256023
v -0.741217 -0.2947 0.241139
v -0.739737 -0.28577 0.230436
v -0.746795 -0.283552 0.230436
v -0.753122 -0.288747 0.247099
f 487 488 489
f 487 489 490
f 487 490 498
f 487 498 491
f 487 491 494
f 487 494 488
f 488 492 493
f 488 493 489
f 488 494 495
f 488 495 492
f 489 493 496
f 489 496 497
f 489 497 490
f 490 497 498
f 491 498 499
f 491 499 500
f 491 500 494
f 492 501 493
f 492 495 502
f 492 502 503
f 492 503 501
f 493 501 496
f 494 500 509
f 494 509 510
f 494 510 504
f 494 504 502
f 494 502 495
f 496 501 505
f 496 505 497
f 497 506 507
f 497 507 498
f 497 505 506
f 498 507 508
f 498 508 499
f 499 508 500
f 500 508 509
f 501 503 505
f 502 504 503
f 503 504 510
f 503 510 511
f 503 511 506
f 503 506 505
f 506 511 507
f 507 511 508
f 508 510 509
f 508 511 510
o convex_5
v 0.338834 -0.178375 -0.340957
v 0.338835 0.139019 -0.36642
v 0.338835 0.139019 -0.392934
v 0.357247 0.139019 -0.357214
v 0.339474 -0.178375 -0.340277
v 0.339383 -0.178375 -0.392934
v 0.338834 -0.178375 -0.392934
v 0.339383 -0.0504405 -0.392934
v 0.517987 -0.178375 -0.392467
v 0.767973 0.139019 -0.375067
v 0.812589 0.139019 -0.321633
v 0.678602 0.139019 -0.321633
v 0.678602 -0.0504405 -0.321633
v 0.650819 -0.178375 -0.332552
v 0.805874 -0.178375 -0.332552
v 0.767968 -0.178375 -0.375072
v 0.785755 -0.178375 -0.368382
v 0.794672 -0.178375 -0.356986
v 0.812589 -0.0504405 -0.321633
v 0.809667 -0.0504405 -0.327447
v 0.809667 0.139019 -0.327447
v 0.779892 0.139019 -0.369114
f 513 514 512
f 513 515 514
f 513 516 515
f 513 512 516
f 512 517 516
f 518 517 512
f 518 514 517
f 518 512 514
f 514 519 517
f 514 520 519
f 514 521 520
f 514 515 521
f 515 522 521
f 523 522 515
f 523 524 522
f 523 516 524
f 523 515 516
f 525 524 516
f 525 526 524
f 525 516 526
f 517 526 516
f 520 526 517
f 527 526 520
f 528 526 527
f 529 526 528
f 529 530 526
f 529 531 530
f 529 532 531
f 529 533 532
f 529 528 533
f 528 521 533
f 528 527 521
f 527 520 521
f 533 521 522
f 532 533 522
f 532 522 530
f 531 532 530
f 530 522 524
f 530 524 526
f 520 517 519
o convex_6
v -0.480349 -0.115968 0.196467
v -0.51798 -0.115968 0.196467
v -0.480349 -0.16364 0.196467
v -0.480349 -0.115968 -0.134874
v -0.51798 -0.16364 0.196467
v -0.706864 -0.115968 0.178603
v -0.480349 -0.16364 -0.138734
v -0.576211 -0.16364 -0.209158
v -0.58049 -0.133957 -0.209832
v -0.672493 -0.115968 -0.262078
v -0.706864 -0.16364 0.178603
v -0.706864 -0.115968 -0.262078
v -0.668125 -0.16364 -0.262078
v -0.706864 -0.16364 -0.262078
f 534 535 538
f 534 538 536
f 534 536 540
f 534 540 537
f 534 537 543
f 534 543 545
f 534 545 539
f 534 539 535
f 535 539 544
f 535 544 538
f 536 538 544
f 536 544 547
f 536 547 546
f 536 546 541
f 536 541 540
f 537 540 541
f 537 541 542
f 537 542 543
f 539 545 547
f 539 547 544
f 541 546 543
f 541 543 542
f 543 546 547
f 543 547 545
o convex_7
v -0.571535 0.26792 -0.55368
v -0.580442 0.241124 -0.544729
v -0.595324 0.261962 -0.541766
v -0.631061 0.261962 -0.523896
v -0.583447 0.273878 -0.547723
v -0.571535 0.321481 -0.55368
v -0.553648 0.250061 -0.55368
v -0.54771 0.238145 -0.547723
v -0.553648 0.232202 -0.535809
v -0.61618 0.241124 -0.526858
v -0.63403 0.241124 -0.50902
v -0.648912 0.261962 -0.506025
v -0.631061 0.315538 -0.523896
v -0.583447 0.327439 -0.547723
v -0.571535 0.341574 -0.549188
v -0.553648 0.339339 -0.55368
v -0.482245 0.250061 -0.55368
v -0.476307 0.238145 -0.547723
v -0.52156 0.20505 -0.462211
v -0.532471 0.20505 -0.461039
v -0.557941 0.20505 -0.450786
v -0.589386 0.232202 -0.517939
v -0.482245 0.232202 -0.535809
v -0.580371 0.20505 -0.437505
v -0.651881 0.241124 -0.491149
v -0.669767 0.241124 -0.45544
v -0.666763 0.261962 -0.470316
v -0.654886 0.273878 -0.494144
v -0.648912 0.315538 -0.506025
v -0.63403 0.343808 -0.50902
v -0.61618 0.343808 -0.526858
v -0.619149 0.327439 -0.529853
v -0.580442 0.343808 -0.544729
v -0.562592 0.352745 -0.544729
v -0.553648 0.351255 -0.547723
v -0.482245 0.339339 -0.55368
v -0.464395 0.26792 -0.55368
v -0.462177 0.250061 -0.549188
v -0.459923 0.241124 -0.544729
v -0.44057 0.238145 -0.529853
v -0.341407 0.20505 -0.374583
v -0.446544 0.232202 -0.517939
v -0.706864 0.20505 -0.282952
v -0.678675 0.26792 -0.446489
v -0.654886 0.327439 -0.494144
v -0.672737 0.273878 -0.458403
v -0.651881 0.343808 -0.491149
v -0.61618 0.352745 -0.50902
v -0.598329 0.352745 -0.526858
v -0.553648 0.357198 -0.535809
v -0.482245 0.351255 -0.547723
v -0.473338 0.348276 -0.549188
v -0.455451 0.330418 -0.549188
v -0.464395 0.321481 -0.55368
v -0.428657 0.26792 -0.535809
v -0.426439 0.250061 -0.53135
v -0.424222 0.241124 -0.526858
v -0.426439 0.236656 -0.517939
v -0.406335 0.241124 -0.50902
v -0.388484 0.241124 -0.491149
v -0.36838 0.250061 -0.46436
v -0.36169 0.258983 -0.45544
v -0.357219 0.26792 -0.446489
v -0.341407 0.250061 -0.376113
v -0.341407 0.20505 -0.221137
v -0.706864 0.20505 -0.221234
v -0.706864 0.214329 -0.282952
v -0.678675 0.321481 -0.446489
v -0.672737 0.327439 -0.458403
v -0.651881 0.352745 -0.473279
v -0.656353 0.341574 -0.48223
v -0.666763 0.345297 -0.446489
v -0.589386 0.357198 -0.517939
v -0.642974 0.357198 -0.46436
v -0.482245 0.357198 -0.535809
v -0.464395 0.352745 -0.538023
v -0.455451 0.348276 -0.540269
v -0.446544 0.339339 -0.542515
v -0.41975 0.330418 -0.53135
v -0.428657 0.321481 -0.535809
v -0.404868 0.26792 -0.523896
v -0.386982 0.26792 -0.506025
v -0.379541 0.258983 -0.491149
v -0.357219 0.321481 -0.446489
v -0.341407 0.339339 -0.376113
v -0.682717 0.20505 -0.221137
v -0.341407 0.30958 -0.221137
v -0.706864 0.205124 -0.221137
v -0.706864 0.311189 -0.282008
v -0.706864 0.313006 -0.281096
v -0.706864 0.323998 -0.2629
v -0.706864 0.327439 -0.256032
v -0.678675 0.339339 -0.41078
v -0.674239 0.341574 -0.428651
v -0.669767 0.334886 -0.45544
v -0.669767 0.352745 -0.419699
v -0.660824 0.357198 -0.41078
v -0.446544 0.357198 -0.517939
v -0.428657 0.352745 -0.520185
v -0.437601 0.348276 -0.53135
v -0.41975 0.348276 -0.522398
v -0.404868 0.321481 -0.523896
v -0.386982 0.321481 -0.506025
v -0.363193 0.333396 -0.452446
v -0.341407 0.351419 -0.370091
v -0.341407 0.3492 -0.371198
v -0.379541 0.339339 -0.484444
v -0.341407 0.333396 -0.238161
v -0.370741 0.323938 -0.221137
v -0.706864 0.339339 -0.221137
v -0.706864 0.333396 -0.244118
v -0.706864 0.335914 -0.239072
v -0.706864 0.339339 -0.232204
v -0.672737 0.351255 -0.41078
v -0.660824 0.357198 -0.375104
v -0.428657 0.357198 -0.500068
v -0.410807 0.357198 -0.48223
v -0.392956 0.352745 -0.484444
v -0.384013 0.348276 -0.48669
v -0.341407 0.351255 -0.36319
v -0.381043 0.351255 -0.470316
v -0.392956 0.357198 -0.46436
v -0.375105 0.357198 -0.41078
v -0.375105 0.357198 -0.375104
v -0.341407 0.337284 -0.245941
v -0.378074 0.336375 -0.235166
v -0.384013 0.330418 -0.223285
v -0.381365 0.327766 -0.221137
v -0.642974 0.357198 -0.321492
v -0.696561 0.339339 -0.221137
v -0.523921 0.351255 -0.238161
v -0.517983 0.357198 -0.250075
v -0.571535 0.357198 -0.267913
v -0.607236 0.357198 -0.285784
v -0.341407 0.339339 -0.250075
v -0.392956 0.357198 -0.339363
v -0.410807 0.357198 -0.303654
v -0.464395 0.357198 -0.267913
v -0.428657 0.357198 -0.285784
f 548 549 550
f 548 550 551
f 548 551 552
f 548 552 561
f 548 561 553
f 548 553 563
f 548 563 583
f 548 583 601
f 548 601 584
f 548 584 564
f 548 564 554
f 548 554 549
f 549 554 555
f 549 555 556
f 549 556 569
f 549 569 557
f 549 557 551
f 549 551 550
f 551 557 558
f 551 558 572
f 551 572 559
f 551 559 576
f 551 576 560
f 551 560 561
f 551 561 552
f 553 562 563
f 553 561 562
f 554 564 565
f 554 565 555
f 555 565 570
f 555 570 556
f 556 566 567
f 556 567 568
f 556 568 569
f 556 570 566
f 557 569 571
f 557 571 558
f 558 571 572
f 559 572 573
f 559 573 574
f 559 574 575
f 559 575 592
f 559 592 576
f 560 577 578
f 560 578 579
f 560 579 561
f 560 576 594
f 560 594 577
f 561 578 580
f 561 580 562
f 561 579 578
f 562 580 581
f 562 581 582
f 562 582 563
f 563 582 598
f 563 598 583
f 564 584 585
f 564 585 565
f 565 585 586
f 565 586 587
f 565 587 570
f 566 570 588
f 566 588 612
f 566 612 633
f 566 633 613
f 566 613 590
f 566 590 571
f 566 571 568
f 566 568 567
f 568 571 569
f 570 587 589
f 570 589 588
f 571 590 572
f 572 590 573
f 573 590 591
f 573 591 574
f 574 591 593
f 574 593 575
f 575 593 616
f 575 616 592
f 576 592 594
f 577 594 617
f 577 617 595
f 577 595 596
f 577 596 578
f 578 596 581
f 578 581 580
f 581 597 582
f 581 596 620
f 581 620 597
f 582 597 622
f 582 622 598
f 583 598 599
f 583 599 600
f 583 600 601
f 584 601 627
f 584 627 602
f 584 602 603
f 584 603 585
f 585 603 586
f 586 603 604
f 586 604 587
f 587 604 605
f 587 605 589
f 588 589 605
f 588 605 604
f 588 604 606
f 588 606 607
f 588 607 608
f 588 608 609
f 588 609 610
f 588 610 611
f 588 611 632
f 588 632 653
f 588 653 652
f 588 652 667
f 588 667 682
f 588 682 672
f 588 672 655
f 588 655 634
f 588 634 612
f 590 613 635
f 590 635 657
f 590 657 660
f 590 660 659
f 590 659 658
f 590 658 639
f 590 639 638
f 590 638 637
f 590 637 636
f 590 636 614
f 590 614 615
f 590 615 591
f 591 615 616
f 591 616 593
f 592 616 594
f 594 616 618
f 594 618 619
f 594 619 617
f 595 620 596
f 595 617 621
f 595 621 620
f 597 620 621
f 597 621 644
f 597 644 662
f 597 662 676
f 597 676 681
f 597 681 680
f 597 680 679
f 597 679 685
f 597 685 686
f 597 686 684
f 597 684 683
f 597 683 671
f 597 671 670
f 597 670 669
f 597 669 664
f 597 664 663
f 597 663 645
f 597 645 622
f 598 622 623
f 598 623 599
f 599 623 624
f 599 624 625
f 599 625 600
f 600 625 626
f 600 626 601
f 601 626 627
f 602 627 626
f 602 626 628
f 602 628 603
f 603 628 604
f 604 628 606
f 606 628 629
f 606 629 607
f 607 629 630
f 607 630 608
f 608 630 609
f 609 631 610
f 609 630 631
f 610 631 632
f 610 632 611
f 612 634 656
f 612 656 675
f 612 675 677
f 612 677 657
f 612 657 635
f 612 635 633
f 613 633 635
f 614 636 615
f 615 636 637
f 615 637 638
f 615 638 639
f 615 639 640
f 615 640 641
f 615 641 616
f 616 642 618
f 616 641 642
f 617 619 643
f 617 643 621
f 618 642 619
f 619 642 641
f 619 641 643
f 621 643 644
f 622 645 646
f 622 646 623
f 623 646 624
f 624 646 647
f 624 647 625
f 625 647 648
f 625 648 626
f 626 648 649
f 626 649 628
f 628 649 650
f 628 650 629
f 629 650 630
f 630 650 631
f 631 651 652
f 631 652 653
f 631 653 632
f 631 650 654
f 631 654 651
f 634 655 656
f 639 658 640
f 640 658 659
f 640 659 660
f 640 660 661
f 640 661 641
f 641 661 643
f 643 661 660
f 643 660 644
f 644 660 657
f 644 657 662
f 645 663 646
f 646 648 647
f 646 663 664
f 646 664 669
f 646 669 665
f 646 665 666
f 646 666 648
f 648 666 650
f 648 650 649
f 650 666 654
f 651 654 666
f 651 666 652
f 652 666 668
f 652 668 669
f 652 669 670
f 652 670 671
f 652 671 667
f 655 672 673
f 655 673 674
f 655 674 675
f 655 675 656
f 657 676 662
f 657 677 678
f 657 678 679
f 657 679 680
f 657 680 681
f 657 681 676
f 665 669 668
f 665 668 666
f 667 671 683
f 667 683 684
f 667 684 682
f 672 682 673
f 673 682 679
f 673 679 678
f 673 678 674
f 674 678 677
f 674 677 675
f 679 682 685
f 682 684 686
f 682 686 685
o convex_8
v -0.341407 0.20505 0.214328
v -0.392956 0.20505 0.214328
v -0.341407 0.147123 0.214328
v -0.341407 0.20505 -0.374554
v -0.392956 0.147123 0.214328
v -0.517983 0.20505 0.196447
v -0.341407 0.147123 -0.375018
v -0.341407 0.194411 -0.375018
v -0.52156 0.20505 -0.462238
v -0.517983 0.147123 0.196447
v -0.706864 0.20505 0.160685
v -0.375105 0.147123 -0.375018
v -0.522454 0.187533 -0.455416
v -0.526854 0.187533 -0.455416
v -0.532471 0.20505 -0.461046
v -0.706864 0.147123 0.160685
v -0.706864 0.20505 -0.282898
v -0.446544 0.147123 -0.357203
v -0.532828 0.181578 -0.443496
v -0.541772 0.19051 -0.452436
v -0.557941 0.20505 -0.450781
v -0.706864 0.147123 -0.285745
v -0.580371 0.20505 -0.437469
v -0.706864 0.196464 -0.285745
v -0.517983 0.147123 -0.339322
v -0.553648 0.178601 -0.428595
v -0.589386 0.147123 -0.321441
v -0.577473 0.19051 -0.434555
v -0.56853 0.181578 -0.425615
f 687 688 691
f 687 691 689
f 687 689 693
f 687 693 694
f 687 694 690
f 687 690 695
f 687 695 701
f 687 701 707
f 687 707 709
f 687 709 703
f 687 703 697
f 687 697 692
f 687 692 688
f 688 692 696
f 688 696 691
f 689 691 696
f 689 696 702
f 689 702 708
f 689 708 713
f 689 713 711
f 689 711 704
f 689 704 698
f 689 698 693
f 690 694 695
f 692 697 702
f 692 702 696
f 693 698 700
f 693 700 699
f 693 699 695
f 693 695 694
f 695 699 700
f 695 700 701
f 697 703 710
f 697 710 708
f 697 708 702
f 698 704 705
f 698 705 700
f 700 706 701
f 700 705 706
f 701 706 707
f 703 709 710
f 704 711 705
f 705 712 715
f 705 715 714
f 705 714 706
f 705 711 713
f 705 713 712
f 706 714 707
f 707 714 709
f 708 710 709
f 708 709 714
f 708 714 715
f 708 715 712
f 708 712 713
o convex_9
v -0.375076 -0.115968 -0.375074
v -0.341417 -0.115968 -0.375074
v -0.440617 -0.115968 -0.357179
v -0.375076 0.0856407 -0.375074
v -0.341417 0.0856407 -0.375074
v -0.341417 -0.115968 0.222197
v -0.440617 0.0856407 -0.357179
v -0.440617 -0.115968 0.196444
v -0.341417 0.0856407 0.235007
v -0.341417 -0.0178474 0.294371
v -0.392925 -0.115968 0.214273
v -0.440617 0.0856407 0.196444
v -0.341417 -7.34712e-06 0.299522
v -0.341417 0.0480858 0.28024
v -0.341417 0.0116952 0.299522
v -0.341417 0.030226 0.298135
f 716 717 721
f 716 721 726
f 716 726 723
f 716 723 718
f 716 718 722
f 716 722 719
f 716 719 720
f 716 720 717
f 717 720 724
f 717 724 729
f 717 729 731
f 717 731 730
f 717 730 728
f 717 728 725
f 717 725 721
f 718 723 727
f 718 727 722
f 719 722 727
f 719 727 724
f 719 724 720
f 721 725 726
f 723 726 725
f 723 725 728
f 723 728 730
f 723 730 727
f 724 727 729
f 727 730 731
f 727 731 729
o convex_10
v 0.821558 0.224782 -0.232191
v 0.785849 0.224782 -0.0893402
v 0.821558 0.139027 -0.232191
v 0.821558 0.224782 -0.303591
v 0.780613 0.224782 -0.0788641
v 0.782001 0.139027 -0.0816103
v 0.785849 0.139027 -0.0893402
v 0.821558 0.139027 -0.303591
v 0.803704 0.196466 -0.357192
v 0.797773 0.20837 -0.363142
v 0.813167 0.224782 -0.320475
v 0.779887 0.224782 -0.0774402
v 0.779887 0.139027 -0.0774402
v 0.820297 0.139027 -0.306185
v 0.799256 0.187533 -0.366143
v 0.797773 0.196466 -0.369092
v 0.794776 0.205389 -0.370567
v 0.805344 0.224782 -0.33329
v 0.809666 0.224782 -0.327442
v 0.778436 0.224782 -0.0766774
v 0.75607 0.139027 -0.0654893
v 0.809666 0.139027 -0.327442
v 0.779887 0.139027 -0.369092
v 0.767994 0.139027 -0.375042
v 0.785849 0.196466 -0.375042
v 0.53803 0.224782 -0.494195
v 0.573739 0.224782 -0.476345
v 0.788499 0.224782 -0.350632
v 0.732285 0.224782 -0.0535893
v 0.740014 0.139027 -0.0574543
v 0.499324 0.139027 -0.375042
v 0.499324 0.184091 -0.442374
v 0.514939 0.224782 -0.503145
v 0.529765 0.224782 -0.497704
v 0.732285 0.139027 -0.0535893
v 0.689131 0.224782 -0.0320269
v 0.499324 0.139027 0.00926715
v 0.499324 0.224782 -0.503145
v 0.67869 0.139027 -0.0357393
v 0.660835 0.214322 -0.0178893
v 0.660835 0.224782 -0.0178893
v 0.553708 0.139027 -3.92627e-05
v 0.499324 0.224782 0.0163868
v 0.589417 0.224782 -0.00166663
v 0.582004 0.224782 -3.92627e-05
f 732 733 738
f 732 738 734
f 732 734 739
f 732 739 735
f 732 735 742
f 732 742 750
f 732 750 749
f 732 749 759
f 732 759 758
f 732 758 757
f 732 757 765
f 732 765 764
f 732 764 769
f 732 769 774
f 732 774 776
f 732 776 775
f 732 775 772
f 732 772 767
f 732 767 760
f 732 760 751
f 732 751 743
f 732 743 736
f 732 736 733
f 733 736 737
f 733 737 738
f 734 738 737
f 734 737 744
f 734 744 752
f 734 752 761
f 734 761 766
f 734 766 770
f 734 770 773
f 734 773 768
f 734 768 762
f 734 762 755
f 734 755 754
f 734 754 753
f 734 753 745
f 734 745 739
f 735 739 740
f 735 740 741
f 735 741 742
f 736 743 744
f 736 744 737
f 739 745 746
f 739 746 740
f 740 746 747
f 740 747 741
f 741 747 748
f 741 748 749
f 741 749 750
f 741 750 742
f 743 751 744
f 744 751 752
f 745 753 746
f 746 754 747
f 746 753 754
f 747 754 755
f 747 755 756
f 747 756 748
f 748 756 757
f 748 757 758
f 748 758 759
f 748 759 749
f 751 760 761
f 751 761 752
f 755 762 763
f 755 763 764
f 755 764 765
f 755 765 757
f 755 757 756
f 760 766 761
f 760 767 766
f 762 768 774
f 762 774 769
f 762 769 763
f 763 769 764
f 766 767 771
f 766 771 770
f 767 772 771
f 768 773 774
f 770 771 773
f 771 772 775
f 771 775 776
f 771 776 773
f 773 776 774
o convex_11
v 0.401972 0.139019 -0.37506
v 0.401972 0.246984 -0.521025
v 0.40485 0.244101 -0.52391
v 0.437586 0.241132 -0.544738
v 0.470323 0.238163 -0.54768
v 0.499324 0.139019 -0.37506
v 0.401972 0.139019 0.0357213
v 0.401972 0.263387 -0.522468
v 0.42271 0.261956 -0.541737
v 0.425683 0.247091 -0.538795
v 0.446516 0.267894 -0.55368
v 0.464376 0.250038 -0.55368
v 0.499324 0.238163 -0.54768
v 0.499324 0.139019 0.00929747
v 0.410797 0.139019 0.0357213
v 0.401972 0.303626 0.0357213
v 0.401972 0.330515 -0.522468
v 0.42271 0.315522 -0.541737
v 0.446516 0.321481 -0.55368
v 0.499324 0.250038 -0.55368
v 0.499324 0.231414 0.0178362
v 0.496226 0.139019 0.0108552
v 0.410797 0.303626 0.0357213
v 0.482236 0.139019 0.0178362
v 0.401972 0.315522 0.0297211
v 0.401972 0.335364 -0.521371
v 0.434613 0.32744 -0.54768
v 0.464376 0.341579 -0.54918
v 0.482236 0.339336 -0.55368
v 0.499324 0.339336 -0.55368
v 0.499324 0.303626 0.0178362
v 0.499324 0.305163 0.0170861
v 0.494139 0.315522 0.0118937
v 0.40485 0.315522 0.0297211
v 0.401972 0.318405 0.0268364
v 0.401972 0.346085 -0.515718
v 0.416753 0.345295 -0.529852
v 0.428657 0.337115 -0.540237
v 0.437586 0.334872 -0.544738
v 0.446516 0.345295 -0.541737
v 0.473306 0.352728 -0.544738
v 0.482236 0.351254 -0.54768
v 0.499324 0.350741 -0.547968
v 0.499324 0.314497 0.0108552
v 0.470323 0.32744 0.00595121
v 0.401972 0.323254 0.0196247
v 0.401972 0.352706 -0.509083
v 0.419727 0.352728 -0.526852
v 0.482236 0.357213 -0.535795
v 0.499324 0.351254 -0.54768
v 0.499324 0.328785 -0.010607
v 0.491166 0.330409 -0.00893384
v 0.401972 0.330387 0.00889361
v 0.401972 0.330323 0.00900898
v 0.464376 0.339336 -0.0178764
v 0.401972 0.352792 -0.50891
v 0.428657 0.357213 -0.51791
v 0.499324 0.357213 -0.535795
v 0.499324 0.339336 -0.0357615
v 0.401972 0.339336 -0.0178764
v 0.499324 0.351254 -0.148842
v 0.401972 0.357213 -0.482197
v 0.410797 0.357213 -0.500082
v 0.499324 0.357213 -0.267864
v 0.401972 0.351254 -0.148842
v 0.401972 0.357213 -0.312462
v 0.446516 0.357213 -0.267864
v 0.410797 0.357213 -0.303577
f 777 778 779
f 777 779 780
f 777 780 781
f 777 781 789
f 777 789 782
f 777 782 790
f 777 790 798
f 777 798 800
f 777 800 791
f 777 791 783
f 777 783 792
f 777 792 801
f 777 801 811
f 777 811 822
f 777 822 830
f 777 830 829
f 777 829 836
f 777 836 841
f 777 841 842
f 777 842 838
f 777 838 832
f 777 832 823
f 777 823 812
f 777 812 802
f 777 802 793
f 777 793 784
f 777 784 778
f 778 784 779
f 779 784 785
f 779 785 786
f 779 786 780
f 780 786 785
f 780 785 787
f 780 787 788
f 780 788 781
f 781 788 796
f 781 796 789
f 782 789 796
f 782 796 806
f 782 806 819
f 782 819 826
f 782 826 834
f 782 834 840
f 782 840 837
f 782 837 835
f 782 835 827
f 782 827 820
f 782 820 808
f 782 808 807
f 782 807 797
f 782 797 790
f 783 791 799
f 783 799 792
f 784 793 794
f 784 794 785
f 785 794 795
f 785 795 787
f 787 795 805
f 787 805 806
f 787 806 796
f 787 796 788
f 790 797 798
f 791 800 797
f 791 797 807
f 791 807 799
f 792 799 810
f 792 810 801
f 793 802 794
f 794 803 795
f 794 802 803
f 795 804 805
f 795 803 804
f 797 800 798
f 799 807 808
f 799 808 809
f 799 809 810
f 801 810 811
f 802 812 813
f 802 813 803
f 803 813 814
f 803 814 815
f 803 815 804
f 804 815 816
f 804 816 817
f 804 817 818
f 804 818 805
f 805 818 819
f 805 819 806
f 808 820 809
f 809 820 821
f 809 821 810
f 810 821 811
f 811 821 822
f 812 823 824
f 812 824 813
f 813 824 814
f 814 816 815
f 814 824 816
f 816 824 817
f 817 825 818
f 817 824 833
f 817 833 825
f 818 825 834
f 818 834 826
f 818 826 819
f 820 827 828
f 820 828 821
f 821 829 830
f 821 830 822
f 821 828 831
f 821 831 829
f 823 832 824
f 824 832 833
f 825 833 839
f 825 839 838
f 825 838 842
f 825 842 844
f 825 844 843
f 825 843 840
f 825 840 834
f 827 835 828
f 828 835 831
f 829 831 836
f 831 835 837
f 831 837 841
f 831 841 836
f 832 838 839
f 832 839 833
f 837 840 843
f 837 843 841
f 841 843 844
f 841 844 842
o convex_12
v 0.338789 0.139019 -0.392902
v 0.338789 0.178617 -0.392902
v 0.339358 0.267894 -0.428609
v 0.351261 0.261956 -0.452435
v 0.36912 0.261956 -0.488142
v 0.383998 0.241132 -0.509028
v 0.401962 0.246984 -0.520972
v 0.339358 0.139019 -0.392902
v 0.338789 0.139019 0.108247
v 0.338789 0.190535 -0.386961
v 0.339358 0.321481 -0.428609
v 0.345306 0.273852 -0.440553
v 0.375069 0.267894 -0.500086
v 0.381024 0.273852 -0.511967
v 0.401962 0.263387 -0.522473
v 0.401962 0.139019 -0.375017
v 0.401962 0.139019 0.035707
v 0.345306 0.273852 0.113062
v 0.338789 0.267338 0.116376
v 0.338789 0.351254 -0.154835
v 0.345306 0.333399 -0.428609
v 0.345306 0.32744 -0.440553
v 0.375069 0.321481 -0.500086
v 0.381024 0.32744 -0.511967
v 0.401962 0.330515 -0.522473
v 0.401962 0.303626 0.035707
v 0.345306 0.309584 0.113062
v 0.338789 0.303049 0.116376
v 0.338789 0.351254 -0.148894
v 0.375069 0.357213 -0.446494
v 0.366146 0.352728 -0.455436
v 0.351261 0.345295 -0.428609
v 0.348287 0.334872 -0.437551
v 0.352752 0.337115 -0.446494
v 0.366146 0.3438 -0.473258
v 0.383998 0.3438 -0.509028
v 0.401962 0.335364 -0.521347
v 0.401962 0.315522 0.0297663
v 0.338789 0.316099 0.106558
v 0.338789 0.310887 0.114375
v 0.401962 0.318405 0.0268272
v 0.401962 0.330323 0.00900494
v 0.401962 0.330387 0.00887987
v 0.401962 0.351254 -0.148894
v 0.401962 0.357213 -0.312421
v 0.375069 0.357213 -0.33931
v 0.338789 0.339336 0.035707
v 0.392934 0.357213 -0.482201
v 0.383998 0.352728 -0.491143
v 0.401863 0.352728 -0.509028
v 0.401962 0.346085 -0.515719
v 0.338789 0.33515 0.0529664
v 0.366146 0.330409 0.0446494
v 0.348287 0.330409 0.0624716
v 0.401962 0.339336 -0.0178848
v 0.339358 0.339336 0.035707
v 0.401962 0.357213 -0.482201
v 0.338789 0.338781 0.038521
v 0.401962 0.352792 -0.508903
v 0.401962 0.352706 -0.50909
f 845 846 855
f 845 855 847
f 845 847 848
f 845 848 849
f 845 849 850
f 845 850 851
f 845 851 852
f 845 852 860
f 845 860 861
f 845 861 853
f 845 853 863
f 845 863 872
f 845 872 884
f 845 884 883
f 845 883 896
f 845 896 902
f 845 902 891
f 845 891 873
f 845 873 864
f 845 864 854
f 845 854 846
f 846 854 855
f 847 855 866
f 847 866 856
f 847 856 848
f 848 856 857
f 848 857 849
f 849 857 850
f 850 857 858
f 850 858 851
f 851 858 859
f 851 859 869
f 851 869 881
f 851 881 895
f 851 895 904
f 851 904 903
f 851 903 901
f 851 901 889
f 851 889 888
f 851 888 899
f 851 899 887
f 851 887 886
f 851 886 885
f 851 885 882
f 851 882 870
f 851 870 861
f 851 861 860
f 851 860 852
f 853 861 862
f 853 862 863
f 854 864 855
f 855 865 866
f 855 864 865
f 856 866 867
f 856 867 857
f 857 867 868
f 857 868 858
f 858 868 869
f 858 869 859
f 861 870 871
f 861 871 862
f 862 871 872
f 862 872 863
f 864 873 890
f 864 890 874
f 864 874 875
f 864 875 876
f 864 876 865
f 865 876 866
f 866 876 877
f 866 877 878
f 866 878 879
f 866 879 880
f 866 880 868
f 866 868 867
f 868 880 881
f 868 881 869
f 870 882 871
f 871 883 884
f 871 884 872
f 871 882 885
f 871 885 886
f 871 886 887
f 871 887 883
f 873 888 889
f 873 889 890
f 873 891 900
f 873 900 888
f 874 890 889
f 874 889 901
f 874 901 892
f 874 892 893
f 874 893 875
f 875 893 880
f 875 880 879
f 875 879 876
f 876 879 878
f 876 878 877
f 880 893 894
f 880 894 895
f 880 895 881
f 883 887 897
f 883 897 898
f 883 898 896
f 887 899 897
f 888 900 899
f 891 902 900
f 892 901 903
f 892 903 893
f 893 903 894
f 894 903 904
f 894 904 895
f 896 898 899
f 896 899 902
f 897 899 898
f 899 900 902
o convex_13
v 0.82159 0.139019 -0.232168
v 0.82159 -0.0504405 -0.232168
v 0.82159 0.139019 -0.303611
v 0.785843 0.139019 -0.0893149
v 0.82159 -0.0504405 -0.303611
v 0.785843 -0.0504405 -0.0893149
v 0.8203 0.139019 -0.306199
v 0.779896 0.139019 -0.0774078
v 0.816681 -0.0504405 -0.313415
v 0.779896 -0.0504405 -0.0774078
v 0.812559 0.139019 -0.321633
v 0.764131 0.139019 -0.0695129
v 0.812559 -0.0504405 -0.321633
v 0.768001 -0.0504405 -0.0714542
v 0.678603 0.139019 -0.321633
v 0.732286 0.139019 -0.0535936
v 0.732286 -0.0504405 -0.0535936
v 0.678603 -0.0504405 -0.321633
v 0.500121 0.139019 -0.160725
v 0.678697 0.139019 -0.0357329
v 0.678697 -0.0504405 -0.0357329
v 0.500121 -0.0504405 -0.160725
v 0.500121 0.139019 0.00891887
v 0.55371 0.139019 -1.14719e-05
v 0.55371 -0.0504405 -1.14719e-05
v 0.500121 -0.0504405 0.00891887
f 905 906 909
f 905 909 907
f 905 907 911
f 905 911 915
f 905 915 919
f 905 919 923
f 905 923 927
f 905 927 928
f 905 928 924
f 905 924 920
f 905 920 916
f 905 916 912
f 905 912 908
f 905 908 910
f 905 910 906
f 906 910 914
f 906 914 918
f 906 918 921
f 906 921 925
f 906 925 929
f 906 929 930
f 906 930 926
f 906 926 922
f 906 922 917
f 906 917 913
f 906 913 909
f 907 909 911
f 908 912 914
f 908 914 910
f 909 913 911
f 911 913 915
f 912 916 914
f 913 917 915
f 914 916 918
f 915 917 922
f 915 922 919
f 916 920 921
f 916 921 918
f 919 922 926
f 919 926 923
f 920 924 925
f 920 925 921
f 923 926 930
f 923 930 927
f 924 928 929
f 924 929 925
f 927 930 929
f 927 929 928
o convex_14
v 0.82159 -0.0504405 -0.23216
v 0.82159 -0.160743 -0.23216
v 0.82159 -0.0504405 -0.303613
v 0.785864 -0.0504405 -0.0893209
v 0.817667 -0.178375 -0.247851
v 0.82159 -0.178375 -0.267675
v 0.785864 -0.178375 -0.0893209
v 0.82159 -0.178375 -0.303613
v 0.809671 -0.0504405 -0.327441
v 0.784289 -0.0504405 -0.0861633
v 0.77989 -0.178375 -0.0774067
v 0.809671 -0.178375 -0.327441
v 0.805897 -0.167192 -0.332519
v 0.799863 -0.0504405 -0.332324
v 0.77989 -0.0504405 -0.0774067
v 0.768002 -0.178375 -0.0714497
v 0.805897 -0.178375 -0.332519
v 0.799447 -0.0504405 -0.332519
v 0.768002 -0.0504405 -0.0714497
v 0.750377 -0.178375 -0.062628
v 0.650839 -0.178375 -0.332519
v 0.67316 -0.0504405 -0.332519
v 0.744165 -0.0504405 -0.0595355
v 0.732514 -0.178375 -0.0537086
v 0.517983 -0.178375 -0.178124
v 0.517983 -0.0504405 -0.160773
v 0.735427 -0.0504405 -0.0551735
v 0.732276 -0.0504405 -0.053611
v 0.732276 -0.178375 -0.053611
v 0.517983 -0.178375 -2.98848e-05
v 0.517983 -0.0504405 -2.98848e-05
v 0.678688 -0.0504405 -0.0357398
v 0.678688 -0.178375 -0.0357398
v 0.553709 -0.178375 -2.98848e-05
v 0.553709 -0.0504405 -2.98848e-05
f 931 932 936
f 931 936 938
f 931 938 933
f 931 933 939
f 931 939 944
f 931 944 948
f 931 948 952
f 931 952 956
f 931 956 961
f 931 961 965
f 931 965 962
f 931 962 958
f 931 958 957
f 931 957 953
f 931 953 949
f 931 949 945
f 931 945 940
f 931 940 934
f 931 934 937
f 931 937 932
f 932 935 936
f 932 937 935
f 933 938 942
f 933 942 939
f 934 940 937
f 935 937 941
f 935 941 946
f 935 946 950
f 935 950 954
f 935 954 959
f 935 959 963
f 935 963 964
f 935 964 960
f 935 960 955
f 935 955 951
f 935 951 947
f 935 947 942
f 935 942 938
f 935 938 936
f 937 940 941
f 939 942 947
f 939 947 943
f 939 943 944
f 940 945 941
f 941 945 949
f 941 949 946
f 943 947 951
f 943 951 952
f 943 952 948
f 943 948 944
f 946 949 950
f 949 953 950
f 950 953 954
f 951 955 956
f 951 956 952
f 953 957 954
f 954 957 958
f 954 958 959
f 955 960 961
f 955 961 956
f 958 962 963
f 958 963 959
f 960 964 965
f 960 965 961
f 962 965 964
f 962 964 963
o convex_15
v 0.517936 -0.0504405 -1.0621e-05
v 0.517936 -0.178375 -1.0621e-05
v 0.517936 -0.0504405 -0.160715
v 0.338789 -0.0504405 0.108291
v 0.338789 -0.178375 0.108291
v 0.517936 -0.178375 -0.178122
v 0.499171 -0.178375 -0.249918
v 0.473303 -0.116086 -0.245576
v 0.338789 -0.0504405 -0.205648
v 0.338789 -0.178375 -0.254923
v 0.482229 -0.178375 -0.266846
v 0.464376 -0.125015 -0.250029
v 0.338789 -0.125015 -0.250323
v 0.338789 -0.112868 -0.244251
v 0.464376 -0.113118 -0.244067
v 0.338789 -0.17269 -0.256285
v 0.338806 -0.178375 -0.267656
v 0.464376 -0.178375 -0.267435
f 966 967 971
f 966 971 968
f 966 968 974
f 966 974 969
f 966 969 970
f 966 970 967
f 967 970 975
f 967 975 982
f 967 982 983
f 967 983 976
f 967 976 972
f 967 972 971
f 968 971 972
f 968 972 973
f 968 973 974
f 969 974 979
f 969 979 978
f 969 978 981
f 969 981 975
f 969 975 970
f 972 976 973
f 973 976 977
f 973 977 978
f 973 978 979
f 973 979 980
f 973 980 974
f 974 980 979
f 975 981 982
f 976 983 977
f 977 983 978
f 978 983 982
f 978 982 981
o convex_16
v 0.696568 -0.357213 -0.321458
v 0.750151 -0.357213 -0.321458
v 0.678852 -0.357213 -0.285738
v 0.678852 -0.351559 -0.303905
v 0.68764 -0.348268 -0.330389
v 0.693592 -0.342316 -0.342318
v 0.702521 -0.351244 -0.333388
v 0.708473 -0.345292 -0.345284
v 0.744199 -0.345292 -0.345284
v 0.756089 -0.351244 -0.333388
v 0.773959 -0.345292 -0.321458
v 0.809672 -0.327436 -0.303598
v 0.750151 -0.357213 -0.214296
v 0.678852 -0.357213 -0.160749
v 0.678852 -0.339497 -0.321629
v 0.690616 -0.327436 -0.345284
v 0.714439 -0.321484 -0.357179
v 0.720391 -0.333388 -0.351248
v 0.773959 -0.333388 -0.351248
v 0.765772 -0.343804 -0.339319
v 0.763536 -0.348268 -0.330389
v 0.781392 -0.330412 -0.348249
v 0.817119 -0.312556 -0.312528
v 0.82159 -0.303628 -0.303598
v 0.809672 -0.327436 -0.250017
v 0.773959 -0.345292 -0.214296
v 0.759065 -0.352732 -0.205366
v 0.759065 -0.334876 -0.0803776
v 0.750151 -0.33934 -0.0893077
v 0.714439 -0.357213 -0.160749
v 0.678852 -0.33934 -0.0714474
v 0.678852 -0.3392 -0.321765
v 0.684664 -0.333388 -0.333388
v 0.678852 -0.183592 -0.364814
v 0.678852 -0.178621 -0.366041
v 0.714439 -0.196476 -0.37504
v 0.768007 -0.321484 -0.357179
v 0.779911 -0.321484 -0.351248
v 0.799263 -0.205404 -0.366109
v 0.809672 -0.303628 -0.327423
v 0.792556 -0.321484 -0.339319
v 0.82159 -0.178375 -0.303598
v 0.82159 -0.303628 -0.232157
v 0.80372 -0.196476 -0.357179
v 0.815624 -0.315532 -0.232157
v 0.812648 -0.31702 -0.223226
v 0.773959 -0.327436 -0.0893077
v 0.768007 -0.323707 -0.0759125
v 0.741223 -0.325948 -0.0625172
v 0.723367 -0.334876 -0.0625172
v 0.714439 -0.33934 -0.0714474
v 0.678852 -0.327436 -0.0476563
v 0.678852 -0.178375 -0.366041
v 0.714439 -0.178375 -0.37504
v 0.785863 -0.196476 -0.37504
v 0.797768 -0.196476 -0.369109
v 0.797768 -0.184572 -0.363144
v 0.809756 -0.178375 -0.327287
v 0.82159 -0.178375 -0.267673
v 0.82159 -0.214332 -0.232157
v 0.80372 -0.250061 -0.142889
v 0.785863 -0.303628 -0.0893077
v 0.799263 -0.312556 -0.151819
v 0.776935 -0.31702 -0.0803776
v 0.779911 -0.30958 -0.0774122
v 0.744199 -0.30958 -0.0595518
v 0.708473 -0.30958 -0.0416915
v 0.678852 -0.303471 -0.0268987
v 0.696568 -0.327436 -0.0476563
v 0.678852 -0.314797 -0.0357948
v 0.678852 -0.178375 -0.0358289
v 0.768007 -0.178375 -0.37504
v 0.794792 -0.187548 -0.370574
v 0.78578 -0.178375 -0.368359
v 0.79468 -0.178375 -0.356975
v 0.817664 -0.178375 -0.247836
v 0.785863 -0.178375 -0.0893077
v 0.779911 -0.178375 -0.0774122
v 0.768007 -0.303628 -0.0714474
v 0.732295 -0.303628 -0.053587
v 0.696568 -0.303628 -0.0357266
v 0.678852 -0.214192 -0.0268987
v 0.678852 -0.19294 -0.0321818
v 0.681688 -0.1935 -0.0327613
v 0.684664 -0.20838 -0.0297959
v 0.732295 -0.178375 -0.053587
v 0.768007 -0.178375 -0.0714474
v 0.696568 -0.214332 -0.0357266
f 984 985 996
f 984 996 1013
f 984 1013 997
f 984 997 986
f 984 986 987
f 984 987 988
f 984 988 989
f 984 989 990
f 984 990 991
f 984 991 992
f 984 992 985
f 985 992 993
f 985 993 994
f 985 994 995
f 985 995 1008
f 985 1008 996
f 986 997 1014
f 986 1014 1035
f 986 1035 1053
f 986 1053 1051
f 986 1051 1065
f 986 1065 1066
f 986 1066 1054
f 986 1054 1036
f 986 1036 1018
f 986 1018 1017
f 986 1017 1015
f 986 1015 998
f 986 998 987
f 987 998 988
f 988 998 989
f 989 999 1000
f 989 1000 991
f 989 991 990
f 989 998 999
f 991 1000 1001
f 991 1001 1002
f 991 1002 992
f 992 1002 993
f 993 1002 1003
f 993 1003 1004
f 993 1004 994
f 994 1004 1003
f 994 1003 1005
f 994 1005 995
f 995 1006 1007
f 995 1007 1026
f 995 1026 1008
f 995 1005 1006
f 996 1009 1010
f 996 1010 1011
f 996 1011 1012
f 996 1012 1013
f 996 1008 1009
f 997 1013 1034
f 997 1034 1014
f 998 1015 1016
f 998 1016 999
f 999 1016 1017
f 999 1017 1018
f 999 1018 1000
f 1000 1018 1019
f 1000 1019 1038
f 1000 1038 1020
f 1000 1020 1002
f 1000 1002 1001
f 1002 1021 1005
f 1002 1005 1003
f 1002 1020 1021
f 1005 1021 1022
f 1005 1022 1023
f 1005 1023 1024
f 1005 1024 1006
f 1006 1024 1023
f 1006 1023 1022
f 1006 1022 1007
f 1007 1025 1042
f 1007 1042 1043
f 1007 1043 1026
f 1007 1022 1027
f 1007 1027 1025
f 1008 1026 1028
f 1008 1028 1029
f 1008 1029 1030
f 1008 1030 1009
f 1009 1030 1011
f 1009 1011 1010
f 1011 1030 1031
f 1011 1031 1032
f 1011 1032 1033
f 1011 1033 1012
f 1012 1033 1034
f 1012 1034 1013
f 1014 1034 1033
f 1014 1033 1035
f 1015 1017 1016
f 1018 1036 1037
f 1018 1037 1019
f 1019 1037 1055
f 1019 1055 1038
f 1020 1038 1039
f 1020 1039 1021
f 1021 1039 1022
f 1022 1039 1027
f 1025 1027 1040
f 1025 1040 1041
f 1025 1041 1058
f 1025 1058 1057
f 1025 1057 1055
f 1025 1055 1037
f 1025 1037 1036
f 1025 1036 1054
f 1025 1054 1069
f 1025 1069 1070
f 1025 1070 1061
f 1025 1061 1060
f 1025 1060 1059
f 1025 1059 1042
f 1026 1043 1044
f 1026 1044 1045
f 1026 1045 1046
f 1026 1046 1028
f 1027 1039 1040
f 1028 1046 1029
f 1029 1046 1030
f 1030 1046 1047
f 1030 1047 1031
f 1031 1047 1048
f 1031 1048 1032
f 1032 1048 1049
f 1032 1049 1050
f 1032 1050 1051
f 1032 1051 1052
f 1032 1052 1033
f 1033 1052 1035
f 1035 1052 1053
f 1038 1055 1056
f 1038 1056 1039
f 1039 1056 1040
f 1040 1056 1057
f 1040 1057 1058
f 1040 1058 1041
f 1042 1059 1043
f 1043 1059 1060
f 1043 1060 1044
f 1044 1060 1045
f 1045 1060 1061
f 1045 1061 1048
f 1045 1048 1046
f 1046 1048 1047
f 1048 1061 1070
f 1048 1070 1062
f 1048 1062 1063
f 1048 1063 1049
f 1049 1063 1064
f 1049 1064 1050
f 1050 1064 1051
f 1051 1064 1071
f 1051 1071 1065
f 1051 1053 1052
f 1054 1066 1067
f 1054 1067 1068
f 1054 1068 1069
f 1055 1057 1056
f 1062 1070 1069
f 1062 1069 1063
f 1063 1069 1071
f 1063 1071 1064
f 1065 1071 1068
f 1065 1068 1066
f 1066 1068 1067
f 1068 1071 1069
o convex_17
v 0.523112 -0.227046 0.00635383
v 0.523112 -0.298477 0.00635383
v 0.523112 -0.178375 -2.15262e-05
v 0.338807 -0.178375 0.108265
v 0.34532 -0.261957 0.113094
v 0.523112 -0.311558 -2.15262e-05
v 0.34532 -0.297665 0.113094
v 0.338807 -0.30418 0.116376
v 0.511997 -0.309578 0.011877
v 0.523112 -0.178375 -0.178121
v 0.338807 -0.258708 0.116376
v 0.338807 -0.178375 -0.205674
v 0.523112 -0.314994 -0.00172583
v 0.338807 -0.3143 0.108265
v 0.50902 -0.317024 0.00891029
v 0.523112 -0.178612 -0.206053
v 0.49962 -0.178375 -0.206053
v 0.464365 -0.178375 -0.206053
v 0.338807 -0.303622 -0.205674
v 0.523112 -0.327432 -0.0119201
v 0.338807 -0.314926 0.107697
v 0.523112 -0.250061 -0.206053
v 0.464365 -0.214337 -0.206053
v 0.470319 -0.22625 -0.206053
v 0.476273 -0.238147 -0.206053
v 0.490509 -0.245272 -0.206053
v 0.500089 -0.250061 -0.206053
v 0.338807 -0.309206 -0.204254
v 0.523112 -0.333389 -0.0238186
v 0.338807 -0.3286 0.0708649
v 0.348297 -0.317024 0.0982284
v 0.523112 -0.339346 -0.0357488
v 0.523112 -0.349652 -0.155587
v 0.338807 -0.315146 -0.200182
v 0.523112 -0.351242 -0.154766
v 0.338807 -0.339346 0.0357057
v 0.339366 -0.339346 0.0357057
v 0.523112 -0.351242 -0.148832
v 0.338807 -0.31672 -0.198794
v 0.338807 -0.351242 -0.154766
v 0.338807 -0.351242 -0.148832
f 1072 1073 1077
f 1072 1077 1084
f 1072 1084 1091
f 1072 1091 1100
f 1072 1100 1103
f 1072 1103 1109
f 1072 1109 1106
f 1072 1106 1104
f 1072 1104 1093
f 1072 1093 1087
f 1072 1087 1081
f 1072 1081 1074
f 1072 1074 1075
f 1072 1075 1076
f 1072 1076 1078
f 1072 1078 1073
f 1073 1078 1079
f 1073 1079 1080
f 1073 1080 1077
f 1074 1081 1088
f 1074 1088 1089
f 1074 1089 1083
f 1074 1083 1075
f 1075 1082 1076
f 1075 1083 1090
f 1075 1090 1099
f 1075 1099 1105
f 1075 1105 1110
f 1075 1110 1111
f 1075 1111 1112
f 1075 1112 1107
f 1075 1107 1101
f 1075 1101 1092
f 1075 1092 1085
f 1075 1085 1079
f 1075 1079 1082
f 1076 1082 1079
f 1076 1079 1078
f 1077 1080 1084
f 1079 1085 1086
f 1079 1086 1080
f 1080 1086 1084
f 1081 1087 1088
f 1083 1089 1094
f 1083 1094 1090
f 1084 1086 1091
f 1085 1092 1086
f 1086 1092 1091
f 1087 1093 1098
f 1087 1098 1097
f 1087 1097 1096
f 1087 1096 1095
f 1087 1095 1094
f 1087 1094 1089
f 1087 1089 1088
f 1090 1094 1095
f 1090 1095 1096
f 1090 1096 1097
f 1090 1097 1098
f 1090 1098 1093
f 1090 1093 1099
f 1091 1092 1100
f 1092 1101 1102
f 1092 1102 1103
f 1092 1103 1100
f 1093 1104 1099
f 1099 1104 1106
f 1099 1106 1105
f 1101 1107 1108
f 1101 1108 1103
f 1101 1103 1102
f 1103 1108 1109
f 1105 1106 1110
f 1106 1109 1112
f 1106 1112 1111
f 1106 1111 1110
f 1107 1112 1109
f 1107 1109 1108
o convex_18
v 0.523112 -0.178621 -0.206053
v 0.49962 -0.178375 -0.206053
v 0.523112 -0.250061 -0.206053
v 0.523112 -0.178375 -0.339816
v 0.464365 -0.178375 -0.206053
v 0.500089 -0.250061 -0.206053
v 0.50902 -0.348268 -0.236678
v 0.523112 -0.335786 -0.235385
v 0.523112 -0.178375 -0.389224
v 0.464365 -0.214332 -0.206053
v 0.338807 -0.178375 -0.231948
v 0.476273 -0.238157 -0.206053
v 0.464365 -0.321484 -0.23222
v 0.523112 -0.339217 -0.237086
v 0.455434 -0.330412 -0.236678
v 0.446503 -0.33934 -0.243381
v 0.464365 -0.345292 -0.244096
v 0.50902 -0.352732 -0.241135
v 0.523112 -0.342858 -0.239264
v 0.523112 -0.181194 -0.41335
v 0.517951 -0.178621 -0.410764
v 0.500089 -0.178621 -0.428628
v 0.517951 -0.178375 -0.392457
v 0.338807 -0.179268 -0.23222
v 0.338807 -0.178375 -0.392933
v 0.419728 -0.330412 -0.254542
v 0.419728 -0.348268 -0.263458
v 0.437572 -0.348268 -0.254542
v 0.446503 -0.351244 -0.256006
v 0.446503 -0.357213 -0.267915
v 0.523112 -0.357213 -0.267915
v 0.523112 -0.350718 -0.251786
v 0.523112 -0.349003 -0.248349
v 0.523112 -0.183732 -0.424749
v 0.517951 -0.183084 -0.430874
v 0.446503 -0.178621 -0.428628
v 0.339366 -0.178375 -0.392933
v 0.473296 -0.183084 -0.455442
v 0.338807 -0.190682 -0.237903
v 0.455434 -0.236669 -0.544731
v 0.419728 -0.236669 -0.526866
v 0.384021 -0.245597 -0.509002
v 0.381044 -0.261965 -0.511996
v 0.34532 -0.261965 -0.440538
v 0.339366 -0.267899 -0.428628
v 0.338807 -0.178621 -0.392933
v 0.428659 -0.352732 -0.265703
v 0.401865 -0.348268 -0.281322
v 0.392934 -0.352732 -0.301399
v 0.392934 -0.357213 -0.321509
v 0.523112 -0.357213 -0.535816
v 0.523112 -0.232205 -0.535816
v 0.523112 -0.238157 -0.547725
v 0.464365 -0.238157 -0.547725
v 0.366159 -0.348268 -0.317051
v 0.338807 -0.196756 -0.250051
v 0.339366 -0.321484 -0.357238
v 0.34532 -0.333388 -0.351283
v 0.446503 -0.24782 -0.549188
v 0.437572 -0.245597 -0.544731
v 0.416751 -0.244109 -0.529861
v 0.434595 -0.261965 -0.547725
v 0.422705 -0.273851 -0.54177
v 0.381044 -0.315532 -0.511996
v 0.339366 -0.321484 -0.428628
v 0.338807 -0.190524 -0.386978
v 0.37509 -0.352732 -0.319263
v 0.37509 -0.357213 -0.339373
v 0.482227 -0.357213 -0.535816
v 0.523112 -0.351244 -0.547725
v 0.523112 -0.250061 -0.55368
v 0.464365 -0.250061 -0.55368
v 0.363182 -0.351244 -0.333419
v 0.338807 -0.196476 -0.375103
v 0.351274 -0.345292 -0.363193
v 0.446503 -0.267899 -0.55368
v 0.434595 -0.315532 -0.547725
v 0.422705 -0.327436 -0.54177
v 0.384021 -0.348268 -0.509002
v 0.369136 -0.327436 -0.488177
v 0.351274 -0.345292 -0.434583
v 0.351274 -0.327436 -0.452448
v 0.354251 -0.342316 -0.449487
v 0.37509 -0.357213 -0.446493
v 0.428659 -0.357213 -0.517951
v 0.455434 -0.348268 -0.544731
v 0.488181 -0.351244 -0.547725
v 0.523112 -0.33934 -0.55368
v 0.446503 -0.321484 -0.55368
v 0.425682 -0.342316 -0.538776
v 0.404842 -0.345292 -0.523906
v 0.392934 -0.357213 -0.482222
v 0.366159 -0.348268 -0.473307
v 0.440549 -0.345292 -0.54177
v 0.482227 -0.33934 -0.55368
f 1113 1114 1117
f 1113 1117 1122
f 1113 1122 1124
f 1113 1124 1118
f 1113 1118 1115
f 1113 1115 1120
f 1113 1120 1126
f 1113 1126 1131
f 1113 1131 1145
f 1113 1145 1144
f 1113 1144 1143
f 1113 1143 1163
f 1113 1163 1182
f 1113 1182 1200
f 1113 1200 1183
f 1113 1183 1165
f 1113 1165 1164
f 1113 1164 1146
f 1113 1146 1132
f 1113 1132 1121
f 1113 1121 1116
f 1113 1116 1114
f 1114 1116 1121
f 1114 1121 1135
f 1114 1135 1149
f 1114 1149 1137
f 1114 1137 1123
f 1114 1123 1117
f 1115 1118 1119
f 1115 1119 1120
f 1117 1123 1122
f 1118 1124 1125
f 1118 1125 1119
f 1119 1126 1120
f 1119 1125 1127
f 1119 1127 1128
f 1119 1128 1129
f 1119 1129 1130
f 1119 1130 1131
f 1119 1131 1126
f 1121 1132 1133
f 1121 1133 1134
f 1121 1134 1135
f 1122 1123 1124
f 1123 1136 1127
f 1123 1127 1124
f 1123 1137 1158
f 1123 1158 1178
f 1123 1178 1186
f 1123 1186 1168
f 1123 1168 1151
f 1123 1151 1136
f 1124 1127 1125
f 1127 1136 1128
f 1128 1138 1139
f 1128 1139 1140
f 1128 1140 1129
f 1128 1136 1138
f 1129 1140 1130
f 1130 1140 1141
f 1130 1141 1142
f 1130 1142 1143
f 1130 1143 1144
f 1130 1144 1145
f 1130 1145 1131
f 1132 1146 1147
f 1132 1147 1133
f 1133 1147 1134
f 1134 1148 1137
f 1134 1137 1149
f 1134 1149 1135
f 1134 1147 1150
f 1134 1150 1148
f 1136 1151 1138
f 1137 1148 1150
f 1137 1150 1152
f 1137 1152 1153
f 1137 1153 1154
f 1137 1154 1155
f 1137 1155 1156
f 1137 1156 1157
f 1137 1157 1177
f 1137 1177 1158
f 1138 1151 1139
f 1139 1159 1140
f 1139 1151 1160
f 1139 1160 1161
f 1139 1161 1159
f 1140 1159 1141
f 1141 1159 1142
f 1142 1159 1161
f 1142 1161 1162
f 1142 1162 1180
f 1142 1180 1196
f 1142 1196 1204
f 1142 1204 1197
f 1142 1197 1181
f 1142 1181 1163
f 1142 1163 1143
f 1146 1164 1147
f 1147 1164 1150
f 1150 1164 1165
f 1150 1165 1166
f 1150 1166 1152
f 1151 1167 1160
f 1151 1168 1169
f 1151 1169 1170
f 1151 1170 1167
f 1152 1166 1171
f 1152 1171 1172
f 1152 1172 1153
f 1153 1172 1173
f 1153 1173 1154
f 1154 1173 1172
f 1154 1172 1174
f 1154 1174 1155
f 1155 1174 1175
f 1155 1175 1190
f 1155 1190 1176
f 1155 1176 1192
f 1155 1192 1194
f 1155 1194 1177
f 1155 1177 1157
f 1155 1157 1156
f 1158 1177 1178
f 1160 1167 1161
f 1161 1167 1179
f 1161 1179 1180
f 1161 1180 1162
f 1163 1181 1199
f 1163 1199 1182
f 1165 1183 1184
f 1165 1184 1166
f 1166 1184 1171
f 1167 1185 1179
f 1167 1170 1185
f 1168 1186 1177
f 1168 1177 1169
f 1169 1177 1193
f 1169 1193 1187
f 1169 1187 1170
f 1170 1187 1185
f 1171 1174 1172
f 1171 1184 1188
f 1171 1188 1174
f 1174 1188 1201
f 1174 1201 1189
f 1174 1189 1190
f 1174 1190 1175
f 1176 1191 1192
f 1176 1190 1191
f 1177 1186 1178
f 1177 1194 1205
f 1177 1205 1195
f 1177 1195 1193
f 1179 1185 1180
f 1180 1185 1187
f 1180 1187 1193
f 1180 1193 1196
f 1181 1197 1198
f 1181 1198 1199
f 1182 1199 1207
f 1182 1207 1200
f 1183 1200 1207
f 1183 1207 1201
f 1183 1201 1188
f 1183 1188 1184
f 1189 1201 1190
f 1190 1201 1202
f 1190 1202 1203
f 1190 1203 1191
f 1191 1203 1197
f 1191 1197 1204
f 1191 1204 1205
f 1191 1205 1192
f 1192 1205 1194
f 1193 1195 1205
f 1193 1205 1196
f 1196 1205 1204
f 1197 1203 1206
f 1197 1206 1198
f 1198 1201 1207
f 1198 1207 1199
f 1198 1206 1201
f 1201 1206 1202
f 1202 1206 1203
o convex_19
v -0.341407 0.232197 0.214328
v -0.392951 0.232197 0.214328
v -0.341407 0.20505 0.214328
v -0.341407 0.303621 0.196425
v -0.392951 0.20505 0.214328
v -0.517957 0.303621 0.196425
v -0.341407 0.20505 -0.221137
v -0.341407 0.307735 0.194379
v -0.517957 0.20505 0.196425
v -0.523887 0.315531 0.1905
v -0.608295 0.303621 0.178565
v -0.594031 0.20505 -0.221137
v -0.341407 0.309576 -0.221137
v -0.341407 0.315531 0.1905
v -0.608295 0.250049 0.178565
v -0.60725 0.20505 0.178565
v -0.341407 0.319436 0.182699
v -0.517957 0.321486 0.178565
v -0.608295 0.321486 0.160705
v -0.608295 0.320448 0.162793
v -0.608295 0.315531 0.17264
v -0.608295 0.305685 0.177542
v -0.608295 0.321486 -0.134436
v -0.608295 0.33437 -0.128511
v -0.608295 0.334883 -0.128255
v -0.591158 0.210794 -0.221137
v -0.608295 0.20505 -0.134436
v -0.370719 0.323932 -0.221137
v -0.341407 0.321486 -0.196456
v -0.608295 0.20505 0.178053
v -0.341407 0.321486 0.178565
v -0.608295 0.339339 0.0535435
v -0.608295 0.339339 -0.108179
v -0.38911 0.327876 -0.221137
v -0.557927 0.250049 -0.221137
v -0.565294 0.246368 -0.221137
v -0.577468 0.238152 -0.221137
v -0.381378 0.327757 -0.221137
v -0.341407 0.339339 -0.125016
v -0.341407 0.339339 0.0535435
v -0.428663 0.339339 -0.125016
v -0.385714 0.327876 -0.221137
f 1208 1209 1212
f 1208 1212 1210
f 1208 1210 1214
f 1208 1214 1220
f 1208 1220 1236
f 1208 1236 1246
f 1208 1246 1247
f 1208 1247 1238
f 1208 1238 1224
f 1208 1224 1221
f 1208 1221 1215
f 1208 1215 1211
f 1208 1211 1213
f 1208 1213 1209
f 1209 1213 1216
f 1209 1216 1212
f 1210 1212 1216
f 1210 1216 1223
f 1210 1223 1237
f 1210 1237 1234
f 1210 1234 1219
f 1210 1219 1214
f 1211 1215 1213
f 1213 1215 1217
f 1213 1217 1218
f 1213 1218 1222
f 1213 1222 1216
f 1214 1219 1233
f 1214 1233 1244
f 1214 1244 1243
f 1214 1243 1242
f 1214 1242 1241
f 1214 1241 1249
f 1214 1249 1245
f 1214 1245 1235
f 1214 1235 1220
f 1215 1221 1217
f 1216 1222 1223
f 1217 1224 1225
f 1217 1225 1226
f 1217 1226 1227
f 1217 1227 1228
f 1217 1228 1229
f 1217 1229 1218
f 1217 1221 1224
f 1218 1229 1228
f 1218 1228 1227
f 1218 1227 1226
f 1218 1226 1239
f 1218 1239 1240
f 1218 1240 1232
f 1218 1232 1231
f 1218 1231 1230
f 1218 1230 1234
f 1218 1234 1237
f 1218 1237 1222
f 1219 1230 1231
f 1219 1231 1232
f 1219 1232 1233
f 1219 1234 1230
f 1220 1235 1236
f 1222 1237 1223
f 1224 1238 1225
f 1225 1238 1247
f 1225 1247 1239
f 1225 1239 1226
f 1232 1240 1241
f 1232 1241 1242
f 1232 1242 1243
f 1232 1243 1244
f 1232 1244 1233
f 1235 1245 1236
f 1236 1245 1246
f 1239 1247 1246
f 1239 1246 1248
f 1239 1248 1240
f 1240 1248 1241
f 1241 1248 1246
f 1241 1246 1249
f 1245 1249 1246
o convex_20
v -0.682733 0.20505 -0.221098
v -0.706864 0.205128 -0.221098
v -0.674059 0.20505 -0.221098
v -0.706864 0.20505 -0.21425
v -0.706864 0.339339 -0.221098
v -0.6787 0.321486 -0.221098
v -0.619179 0.321486 -0.148826
v -0.619179 0.20505 -0.148826
v -0.706864 0.20505 0.160724
v -0.69656 0.339339 -0.221098
v -0.706864 0.339339 0.0535498
v -0.684653 0.333397 -0.221098
v -0.608295 0.334883 -0.128283
v -0.608295 0.321486 -0.134466
v -0.608295 0.20505 -0.134466
v -0.608295 0.20505 0.178059
v -0.706864 0.250049 0.178567
v -0.608295 0.339339 -0.108171
v -0.706864 0.321486 0.160724
v -0.608295 0.339339 0.0535498
v -0.608295 0.250049 0.178567
v -0.706864 0.303621 0.178567
v -0.706864 0.315531 0.17262
v -0.608295 0.321486 0.160724
v -0.608295 0.303621 0.178567
v -0.608295 0.305685 0.17755
v -0.706864 0.311193 0.174811
v -0.608295 0.315531 0.17262
f 1250 1251 1254
f 1250 1254 1259
f 1250 1259 1261
f 1250 1261 1255
f 1250 1255 1252
f 1250 1252 1257
f 1250 1257 1264
f 1250 1264 1265
f 1250 1265 1258
f 1250 1258 1253
f 1250 1253 1251
f 1251 1253 1258
f 1251 1258 1266
f 1251 1266 1271
f 1251 1271 1276
f 1251 1276 1272
f 1251 1272 1268
f 1251 1268 1260
f 1251 1260 1254
f 1252 1255 1256
f 1252 1256 1257
f 1254 1260 1269
f 1254 1269 1267
f 1254 1267 1259
f 1255 1261 1262
f 1255 1262 1256
f 1256 1262 1263
f 1256 1263 1264
f 1256 1264 1257
f 1258 1265 1266
f 1259 1267 1262
f 1259 1262 1261
f 1260 1268 1273
f 1260 1273 1269
f 1262 1267 1269
f 1262 1269 1273
f 1262 1273 1277
f 1262 1277 1275
f 1262 1275 1274
f 1262 1274 1270
f 1262 1270 1265
f 1262 1265 1264
f 1262 1264 1263
f 1265 1270 1266
f 1266 1270 1274
f 1266 1274 1271
f 1268 1272 1277
f 1268 1277 1273
f 1271 1275 1276
f 1271 1274 1275
f 1272 1276 1277
f 1275 1277 1276
o convex_21
v -0.446539 0.147117 -0.357213
v -0.706864 0.147117 -0.28578
v -0.706864 0.147117 -0.250079
v -0.706864 -0.16364 -0.285777
v -0.589404 -0.16364 -0.322128
v -0.51798 -0.16364 -0.340796
v -0.589377 0.147117 -0.321491
v -0.446533 -0.115968 -0.357213
v -0.480349 -0.16364 -0.341269
v -0.668125 -0.16364 -0.262086
v -0.534389 -0.16364 -0.302181
v -0.678066 -0.115968 -0.251293
v -0.464385 -0.115968 -0.321485
v -0.480349 -0.163556 -0.320082
v -0.480349 -0.16364 -0.322415
v -0.440643 -0.115968 -0.333366
v -0.440643 -0.115968 -0.357213
v -0.410873 0.0856467 -0.357213
v -0.410873 0.147117 -0.357213
v -0.678673 0.147117 -0.250079
v -0.410873 0.147093 -0.339352
v -0.410873 0.0856467 -0.339352
v -0.464385 0.0856407 -0.321485
v -0.678673 0.0856467 -0.250079
v -0.706864 0.0856467 -0.250079
v -0.706864 -0.16364 -0.262086
v -0.706864 -0.115968 -0.251293
f 1279 1280 1278
f 1279 1281 1280
f 1282 1281 1279
f 1282 1283 1281
f 1284 1283 1282
f 1284 1278 1283
f 1284 1279 1278
f 1284 1282 1279
f 1283 1278 1285
f 1286 1283 1285
f 1286 1287 1283
f 1288 1287 1286
f 1288 1289 1287
f 1288 1290 1289
f 1288 1291 1290
f 1292 1291 1288
f 1292 1293 1291
f 1292 1286 1293
f 1292 1288 1286
f 1294 1293 1286
f 1294 1295 1293
f 1294 1296 1295
f 1294 1278 1296
f 1294 1285 1278
f 1294 1286 1285
f 1296 1278 1297
f 1296 1297 1298
f 1295 1296 1298
f 1299 1295 1298
f 1299 1293 1295
f 1299 1290 1293
f 1299 1298 1290
f 1290 1298 1300
f 1290 1300 1297
f 1301 1290 1297
f 1301 1289 1290
f 1301 1302 1289
f 1301 1297 1302
f 1302 1297 1280
f 1303 1302 1280
f 1303 1304 1302
f 1303 1287 1304
f 1303 1281 1287
f 1303 1280 1281
f 1287 1281 1283
f 1287 1289 1304
f 1302 1304 1289
f 1297 1278 1280
f 1300 1298 1297
f 1290 1291 1293
o convex_22
v -0.341407 -0.163645 0.214328
v -0.392956 -0.163645 0.214328
v -0.341407 -0.218722 0.214328
v -0.341407 -0.163645 -0.375032
v -0.392956 -0.218722 0.214328
v -0.706864 -0.163645 0.178563
v -0.341407 -0.218722 -0.375239
v -0.341407 -0.216177 -0.375239
v -0.464681 -0.218722 -0.466515
v -0.499846 -0.218722 -0.484121
v -0.500418 -0.218722 -0.484397
v -0.517983 -0.218722 -0.491025
v -0.526854 -0.183077 -0.455399
v -0.375105 -0.163645 -0.375032
v -0.706864 -0.218722 0.178563
v -0.706864 -0.163645 -0.285758
v -0.526711 -0.218722 -0.491025
v -0.526854 -0.187541 -0.459887
v -0.580299 -0.218722 -0.473143
v -0.562592 -0.183077 -0.437585
v -0.553648 -0.178607 -0.42861
v -0.449763 -0.163645 -0.357494
v -0.706864 -0.218722 -0.28196
v -0.589386 -0.163645 -0.322075
v -0.706864 -0.188905 -0.285758
v -0.706864 -0.207604 -0.284032
v -0.517983 -0.163645 -0.340786
f 1305 1306 1309
f 1305 1309 1307
f 1305 1307 1311
f 1305 1311 1312
f 1305 1312 1308
f 1305 1308 1318
f 1305 1318 1326
f 1305 1326 1331
f 1305 1331 1328
f 1305 1328 1320
f 1305 1320 1310
f 1305 1310 1306
f 1306 1310 1319
f 1306 1319 1309
f 1307 1309 1319
f 1307 1319 1327
f 1307 1327 1323
f 1307 1323 1321
f 1307 1321 1316
f 1307 1316 1315
f 1307 1315 1314
f 1307 1314 1313
f 1307 1313 1311
f 1308 1312 1313
f 1308 1313 1314
f 1308 1314 1315
f 1308 1315 1316
f 1308 1316 1317
f 1308 1317 1318
f 1310 1320 1329
f 1310 1329 1330
f 1310 1330 1327
f 1310 1327 1319
f 1311 1313 1312
f 1316 1321 1322
f 1316 1322 1317
f 1317 1322 1323
f 1317 1323 1324
f 1317 1324 1325
f 1317 1325 1318
f 1318 1325 1326
f 1320 1328 1325
f 1320 1325 1324
f 1320 1324 1323
f 1320 1323 1329
f 1321 1323 1322
f 1323 1327 1330
f 1323 1330 1329
f 1325 1328 1331
f 1325 1331 1326
o convex_23
v -0.571535 -0.321479 -0.55368
v -0.571535 -0.267918 -0.55368
v -0.553648 -0.339346 -0.55368
v -0.580442 -0.348279 -0.544742
v -0.595324 -0.327443 -0.541751
v -0.631061 -0.327443 -0.523907
v -0.571535 -0.247827 -0.549194
v -0.553648 -0.25005 -0.55368
v -0.631061 -0.273869 -0.523907
v -0.619149 -0.261966 -0.529855
v -0.583447 -0.261966 -0.547699
v -0.54771 -0.351248 -0.547699
v -0.482245 -0.339346 -0.55368
v -0.61618 -0.348279 -0.526864
v -0.553648 -0.357199 -0.535803
v -0.63403 -0.348279 -0.509021
v -0.648912 -0.327443 -0.50603
v -0.562592 -0.236657 -0.544742
v -0.553648 -0.238148 -0.547699
v -0.580442 -0.24559 -0.544742
v -0.482245 -0.25005 -0.55368
v -0.648912 -0.273869 -0.50603
v -0.63403 -0.24559 -0.509021
v -0.61618 -0.24559 -0.526864
v -0.476307 -0.351248 -0.547699
v -0.464395 -0.321479 -0.55368
v -0.462177 -0.339346 -0.549194
v -0.589386 -0.357199 -0.517926
v -0.604267 -0.354231 -0.514969
v -0.640004 -0.354231 -0.479248
v -0.482245 -0.357199 -0.535803
v -0.651881 -0.348279 -0.491144
v -0.666763 -0.327443 -0.470309
v -0.654886 -0.315527 -0.494134
v -0.598329 -0.236657 -0.526864
v -0.553648 -0.232197 -0.535803
v -0.482245 -0.232197 -0.535803
v -0.482245 -0.238148 -0.547699
v -0.473338 -0.24113 -0.549194
v -0.455451 -0.258984 -0.549194
v -0.464395 -0.267918 -0.55368
v -0.654886 -0.261966 -0.494134
v -0.651881 -0.24559 -0.491144
v -0.651881 -0.236657 -0.4733
v -0.61618 -0.236657 -0.509021
v -0.459923 -0.348279 -0.544742
v -0.44057 -0.351248 -0.529855
v -0.404868 -0.321479 -0.523907
v -0.426439 -0.339346 -0.53135
v -0.642974 -0.357199 -0.464361
v -0.446544 -0.357199 -0.517926
v -0.669767 -0.348279 -0.437579
v -0.663793 -0.342328 -0.467352
v -0.678675 -0.321479 -0.446484
v -0.672737 -0.315527 -0.458413
v -0.580299 -0.218722 -0.473134
v -0.589386 -0.232197 -0.517926
v -0.526711 -0.218722 -0.491011
v -0.464681 -0.218722 -0.466554
v -0.446544 -0.232197 -0.517926
v -0.428657 -0.236657 -0.520185
v -0.464395 -0.236657 -0.538029
v -0.517983 -0.218722 -0.491011
v -0.500418 -0.218722 -0.484431
v -0.446544 -0.25005 -0.542515
v -0.437601 -0.24113 -0.53135
v -0.41975 -0.258984 -0.53135
v -0.672737 -0.261966 -0.458413
v -0.669767 -0.24559 -0.455423
v -0.669767 -0.236657 -0.437579
v -0.706864 -0.218722 -0.282002
v -0.642974 -0.232197 -0.464361
v -0.424222 -0.348279 -0.526864
v -0.426439 -0.352739 -0.517926
v -0.406335 -0.348279 -0.509021
v -0.404868 -0.267918 -0.523907
v -0.386982 -0.321479 -0.50603
v -0.660824 -0.357199 -0.410763
v -0.428657 -0.357199 -0.500082
v -0.672737 -0.351248 -0.404815
v -0.706864 -0.339346 -0.232192
v -0.678675 -0.339346 -0.410763
v -0.706864 -0.333395 -0.244121
v -0.706864 -0.327443 -0.256017
v -0.706864 -0.325261 -0.26037
v -0.706864 -0.315704 -0.278479
v -0.706864 -0.31489 -0.279177
v -0.706864 -0.312314 -0.279842
v -0.706864 -0.303625 -0.282002
v -0.678675 -0.267918 -0.446484
v -0.341407 -0.218722 -0.375308
v -0.41975 -0.24113 -0.522412
v -0.392956 -0.236657 -0.484465
v -0.384013 -0.24113 -0.486691
v -0.674239 -0.247827 -0.446484
v -0.706864 -0.218722 -0.214248
v -0.390702 -0.352739 -0.482205
v -0.388484 -0.348279 -0.491144
v -0.386982 -0.267918 -0.50603
v -0.379541 -0.330412 -0.491144
v -0.660824 -0.357199 -0.375075
v -0.392956 -0.357199 -0.464361
v -0.706864 -0.339346 -0.214248
v -0.341407 -0.218722 -0.214248
v -0.341407 -0.235274 -0.376106
v -0.357219 -0.267918 -0.446484
v -0.36169 -0.25005 -0.448744
v -0.366162 -0.24113 -0.45097
v -0.379541 -0.25005 -0.484465
v -0.379541 -0.348279 -0.4733
v -0.341407 -0.351804 -0.371354
v -0.36838 -0.339346 -0.464361
v -0.357219 -0.321479 -0.446484
v -0.36169 -0.330412 -0.455423
v -0.642974 -0.357199 -0.321511
v -0.375105 -0.357199 -0.410763
v -0.607236 -0.357199 -0.28579
v -0.571535 -0.357199 -0.267913
v -0.517983 -0.357199 -0.250069
v -0.696561 -0.339346 -0.214248
v -0.341407 -0.312613 -0.214248
v -0.341407 -0.339346 -0.376106
v -0.341407 -0.351452 -0.364741
v -0.375105 -0.357199 -0.375075
v -0.509039 -0.352739 -0.24113
v -0.464395 -0.357199 -0.267913
v -0.341407 -0.339346 -0.250069
v -0.384013 -0.334886 -0.223286
v -0.517983 -0.351248 -0.238173
v -0.384013 -0.330412 -0.218801
v -0.373209 -0.323254 -0.214248
v -0.341407 -0.333395 -0.238173
v -0.410807 -0.357199 -0.303634
v -0.428657 -0.357199 -0.28579
f 1332 1333 1339
f 1332 1339 1352
f 1332 1352 1372
f 1332 1372 1357
f 1332 1357 1344
f 1332 1344 1334
f 1332 1334 1335
f 1332 1335 1336
f 1332 1336 1337
f 1332 1337 1340
f 1332 1340 1333
f 1333 1338 1339
f 1333 1340 1341
f 1333 1341 1342
f 1333 1342 1338
f 1334 1343 1335
f 1334 1344 1356
f 1334 1356 1343
f 1335 1345 1337
f 1335 1337 1336
f 1335 1343 1346
f 1335 1346 1359
f 1335 1359 1345
f 1337 1347 1363
f 1337 1363 1348
f 1337 1348 1353
f 1337 1353 1340
f 1337 1345 1347
f 1338 1349 1350
f 1338 1350 1339
f 1338 1342 1351
f 1338 1351 1349
f 1339 1350 1369
f 1339 1369 1352
f 1340 1353 1374
f 1340 1374 1354
f 1340 1354 1355
f 1340 1355 1341
f 1341 1355 1351
f 1341 1351 1342
f 1343 1356 1362
f 1343 1362 1346
f 1344 1357 1358
f 1344 1358 1356
f 1345 1359 1360
f 1345 1360 1361
f 1345 1361 1347
f 1346 1362 1382
f 1346 1382 1410
f 1346 1410 1433
f 1346 1433 1447
f 1346 1447 1455
f 1346 1455 1464
f 1346 1464 1465
f 1346 1465 1457
f 1346 1457 1450
f 1346 1450 1449
f 1346 1449 1448
f 1346 1448 1446
f 1346 1446 1432
f 1346 1432 1409
f 1346 1409 1381
f 1346 1381 1359
f 1347 1361 1363
f 1348 1363 1364
f 1348 1364 1386
f 1348 1386 1365
f 1348 1365 1373
f 1348 1373 1353
f 1349 1351 1355
f 1349 1355 1366
f 1349 1366 1388
f 1349 1388 1367
f 1349 1367 1368
f 1349 1368 1369
f 1349 1369 1350
f 1352 1369 1370
f 1352 1370 1371
f 1352 1371 1372
f 1353 1373 1374
f 1354 1374 1375
f 1354 1375 1376
f 1354 1376 1366
f 1354 1366 1355
f 1356 1358 1377
f 1356 1377 1378
f 1356 1378 1362
f 1357 1372 1398
f 1357 1398 1407
f 1357 1407 1379
f 1357 1379 1380
f 1357 1380 1358
f 1358 1380 1377
f 1359 1381 1361
f 1359 1361 1360
f 1361 1381 1363
f 1362 1378 1382
f 1363 1383 1384
f 1363 1384 1364
f 1363 1381 1383
f 1364 1384 1385
f 1364 1385 1386
f 1365 1386 1399
f 1365 1399 1373
f 1366 1376 1387
f 1366 1387 1388
f 1367 1388 1387
f 1367 1387 1389
f 1367 1389 1394
f 1367 1394 1368
f 1368 1390 1391
f 1368 1391 1392
f 1368 1392 1393
f 1368 1393 1369
f 1368 1394 1395
f 1368 1395 1390
f 1369 1393 1370
f 1370 1396 1371
f 1370 1393 1392
f 1370 1392 1397
f 1370 1397 1396
f 1371 1396 1398
f 1371 1398 1372
f 1373 1399 1400
f 1373 1400 1374
f 1374 1400 1401
f 1374 1401 1375
f 1375 1401 1402
f 1375 1402 1403
f 1375 1403 1376
f 1376 1403 1387
f 1377 1380 1404
f 1377 1404 1378
f 1378 1404 1405
f 1378 1405 1382
f 1379 1406 1404
f 1379 1404 1380
f 1379 1407 1430
f 1379 1430 1408
f 1379 1408 1406
f 1381 1409 1383
f 1382 1405 1410
f 1383 1409 1411
f 1383 1411 1412
f 1383 1412 1413
f 1383 1413 1385
f 1383 1385 1384
f 1385 1413 1414
f 1385 1414 1415
f 1385 1415 1416
f 1385 1416 1417
f 1385 1417 1418
f 1385 1418 1419
f 1385 1419 1420
f 1385 1420 1402
f 1385 1402 1421
f 1385 1421 1399
f 1385 1399 1386
f 1387 1403 1402
f 1387 1402 1427
f 1387 1427 1435
f 1387 1435 1422
f 1387 1422 1390
f 1387 1390 1395
f 1387 1395 1394
f 1387 1394 1389
f 1390 1422 1391
f 1391 1422 1392
f 1392 1423 1397
f 1392 1422 1424
f 1392 1424 1425
f 1392 1425 1423
f 1396 1397 1423
f 1396 1423 1398
f 1398 1423 1407
f 1399 1421 1426
f 1399 1426 1400
f 1400 1426 1401
f 1401 1426 1402
f 1402 1426 1421
f 1402 1420 1419
f 1402 1419 1418
f 1402 1418 1417
f 1402 1417 1416
f 1402 1416 1415
f 1402 1415 1414
f 1402 1414 1412
f 1402 1412 1434
f 1402 1434 1427
f 1404 1406 1405
f 1405 1406 1428
f 1405 1428 1410
f 1406 1408 1429
f 1406 1429 1428
f 1407 1423 1430
f 1408 1430 1437
f 1408 1437 1444
f 1408 1444 1431
f 1408 1431 1429
f 1409 1432 1434
f 1409 1434 1412
f 1409 1412 1411
f 1410 1428 1433
f 1412 1414 1413
f 1422 1435 1452
f 1422 1452 1463
f 1422 1463 1458
f 1422 1458 1454
f 1422 1454 1442
f 1422 1442 1453
f 1422 1453 1436
f 1422 1436 1437
f 1422 1437 1438
f 1422 1438 1439
f 1422 1439 1425
f 1422 1425 1424
f 1423 1425 1430
f 1425 1439 1438
f 1425 1438 1440
f 1425 1440 1430
f 1427 1434 1451
f 1427 1451 1462
f 1427 1462 1452
f 1427 1452 1435
f 1428 1429 1441
f 1428 1441 1442
f 1428 1442 1433
f 1429 1431 1443
f 1429 1443 1441
f 1430 1440 1437
f 1431 1444 1445
f 1431 1445 1443
f 1432 1446 1434
f 1433 1442 1447
f 1434 1446 1448
f 1434 1448 1449
f 1434 1449 1450
f 1434 1450 1451
f 1436 1453 1444
f 1436 1444 1437
f 1437 1440 1438
f 1441 1443 1442
f 1442 1443 1445
f 1442 1445 1444
f 1442 1444 1453
f 1442 1454 1455
f 1442 1455 1447
f 1450 1456 1451
f 1450 1457 1458
f 1450 1458 1459
f 1450 1459 1456
f 1451 1456 1460
f 1451 1460 1459
f 1451 1459 1461
f 1451 1461 1462
f 1452 1462 1459
f 1452 1459 1463
f 1454 1458 1464
f 1454 1464 1455
f 1456 1459 1460
f 1457 1465 1458
f 1458 1463 1459
f 1458 1465 1464
f 1459 1462 1461
o convex_24
v 0.82159 0.303623 -0.232179
v 0.82159 0.224782 -0.232179
v 0.82159 0.303623 -0.303627
v 0.809671 0.327437 -0.244082
v 0.773957 0.327437 -0.0833648
v 0.785861 0.303623 -0.0893161
v 0.803719 0.25006 -0.14291
v 0.82159 0.224782 -0.303627
v 0.785861 0.224782 -0.0893161
v 0.815623 0.315537 -0.309578
v 0.809671 0.327437 -0.297676
v 0.813164 0.224782 -0.320467
v 0.809671 0.303623 -0.327432
v 0.785861 0.33935 -0.250033
v 0.773957 0.3453 -0.208374
v 0.750161 0.33935 -0.0893161
v 0.741218 0.330418 -0.0625353
v 0.753123 0.324468 -0.0684866
v 0.779909 0.297673 -0.0774135
v 0.780636 0.224782 -0.0788523
v 0.812647 0.312555 -0.317001
v 0.776933 0.330418 -0.352742
v 0.79479 0.330418 -0.325928
v 0.797766 0.333387 -0.309578
v 0.785861 0.33935 -0.303627
v 0.809671 0.224782 -0.327432
v 0.805353 0.224782 -0.333285
v 0.78853 0.224782 -0.350649
v 0.791814 0.303623 -0.345286
v 0.750161 0.3572 -0.214325
v 0.714432 0.33935 -0.0714623
v 0.714432 0.3572 -0.160764
v 0.756099 0.309573 -0.065511
v 0.702528 0.327437 -0.0476572
v 0.68467 0.309573 -0.0297707
v 0.779909 0.224782 -0.0774135
v 0.696575 0.303623 -0.0357219
v 0.724884 0.224782 -0.0498807
v 0.768004 0.224782 -0.360916
v 0.768004 0.321487 -0.357189
v 0.714432 0.321487 -0.357189
v 0.714432 0.3453 -0.345286
v 0.750161 0.3453 -0.345286
v 0.768004 0.343809 -0.337111
v 0.779909 0.333387 -0.345286
v 0.762052 0.35125 -0.327432
v 0.750161 0.3572 -0.321481
v 0.678844 0.33935 -0.0714623
v 0.678844 0.328603 -0.04648
v 0.678844 0.3572 -0.160764
v 0.678844 0.31074 -0.0286262
v 0.678844 0.303766 -0.0268604
v 0.68467 0.224782 -0.0297707
v 0.696575 0.224782 -0.0357219
v 0.714432 0.224782 -0.360916
v 0.701605 0.224782 -0.354932
v 0.702528 0.327437 -0.351237
v 0.705504 0.334878 -0.348262
v 0.696575 0.337107 -0.343815
v 0.687646 0.352741 -0.330408
v 0.759075 0.348281 -0.334855
v 0.696575 0.3572 -0.321481
v 0.678844 0.3572 -0.285741
v 0.678844 0.224782 -0.0268604
v 0.692188 0.224782 -0.347085
v 0.690623 0.315537 -0.345286
v 0.68467 0.3453 -0.333384
v 0.678844 0.35042 -0.306537
v 0.678844 0.224782 -0.321743
v 0.690623 0.224782 -0.345286
v 0.678844 0.339479 -0.321743
f 1466 1467 1473
f 1466 1473 1468
f 1466 1468 1476
f 1466 1476 1469
f 1466 1469 1470
f 1466 1470 1471
f 1466 1471 1472
f 1466 1472 1467
f 1467 1472 1474
f 1467 1474 1485
f 1467 1485 1501
f 1467 1501 1503
f 1467 1503 1519
f 1467 1519 1518
f 1467 1518 1529
f 1467 1529 1534
f 1467 1534 1535
f 1467 1535 1530
f 1467 1530 1521
f 1467 1521 1520
f 1467 1520 1504
f 1467 1504 1493
f 1467 1493 1492
f 1467 1492 1491
f 1467 1491 1477
f 1467 1477 1473
f 1468 1475 1476
f 1468 1473 1477
f 1468 1477 1478
f 1468 1478 1475
f 1469 1476 1490
f 1469 1490 1479
f 1469 1479 1480
f 1469 1480 1470
f 1470 1480 1481
f 1470 1481 1482
f 1470 1482 1483
f 1470 1483 1484
f 1470 1484 1471
f 1471 1484 1485
f 1471 1485 1474
f 1471 1474 1472
f 1475 1478 1486
f 1475 1486 1487
f 1475 1487 1488
f 1475 1488 1476
f 1476 1488 1489
f 1476 1489 1511
f 1476 1511 1490
f 1477 1491 1478
f 1478 1491 1492
f 1478 1492 1493
f 1478 1493 1494
f 1478 1494 1487
f 1478 1487 1486
f 1479 1490 1512
f 1479 1512 1495
f 1479 1495 1480
f 1480 1495 1481
f 1481 1496 1482
f 1481 1495 1497
f 1481 1497 1496
f 1482 1498 1484
f 1482 1484 1483
f 1482 1496 1499
f 1482 1499 1500
f 1482 1500 1498
f 1484 1501 1485
f 1484 1498 1500
f 1484 1500 1502
f 1484 1502 1503
f 1484 1503 1501
f 1487 1494 1493
f 1487 1493 1504
f 1487 1504 1505
f 1487 1505 1506
f 1487 1506 1507
f 1487 1507 1508
f 1487 1508 1509
f 1487 1509 1510
f 1487 1510 1488
f 1488 1510 1511
f 1488 1511 1489
f 1490 1511 1512
f 1495 1512 1527
f 1495 1527 1528
f 1495 1528 1515
f 1495 1515 1497
f 1496 1497 1515
f 1496 1515 1513
f 1496 1513 1514
f 1496 1514 1499
f 1499 1514 1516
f 1499 1516 1500
f 1500 1516 1517
f 1500 1517 1529
f 1500 1529 1518
f 1500 1518 1519
f 1500 1519 1502
f 1502 1519 1503
f 1504 1520 1506
f 1504 1506 1505
f 1506 1520 1521
f 1506 1521 1522
f 1506 1522 1507
f 1507 1522 1523
f 1507 1523 1524
f 1507 1524 1525
f 1507 1525 1508
f 1508 1525 1512
f 1508 1512 1511
f 1508 1511 1526
f 1508 1526 1509
f 1509 1526 1511
f 1509 1511 1510
f 1512 1525 1527
f 1513 1515 1528
f 1513 1528 1533
f 1513 1533 1536
f 1513 1536 1534
f 1513 1534 1529
f 1513 1529 1517
f 1513 1517 1516
f 1513 1516 1514
f 1521 1530 1531
f 1521 1531 1522
f 1522 1531 1532
f 1522 1532 1524
f 1522 1524 1523
f 1524 1532 1525
f 1525 1532 1533
f 1525 1533 1528
f 1525 1528 1527
f 1530 1535 1531
f 1531 1536 1532
f 1531 1535 1534
f 1531 1534 1536
f 1532 1536 1533
o convex_25
v 0.678826 0.303766 -0.0268959
v 0.675645 0.224782 -0.0252735
v 0.678826 0.224782 -0.0268959
v 0.678826 0.31074 -0.0286302
v 0.660832 0.303623 -0.0178886
v 0.672746 0.297673 -0.0238189
v 0.672746 0.224782 -0.0238189
v 0.678826 0.224782 -0.321729
v 0.663819 0.324468 -0.0327702
v 0.654875 0.315537 -0.0238189
v 0.678826 0.328603 -0.0464769
v 0.660832 0.224782 -0.0178886
v 0.671287 0.224782 -0.0230916
v 0.58346 0.315537 -0.00597219
v 0.5894 0.303623 -4.19561e-05
v 0.579823 0.224782 -0.470209
v 0.625107 0.232197 -0.482238
v 0.642978 0.232197 -0.446488
v 0.64521 0.236656 -0.464335
v 0.654875 0.238147 -0.446488
v 0.656368 0.241128 -0.45544
v 0.667527 0.25006 -0.428642
v 0.674222 0.258991 -0.41969
v 0.678703 0.26791 -0.410739
v 0.678826 0.339479 -0.321729
v 0.648935 0.327437 -0.029805
v 0.678826 0.33935 -0.0714846
v 0.669759 0.330418 -0.0446866
v 0.5894 0.232197 -4.19561e-05
v 0.5894 0.224782 -0.00166438
v 0.500114 0.303623 0.0178607
v 0.577503 0.327437 -0.0119584
v 0.573725 0.224782 -0.476307
v 0.5894 0.232197 -0.517931
v 0.627339 0.236656 -0.500084
v 0.638515 0.241128 -0.491133
v 0.649673 0.25006 -0.482238
v 0.656368 0.258991 -0.473286
v 0.660832 0.26791 -0.464335
v 0.678703 0.321487 -0.410739
v 0.678826 0.35042 -0.306512
v 0.642978 0.33935 -0.0535819
v 0.678826 0.3572 -0.160774
v 0.500114 0.232197 0.0178607
v 0.582002 0.224782 -4.19561e-05
v 0.499324 0.305179 0.0170774
v 0.499324 0.303623 0.0178607
v 0.571546 0.33935 -0.0357353
v 0.499324 0.328785 -0.0106157
v 0.499324 0.314499 0.0108674
v 0.538001 0.224782 -0.49421
v 0.553693 0.232197 -0.535778
v 0.55965 0.238147 -0.547694
v 0.595339 0.238147 -0.529847
v 0.609485 0.236656 -0.517931
v 0.631064 0.25006 -0.506014
v 0.648935 0.26791 -0.488168
v 0.648935 0.321487 -0.488168
v 0.660832 0.321487 -0.464335
v 0.656368 0.33935 -0.466573
v 0.672746 0.333387 -0.416725
v 0.678826 0.3572 -0.285756
v 0.5894 0.3572 -0.160774
v 0.499324 0.231419 0.0178607
v 0.499324 0.224782 0.0163501
v 0.499324 0.33935 -0.0357353
v 0.529777 0.224782 -0.497734
v 0.499324 0.232197 -0.535778
v 0.499324 0.232585 -0.536561
v 0.514928 0.224782 -0.503105
v 0.499324 0.238147 -0.547694
v 0.499324 0.249282 -0.553289
v 0.553693 0.25006 -0.553624
v 0.573778 0.25006 -0.549204
v 0.57601 0.241128 -0.544729
v 0.60279 0.241128 -0.526882
v 0.613211 0.25006 -0.523861
v 0.595339 0.26791 -0.541764
v 0.651905 0.348281 -0.468811
v 0.595339 0.321487 -0.541764
v 0.631064 0.33935 -0.506014
v 0.654875 0.35125 -0.452418
v 0.642978 0.3572 -0.446488
v 0.499324 0.35125 -0.148857
v 0.499324 0.3572 -0.26791
v 0.499324 0.224782 -0.503105
v 0.499324 0.25006 -0.553624
v 0.571546 0.26791 -0.553624
v 0.58346 0.26791 -0.547694
v 0.580473 0.330418 -0.549204
v 0.634051 0.348281 -0.495609
v 0.637021 0.35125 -0.488168
v 0.607254 0.33935 -0.524644
v 0.61618 0.348281 -0.513455
v 0.625107 0.352741 -0.502322
v 0.625107 0.3572 -0.482238
v 0.499324 0.3572 -0.535778
v 0.499324 0.33935 -0.553624
v 0.571546 0.321487 -0.553624
v 0.544766 0.348281 -0.549204
v 0.571546 0.3453 -0.541764
v 0.607254 0.3572 -0.500084
v 0.553693 0.352741 -0.538015
v 0.535822 0.3572 -0.535778
v 0.499324 0.356954 -0.536281
v 0.499324 0.350731 -0.547974
v 0.535822 0.33935 -0.553624
v 0.535822 0.35125 -0.547694
v 0.571546 0.3572 -0.517931
v 0.499324 0.35125 -0.547694
f 1537 1538 1539
f 1537 1539 1544
f 1537 1544 1561
f 1537 1561 1577
f 1537 1577 1598
f 1537 1598 1579
f 1537 1579 1563
f 1537 1563 1547
f 1537 1547 1540
f 1537 1540 1541
f 1537 1541 1542
f 1537 1542 1538
f 1538 1543 1549
f 1538 1549 1548
f 1538 1548 1566
f 1538 1566 1581
f 1538 1581 1601
f 1538 1601 1622
f 1538 1622 1606
f 1538 1606 1603
f 1538 1603 1587
f 1538 1587 1569
f 1538 1569 1552
f 1538 1552 1544
f 1538 1544 1539
f 1538 1542 1543
f 1540 1545 1546
f 1540 1546 1541
f 1540 1547 1545
f 1541 1548 1549
f 1541 1549 1542
f 1541 1546 1550
f 1541 1550 1551
f 1541 1551 1565
f 1541 1565 1548
f 1542 1549 1543
f 1544 1552 1553
f 1544 1553 1554
f 1544 1554 1555
f 1544 1555 1556
f 1544 1556 1557
f 1544 1557 1558
f 1544 1558 1559
f 1544 1559 1560
f 1544 1560 1576
f 1544 1576 1561
f 1545 1562 1546
f 1545 1547 1562
f 1546 1562 1550
f 1547 1563 1564
f 1547 1564 1562
f 1548 1565 1566
f 1550 1567 1551
f 1550 1562 1568
f 1550 1568 1567
f 1551 1567 1580
f 1551 1580 1565
f 1552 1569 1553
f 1553 1569 1570
f 1553 1570 1591
f 1553 1591 1571
f 1553 1571 1555
f 1553 1555 1554
f 1555 1557 1556
f 1555 1571 1557
f 1557 1571 1572
f 1557 1572 1573
f 1557 1573 1574
f 1557 1574 1559
f 1557 1559 1558
f 1559 1574 1560
f 1560 1574 1575
f 1560 1575 1595
f 1560 1595 1576
f 1561 1576 1577
f 1562 1564 1578
f 1562 1578 1584
f 1562 1584 1568
f 1563 1578 1564
f 1563 1579 1578
f 1565 1580 1581
f 1565 1581 1566
f 1567 1582 1583
f 1567 1583 1600
f 1567 1600 1580
f 1567 1568 1582
f 1568 1584 1585
f 1568 1585 1586
f 1568 1586 1582
f 1569 1587 1570
f 1570 1587 1588
f 1570 1588 1589
f 1570 1589 1590
f 1570 1590 1591
f 1571 1591 1613
f 1571 1613 1592
f 1571 1592 1572
f 1572 1592 1573
f 1573 1592 1593
f 1573 1593 1574
f 1574 1593 1594
f 1574 1594 1595
f 1574 1595 1575
f 1576 1595 1596
f 1576 1596 1597
f 1576 1597 1598
f 1576 1598 1577
f 1578 1579 1584
f 1579 1599 1602
f 1579 1602 1584
f 1579 1598 1619
f 1579 1619 1632
f 1579 1632 1638
f 1579 1638 1645
f 1579 1645 1640
f 1579 1640 1633
f 1579 1633 1621
f 1579 1621 1599
f 1580 1600 1581
f 1581 1600 1601
f 1582 1586 1585
f 1582 1585 1602
f 1582 1602 1620
f 1582 1620 1621
f 1582 1621 1633
f 1582 1633 1641
f 1582 1641 1646
f 1582 1646 1642
f 1582 1642 1634
f 1582 1634 1623
f 1582 1623 1608
f 1582 1608 1607
f 1582 1607 1605
f 1582 1605 1604
f 1582 1604 1622
f 1582 1622 1601
f 1582 1601 1600
f 1582 1600 1583
f 1584 1602 1585
f 1587 1603 1588
f 1588 1604 1605
f 1588 1605 1589
f 1588 1603 1606
f 1588 1606 1622
f 1588 1622 1604
f 1589 1605 1607
f 1589 1607 1608
f 1589 1608 1609
f 1589 1609 1610
f 1589 1610 1611
f 1589 1611 1590
f 1590 1612 1591
f 1590 1611 1612
f 1591 1612 1613
f 1592 1613 1614
f 1592 1614 1593
f 1593 1614 1616
f 1593 1616 1594
f 1594 1615 1596
f 1594 1596 1595
f 1594 1616 1617
f 1594 1617 1615
f 1596 1615 1597
f 1597 1615 1618
f 1597 1618 1598
f 1598 1618 1619
f 1599 1620 1602
f 1599 1621 1620
f 1608 1623 1609
f 1609 1624 1610
f 1609 1623 1634
f 1609 1634 1643
f 1609 1643 1635
f 1609 1635 1624
f 1610 1624 1625
f 1610 1625 1614
f 1610 1614 1611
f 1611 1614 1613
f 1611 1613 1612
f 1614 1625 1626
f 1614 1626 1616
f 1615 1617 1627
f 1615 1627 1628
f 1615 1628 1618
f 1616 1626 1629
f 1616 1629 1617
f 1617 1629 1630
f 1617 1630 1631
f 1617 1631 1627
f 1618 1628 1619
f 1619 1628 1632
f 1624 1635 1626
f 1624 1626 1625
f 1626 1635 1636
f 1626 1636 1637
f 1626 1637 1630
f 1626 1630 1629
f 1627 1631 1628
f 1628 1631 1632
f 1630 1637 1631
f 1631 1638 1632
f 1631 1637 1639
f 1631 1639 1645
f 1631 1645 1638
f 1633 1640 1641
f 1634 1642 1636
f 1634 1636 1643
f 1635 1643 1636
f 1636 1642 1644
f 1636 1644 1639
f 1636 1639 1637
f 1639 1644 1640
f 1639 1640 1645
f 1640 1644 1641
f 1641 1644 1646
f 1642 1646 1644
o convex_26
v 0.380982 -0.0504405 -0.16672
v 0.380982 0.125017 -0.250049
v 0.464373 0.125017 -0.250049
v 0.470322 0.113111 -0.244079
v 0.500121 -0.0504405 -0.160721
v 0.380982 -0.0504405 0.0417892
v 0.380982 0.139019 -0.250049
v 0.464373 0.139019 -0.250049
v 0.476282 0.125017 -0.244079
v 0.477763 0.116078 -0.241108
v 0.48223 0.125017 -0.232166
v 0.500121 0.139019 -0.160721
v 0.500121 -0.0504405 0.00890881
v 0.410804 -0.0504405 0.0357045
v 0.380982 0.139019 0.0417892
v 0.476282 0.139019 -0.244079
v 0.480947 0.139019 -0.234766
v 0.48223 0.139019 -0.232166
v 0.500121 0.139019 0.00890881
v 0.489962 0.139019 0.0139937
v 0.485379 -0.0504405 0.016279
v 0.410804 0.139019 0.0357045
v 0.48223 -0.0504405 0.0178502
v 0.48223 0.139019 0.0178502
f 1647 1648 1649
f 1647 1649 1650
f 1647 1650 1651
f 1647 1651 1659
f 1647 1659 1667
f 1647 1667 1669
f 1647 1669 1660
f 1647 1660 1652
f 1647 1652 1661
f 1647 1661 1653
f 1647 1653 1648
f 1648 1653 1654
f 1648 1654 1649
f 1649 1654 1662
f 1649 1662 1655
f 1649 1655 1656
f 1649 1656 1650
f 1650 1656 1651
f 1651 1656 1657
f 1651 1657 1664
f 1651 1664 1658
f 1651 1658 1665
f 1651 1665 1659
f 1652 1660 1668
f 1652 1668 1661
f 1653 1661 1668
f 1653 1668 1670
f 1653 1670 1666
f 1653 1666 1665
f 1653 1665 1658
f 1653 1658 1664
f 1653 1664 1663
f 1653 1663 1662
f 1653 1662 1654
f 1655 1662 1663
f 1655 1663 1656
f 1656 1663 1657
f 1657 1663 1664
f 1659 1665 1666
f 1659 1666 1667
f 1660 1669 1670
f 1660 1670 1668
f 1666 1669 1667
f 1666 1670 1669
o convex_27
v 0.338789 -0.0504405 -0.205679
v 0.338789 0.125017 -0.250331
v 0.38097 0.125017 -0.250015
v 0.345308 -0.0504405 -0.202414
v 0.338789 -0.0504405 0.108291
v 0.338789 0.139019 -0.250331
v 0.38097 0.139019 -0.250015
v 0.38097 -0.0504405 -0.166713
v 0.363166 -0.0504405 -0.184546
v 0.363166 -0.0504405 0.0773647
v 0.338789 0.139019 0.108291
v 0.38097 0.139019 0.0417692
v 0.38097 -0.0504405 0.0417692
v 0.368075 0.139019 0.0675707
v 0.363166 0.139019 0.0773647
v 0.36912 -0.0504405 0.0654644
v 0.377006 0.139019 0.0497027
f 1671 1672 1673
f 1671 1673 1674
f 1671 1674 1679
f 1671 1679 1678
f 1671 1678 1683
f 1671 1683 1686
f 1671 1686 1680
f 1671 1680 1675
f 1671 1675 1681
f 1671 1681 1676
f 1671 1676 1672
f 1672 1676 1677
f 1672 1677 1673
f 1673 1677 1682
f 1673 1682 1683
f 1673 1683 1678
f 1673 1678 1679
f 1673 1679 1674
f 1675 1680 1685
f 1675 1685 1681
f 1676 1681 1685
f 1676 1685 1684
f 1676 1684 1687
f 1676 1687 1682
f 1676 1682 1677
f 1680 1684 1685
f 1680 1686 1684
f 1682 1687 1683
f 1683 1687 1684
f 1683 1684 1686
o convex_28
v 0.613221 -0.250061 -0.523912
v 0.631082 -0.33934 -0.506048
v 0.595352 -0.321484 -0.54173
v 0.584929 -0.330412 -0.544745
v 0.571537 -0.321484 -0.55368
v 0.577489 -0.333388 -0.547705
v 0.593864 -0.348268 -0.526873
v 0.558146 -0.348268 -0.544745
v 0.613221 -0.351244 -0.512002
v 0.620661 -0.348268 -0.508999
v 0.627358 -0.352732 -0.500093
v 0.638521 -0.348268 -0.491135
v 0.656375 -0.348268 -0.455407
v 0.645212 -0.352732 -0.464365
v 0.642979 -0.357213 -0.4465
v 0.654884 -0.351244 -0.4465
v 0.678845 -0.357213 -0.285723
v 0.678845 -0.357213 -0.160776
v 0.678845 -0.351559 -0.303893
v 0.678701 -0.321484 -0.410772
v 0.674236 -0.330412 -0.419679
v 0.66084 -0.321484 -0.464365
v 0.656375 -0.330412 -0.473271
v 0.667538 -0.33934 -0.428636
v 0.666796 -0.345292 -0.410772
v 0.649677 -0.33934 -0.482229
v 0.648935 -0.321484 -0.488183
v 0.648935 -0.267899 -0.488183
v 0.66084 -0.267899 -0.464365
v 0.678701 -0.267899 -0.410772
v 0.678845 -0.178375 -0.366035
v 0.656375 -0.250061 -0.466604
v 0.65191 -0.241133 -0.468792
v 0.631082 -0.250061 -0.506048
v 0.607265 -0.236669 -0.520146
v 0.598328 -0.241133 -0.531314
v 0.562618 -0.241133 -0.549185
v 0.589401 -0.250061 -0.542497
v 0.595352 -0.267899 -0.54173
v 0.580465 -0.258989 -0.549185
v 0.571537 -0.267899 -0.55368
v 0.535827 -0.33934 -0.55368
v 0.541779 -0.351244 -0.547705
v 0.535827 -0.357213 -0.535809
v 0.607265 -0.357213 -0.500093
v 0.571537 -0.357213 -0.517938
v 0.625126 -0.357213 -0.482229
v 0.589401 -0.357213 -0.16079
v 0.52312 -0.357213 -0.535809
v 0.52312 -0.351244 -0.547705
v 0.52312 -0.33934 -0.55368
v 0.52312 -0.250061 -0.55368
v 0.553682 -0.250061 -0.55368
v 0.553682 -0.238157 -0.547705
v 0.571537 -0.236669 -0.538002
v 0.66084 -0.178375 -0.375044
v 0.553682 -0.232205 -0.535809
v 0.52312 -0.232205 -0.535809
v 0.52312 -0.183732 -0.424745
v 0.52312 -0.181194 -0.413343
v 0.52312 -0.178375 -0.389222
v 0.52312 -0.351244 -0.14884
v 0.52312 -0.238157 -0.547705
v 0.52312 -0.357213 -0.267962
v 0.52312 -0.33934 -0.0357473
v 0.571537 -0.33934 -0.0357473
v 0.580465 -0.334876 -0.0268118
v 0.52312 -0.327436 -0.0119557
v 0.571537 -0.327436 -0.0119557
v 0.642979 -0.327436 -0.0297719
v 0.65191 -0.334876 -0.0446841
v 0.66084 -0.328189 -0.0357266
v 0.66977 -0.31702 -0.02682
v 0.678845 -0.327436 -0.047636
v 0.678845 -0.33934 -0.0714549
v 0.642979 -0.33934 -0.0535907
v 0.678845 -0.303471 -0.0268709
v 0.678845 -0.314797 -0.0357775
v 0.672745 -0.30958 -0.0238171
v 0.598328 -0.31702 -0.00894067
v 0.589401 -0.315532 -0.00598045
v 0.52312 -0.315007 -0.00175935
v 0.589401 -0.303628 -5.1302e-06
v 0.66084 -0.303628 -0.0178624
v 0.66084 -0.214332 -0.0178624
v 0.678845 -0.214192 -0.0268709
v 0.678845 -0.178375 -0.0358284
v 0.52312 -0.178375 -5.1302e-06
v 0.553682 -0.178375 -5.1302e-06
v 0.589401 -0.232205 -5.1302e-06
v 0.52312 -0.227041 0.00635392
v 0.52312 -0.298464 0.00635392
v 0.625126 -0.236669 -0.502281
v 0.634056 -0.241133 -0.495614
v 0.678845 -0.339497 -0.321604
f 1689 1690 1688
f 1691 1690 1689
f 1691 1692 1690
f 1691 1693 1692
f 1694 1693 1691
f 1694 1695 1693
f 1694 1696 1695
f 1694 1691 1696
f 1697 1696 1691
f 1697 1698 1696
f 1697 1689 1698
f 1697 1691 1689
f 1698 1689 1699
f 1698 1699 1700
f 1701 1698 1700
f 1701 1702 1698
f 1701 1703 1702
f 1701 1700 1703
f 1703 1700 1704
f 1703 1704 1702
f 1704 1705 1702
f 1704 1706 1705
f 1704 1707 1706
f 1708 1707 1704
f 1708 1709 1707
f 1708 1710 1709
f 1708 1700 1710
f 1711 1700 1708
f 1711 1712 1700
f 1711 1708 1712
f 1712 1708 1704
f 1712 1704 1700
f 1713 1710 1700
f 1713 1714 1710
f 1713 1689 1714
f 1713 1699 1689
f 1713 1700 1699
f 1714 1689 1715
f 1714 1715 1709
f 1714 1709 1710
f 1709 1715 1716
f 1709 1716 1707
f 1717 1707 1716
f 1717 1718 1707
f 1717 1716 1718
f 1719 1718 1716
f 1719 1720 1718
f 1719 1715 1720
f 1719 1716 1715
f 1715 1721 1720
f 1689 1721 1715
f 1689 1688 1721
f 1688 1722 1721
f 1723 1722 1688
f 1723 1724 1722
f 1723 1725 1724
f 1723 1688 1725
f 1726 1725 1688
f 1727 1725 1726
f 1727 1724 1725
f 1727 1728 1724
f 1727 1726 1728
f 1726 1690 1728
f 1726 1688 1690
f 1692 1728 1690
f 1692 1729 1728
f 1692 1693 1729
f 1693 1730 1729
f 1695 1730 1693
f 1696 1730 1695
f 1696 1731 1730
f 1732 1731 1696
f 1732 1733 1731
f 1732 1702 1733
f 1734 1702 1732
f 1734 1698 1702
f 1734 1732 1698
f 1698 1732 1696
f 1702 1705 1733
f 1735 1733 1705
f 1736 1733 1735
f 1731 1733 1736
f 1731 1736 1730
f 1737 1730 1736
f 1737 1738 1730
f 1737 1736 1738
f 1738 1736 1739
f 1738 1739 1729
f 1738 1729 1730
f 1728 1729 1739
f 1740 1728 1739
f 1724 1728 1740
f 1724 1740 1741
f 1724 1741 1742
f 1724 1742 1722
f 1742 1743 1722
f 1742 1744 1743
f 1742 1741 1744
f 1744 1741 1745
f 1744 1745 1746
f 1744 1746 1743
f 1747 1743 1746
f 1747 1748 1743
f 1747 1746 1748
f 1746 1749 1748
f 1750 1749 1746
f 1739 1749 1750
f 1736 1749 1739
f 1751 1749 1736
f 1751 1735 1749
f 1751 1736 1735
f 1735 1752 1749
f 1735 1705 1752
f 1753 1752 1705
f 1754 1752 1753
f 1754 1755 1752
f 1754 1756 1755
f 1754 1757 1756
f 1758 1757 1754
f 1759 1757 1758
f 1759 1760 1757
f 1759 1761 1760
f 1759 1762 1761
f 1759 1758 1762
f 1758 1763 1762
f 1758 1754 1763
f 1754 1753 1763
f 1753 1705 1763
f 1762 1763 1705
f 1762 1705 1764
f 1761 1762 1764
f 1765 1761 1764
f 1760 1761 1765
f 1760 1765 1766
f 1760 1766 1767
f 1760 1767 1757
f 1757 1767 1756
f 1768 1756 1767
f 1768 1769 1756
f 1768 1770 1769
f 1768 1767 1770
f 1770 1767 1766
f 1771 1770 1766
f 1771 1772 1770
f 1771 1766 1772
f 1773 1772 1766
f 1773 1774 1772
f 1773 1764 1774
f 1773 1766 1764
f 1765 1764 1766
f 1764 1705 1774
f 1774 1705 1718
f 1774 1718 1748
f 1775 1774 1748
f 1776 1774 1775
f 1776 1772 1774
f 1776 1777 1772
f 1776 1778 1777
f 1776 1775 1778
f 1778 1775 1779
f 1778 1779 1777
f 1770 1777 1779
f 1770 1772 1777
f 1769 1770 1779
f 1769 1779 1755
f 1769 1755 1756
f 1755 1779 1752
f 1752 1779 1749
f 1749 1779 1748
f 1775 1748 1779
f 1743 1748 1718
f 1722 1743 1718
f 1780 1722 1718
f 1780 1721 1722
f 1781 1721 1780
f 1781 1720 1721
f 1781 1718 1720
f 1781 1780 1718
f 1782 1718 1705
f 1782 1707 1718
f 1706 1707 1782
f 1706 1782 1705
f 1739 1750 1741
f 1740 1739 1741
f 1745 1741 1750
f 1745 1750 1746
o convex_29
v -0.375076 -0.16364 -0.375074
v -0.375076 -0.115968 -0.375074
v -0.341421 -0.16364 -0.375074
v -0.449731 -0.16364 -0.357534
v -0.341421 -0.115968 -0.375074
v -0.446508 -0.115968 -0.35721
v -0.341421 -0.16364 -0.319895
v -0.460813 -0.16364 -0.354363
v -0.341421 -0.115968 -0.319895
v -0.45532 -0.115968 -0.352808
v -0.370548 -0.16364 -0.319895
v -0.480327 -0.16364 -0.34128
v -0.480327 -0.115968 -0.340308
v -0.473174 -0.115968 -0.343884
v -0.366945 -0.115968 -0.319895
v -0.467259 -0.16364 -0.320046
v -0.480327 -0.16364 -0.322417
v -0.480327 -0.115968 -0.321494
v -0.480327 -0.163556 -0.320089
f 1783 1784 1787
f 1783 1787 1785
f 1783 1785 1789
f 1783 1789 1793
f 1783 1793 1798
f 1783 1798 1799
f 1783 1799 1794
f 1783 1794 1790
f 1783 1790 1786
f 1783 1786 1784
f 1784 1786 1788
f 1784 1788 1792
f 1784 1792 1796
f 1784 1796 1795
f 1784 1795 1800
f 1784 1800 1797
f 1784 1797 1791
f 1784 1791 1787
f 1785 1787 1791
f 1785 1791 1789
f 1786 1790 1788
f 1788 1790 1792
f 1789 1791 1797
f 1789 1797 1793
f 1790 1794 1795
f 1790 1795 1796
f 1790 1796 1792
f 1793 1797 1798
f 1794 1799 1801
f 1794 1801 1800
f 1794 1800 1795
f 1797 1800 1801
f 1797 1801 1798
f 1798 1801 1799
o convex_30
v -0.341426 0.0856467 0.235037
v -0.341426 0.107166 0.227819
v -0.392943 0.147117 0.214286
v -0.517956 0.147117 0.196432
v -0.517956 0.0856467 0.196432
v -0.341426 0.0856467 -0.250069
v -0.341426 0.147117 0.214286
v -0.527039 0.147117 0.19192
v -0.520395 0.0856467 0.195244
v -0.392943 0.0856467 -0.250069
v -0.341426 0.147117 -0.250069
v -0.533139 0.147117 0.188834
v -0.529854 0.0856467 0.190496
v -0.392943 0.147111 -0.250069
v -0.533139 0.0856467 -0.124994
v -0.392943 0.147117 -0.250021
v -0.533139 0.0856467 0.188834
v -0.533139 0.147117 -0.124994
f 1802 1803 1804
f 1802 1804 1805
f 1802 1805 1806
f 1802 1806 1810
f 1802 1810 1814
f 1802 1814 1818
f 1802 1818 1816
f 1802 1816 1811
f 1802 1811 1807
f 1802 1807 1812
f 1802 1812 1808
f 1802 1808 1803
f 1803 1808 1804
f 1804 1808 1812
f 1804 1812 1817
f 1804 1817 1819
f 1804 1819 1813
f 1804 1813 1809
f 1804 1809 1805
f 1805 1809 1810
f 1805 1810 1806
f 1807 1811 1815
f 1807 1815 1812
f 1809 1813 1818
f 1809 1818 1814
f 1809 1814 1810
f 1811 1816 1819
f 1811 1819 1815
f 1812 1815 1817
f 1813 1819 1816
f 1813 1816 1818
f 1815 1819 1817
o convex_31
v -0.533139 0.147117 0.188877
v -0.607265 0.147117 0.178565
v -0.533139 0.0856467 0.188877
v -0.533139 0.147117 -0.124993
v -0.607265 0.0856467 0.178565
v -0.706847 0.147117 0.160734
v -0.533139 0.0856467 -0.124993
v -0.577505 0.147117 -0.208348
v -0.706847 0.0856467 0.160734
v -0.706847 0.147117 -0.250069
v -0.678686 0.0856467 -0.250069
v -0.576009 0.133951 -0.205384
v -0.577505 0.142881 -0.208348
v -0.589409 0.147117 -0.214321
v -0.706847 0.0856467 -0.250069
v -0.678686 0.147117 -0.250069
v -0.589409 0.142881 -0.214321
f 1820 1821 1824
f 1820 1824 1822
f 1820 1822 1826
f 1820 1826 1823
f 1820 1823 1827
f 1820 1827 1833
f 1820 1833 1835
f 1820 1835 1829
f 1820 1829 1825
f 1820 1825 1821
f 1821 1825 1828
f 1821 1828 1824
f 1822 1824 1828
f 1822 1828 1834
f 1822 1834 1830
f 1822 1830 1826
f 1823 1826 1832
f 1823 1832 1827
f 1825 1829 1834
f 1825 1834 1828
f 1826 1830 1831
f 1826 1831 1832
f 1827 1832 1836
f 1827 1836 1833
f 1829 1835 1830
f 1829 1830 1834
f 1830 1835 1833
f 1830 1833 1836
f 1830 1836 1832
f 1830 1832 1831
o convex_32
v -0.341407 0.147117 -0.250081
v -0.392928 0.147117 -0.263688
v -0.392928 0.147111 -0.250081
v -0.341407 0.0856467 -0.250081
v -0.341407 0.147117 -0.375074
v -0.410866 0.147117 -0.339442
v -0.410866 0.147093 -0.339344
v -0.392928 0.0856467 -0.250081
v -0.341407 0.0856467 -0.375074
v -0.375079 0.147117 -0.375074
v -0.410866 0.147117 -0.357209
v -0.410866 0.0856467 -0.339344
v -0.375079 0.0856467 -0.375074
v -0.410866 0.0856467 -0.357209
f 1837 1838 1839
f 1837 1839 1844
f 1837 1844 1840
f 1837 1840 1845
f 1837 1845 1841
f 1837 1841 1846
f 1837 1846 1847
f 1837 1847 1842
f 1837 1842 1838
f 1838 1842 1839
f 1839 1843 1848
f 1839 1848 1844
f 1839 1842 1843
f 1840 1844 1848
f 1840 1848 1850
f 1840 1850 1849
f 1840 1849 1845
f 1841 1845 1849
f 1841 1849 1846
f 1842 1847 1850
f 1842 1850 1848
f 1842 1848 1843
f 1846 1849 1850
f 1846 1850 1847
o convex_33
v -0.341421 -0.115968 0.222262
v -0.392944 -0.115968 0.214302
v -0.392944 -0.16364 0.214302
v -0.341421 -0.16364 0.214302
v -0.341421 -0.115968 -0.319889
v -0.480327 -0.115968 0.196418
v -0.480327 -0.16364 0.196418
v -0.341421 -0.16364 -0.319889
v -0.366945 -0.115968 -0.319889
v -0.480327 -0.115968 -0.134891
v -0.480327 -0.16364 -0.138712
v -0.370548 -0.16364 -0.319889
v -0.372207 -0.16364 -0.318563
f 1851 1852 1853
f 1851 1853 1854
f 1851 1854 1858
f 1851 1858 1855
f 1851 1855 1859
f 1851 1859 1860
f 1851 1860 1856
f 1851 1856 1852
f 1852 1856 1857
f 1852 1857 1853
f 1853 1857 1861
f 1853 1861 1863
f 1853 1863 1862
f 1853 1862 1858
f 1853 1858 1854
f 1855 1858 1862
f 1855 1862 1859
f 1856 1860 1861
f 1856 1861 1857
f 1859 1862 1863
f 1859 1863 1860
f 1860 1863 1861
o convex_34
v -0.44678 -0.115968 -0.169519
v -0.590153 -0.115968 -0.129416
v -0.440632 -0.115948 -0.172626
v -0.440632 -0.115968 -0.098995
v -0.590153 0.0856407 -0.125405
v -0.440632 0.0856407 -0.172626
v -0.590153 -0.115968 0.178583
v -0.440632 -0.115968 0.196467
v -0.590153 0.0856407 0.178583
v -0.440632 0.0856407 0.196467
v -0.517954 -0.115968 0.196467
v -0.517954 0.0856407 0.196467
f 1864 1865 1866
f 1864 1866 1867
f 1864 1867 1871
f 1864 1871 1874
f 1864 1874 1870
f 1864 1870 1865
f 1865 1868 1869
f 1865 1869 1866
f 1865 1870 1872
f 1865 1872 1868
f 1866 1869 1873
f 1866 1873 1871
f 1866 1871 1867
f 1868 1872 1875
f 1868 1875 1873
f 1868 1873 1869
f 1870 1874 1875
f 1870 1875 1872
f 1871 1873 1875
f 1871 1875 1874
o convex_35
v -0.706864 -0.115968 -0.251293
v -0.706864 0.0856407 -0.251293
v -0.678078 -0.115968 -0.251293
v -0.706864 -0.115968 0.178607
v -0.678078 0.0856407 -0.251293
v -0.706864 0.0856407 0.160722
v -0.590179 -0.115968 -0.129426
v -0.590179 -0.115968 0.178607
v -0.706864 -7.34712e-06 0.178607
v -0.590179 0.0856407 -0.125387
v -0.607268 0.0856407 0.178607
v -0.590179 0.0856407 0.178607
f 1876 1877 1880
f 1876 1880 1878
f 1876 1878 1882
f 1876 1882 1883
f 1876 1883 1879
f 1876 1879 1884
f 1876 1884 1881
f 1876 1881 1877
f 1877 1881 1886
f 1877 1886 1887
f 1877 1887 1885
f 1877 1885 1880
f 1878 1880 1882
f 1879 1883 1887
f 1879 1887 1886
f 1879 1886 1884
f 1880 1885 1882
f 1881 1884 1886
f 1882 1885 1887
f 1882 1887 1883
o convex_36
v -0.341429 -0.218722 0.214328
v -0.392936 -0.218722 0.214328
v -0.341429 -0.232195 0.214328
v -0.341429 -0.218722 -0.214215
v -0.392936 -0.232195 0.214328
v -0.517956 -0.218722 0.196458
v -0.341429 -0.303621 0.196458
v -0.341429 -0.312607 -0.214215
v -0.567341 -0.218722 -0.214215
v -0.517956 -0.303621 0.196458
v -0.567341 -0.218722 0.178588
v -0.341429 -0.315536 0.190501
v -0.373187 -0.323258 -0.214215
v -0.341429 -0.321487 -0.196429
v -0.567341 -0.244593 -0.214215
v -0.567341 -0.303621 0.178588
v -0.526869 -0.31256 0.191969
v -0.517956 -0.315536 0.190501
v -0.341429 -0.321487 0.178588
v -0.390614 -0.323707 -0.214215
v -0.341429 -0.339341 -0.124991
v -0.565969 -0.245715 -0.214215
v -0.567341 -0.333389 -0.119034
v -0.567341 -0.315536 0.172631
v -0.517956 -0.321487 0.178588
v -0.341429 -0.339341 0.0535404
v -0.390725 -0.323707 -0.214215
v -0.428675 -0.339341 -0.124991
v -0.567341 -0.335149 -0.115553
v -0.567341 -0.321487 0.160718
v -0.567341 -0.339341 0.0535404
v -0.567341 -0.339341 -0.107163
f 1888 1889 1892
f 1888 1892 1890
f 1888 1890 1894
f 1888 1894 1899
f 1888 1899 1906
f 1888 1906 1913
f 1888 1913 1908
f 1888 1908 1901
f 1888 1901 1895
f 1888 1895 1891
f 1888 1891 1896
f 1888 1896 1898
f 1888 1898 1893
f 1888 1893 1889
f 1889 1893 1897
f 1889 1897 1892
f 1890 1892 1897
f 1890 1897 1894
f 1891 1895 1900
f 1891 1900 1907
f 1891 1907 1914
f 1891 1914 1909
f 1891 1909 1902
f 1891 1902 1896
f 1893 1898 1903
f 1893 1903 1897
f 1894 1897 1905
f 1894 1905 1899
f 1895 1901 1900
f 1896 1902 1910
f 1896 1910 1916
f 1896 1916 1919
f 1896 1919 1918
f 1896 1918 1917
f 1896 1917 1911
f 1896 1911 1903
f 1896 1903 1898
f 1897 1903 1904
f 1897 1904 1905
f 1899 1905 1912
f 1899 1912 1906
f 1900 1901 1908
f 1900 1908 1907
f 1902 1909 1910
f 1903 1911 1904
f 1904 1911 1905
f 1905 1911 1917
f 1905 1917 1912
f 1906 1912 1918
f 1906 1918 1913
f 1907 1908 1915
f 1907 1915 1914
f 1908 1913 1918
f 1908 1918 1919
f 1908 1919 1915
f 1909 1914 1910
f 1910 1914 1916
f 1912 1917 1918
f 1914 1915 1919
f 1914 1919 1916
o convex_37
v -0.567341 -0.218722 0.178568
v -0.70685 -0.218722 0.178568
v -0.567341 -0.303621 0.178568
v -0.567341 -0.218722 -0.214177
v -0.70685 -0.303621 0.178568
v -0.70685 -0.218722 -0.214177
v -0.567341 -0.315536 0.172647
v -0.567341 -0.244593 -0.214177
v -0.70685 -0.315536 0.172647
v -0.70685 -0.339341 -0.214177
v -0.567341 -0.321487 0.160727
v -0.684603 -0.333401 -0.214177
v -0.567341 -0.333389 -0.119047
v -0.70685 -0.321487 0.160727
v -0.696553 -0.339341 -0.214177
v -0.70685 -0.339341 0.0535619
v -0.567341 -0.339341 0.0535619
v -0.69643 -0.339317 -0.214177
v -0.567341 -0.335149 -0.115548
v -0.567341 -0.339341 -0.107127
f 1920 1921 1924
f 1920 1924 1922
f 1920 1922 1926
f 1920 1926 1930
f 1920 1930 1936
f 1920 1936 1939
f 1920 1939 1938
f 1920 1938 1932
f 1920 1932 1927
f 1920 1927 1923
f 1920 1923 1925
f 1920 1925 1921
f 1921 1925 1929
f 1921 1929 1935
f 1921 1935 1933
f 1921 1933 1928
f 1921 1928 1924
f 1922 1924 1928
f 1922 1928 1926
f 1923 1927 1931
f 1923 1931 1937
f 1923 1937 1934
f 1923 1934 1929
f 1923 1929 1925
f 1926 1928 1933
f 1926 1933 1930
f 1927 1932 1931
f 1929 1934 1939
f 1929 1939 1936
f 1929 1936 1935
f 1930 1933 1935
f 1930 1935 1936
f 1931 1932 1937
f 1932 1938 1937
f 1934 1937 1939
f 1937 1938 1939
