o convex_0
v -0.0167945 0.18465 -0.318953
v 0.00209172 0.18885 -0.318953
v -1.64252e-06 0.18465 -0.302191
v -0.0335644 0.18465 -0.251823
v -0.0391659 0.195849 -0.324541
v -0.0419609 0.209829 -0.394485
v -0.0335644 0.235009 -0.520344
v -1.64252e-06 0.235009 -0.520344
v 0.0111898 0.19025 -0.302191
v 0.0111898 0.240609 -0.520344
v -1.64252e-06 0.18465 -0.23304
v -0.0335644 0.18465 -0.23304
v -0.0375096 0.186621 -0.23304
v -0.0447559 0.19025 -0.246236
v -0.0559473 0.212629 -0.358146
v -0.0447559 0.240609 -0.514756
v -0.0727402 0.296548 -0.626666
v -0.0531523 0.282587 -0.623892
v -0.0335644 0.268588 -0.604276
v -0.0167945 0.268588 -0.604276
v -0.0111931 0.274188 -0.615491
v 0.00558832 0.240609 -0.531558
v 0.0125815 0.243408 -0.528745
v 0.0125815 0.193049 -0.310552
v 0.0223812 0.195849 -0.285388
v 0.0223812 0.195849 -0.23304
v -0.0447559 0.19025 -0.23304
v -0.0503574 0.201449 -0.251823
v -0.0615488 0.223829 -0.346931
v -0.0671388 0.235009 -0.352518
v -0.0839317 0.318927 -0.621078
v -0.0755352 0.310527 -0.629479
v -0.0643438 0.304947 -0.635067
v -0.0503574 0.302147 -0.637881
v -0.0587423 0.293748 -0.629479
v -0.0391659 0.279788 -0.626666
v -0.0279745 0.274188 -0.615491
v -0.0223845 0.279788 -0.626666
v 0.00558832 0.290948 -0.632253
v -0.00210651 0.281188 -0.621078
v 0.0125815 0.293748 -0.629479
v 0.0293744 0.276988 -0.528745
v 0.0293744 0.209829 -0.29379
v 0.0335727 0.218229 -0.23304
v -0.0503574 0.201449 -0.23304
v -0.0615488 0.223829 -0.313366
v -0.0671388 0.235009 -0.318953
v -0.0839317 0.335707 -0.621078
v -0.0797334 0.360906 -0.629479
v -0.0783302 0.324527 -0.632253
v -0.0671388 0.318927 -0.637881
v -1.64252e-06 0.302147 -0.637881
v 0.0111898 0.302147 -0.632253
v 0.0111898 0.352506 -0.632253
v 0.0167798 0.352506 -0.621078
v 0.0167798 0.302147 -0.621078
v 0.0293744 0.285368 -0.522444
v 0.0335727 0.251808 -0.352518
v 0.0335727 0.235009 -0.335756
v 0.0335727 0.218229 -0.285388
v 0.0335727 0.251808 -0.23304
v -0.0503574 0.268588 -0.23304
v -0.0629405 0.243408 -0.29379
v -0.0671388 0.251808 -0.318953
v -0.0734303 0.369286 -0.621078
v -0.0587423 0.381886 -0.629479
v -0.0671388 0.371396 -0.63368
v -0.0783302 0.358106 -0.632253
v -0.0497017 0.269909 -0.23304
v -0.0447559 0.279788 -0.23304
v -0.0391659 0.290948 -0.23304
v -0.0671388 0.352506 -0.637881
v -1.64252e-06 0.352506 -0.637881
v 0.00838331 0.360906 -0.63368
v 0.0111898 0.363686 -0.626666
v 0.00558832 0.374886 -0.615491
v 0.0251762 0.293748 -0.29379
v 0.0307662 0.282587 -0.304965
v 0.0335727 0.268588 -0.251823
v 0.0335727 0.268588 -0.335756
v 0.0283853 0.27056 -0.23304
v -0.0629405 0.377686 -0.612677
v -0.0615488 0.380486 -0.621078
v -0.0503574 0.380486 -0.632253
v -0.0503574 0.386086 -0.621078
v -0.0167945 0.386086 -0.621078
v -0.0167945 0.380486 -0.632253
v -0.0503574 0.369286 -0.637881
v -0.0378547 0.291618 -0.23304
v -0.0167945 0.369286 -0.637881
v -0.0083981 0.377686 -0.63368
v -0.00560311 0.380486 -0.626666
v -0.0167945 0.302147 -0.23304
v 0.0019652 0.292762 -0.23304
v 0.00558832 0.290948 -0.23304
v 0.0251762 0.276988 -0.23304
v 0.0279712 0.279788 -0.257411
v -0.0559473 0.380486 -0.609903
f 1 2 3
f 1 3 11
f 1 11 12
f 1 12 4
f 1 4 5
f 1 5 6
f 1 6 7
f 1 7 8
f 1 8 2
f 2 9 3
f 2 8 10
f 2 10 9
f 3 9 25
f 3 25 26
f 3 26 11
f 4 12 13
f 4 13 14
f 4 14 5
f 5 15 6
f 5 14 15
f 6 15 16
f 6 16 7
f 7 16 17
f 7 17 18
f 7 18 19
f 7 19 20
f 7 20 8
f 8 20 21
f 8 21 22
f 8 22 10
f 9 10 23
f 9 23 24
f 9 24 25
f 10 22 23
f 11 26 44
f 11 44 61
f 11 61 81
f 11 81 96
f 11 96 95
f 11 95 94
f 11 94 93
f 11 93 89
f 11 89 71
f 11 71 70
f 11 70 69
f 11 69 62
f 11 62 45
f 11 45 27
f 11 27 13
f 11 13 12
f 13 27 14
f 14 27 45
f 14 45 28
f 14 28 15
f 15 28 29
f 15 29 30
f 15 30 31
f 15 31 17
f 15 17 16
f 17 31 32
f 17 32 51
f 17 51 33
f 17 33 34
f 17 34 35
f 17 35 18
f 18 35 34
f 18 34 36
f 18 36 19
f 19 36 37
f 19 37 21
f 19 21 20
f 21 37 36
f 21 36 38
f 21 38 39
f 21 39 40
f 21 40 22
f 22 40 39
f 22 39 41
f 22 41 23
f 23 42 43
f 23 43 25
f 23 25 24
f 23 41 42
f 25 43 26
f 26 43 44
f 28 45 46
f 28 46 29
f 29 46 47
f 29 47 30
f 30 47 31
f 31 48 49
f 31 49 50
f 31 50 32
f 31 47 64
f 31 64 48
f 32 50 51
f 33 51 34
f 34 51 72
f 34 72 88
f 34 88 90
f 34 90 73
f 34 73 52
f 34 52 38
f 34 38 36
f 38 52 39
f 39 52 41
f 41 52 53
f 41 53 54
f 41 54 55
f 41 55 56
f 41 56 42
f 42 56 55
f 42 55 57
f 42 57 58
f 42 58 59
f 42 59 60
f 42 60 43
f 43 60 44
f 44 60 59
f 44 59 58
f 44 58 80
f 44 80 79
f 44 79 61
f 45 62 63
f 45 63 47
f 45 47 46
f 47 63 64
f 48 64 49
f 49 65 66
f 49 66 67
f 49 67 68
f 49 68 50
f 49 64 62
f 49 62 69
f 49 69 70
f 49 70 71
f 49 71 65
f 50 68 72
f 50 72 51
f 52 73 74
f 52 74 53
f 53 74 54
f 54 74 55
f 55 74 75
f 55 75 76
f 55 76 77
f 55 77 78
f 55 78 79
f 55 79 80
f 55 80 57
f 57 80 58
f 61 79 81
f 62 64 63
f 65 82 83
f 65 83 66
f 65 71 82
f 66 84 67
f 66 83 85
f 66 85 86
f 66 86 87
f 66 87 84
f 67 84 88
f 67 88 72
f 67 72 68
f 71 89 82
f 73 90 91
f 73 91 74
f 74 91 92
f 74 92 75
f 75 92 76
f 76 92 86
f 76 86 93
f 76 93 94
f 76 94 95
f 76 95 77
f 77 95 96
f 77 96 97
f 77 97 79
f 77 79 78
f 79 97 96
f 79 96 81
f 82 98 85
f 82 85 83
f 82 89 98
f 84 87 91
f 84 91 88
f 85 98 93
f 85 93 86
f 86 92 91
f 86 91 87
f 88 91 90
f 89 93 98
o convex_1
v 0.352513 -0.318923 0.0671519
v 0.33572 -0.0671556 0.100698
v 0.351409 -0.333538 0.14997
v 0.352513 -0.333538 0.0671519
v 0.352513 -0.318923 0.0503787
v 0.302134 0.0335662 0.100698
v 0.293761 0.0419597 0.125858
v 0.327301 -0.0587621 0.125858
v 0.327301 -0.0755491 0.142679
v 0.332914 -0.0867404 0.131481
v 0.33572 -0.100729 0.134245
v 0.33572 -0.0671556 0.0336055
v 0.318927 -7.72069e-06 0.0336055
v 0.33526 -0.333538 0.23455
v 0.352513 -0.333538 0.0357975
v 0.33572 -0.100729 1.15062e-05
v 0.297626 0.0425487 0.0962191
v 0.307747 0.0223749 0.0391807
v 0.302134 0.0335662 0.0168323
v 0.293439 0.0425487 0.125572
v 0.293163 0.0425487 0.126478
v 0.293761 0.0251727 0.142679
v 0.310508 -0.0419751 0.159452
v 0.310508 -0.0755491 0.176225
v 0.307747 -0.0951338 0.190235
v 0.327301 -0.31053 0.243366
v 0.331487 -0.0671556 0.014688
v 0.31474 -7.72069e-06 0.014688
v 0.324494 -0.330115 0.257375
v 0.326196 -0.333538 0.253944
v 0.351961 -0.333538 0.0333196
v 0.318927 -0.0503686 -0.0167617
v 0.31474 -0.0335816 -0.0188583
v 0.331487 -0.0839425 -0.00208514
v 0.34828 -0.333538 0.01688
v 0.335168 -0.333538 -0.0170476
v 0.307747 -0.100729 -0.0559309
v 0.307747 -0.0503686 -0.0391577
v 0.297626 0.0425487 0.0123055
v 0.297948 0.0335662 -0.00208514
v 0.27683 0.0425487 0.159309
v 0.276968 0.0419597 0.159452
v 0.307747 -0.0615599 0.173414
v 0.240576 0.0425487 0.207008
v 0.274161 -0.044773 0.207008
v 0.310508 -0.276956 0.260187
v 0.324494 -0.333538 0.257375
v 0.307747 -0.313328 0.274148
v 0.297948 -7.72069e-06 -0.0356315
v 0.330291 -0.333538 -0.0267684
v 0.32523 -0.333538 -0.0365845
v 0.313636 -0.333538 -0.0529765
v 0.304297 -0.333538 -0.063841
v 0.290954 -0.0671556 -0.0727041
v 0.290954 -0.0167947 -0.0559309
v 0.296797 0.0425487 0.00858871
v 0.293761 0.0419597 -0.00418179
v 0.180397 0.0425487 0.244462
v 0.260175 -0.260169 0.293733
v 0.274161 -0.279754 0.290921
v 0.290954 -0.262967 0.274148
v 0.307747 -0.333538 0.274148
v 0.288286 -0.333538 0.288253
v 0.293761 0.00838577 -0.0377282
v 0.285341 -0.333538 -0.0773262
v 0.240576 -0.0839425 -0.123071
v 0.240576 -0.0671556 -0.123071
v 0.274161 -0.0503686 -0.0895249
v 0.276968 0.0251727 -0.054549
v 0.274161 -7.72069e-06 -0.0727041
v 0.293439 0.0425487 -0.00375293
v 0.276968 0.0419597 -0.0377282
v 0.177177 0.0425487 0.246415
v 0.169493 0.0425487 0.251038
v 0.156565 0.0425487 0.258709
v 0.151044 0.0425487 0.260568
v 0.146489 0.0425487 0.262093
v 0.251756 -0.285349 0.302119
v 0.276968 -0.327317 0.293733
v 0.270757 -0.333538 0.29683
v 0.275128 -0.333538 -0.0795182
v 0.151044 -0.151054 -0.151042
v 0.169953 -0.151054 -0.146849
v 0.167837 -0.134303 -0.151042
v 0.18463 -0.100729 -0.151042
v 0.19581 -0.100729 -0.145467
v 0.20699 -0.100729 -0.139844
v 0.229396 -0.0839425 -0.128694
v 0.229396 -0.0671556 -0.128694
v 0.20699 -0.0335816 -0.139844
v 0.178649 0.0425487 -0.148469
v 0.190243 0.0425487 -0.139844
v 0.240576 -7.72069e-06 -0.106298
v 0.257369 -7.72069e-06 -0.0895249
v 0.260451 0.0425487 -0.0621732
v 0.268272 0.0425487 -0.0504987
v 0.257369 0.0335662 -0.0727041
v 0.20699 0.0425487 -0.123071
v 0.276646 0.0425487 -0.0372993
v 0.140508 0.0425487 0.263474
v 0.218216 -0.318923 0.31894
v 0.218216 -0.333538 0.31894
v 0.268548 -0.333538 -0.0795182
v 0.086771 -0.215404 -0.131458
v 0.117504 -0.167841 -0.151042
v 0.100757 -0.117516 -0.167863
v 0.117504 -0.100729 -0.167863
v 0.134251 -0.0671556 -0.167863
v 0.144373 0.0425487 -0.165576
v 0.18463 -0.0335816 -0.151042
v 0.19581 -0.0335816 -0.145467
v 0.193003 -0.0251882 -0.146849
v 0.149572 0.0425487 -0.163003
v 0.254378 0.0425487 -0.069702
v 0.134251 0.0425487 0.264666
v 0.201423 -0.302136 0.31894
v 0.069334 -0.333538 0.31894
v 0.234963 -0.333538 -0.0744195
v 0.0783516 -0.307732 -0.0727041
v 0.0615587 -0.257371 -0.106298
v 0.0811581 -0.237786 -0.12026
v 0.0755451 -0.226595 -0.125883
v 0.0671716 -0.167841 -0.151042
v 0.0839645 -0.117516 -0.167863
v 0.134251 0.0425487 -0.167863
v 0.100757 0.0425487 0.269717
v 0.134251 -0.302136 0.31894
v 0.0668956 -0.333538 0.318369
v 0.0839645 -0.318923 0.31894
v 0.0772934 0.0425487 0.269717
v 0.00220839 -0.333538 -0.0339637
v 0.0447658 -0.274158 -0.0895249
v 1.15062e-08 -0.333538 -0.0335349
v -0.0166549 -0.333538 -0.0293892
v 0.0420053 -0.243382 -0.10911
v 0.00841947 -0.193021 -0.125883
v 0.0420053 -0.176234 -0.142656
v 0.00841947 -0.226595 -0.10911
v 0.0531852 -0.165043 -0.148279
v 0.0503787 -0.0839425 -0.167863
v 0.0195994 -0.131506 -0.148279
v 0.0593503 0.0425487 -0.167863
v 0.0593503 0.0425487 0.265095
v 0.0335858 -0.285349 0.302119
v 0.0165169 -0.333538 0.301595
v -0.0251663 -0.333538 -0.0251483
v -0.00276046 -0.137101 -0.137081
v 0.00841947 -0.142697 -0.142656
v -0.00837344 -0.209808 -0.10911
v -0.0251663 -0.226595 -0.0922887
v -0.0587522 -0.333538 -0.00837508
v 0.0503787 0.0335662 -0.167863
v 0.0167929 -0.117516 -0.151042
v 0.00561298 -0.111921 -0.145467
v -0.0279728 -0.0783469 -0.128694
v 0.0503787 0.0425487 -0.165862
v -0.0447197 -0.302136 0.26295
v -0.0223599 -0.285349 0.274148
v -0.00303652 -0.333538 0.291684
v 0.00680919 -0.333538 0.296735
v 0.0305953 0.0425487 0.240888
v -0.046146 -0.293743 0.260187
v -0.0223599 -0.139899 -0.123071
v -0.00556695 -0.123112 -0.139844
v -0.0251663 -0.176234 -0.10911
v -0.0559457 -0.173436 -0.0895249
v -0.0391528 -0.20701 -0.0895249
v -0.0627549 -0.333538 -0.00437239
v -0.0279728 -0.0615599 -0.128694
v 0.00561298 0.00558793 -0.145467
v 0.0280189 0.0279706 -0.156665
v 0.0391988 0.0391619 -0.16224
v 0.0425114 0.0425487 -0.162812
v -0.0391528 -0.0895382 -0.123071
v -0.00455478 -0.333538 0.290779
v -0.0560377 -0.333538 0.25666
v -0.0544734 -0.333538 0.25809
v 0.0112259 0.0425487 0.223781
v -0.0193693 0.0425487 0.196191
v -0.0559457 -0.0167947 0.173414
v -0.0727386 -0.0335816 0.156641
v -0.0559457 -0.106325 -0.106298
v -0.0727386 -0.156649 -0.0727041
v -0.0795478 -0.333538 0.0124484
v -0.0727386 -0.20701 -0.0559309
v -0.0391528 -0.0727512 -0.123071
v -0.00556695 -0.00560337 -0.139844
v -0.0111799 0.0223749 -0.128694
v 0.0371284 0.0425487 -0.159667
v 0.0420513 0.0425487 -0.162622
v -0.0629389 -0.327317 0.243366
v -0.0618807 -0.333538 0.245462
v -0.0727386 -0.100729 0.173414
v -0.0797318 -0.092336 0.159452
v -0.0339079 0.0425487 0.180562
v -0.0559457 0.0425487 0.156641
v -0.0734287 -0.0167947 0.151065
v -0.0797318 -0.0251882 0.142679
v -0.086725 -0.103527 -0.0531195
v -0.0559457 -0.0895382 -0.106298
v -0.0894855 -0.156649 -0.0391577
v -0.092292 -0.109123 -0.0419215
v -0.0904977 -0.333538 0.0306988
v -0.0894855 -0.20701 -0.0223369
v -0.00837344 0.0377629 -0.125883
v 0.0112259 0.0425487 -0.139844
v -0.0559457 -0.0391773 -0.0895249
v -0.0615126 -0.027986 -0.0783269
v -0.0587522 -0.0125979 -0.0755155
v -0.0251663 0.020976 -0.10911
v -0.0727386 -0.333538 0.223781
v -0.0797318 -0.31053 0.209819
v -0.0964787 -0.0755491 0.125858
v -0.0641351 0.0425487 0.140249
v -0.0902216 -0.0167947 0.117471
v -0.0964787 -0.0251882 0.109085
v -0.0979049 -0.0979317 -0.0307711
v -0.0881052 -0.0860409 -0.0503557
v -0.0727386 -0.0559643 -0.0727041
v -0.100711 -0.201414 1.15062e-05
v -0.100711 -0.151054 -0.0167617
v -0.0911878 -0.333538 0.0336055
v -0.00644111 0.0425487 -0.122071
v 0.00846547 0.0425487 -0.137462
v -0.0419593 0.0377629 -0.0755155
v -0.0783055 -0.044773 -0.0615061
v -0.0754991 -0.0293849 -0.0587423
v -0.0587522 0.020976 -0.0587423
v -0.0839185 -0.333538 0.201433
v -0.100711 -0.0839425 0.117471
v -0.0839185 -0.318923 0.201433
v -0.0671256 0.0425487 0.134245
v -0.0797318 0.0419597 0.0923117
v -0.100711 -0.0335816 0.100698
v -0.0700701 0.0425487 0.126478
v -0.117504 -0.134303 0.0336055
v -0.100711 -0.0671556 -0.0167617
v -0.0964787 -0.0818442 -0.0335349
v -0.092292 -0.0797458 -0.0419215
v -0.0911878 -0.333538 0.0839251
v -0.0400269 0.0425487 -0.0717034
v -0.0624328 0.0425487 -0.0316288
v -0.0839185 -0.0503686 -0.0503557
v -0.0783055 -0.011199 -0.0447329
v -0.0754991 0.00418902 -0.0419215
v -0.117504 -0.134303 0.0671519
v -0.117504 -0.117516 0.0671519
v -0.0839185 0.0335662 0.0839251
v -0.0792717 0.0425487 0.0928835
v -0.0794097 0.0425487 0.0905486
v -0.0794097 0.0425487 0.0336055
v -0.0839185 0.0335662 0.0336055
v -0.100711 -0.0167947 0.0671519
v -0.117504 -0.117516 0.0503787
v -0.100711 -0.0503686 1.15062e-05
v -0.0964787 -0.0482702 -0.0167617
v -0.0797318 0.00209065 -0.0335349
v -0.0839185 -0.0167947 -0.0335349
v -0.0754991 0.020976 -0.0251483
v -0.0688739 0.0425487 -0.0167617
v -0.0786736 0.0425487 0.0295075
v -0.0797318 0.0356646 0.0168323
v -0.0839185 0.0167792 1.15062e-05
v -0.100711 -0.0167947 0.0336055
v -0.0964787 -0.0314833 1.15062e-05
v -0.0797318 0.0188776 -0.0167617
v -0.0964787 -0.0146963 0.0168323
f 99 100 101
f 99 101 102
f 99 102 113
f 99 113 103
f 99 103 110
f 99 110 100
f 100 104 105
f 100 105 106
f 100 106 107
f 100 107 108
f 100 108 109
f 100 109 101
f 100 110 111
f 100 111 104
f 101 109 112
f 101 112 128
f 101 128 145
f 101 145 160
f 101 160 161
f 101 161 178
f 101 178 200
f 101 200 215
f 101 215 226
f 101 226 243
f 101 243 258
f 101 258 257
f 101 257 273
f 101 273 275
f 101 275 274
f 101 274 290
f 101 290 309
f 101 309 327
f 101 327 338
f 101 338 320
f 101 320 301
f 101 301 282
f 101 282 266
f 101 266 249
f 101 249 244
f 101 244 232
f 101 232 231
f 101 231 229
f 101 229 216
f 101 216 201
f 101 201 179
f 101 179 163
f 101 163 151
f 101 151 150
f 101 150 149
f 101 149 148
f 101 148 134
f 101 134 133
f 101 133 129
f 101 129 113
f 101 113 102
f 103 113 114
f 103 114 110
f 104 115 105
f 104 111 116
f 104 116 117
f 104 117 137
f 104 137 115
f 105 118 119
f 105 119 120
f 105 120 107
f 105 107 106
f 105 115 118
f 107 109 108
f 107 120 121
f 107 121 122
f 107 122 123
f 107 123 124
f 107 124 109
f 109 124 112
f 110 114 125
f 110 125 126
f 110 126 111
f 111 126 138
f 111 138 117
f 111 117 116
f 112 124 127
f 112 127 128
f 113 129 114
f 114 130 131
f 114 131 132
f 114 132 125
f 114 129 133
f 114 133 134
f 114 134 135
f 114 135 136
f 114 136 130
f 115 137 154
f 115 154 169
f 115 169 197
f 115 197 194
f 115 194 193
f 115 193 212
f 115 212 196
f 115 196 190
f 115 190 189
f 115 189 211
f 115 211 207
f 115 207 223
f 115 223 240
f 115 240 254
f 115 254 271
f 115 271 288
f 115 288 287
f 115 287 304
f 115 304 322
f 115 322 321
f 115 321 339
f 115 339 340
f 115 340 358
f 115 358 359
f 115 359 349
f 115 349 348
f 115 348 347
f 115 347 333
f 115 333 330
f 115 330 312
f 115 312 294
f 115 294 293
f 115 293 277
f 115 277 276
f 115 276 259
f 115 259 241
f 115 241 228
f 115 228 224
f 115 224 213
f 115 213 198
f 115 198 175
f 115 175 174
f 115 174 173
f 115 173 172
f 115 172 171
f 115 171 156
f 115 156 142
f 115 142 139
f 115 139 119
f 115 119 118
f 117 138 137
f 119 139 120
f 120 139 121
f 121 139 140
f 121 140 141
f 121 141 123
f 121 123 122
f 123 141 142
f 123 142 143
f 123 143 144
f 123 144 127
f 123 127 124
f 125 132 131
f 125 131 126
f 126 131 147
f 126 147 138
f 127 145 128
f 127 144 146
f 127 146 160
f 127 160 145
f 130 136 131
f 131 136 153
f 131 153 147
f 134 148 135
f 135 148 149
f 135 149 150
f 135 150 151
f 135 151 152
f 135 152 153
f 135 153 136
f 137 138 154
f 138 155 154
f 138 147 162
f 138 162 155
f 139 142 140
f 140 142 141
f 142 156 157
f 142 157 158
f 142 158 159
f 142 159 144
f 142 144 143
f 144 159 146
f 146 159 158
f 146 158 161
f 146 161 160
f 147 153 162
f 151 163 164
f 151 164 165
f 151 165 166
f 151 166 152
f 152 166 153
f 153 167 162
f 153 166 168
f 153 168 167
f 154 155 169
f 155 162 167
f 155 167 170
f 155 170 197
f 155 197 169
f 156 171 157
f 157 171 172
f 157 172 173
f 157 173 174
f 157 174 175
f 157 175 176
f 157 176 158
f 158 176 177
f 158 177 161
f 161 177 178
f 163 179 180
f 163 180 181
f 163 181 182
f 163 182 183
f 163 183 184
f 163 184 185
f 163 185 164
f 164 185 184
f 164 184 186
f 164 186 187
f 164 187 165
f 165 187 209
f 165 209 210
f 165 210 188
f 165 188 189
f 165 189 190
f 165 190 166
f 166 190 191
f 166 191 192
f 166 192 168
f 167 193 194
f 167 194 170
f 167 168 195
f 167 195 193
f 168 192 196
f 168 196 195
f 170 194 197
f 175 198 199
f 175 199 176
f 176 199 177
f 177 199 178
f 178 199 200
f 179 201 202
f 179 202 203
f 179 203 180
f 180 203 204
f 180 204 182
f 180 182 181
f 182 204 205
f 182 205 183
f 183 205 206
f 183 206 207
f 183 207 208
f 183 208 209
f 183 209 184
f 184 209 187
f 184 187 186
f 188 210 189
f 189 210 211
f 190 196 192
f 190 192 191
f 193 195 212
f 195 196 212
f 198 213 214
f 198 214 199
f 199 214 225
f 199 225 227
f 199 227 215
f 199 215 200
f 201 216 217
f 201 217 218
f 201 218 219
f 201 219 220
f 201 220 202
f 202 220 221
f 202 221 203
f 203 221 222
f 203 222 204
f 204 222 238
f 204 238 250
f 204 250 240
f 204 240 223
f 204 223 206
f 204 206 205
f 206 223 207
f 207 211 210
f 207 210 208
f 208 210 209
f 213 224 214
f 214 224 228
f 214 228 225
f 215 227 228
f 215 228 226
f 216 229 217
f 217 230 218
f 217 229 231
f 217 231 232
f 217 232 230
f 218 233 220
f 218 220 219
f 218 230 233
f 220 234 235
f 220 235 221
f 220 233 236
f 220 236 234
f 221 237 222
f 221 235 237
f 222 237 239
f 222 239 238
f 225 228 227
f 226 228 241
f 226 241 242
f 226 242 243
f 230 236 233
f 230 232 236
f 232 244 236
f 234 245 246
f 234 246 235
f 234 236 247
f 234 247 245
f 235 246 239
f 235 239 237
f 236 248 247
f 236 244 249
f 236 249 248
f 238 239 251
f 238 251 252
f 238 252 253
f 238 253 267
f 238 267 250
f 239 246 251
f 240 250 254
f 241 255 256
f 241 256 257
f 241 257 258
f 241 258 243
f 241 243 242
f 241 259 260
f 241 260 255
f 245 261 262
f 245 262 246
f 245 247 263
f 245 263 264
f 245 264 261
f 246 262 251
f 247 248 265
f 247 265 264
f 247 264 263
f 248 249 265
f 249 266 264
f 249 264 265
f 250 267 268
f 250 268 269
f 250 269 270
f 250 270 271
f 250 271 254
f 251 262 252
f 252 262 272
f 252 272 253
f 253 272 284
f 253 284 267
f 255 273 257
f 255 257 256
f 255 260 274
f 255 274 275
f 255 275 273
f 259 276 260
f 260 276 277
f 260 277 278
f 260 278 279
f 260 279 274
f 261 264 280
f 261 280 272
f 261 272 262
f 264 281 280
f 264 266 282
f 264 282 283
f 264 283 281
f 267 284 285
f 267 285 268
f 268 285 286
f 268 286 269
f 269 286 270
f 270 287 288
f 270 288 271
f 270 286 287
f 272 280 298
f 272 298 284
f 274 289 290
f 274 279 291
f 274 291 292
f 274 292 289
f 277 293 278
f 278 293 294
f 278 294 295
f 278 295 279
f 279 295 296
f 279 296 292
f 279 292 291
f 280 281 297
f 280 297 298
f 281 283 299
f 281 299 300
f 281 300 297
f 282 301 283
f 283 301 302
f 283 302 299
f 284 298 286
f 284 286 285
f 286 303 304
f 286 304 287
f 286 298 305
f 286 305 306
f 286 306 307
f 286 307 308
f 286 308 303
f 289 309 290
f 289 292 310
f 289 310 309
f 292 296 311
f 292 311 310
f 294 312 296
f 294 296 295
f 296 312 313
f 296 313 314
f 296 314 311
f 297 300 315
f 297 315 316
f 297 316 298
f 298 316 317
f 298 317 305
f 299 302 318
f 299 318 319
f 299 319 300
f 300 319 315
f 301 320 318
f 301 318 302
f 303 321 322
f 303 322 304
f 303 308 326
f 303 326 323
f 303 323 339
f 303 339 321
f 305 317 324
f 305 324 306
f 306 324 307
f 307 324 325
f 307 325 326
f 307 326 308
f 309 310 327
f 310 311 328
f 310 328 329
f 310 329 327
f 311 314 332
f 311 332 328
f 312 330 313
f 313 330 314
f 314 331 332
f 314 330 333
f 314 333 331
f 315 334 335
f 315 335 336
f 315 336 337
f 315 337 316
f 315 319 334
f 316 324 317
f 316 337 324
f 318 320 334
f 318 334 319
f 320 338 344
f 320 344 334
f 323 326 340
f 323 340 339
f 324 337 336
f 324 336 341
f 324 341 342
f 324 342 325
f 325 342 343
f 325 343 326
f 326 343 340
f 327 329 345
f 327 345 344
f 327 344 338
f 328 332 345
f 328 345 329
f 331 346 332
f 331 333 347
f 331 347 348
f 331 348 349
f 331 349 350
f 331 350 346
f 332 346 351
f 332 351 345
f 334 352 353
f 334 353 335
f 334 344 345
f 334 345 352
f 335 353 363
f 335 363 354
f 335 354 355
f 335 355 356
f 335 356 341
f 335 341 336
f 340 343 357
f 340 357 358
f 341 356 342
f 342 356 355
f 342 355 343
f 343 355 364
f 343 364 357
f 345 351 362
f 345 362 352
f 346 350 362
f 346 362 351
f 349 359 350
f 350 359 360
f 350 360 364
f 350 364 361
f 350 361 362
f 352 362 353
f 353 362 363
f 354 363 364
f 354 364 355
f 357 364 358
f 358 364 360
f 358 360 359
f 361 364 362
f 362 364 365
f 362 365 363
f 363 365 364
o convex_2
v -0.335694 0.721799 0.268617
v -0.332906 0.70782 0.271401
v -0.344103 0.696626 0.277004
v -0.346891 0.727396 0.274184
v -0.335694 0.740686 0.272811
v -0.318921 0.73859 0.268617
v -0.302147 0.688218 0.268617
v -0.316133 0.691029 0.271401
v -0.341316 0.682621 0.296561
v -0.352513 0.705009 0.302164
v -0.352513 0.721799 0.285391
v -0.32733 0.679835 0.277004
v -0.344103 0.742781 0.277004
v -0.348285 0.740686 0.285391
v -0.32733 0.751164 0.277004
v -0.318921 0.749784 0.274184
v -0.268555 0.73859 0.268617
v -0.268555 0.688218 0.268617
v 0.0167725 0.511085 0.283583
v -0.223811 0.565163 0.397308
v -0.341316 0.682621 0.346953
v -0.206992 0.565163 0.346953
v -0.209826 0.562352 0.360942
v -0.352513 0.705009 0.35252
v -0.352513 0.73859 0.302164
v -5.523e-07 0.511085 0.288246
v -0.0104547 0.511085 0.291753
v -0.0124061 0.511085 0.29244
v -0.139853 0.531582 0.330143
v -0.156626 0.531582 0.346953
v -0.176234 0.545561 0.344133
v -0.344103 0.751164 0.293777
v -0.335694 0.761668 0.302164
v -0.318921 0.761668 0.285391
v -0.346891 0.749784 0.302164
v -0.302147 0.760978 0.279788
v -0.268555 0.749784 0.274184
v -0.260145 0.746973 0.272811
v 0.0503186 0.511085 0.283583
v -0.223811 0.565163 0.481174
v -0.190219 0.548372 0.363726
v -0.139853 0.514791 0.397308
v -0.346891 0.693815 0.358123
v -0.229387 0.576331 0.509154
v -0.348285 0.713417 0.360942
v -0.352513 0.73859 0.335746
v -0.344103 0.696626 0.365136
v -0.341316 0.705009 0.374896
v -0.341316 0.760978 0.318973
v -0.124056 0.511085 0.379523
v -0.134278 0.520388 0.35252
v -0.32733 0.767955 0.31055
v -0.310511 0.767955 0.293777
v -0.302147 0.766574 0.290994
v -0.268555 0.760978 0.279788
v -0.0755489 0.696626 0.33994
v 0.0737358 0.511085 0.295729
v 0.0560335 0.511085 0.286439
v -0.132466 0.511085 0.404683
v -0.212614 0.559566 0.492381
v -0.159461 0.54137 0.612685
v -0.162248 0.542775 0.609901
v -0.125868 0.512005 0.377716
v -0.163642 0.553969 0.623168
v -0.348285 0.746973 0.344133
v -0.341316 0.73859 0.358123
v -0.341316 0.760978 0.335746
v -0.162248 0.57076 0.632278
v -0.163642 0.579143 0.629458
v -0.330118 0.766574 0.318973
v -0.318921 0.772146 0.318973
v -0.302147 0.772146 0.302164
v -0.268555 0.766574 0.290994
v -0.257357 0.766574 0.296561
v -0.260145 0.763763 0.289584
v -0.0727611 0.699412 0.346953
v -0.0420028 0.679835 0.348326
v 0.0755013 0.512005 0.297971
v 0.0923208 0.512005 0.314744
v 0.110906 0.511085 0.332891
v -0.115693 0.511085 0.522167
v -0.151051 0.547657 0.621071
v -0.159461 0.545561 0.616878
v -0.113462 0.511085 0.528421
v -0.108259 0.511085 0.540893
v -0.0960854 0.511085 0.561425
v -0.0914391 0.511085 0.566305
v -0.0839586 0.511085 0.572378
v -0.0596587 0.511085 0.582645
v -0.0335931 0.511085 0.590308
v -0.159461 0.562352 0.633651
v -0.335694 0.755381 0.35252
v -0.079777 0.713417 0.629458
v -0.331512 0.763763 0.344133
v -0.324496 0.766574 0.346953
v -0.330118 0.766574 0.335746
v -0.151051 0.57076 0.637881
v -0.156626 0.581928 0.632278
v -0.318921 0.772146 0.335746
v -0.268555 0.772146 0.302164
v -0.117458 0.734399 0.384005
v -0.0895342 0.716202 0.363726
v -0.0839586 0.7092 0.354616
v -0.0755489 0.713417 0.381909
v -0.0391686 0.682621 0.363726
v -0.0280176 0.677024 0.374896
v 0.114855 0.511085 0.342145
v 0.109094 0.512005 0.331553
v -0.151051 0.559566 0.632278
v -0.0223491 0.511085 0.591248
v -0.0783367 0.705009 0.632278
v -0.0699734 0.702223 0.635061
v -0.0587759 0.713417 0.629458
v -0.0699734 0.719014 0.618288
v 0.0320587 0.511085 0.586007
v -0.01682 0.537179 0.604298
v -0.0671856 0.686122 0.633651
v -0.285328 0.772146 0.35252
v -0.268555 0.772146 0.335746
v -0.117458 0.73859 0.402875
v -0.106354 0.732993 0.397308
v -0.109141 0.730182 0.381909
v -0.0727611 0.716202 0.397308
v -0.0615636 0.710606 0.408478
v -0.0447906 0.710606 0.576319
v 0.106306 0.542775 0.442061
v 0.119269 0.511085 0.354327
v -0.01682 0.511085 0.591248
v 0.0549648 0.511085 0.575379
v -0.0475783 0.70782 0.607082
v -0.0447906 0.710606 0.593092
v -0.0671856 0.721799 0.604298
v 0.0723419 0.511085 0.559148
v 0.0755013 0.545561 0.545556
v 0.0755013 0.562352 0.528747
v 0.0923208 0.545561 0.511973
v -5.523e-07 0.535083 0.600105
v -0.117458 0.73859 0.503587
v -0.0671856 0.721799 0.587489
v -0.0587759 0.717608 0.562329
v 0.106306 0.542775 0.458798
v 0.117504 0.520388 0.436458
v 0.12215 0.511085 0.427167
v 0.111882 0.531582 0.430855
v 0.0894866 0.559566 0.492381
v 0.0857696 0.511085 0.539013
v 0.0913916 0.511085 0.530554
v 0.0923208 0.512005 0.528747
v 0.109094 0.512005 0.495164
v 0.109094 0.52877 0.478391
v 0.117504 0.520388 0.453231
v 0.12215 0.511085 0.443941
v 0.0923208 0.511085 0.528747
v 0.109558 0.511085 0.494296
f 366 367 368
f 366 368 369
f 366 369 370
f 366 370 371
f 366 371 382
f 366 382 383
f 366 383 372
f 366 372 373
f 366 373 367
f 367 373 377
f 367 377 368
f 368 374 375
f 368 375 376
f 368 376 369
f 368 377 374
f 369 378 370
f 369 376 379
f 369 379 378
f 370 378 380
f 370 380 381
f 370 381 371
f 371 381 402
f 371 402 382
f 372 377 373
f 372 383 404
f 372 404 384
f 372 384 377
f 374 385 405
f 374 405 386
f 374 386 389
f 374 389 375
f 374 377 387
f 374 387 388
f 374 388 385
f 375 389 411
f 375 411 390
f 375 390 376
f 376 390 379
f 377 384 391
f 377 391 392
f 377 392 393
f 377 393 394
f 377 394 395
f 377 395 396
f 377 396 387
f 378 379 397
f 378 397 398
f 378 398 399
f 378 399 380
f 379 390 400
f 379 400 397
f 380 399 401
f 380 401 381
f 381 401 420
f 381 420 402
f 382 402 403
f 382 403 404
f 382 404 383
f 384 404 423
f 384 423 422
f 384 422 445
f 384 445 472
f 384 472 492
f 384 492 508
f 384 508 517
f 384 517 519
f 384 519 518
f 384 518 512
f 384 512 511
f 384 511 498
f 384 498 494
f 384 494 480
f 384 480 493
f 384 493 475
f 384 475 455
f 384 455 454
f 384 454 453
f 384 453 452
f 384 452 451
f 384 451 450
f 384 450 449
f 384 449 446
f 384 446 424
f 384 424 415
f 384 415 393
f 384 393 392
f 384 392 391
f 385 388 406
f 385 406 407
f 385 407 405
f 386 408 389
f 386 405 409
f 386 409 408
f 387 396 388
f 388 396 406
f 389 410 411
f 389 408 412
f 389 412 413
f 389 413 410
f 390 411 432
f 390 432 414
f 390 414 400
f 393 415 416
f 393 416 394
f 394 416 395
f 395 416 407
f 395 407 406
f 395 406 396
f 397 414 398
f 397 400 414
f 398 414 417
f 398 417 399
f 399 417 418
f 399 418 401
f 401 419 438
f 401 438 420
f 401 418 419
f 402 420 403
f 403 420 421
f 403 421 422
f 403 422 423
f 403 423 404
f 405 407 424
f 405 424 425
f 405 425 426
f 405 426 427
f 405 427 409
f 407 416 428
f 407 428 415
f 407 415 424
f 408 409 429
f 408 429 412
f 409 427 429
f 410 430 411
f 410 413 431
f 410 431 430
f 411 430 432
f 412 429 413
f 413 429 433
f 413 433 434
f 413 434 431
f 414 432 461
f 414 461 435
f 414 435 417
f 415 428 416
f 417 435 436
f 417 436 437
f 417 437 418
f 418 437 419
f 419 437 465
f 419 465 438
f 420 438 439
f 420 439 440
f 420 440 421
f 421 441 442
f 421 442 422
f 421 440 439
f 421 439 441
f 422 443 444
f 422 444 445
f 422 442 443
f 424 446 425
f 425 446 426
f 426 447 448
f 426 448 429
f 426 429 427
f 426 446 449
f 426 449 450
f 426 450 451
f 426 451 452
f 426 452 453
f 426 453 454
f 426 454 455
f 426 455 447
f 429 448 456
f 429 456 433
f 430 431 457
f 430 457 432
f 431 434 458
f 431 458 457
f 432 457 459
f 432 459 460
f 432 460 461
f 433 456 462
f 433 462 463
f 433 463 434
f 434 463 458
f 435 461 464
f 435 464 436
f 436 464 483
f 436 483 484
f 436 484 465
f 436 465 437
f 438 465 439
f 439 465 466
f 439 466 467
f 439 467 468
f 439 468 441
f 441 468 467
f 441 467 442
f 442 467 469
f 442 469 470
f 442 470 471
f 442 471 472
f 442 472 445
f 442 445 473
f 442 473 444
f 442 444 443
f 444 473 445
f 447 474 456
f 447 456 448
f 447 455 475
f 447 475 474
f 456 474 462
f 457 460 459
f 457 458 460
f 458 476 477
f 458 477 478
f 458 478 479
f 458 479 464
f 458 464 460
f 458 463 462
f 458 462 476
f 460 464 461
f 462 474 480
f 462 480 481
f 462 481 482
f 462 482 477
f 462 477 476
f 464 479 483
f 465 484 503
f 465 503 485
f 465 485 466
f 466 485 486
f 466 486 487
f 466 487 467
f 467 487 486
f 467 486 488
f 467 488 469
f 469 488 470
f 470 488 489
f 470 489 471
f 471 489 490
f 471 490 491
f 471 491 492
f 471 492 472
f 474 475 493
f 474 493 480
f 477 482 494
f 477 494 478
f 478 495 496
f 478 496 497
f 478 497 479
f 478 494 498
f 478 498 499
f 478 499 500
f 478 500 501
f 478 501 495
f 479 497 483
f 480 502 481
f 480 494 482
f 480 482 502
f 481 502 482
f 483 497 503
f 483 503 484
f 485 503 497
f 485 497 504
f 485 504 505
f 485 505 486
f 486 505 488
f 488 505 489
f 489 505 490
f 490 505 496
f 490 496 506
f 490 506 491
f 491 506 516
f 491 516 507
f 491 507 508
f 491 508 509
f 491 509 492
f 492 509 508
f 495 501 510
f 495 510 496
f 496 505 497
f 496 510 506
f 497 505 504
f 498 511 499
f 499 511 512
f 499 512 513
f 499 513 501
f 499 501 500
f 501 513 514
f 501 514 515
f 501 515 506
f 501 506 510
f 506 515 516
f 507 516 517
f 507 517 508
f 512 518 513
f 513 518 519
f 513 519 514
f 514 519 515
f 515 519 516
f 516 519 517
o convex_3
v 0.182505 0.429124 0.261275
v 0.182505 0.429124 0.249654
v 0.156666 0.475608 0.341325
v 0.167858 0.453233 0.335759
v 0.179914 0.429124 0.314211
v 0.162247 0.447641 0.229442
v 0.173439 0.442041 0.257401
v 0.156666 0.475608 0.307755
v 0.1657 0.429124 0.182516
v 0.122132 0.511085 0.443903
v 0.125893 0.495192 0.461622
v 0.165947 0.429124 0.36737
v 0.125893 0.478408 0.478407
v 0.13428 0.453233 0.469992
v 0.151054 0.436449 0.419638
v 0.163634 0.429124 0.176817
v 0.159441 0.444841 0.214037
v 0.142667 0.478408 0.281176
v 0.145473 0.4812 0.29658
v 0.119295 0.511085 0.354325
v 0.123088 0.509184 0.358109
v 0.122132 0.511085 0.427118
v 0.119357 0.511085 0.455077
v 0.109551 0.511085 0.494257
v 0.151054 0.429124 0.419638
v 0.109089 0.511085 0.495192
v 0.0923153 0.511085 0.528761
v 0.109089 0.478408 0.511976
v 0.123088 0.458833 0.492387
v 0.13428 0.429124 0.469992
v 0.157313 0.429124 0.164217
v 0.109089 0.495192 0.281176
v 0.110877 0.511085 0.33291
v 0.114855 0.511085 0.342126
v 0.0914211 0.511085 0.530542
v 0.0895094 0.492392 0.542741
v 0.106283 0.458833 0.525956
v 0.123088 0.429124 0.492387
v 0.112758 0.429124 0.513045
v 0.144825 0.429124 0.157984
v 0.151054 0.432253 0.165776
v 0.100702 0.499388 0.283313
v 0.0839285 0.499388 0.266484
v 0.107301 0.511085 0.329304
v 0.0820168 0.511085 0.544655
v 0.0923153 0.461625 0.545546
v 0.0727358 0.509184 0.559525
v 0.106283 0.429124 0.525956
v 0.13428 0.429124 0.153265
v 0.067124 0.492392 0.246226
v 0.067124 0.497992 0.257401
v 0.067124 0.503584 0.268621
v 0.0737224 0.511085 0.295734
v 0.0905269 0.511085 0.312519
v 0.0746166 0.511085 0.555741
v 0.0923153 0.432253 0.545546
v 0.0559313 0.509184 0.57631
v 0.0723349 0.511085 0.559125
v 0.0910511 0.429124 0.544299
v 0.0503503 0.429124 0.136436
v 0.0335458 0.475608 0.212657
v 0.0335458 0.4812 0.223832
v 0.025159 0.482604 0.226637
v 0.016803 0.497992 0.257401
v 0.0503503 0.511085 0.28358
v 0.0560546 0.511085 0.286429
v 0.0824793 0.429124 0.549374
v 0.0559313 0.492392 0.57631
v 0.0447385 0.4812 0.58192
v 0.061543 0.447641 0.565135
v 0.0549754 0.511085 0.575375
v 0.0320658 0.511085 0.586016
v 0.0335458 0.503584 0.587485
v 0.0447385 0.497992 0.58192
v 0.0377701 0.429124 0.138528
v 0.0419635 0.432253 0.142713
v 0.00841618 0.499388 0.260206
v 0.016803 0.511085 0.28358
v 0.067124 0.429124 0.556008
v 0.0335458 0.4868 0.587485
v 0.0503503 0.453233 0.5707
v -0.0167751 0.511085 0.591269
v 0.0239565 0.429124 0.157005
v -0.124077 0.511085 0.37948
v -0.0123351 0.511085 0.29244
v -0.0104234 0.511085 0.291727
v 2.93467e-05 0.511085 0.288255
v 0.0503503 0.442041 0.565135
v 0.0503503 0.429124 0.558679
v 2.93467e-05 0.4868 0.587485
v 0.0335458 0.475608 0.58192
v -0.0223253 0.511085 0.591269
v -0.0125817 0.429124 0.242397
v -0.132495 0.511085 0.404634
v 0.0335458 0.429124 0.558679
v -0.0335488 0.511085 0.59029
v -0.00838832 0.478408 0.5833
v 2.93467e-05 0.475608 0.58192
v -0.0293554 0.429124 0.292751
v -0.0466841 0.429124 0.440074
v -0.0486266 0.429124 0.462691
v -0.0486266 0.429124 0.471729
v -0.0481332 0.429124 0.489715
v -0.106286 0.497992 0.514737
v -0.11569 0.511085 0.522172
v -0.0335488 0.429124 0.311629
v 0.016803 0.429124 0.5577
v 0.016803 0.442041 0.565135
v 0.016803 0.430857 0.559525
v -0.0596343 0.511085 0.582632
v -0.0419356 0.495192 0.5833
v -0.0167751 0.470024 0.577022
v 0.00841618 0.444841 0.566515
v -0.0424906 0.429124 0.50748
v -0.113409 0.511085 0.528405
v -0.0167751 0.447641 0.559525
v -0.0419356 0.444841 0.541316
v -0.00730913 0.429124 0.542963
v -0.0839314 0.511085 0.572392
v -0.0671269 0.503584 0.577022
v -0.0587401 0.495192 0.57493
v -0.0419356 0.461625 0.558145
v -0.025162 0.461625 0.566515
v -0.0398081 0.429124 0.510462
v -0.0587401 0.461625 0.541316
v -0.0923183 0.495192 0.541316
v -0.108198 0.511085 0.540871
v -0.0755138 0.495192 0.566515
v -0.0783197 0.492392 0.559525
v -0.0960492 0.511085 0.56144
v -0.0914241 0.511085 0.566293
f 520 521 527
f 520 527 522
f 520 522 523
f 520 523 524
f 520 524 531
f 520 531 544
f 520 544 549
f 520 549 557
f 520 557 558
f 520 558 567
f 520 567 578
f 520 578 586
f 520 586 598
f 520 598 608
f 520 608 614
f 520 614 626
f 520 626 637
f 520 637 643
f 520 643 633
f 520 633 622
f 520 622 621
f 520 621 620
f 520 620 619
f 520 619 625
f 520 625 618
f 520 618 612
f 520 612 602
f 520 602 594
f 520 594 579
f 520 579 568
f 520 568 559
f 520 559 550
f 520 550 535
f 520 535 528
f 520 528 521
f 521 525 526
f 521 526 527
f 521 528 525
f 522 527 541
f 522 541 529
f 522 529 523
f 523 529 530
f 523 530 524
f 524 530 532
f 524 532 533
f 524 533 534
f 524 534 531
f 525 528 535
f 525 535 536
f 525 536 537
f 525 537 538
f 525 538 527
f 525 527 526
f 527 538 539
f 527 539 540
f 527 540 541
f 529 541 539
f 529 539 553
f 529 553 552
f 529 552 563
f 529 563 573
f 529 573 572
f 529 572 585
f 529 585 584
f 529 584 597
f 529 597 606
f 529 606 605
f 529 605 604
f 529 604 603
f 529 603 613
f 529 613 624
f 529 624 634
f 529 634 646
f 529 646 649
f 529 649 650
f 529 650 638
f 529 638 629
f 529 629 615
f 529 615 611
f 529 611 601
f 529 601 591
f 529 591 590
f 529 590 577
f 529 577 574
f 529 574 564
f 529 564 554
f 529 554 546
f 529 546 545
f 529 545 543
f 529 543 542
f 529 542 530
f 530 542 543
f 530 543 532
f 531 534 544
f 532 543 545
f 532 545 546
f 532 546 547
f 532 547 556
f 532 556 548
f 532 548 533
f 533 548 557
f 533 557 549
f 533 549 544
f 533 544 534
f 535 550 536
f 536 550 537
f 537 551 552
f 537 552 538
f 537 550 551
f 538 552 553
f 538 553 539
f 539 541 540
f 546 554 547
f 547 554 555
f 547 555 556
f 548 556 558
f 548 558 557
f 550 559 560
f 550 560 551
f 551 561 552
f 551 560 562
f 551 562 561
f 552 561 563
f 554 564 555
f 555 565 556
f 555 564 566
f 555 566 565
f 556 565 575
f 556 575 567
f 556 567 558
f 559 568 560
f 560 568 569
f 560 569 562
f 561 562 563
f 562 569 570
f 562 570 571
f 562 571 572
f 562 572 573
f 562 573 563
f 564 574 566
f 565 566 576
f 565 576 587
f 565 587 575
f 566 574 577
f 566 577 576
f 567 575 578
f 568 579 569
f 569 579 580
f 569 580 570
f 570 580 581
f 570 581 582
f 570 582 583
f 570 583 597
f 570 597 584
f 570 584 571
f 571 584 585
f 571 585 572
f 575 586 578
f 575 587 588
f 575 588 589
f 575 589 586
f 576 590 591
f 576 591 592
f 576 592 593
f 576 593 588
f 576 588 587
f 576 577 590
f 579 594 595
f 579 595 580
f 580 595 594
f 580 594 582
f 580 582 581
f 582 596 583
f 582 594 596
f 583 596 597
f 586 589 598
f 588 593 592
f 588 592 599
f 588 599 600
f 588 600 589
f 589 600 598
f 591 601 592
f 592 601 599
f 594 602 603
f 594 603 604
f 594 604 596
f 596 604 605
f 596 605 606
f 596 606 597
f 598 600 607
f 598 607 608
f 599 609 617
f 599 617 610
f 599 610 607
f 599 607 600
f 599 601 611
f 599 611 609
f 602 612 603
f 603 612 613
f 607 610 608
f 608 610 617
f 608 617 614
f 609 611 615
f 609 615 616
f 609 616 617
f 612 618 613
f 613 619 620
f 613 620 621
f 613 621 622
f 613 622 623
f 613 623 624
f 613 618 625
f 613 625 619
f 614 617 627
f 614 627 628
f 614 628 626
f 615 629 630
f 615 630 616
f 616 630 631
f 616 631 632
f 616 632 627
f 616 627 617
f 622 633 623
f 623 633 634
f 623 634 624
f 626 628 635
f 626 635 636
f 626 636 637
f 627 632 628
f 628 632 631
f 628 631 635
f 629 638 639
f 629 639 630
f 630 639 640
f 630 640 631
f 631 640 641
f 631 641 642
f 631 642 635
f 633 643 636
f 633 636 644
f 633 644 645
f 633 645 646
f 633 646 634
f 635 642 641
f 635 641 636
f 636 643 637
f 636 641 647
f 636 647 648
f 636 648 649
f 636 649 644
f 638 650 647
f 638 647 639
f 639 647 640
f 640 647 641
f 644 649 645
f 645 649 646
f 647 650 649
f 647 649 648
o convex_4
v 0.220197 0.24278 -0.23304
v 0.167863 0.203391 -0.23304
v 0.203414 0.117518 -0.23304
v 0.171082 0.15303 -0.23304
v 0.197508 0.119475 -0.23304
v 0.201441 0.117951 -0.23304
v 0.251795 0.050359 -0.470019
v 0.201441 0.117518 -0.235009
v 0.23501 0.050359 -0.503588
v 0.26858 0.050359 -0.503588
v 0.276971 0.0545668 -0.495169
v 0.279763 0.0559594 -0.503583
v 0.28117 0.0650492 -0.486786
v 0.285357 0.067157 -0.503583
v 0.28117 0.0587635 -0.511967
v 0.274168 0.0559594 -0.514771
v 0.252125 0.0674958 -0.537833
v 0.229413 0.0615676 -0.525959
v 0.234327 0.0716925 -0.537833
v 0.270846 0.0716925 -0.537833
v 0.28117 0.0755505 -0.528764
v 0.28553 0.100806 -0.537833
v 0.285692 0.117857 -0.537833
v 0.285357 0.083944 -0.469989
v 0.28117 0.0818362 -0.453222
v 0.247592 0.132197 -0.235009
v 0.274168 0.145484 -0.302167
v 0.276971 0.15527 -0.293784
v 0.279763 0.162252 -0.290979
v 0.28117 0.159467 -0.310551
v 0.28117 0.16786 -0.304256
v 0.285357 0.117518 -0.436424
v 0.285357 0.134305 -0.469989
v 0.285357 0.134305 -0.503583
v 0.282393 0.13184 -0.537833
v 0.279763 0.145484 -0.509162
v 0.276971 0.142698 -0.537833
v 0.279094 0.0841698 -0.537833
v 0.226622 0.0755505 -0.537833
v 0.221027 0.0699611 -0.517576
v 0.222758 0.0832665 -0.537833
v 0.218224 0.100731 -0.537833
v 0.218224 0.067157 -0.503583
v 0.223819 0.0559594 -0.497974
v 0.179064 0.128697 -0.290979
v 0.167863 0.151073 -0.28537
v 0.218224 0.117518 -0.537833
v 0.229517 0.14012 -0.537833
v 0.229217 0.139668 -0.537833
v 0.176261 0.222418 -0.243422
v 0.172062 0.22031 -0.235009
v 0.172062 0.169949 -0.28537
v 0.171578 0.220065 -0.23304
v 0.173054 0.222775 -0.23304
v 0.182686 0.229193 -0.23304
v 0.193044 0.214024 -0.293784
v 0.193044 0.230811 -0.243422
v 0.226622 0.230811 -0.276986
v 0.235008 0.235008 -0.268603
v 0.252125 0.151412 -0.537833
v 0.209839 0.214024 -0.310551
v 0.251122 0.151073 -0.537833
v 0.240371 0.145709 -0.537833
v 0.266117 0.1481 -0.537833
v 0.246196 0.2294 -0.274182
v 0.235008 0.239167 -0.23304
v 0.257385 0.22381 -0.262994
v 0.246715 0.231489 -0.23304
v 0.254755 0.221176 -0.23304
v 0.257385 0.22381 -0.246227
v 0.268574 0.201434 -0.251806
v 0.268574 0.201434 -0.28537
v 0.262979 0.212613 -0.290979
v 0.268574 0.184647 -0.251806
v 0.262979 0.179039 -0.240618
v 0.264375 0.165752 -0.251806
v 0.248088 0.134418 -0.23304
v 0.251791 0.151073 -0.23304
v 0.246612 0.131708 -0.23304
v 0.243393 0.121715 -0.243422
v 0.235665 0.124387 -0.23304
v 0.23435 0.123728 -0.23304
v 0.218224 0.117518 -0.23304
v 0.226622 0.104928 -0.276986
v 0.259196 0.186604 -0.23304
v 0.259196 0.203391 -0.23304
v 0.260188 0.0545668 -0.461605
v 0.274168 0.0615676 -0.469989
v 0.167863 0.16786 -0.23304
v 0.169836 0.158017 -0.23304
v 0.173469 0.139894 -0.279791
v 0.179479 0.136262 -0.23304
v 0.182616 0.131124 -0.23304
v 0.181855 0.131501 -0.237813
v 0.193044 0.109124 -0.29796
v 0.190252 0.123107 -0.23304
v 0.186619 0.126739 -0.23304
f 652 653 651
f 654 653 652
f 655 653 654
f 656 653 655
f 656 657 653
f 656 658 657
f 656 655 658
f 658 655 657
f 659 657 655
f 660 657 659
f 660 661 657
f 662 661 660
f 662 663 661
f 662 664 663
f 662 665 664
f 662 660 665
f 660 666 665
f 660 667 666
f 660 659 667
f 667 659 668
f 667 668 669
f 667 669 670
f 667 670 666
f 665 666 670
f 665 670 671
f 665 671 672
f 664 665 672
f 664 672 673
f 664 673 674
f 664 674 663
f 675 663 674
f 675 676 663
f 675 677 676
f 675 678 677
f 675 679 678
f 675 674 679
f 680 679 674
f 680 681 679
f 680 682 681
f 680 674 682
f 682 674 673
f 682 673 683
f 682 683 681
f 683 684 681
f 683 673 684
f 685 684 673
f 685 686 684
f 685 687 686
f 685 673 687
f 673 672 687
f 672 670 687
f 688 670 672
f 688 671 670
f 688 672 671
f 670 689 687
f 669 689 670
f 669 668 689
f 690 689 668
f 690 691 689
f 690 692 691
f 690 693 692
f 690 668 693
f 693 668 694
f 693 694 695
f 693 695 696
f 693 696 692
f 692 696 697
f 692 697 689
f 691 692 689
f 697 698 689
f 699 698 697
f 699 700 698
f 699 701 700
f 699 697 701
f 702 701 697
f 702 696 701
f 702 697 696
f 701 696 652
f 703 701 652
f 703 704 701
f 703 652 704
f 704 652 651
f 705 704 651
f 705 700 704
f 705 706 700
f 707 706 705
f 707 708 706
f 707 651 708
f 707 705 651
f 708 651 709
f 708 709 710
f 711 708 710
f 711 706 708
f 711 712 706
f 711 710 712
f 712 710 713
f 712 713 706
f 713 698 706
f 713 710 698
f 710 687 698
f 714 687 710
f 714 715 687
f 714 709 715
f 714 710 709
f 716 715 709
f 716 717 715
f 716 718 717
f 716 651 718
f 716 709 651
f 718 651 719
f 718 719 720
f 718 720 717
f 717 720 721
f 722 717 721
f 722 723 717
f 722 684 723
f 722 681 684
f 722 721 681
f 681 721 679
f 724 679 721
f 725 679 724
f 726 679 725
f 726 727 679
f 726 725 727
f 727 725 728
f 727 728 729
f 727 729 676
f 727 676 679
f 678 679 676
f 678 676 677
f 729 730 676
f 731 730 729
f 731 732 730
f 731 729 732
f 732 729 733
f 732 733 730
f 733 734 730
f 733 653 734
f 733 729 653
f 729 728 653
f 728 735 653
f 725 735 728
f 725 724 735
f 724 721 735
f 736 735 721
f 736 719 735
f 736 721 719
f 719 721 720
f 719 651 735
f 735 651 653
f 657 734 653
f 737 734 657
f 737 730 734
f 738 730 737
f 738 676 730
f 738 663 676
f 738 661 663
f 738 737 661
f 737 657 661
f 686 723 684
f 686 687 723
f 717 723 687
f 717 687 715
f 698 687 689
f 706 698 700
f 704 700 701
f 739 652 696
f 739 654 652
f 740 654 739
f 740 696 654
f 740 739 696
f 741 654 696
f 742 654 741
f 742 743 654
f 744 743 742
f 744 745 743
f 744 695 745
f 744 741 695
f 744 742 741
f 741 696 695
f 695 694 745
f 655 745 694
f 746 745 655
f 747 745 746
f 747 743 745
f 747 746 743
f 746 655 743
f 743 655 654
f 659 655 694
f 659 694 668
o convex_5
v 0.201446 0.117512 -0.621085
v 0.207036 0.123101 -0.632279
v 0.212636 0.0951319 -0.626687
v 0.207036 0.106322 -0.615493
v 0.205636 0.109116 -0.579131
v 0.201446 0.117512 -0.6043
v 0.201446 0.151069 -0.621085
v 0.218226 0.117512 -0.637871
v 0.221026 0.103528 -0.63508
v 0.207036 0.156671 -0.632279
v 0.240605 0.0895305 -0.632279
v 0.226625 0.0923249 -0.629478
v 0.235015 0.0839419 -0.621085
v 0.226625 0.0755462 -0.54556
v 0.212636 0.0951319 -0.593116
v 0.226625 0.0755462 -0.537833
v 0.222761 0.0832687 -0.537833
v 0.218226 0.100721 -0.537833
v 0.218226 0.117512 -0.537833
v 0.201446 0.151069 -0.6043
v 0.205636 0.159465 -0.595907
v 0.207036 0.162259 -0.621085
v 0.235015 0.100721 -0.637871
v 0.218226 0.151069 -0.637871
v 0.212636 0.173449 -0.621085
v 0.209836 0.163657 -0.629478
v 0.218226 0.169957 -0.633679
v 0.274175 0.0895305 -0.632279
v 0.268575 0.0839419 -0.621085
v 0.25213 0.0674807 -0.537833
v 0.234345 0.0716849 -0.537833
v 0.223855 0.128931 -0.537833
v 0.229218 0.139651 -0.537833
v 0.229534 0.140108 -0.537833
v 0.216126 0.163657 -0.587524
v 0.268575 0.100721 -0.637871
v 0.235015 0.167861 -0.637871
v 0.243405 0.197239 -0.629478
v 0.235015 0.186748 -0.633679
v 0.289564 0.0923249 -0.629478
v 0.287464 0.0881334 -0.621085
v 0.287464 0.100721 -0.633679
v 0.285364 0.0839419 -0.6043
v 0.269876 0.0714309 -0.537833
v 0.240388 0.145697 -0.537833
v 0.230815 0.159465 -0.562346
v 0.230815 0.176244 -0.595907
v 0.285364 0.117512 -0.637871
v 0.251795 0.18464 -0.637871
v 0.247605 0.193035 -0.612693
v 0.249705 0.197239 -0.621085
v 0.262985 0.19583 -0.626687
v 0.251795 0.19583 -0.632279
v 0.297954 0.0923249 -0.612693
v 0.297954 0.109116 -0.629478
v 0.296554 0.0895305 -0.6043
v 0.296554 0.117512 -0.632279
v 0.270842 0.0716849 -0.537833
v 0.251125 0.151069 -0.537833
v 0.247605 0.176244 -0.579131
v 0.285364 0.151069 -0.637871
v 0.293754 0.159465 -0.633679
v 0.260185 0.193035 -0.633679
v 0.268575 0.167861 -0.637871
v 0.249705 0.180448 -0.587524
v 0.253885 0.188844 -0.6043
v 0.271375 0.170655 -0.567938
v 0.260185 0.193035 -0.612693
v 0.274175 0.190241 -0.615493
v 0.279765 0.179051 -0.626687
v 0.296554 0.0895305 -0.587524
v 0.302154 0.100721 -0.6043
v 0.302154 0.100721 -0.587524
v 0.302154 0.117512 -0.621085
v 0.296554 0.151069 -0.632279
v 0.278562 0.0832687 -0.537833
v 0.293754 0.0881334 -0.579131
v 0.25213 0.151412 -0.537833
v 0.253885 0.172052 -0.570739
v 0.296554 0.162259 -0.626687
v 0.293754 0.159465 -0.579131
v 0.274175 0.156671 -0.548361
v 0.290954 0.173449 -0.615493
v 0.297954 0.0986248 -0.570739
v 0.302154 0.117512 -0.570739
v 0.302154 0.151069 -0.621085
v 0.279094 0.0841578 -0.537833
v 0.26612 0.148097 -0.537833
v 0.276974 0.142674 -0.537833
v 0.293754 0.142674 -0.562346
v 0.299354 0.148275 -0.590315
v 0.302154 0.151069 -0.6043
v 0.267904 0.147208 -0.537833
v 0.296554 0.111911 -0.559545
v 0.285532 0.100809 -0.537833
v 0.290954 0.123101 -0.548361
v 0.2857 0.117842 -0.537833
v 0.282397 0.131839 -0.537833
f 748 749 750
f 748 750 751
f 748 751 752
f 748 752 753
f 748 753 767
f 748 767 754
f 748 754 757
f 748 757 749
f 749 755 756
f 749 756 750
f 749 757 771
f 749 771 755
f 750 758 759
f 750 759 760
f 750 760 761
f 750 761 763
f 750 763 762
f 750 762 752
f 750 752 751
f 750 756 758
f 752 762 763
f 752 763 764
f 752 764 765
f 752 765 766
f 752 766 767
f 752 767 753
f 754 767 768
f 754 768 769
f 754 769 757
f 755 770 756
f 755 771 784
f 755 784 796
f 755 796 811
f 755 811 808
f 755 808 795
f 755 795 783
f 755 783 770
f 756 770 758
f 757 769 772
f 757 772 773
f 757 773 774
f 757 774 771
f 758 770 783
f 758 783 775
f 758 775 776
f 758 776 760
f 758 760 759
f 760 776 777
f 760 777 778
f 760 778 761
f 761 778 763
f 763 778 777
f 763 777 791
f 763 791 805
f 763 805 823
f 763 823 834
f 763 834 842
f 763 842 844
f 763 844 845
f 763 845 836
f 763 836 840
f 763 840 835
f 763 835 825
f 763 825 806
f 763 806 792
f 763 792 781
f 763 781 780
f 763 780 779
f 763 779 766
f 763 766 765
f 763 765 764
f 766 779 768
f 766 768 767
f 768 779 780
f 768 780 781
f 768 781 782
f 768 782 772
f 768 772 769
f 771 774 786
f 771 786 784
f 772 782 785
f 772 785 786
f 772 786 774
f 772 774 773
f 775 787 788
f 775 788 776
f 775 783 789
f 775 789 787
f 776 788 790
f 776 790 777
f 777 790 791
f 781 792 793
f 781 793 782
f 782 794 785
f 782 793 794
f 783 795 789
f 784 786 796
f 785 797 798
f 785 798 799
f 785 799 800
f 785 800 786
f 785 794 797
f 786 800 796
f 787 801 788
f 787 789 802
f 787 802 801
f 788 801 803
f 788 803 790
f 789 795 804
f 789 804 802
f 790 803 805
f 790 805 791
f 792 806 793
f 793 806 807
f 793 807 797
f 793 797 794
f 795 808 809
f 795 809 804
f 796 800 810
f 796 810 811
f 797 807 812
f 797 812 798
f 798 812 826
f 798 826 813
f 798 813 814
f 798 814 815
f 798 815 799
f 799 810 800
f 799 815 816
f 799 816 817
f 799 817 810
f 801 818 803
f 801 802 821
f 801 821 819
f 801 819 820
f 801 820 818
f 802 804 821
f 803 818 805
f 804 809 822
f 804 822 833
f 804 833 821
f 805 818 824
f 805 824 823
f 806 825 807
f 807 826 812
f 807 825 826
f 808 811 809
f 809 811 810
f 809 810 817
f 809 817 827
f 809 827 822
f 813 826 814
f 814 828 816
f 814 816 815
f 814 826 825
f 814 825 829
f 814 829 828
f 816 830 827
f 816 827 817
f 816 828 830
f 818 820 831
f 818 831 824
f 819 821 833
f 819 833 839
f 819 839 832
f 819 832 820
f 820 832 831
f 822 827 833
f 823 824 831
f 823 831 834
f 825 835 829
f 827 830 839
f 827 839 833
f 828 829 836
f 828 836 837
f 828 837 832
f 828 832 838
f 828 838 839
f 828 839 830
f 829 835 840
f 829 840 836
f 831 832 841
f 831 841 842
f 831 842 834
f 832 843 844
f 832 844 841
f 832 839 838
f 832 837 843
f 836 845 837
f 837 845 843
f 841 844 842
f 843 845 844
o convex_6
v 0.293458 0.0425487 0.125584
v 0.167841 0.0425487 0.252013
v 0.0593516 0.0425487 0.265079
v 0.100732 0.0425487 0.269739
v 0.0772916 0.0425487 0.269739
v 0.0839361 0.0447641 0.274137
v 0.100732 0.0447641 0.274137
v 0.100728 0.12869 0.324503
v 0.0755433 0.0587561 0.281157
v 0.0673411 0.0505206 0.274981
v 0.0587775 0.092334 0.297906
v 0.0923453 0.142676 0.331514
v 0.100114 0.150433 0.335409
v 0.0671604 0.150433 0.327007
v 0.0587775 0.125892 0.31471
v 0.0447939 0.100716 0.290951
v 0.00840769 0.092334 0.255951
v -0.00557589 0.1175 0.257342
v 0.0447939 0.134284 0.307699
v 0.0501778 0.150433 0.318494
v 0.117494 0.150433 0.335409
v 0.117494 0.12869 0.324503
v 0.13426 0.150433 0.332572
v 0.13426 0.0783375 0.290951
v 0.140525 0.0425487 0.263467
v 0.146505 0.0425487 0.262074
v 0.134286 0.0425487 0.264643
v 0.156545 0.0425487 0.25872
v 0.159461 0.0461624 0.260157
v 0.180391 0.0425487 0.244479
v 0.240598 0.0425487 0.207025
v 0.145461 0.0951313 0.296515
v 0.142679 0.088138 0.293733
v 0.142679 0.146872 0.327285
v 0.176247 0.130088 0.293733
v 0.183979 0.150433 0.294067
v 0.142679 0.150433 0.327285
v 0.226906 0.150433 0.25111
v 0.276847 0.0425487 0.159337
v 0.293163 0.0425487 0.126455
v 0.262967 0.145474 0.195801
v 0.260474 0.150433 0.200753
v 0.267917 0.150433 0.185897
v 0.268423 0.150433 0.184617
v 0.285333 0.150433 0.13426
v 0.297666 0.0425487 0.0961873
v 0.297666 0.0425487 0.0123078
v 0.144364 0.0425487 -0.165599
v 0.254366 0.0425487 -0.0697426
v 0.276662 0.0425487 -0.037297
v 0.293458 0.0425487 -0.00371902
v 0.296817 0.0425487 0.00856241
v 0.251621 0.150433 -0.23304
v 0.24808 0.134402 -0.23304
v 0.247429 0.133091 -0.23304
v 0.246598 0.131692 -0.23304
v 0.268283 0.0425487 -0.050493
v 0.260457 0.0425487 -0.0622082
v 0.23565 0.124366 -0.23304
v 0.218198 0.1175 -0.23304
v 0.234349 0.123711 -0.23304
v 0.178656 0.0425487 -0.14844
v 0.19021 0.0425487 -0.13986
v 0.207006 0.0425487 -0.123093
v 0.134286 0.0425487 -0.167863
v 0.0593516 0.0425487 -0.167863
v 0.0370927 0.0425487 -0.159632
v 0.0503816 0.0425487 -0.16586
v 0.19023 0.123095 -0.23304
v 0.197493 0.119466 -0.23304
v 0.201432 0.11794 -0.23304
v 0.203383 0.1175 -0.23304
v 0.186617 0.126724 -0.23304
v 0.182606 0.131106 -0.23304
v 0.179463 0.13625 -0.23304
v 0.172344 0.150433 -0.23304
v 0.285044 0.150433 -0.0173673
v 0.285333 0.150433 0.0504059
v -0.0752047 0.150433 -0.0248235
v -0.00387763 0.150433 -0.154917
v -0.0542113 0.150433 -0.0710072
v -0.0710133 0.150433 -0.0373988
v -0.0688495 0.0425487 -0.0167844
v -0.0624634 0.0425487 -0.0316353
v -0.0400199 0.0425487 -0.0717024
v -0.00646541 0.0425487 -0.122048
v 0.00848461 0.0425487 -0.137465
v 0.0112162 0.0425487 -0.13986
v -0.079296 0.0425487 0.0928775
v -0.0794437 0.0425487 0.0336043
v -0.0786685 0.0425487 0.0295105
v -0.0752047 0.150433 0.116844
v -0.0794437 0.0425487 0.0905692
v -0.0668218 0.150433 0.168146
v -0.0458284 0.150433 0.220451
v -0.0671145 0.0425487 0.134251
v -0.0559297 0.0425487 0.156636
v -0.0700676 0.0425487 0.126455
v -0.0193852 0.0425487 0.196224
v -0.0339292 0.0425487 0.180546
v -0.00835816 0.092334 0.239203
v 0.0112162 0.0425487 0.223792
v 0.0305959 0.0425487 0.240908
v 0.0419755 0.0755402 0.272755
v 0.0671773 0.0503583 0.274834
v -0.00579269 0.150433 0.273423
v -0.0419621 0.142676 0.222398
v -0.00535909 0.150433 0.273924
v 0.240998 0.150433 0.231357
v 0.235722 0.150433 0.23898
v 0.135561 0.150433 0.331848
v 0.0420391 0.0425487 -0.162594
v 0.00685395 0.150433 -0.160982
f 847 848 846
f 849 848 847
f 850 848 849
f 850 851 848
f 850 849 851
f 851 849 852
f 851 852 853
f 854 851 853
f 854 855 851
f 854 856 855
f 854 857 856
f 854 853 857
f 858 857 853
f 859 857 858
f 860 857 859
f 860 856 857
f 861 856 860
f 861 862 856
f 861 863 862
f 861 864 863
f 861 860 864
f 860 865 864
f 860 859 865
f 859 858 865
f 858 866 865
f 858 853 866
f 867 866 853
f 867 868 866
f 867 869 868
f 867 852 869
f 867 853 852
f 870 869 852
f 870 871 869
f 870 872 871
f 870 852 872
f 872 852 849
f 872 849 871
f 871 849 847
f 873 871 847
f 873 869 871
f 873 874 869
f 873 847 874
f 874 847 875
f 874 875 876
f 874 876 877
f 878 874 877
f 878 869 874
f 878 868 869
f 878 879 868
f 878 877 879
f 877 876 879
f 880 879 876
f 881 879 880
f 881 882 879
f 881 883 882
f 881 876 883
f 881 880 876
f 876 884 883
f 876 847 884
f 875 847 876
f 884 847 846
f 885 884 846
f 886 884 885
f 886 887 884
f 886 888 887
f 886 885 888
f 889 888 885
f 889 890 888
f 889 846 890
f 889 885 846
f 891 890 846
f 891 892 890
f 891 846 892
f 892 846 893
f 894 892 893
f 895 892 894
f 896 892 895
f 897 892 896
f 897 898 892
f 897 896 898
f 896 899 898
f 900 899 896
f 900 901 899
f 900 896 901
f 901 896 895
f 902 901 895
f 902 903 901
f 902 895 903
f 903 895 894
f 901 903 894
f 901 894 904
f 901 904 899
f 904 905 899
f 906 905 904
f 906 907 905
f 906 908 907
f 906 904 908
f 909 908 904
f 909 894 908
f 909 904 894
f 908 894 893
f 907 908 893
f 907 893 905
f 910 905 893
f 910 911 905
f 910 893 911
f 911 893 912
f 913 911 912
f 914 911 913
f 915 911 914
f 916 911 915
f 916 917 911
f 916 915 917
f 915 914 917
f 914 918 917
f 914 913 918
f 919 918 913
f 919 920 918
f 919 913 920
f 920 913 921
f 920 921 918
f 918 921 917
f 917 921 899
f 905 917 899
f 905 911 917
f 898 899 921
f 898 921 922
f 898 922 892
f 923 892 922
f 923 890 892
f 923 922 890
f 922 924 890
f 921 924 922
f 925 924 921
f 926 924 925
f 927 924 926
f 927 928 924
f 927 929 928
f 927 926 929
f 929 926 930
f 929 930 928
f 930 931 928
f 930 925 931
f 926 925 930
f 932 931 925
f 932 933 931
f 932 925 933
f 933 925 912
f 933 912 931
f 931 912 928
f 912 893 928
f 893 846 928
f 848 928 846
f 934 928 848
f 935 928 934
f 936 928 935
f 936 924 928
f 936 935 924
f 935 937 924
f 938 937 935
f 938 934 937
f 938 935 934
f 939 937 934
f 939 940 937
f 941 940 939
f 941 942 940
f 941 934 942
f 943 934 941
f 943 939 934
f 943 941 939
f 942 934 848
f 944 942 848
f 945 942 944
f 946 942 945
f 946 863 942
f 946 862 863
f 946 944 862
f 946 945 944
f 947 862 944
f 947 948 862
f 947 944 948
f 948 944 848
f 948 848 862
f 949 862 848
f 949 856 862
f 949 848 856
f 950 856 848
f 950 855 856
f 851 855 950
f 851 950 848
f 951 942 863
f 951 952 942
f 951 940 952
f 951 953 940
f 951 863 953
f 864 953 863
f 864 865 953
f 953 865 940
f 865 866 940
f 940 866 924
f 937 940 924
f 890 924 866
f 883 890 866
f 888 890 883
f 887 888 883
f 954 887 883
f 954 884 887
f 955 884 954
f 955 883 884
f 955 954 883
f 882 883 866
f 868 882 866
f 956 882 868
f 956 879 882
f 956 868 879
f 952 940 942
f 957 912 925
f 957 913 912
f 957 921 913
f 957 958 921
f 957 925 958
f 958 925 921
o convex_7
v 0.0918708 0.249149 0.426729
v 0.0839154 0.249149 0.426729
v 0.0918708 0.246193 0.425243
v 0.0918708 0.249149 -0.146435
v 0.0750739 0.249149 0.422273
v 0.0839154 0.246193 0.425243
v 0.0918708 0.150452 0.33231
v 0.0918708 0.243932 -0.149083
v 0.0335625 0.249149 -0.23304
v 0.0644981 0.249149 0.415685
v 0.0587484 0.2434 0.407031
v 0.0501332 0.150452 0.318489
v 0.0587484 0.159476 0.33147
v 0.0671374 0.150452 0.327014
v 0.0918708 0.150452 -0.159223
v 0.0918708 0.235004 -0.151021
v 0.0335625 0.218221 -0.23304
v -0.0503463 0.249149 -0.23304
v 0.0918708 0.154935 -0.159223
v 0.0558641 0.249149 0.40561
v -0.0391673 0.167873 0.240604
v -0.00559241 0.15108 0.274122
v -0.00536619 0.150452 0.273928
v 0.0358247 0.150452 -0.163291
v -1.2316e-05 0.184656 -0.23304
v 0.0013073 0.185313 -0.23304
v 0.0111856 0.19025 -0.23304
v 0.0223646 0.195844 -0.23304
v 0.0230244 0.197158 -0.23304
v 0.0286234 0.208337 -0.23304
v -0.0833933 0.249149 -0.133713
v -0.0503463 0.201429 -0.23304
v -0.0559453 0.249149 0.223812
v -0.0559453 0.218221 0.223812
v -0.0671432 0.218221 0.201403
v -0.0503463 0.167873 0.218194
v -0.0461612 0.15108 0.22026
v -0.0458408 0.150452 0.220454
v -0.00579978 0.150452 0.273411
v 0.0161436 0.150452 -0.163291
v -0.0335683 0.184656 -0.23304
v -0.100718 0.218221 -0.0671288
v -0.100718 0.249149 -0.0671288
v -0.0483857 0.197506 -0.23304
v -0.0755322 0.176259 -0.0923157
v -0.0895201 0.195844 -0.0726829
v -0.0671432 0.249149 0.201403
v -0.0629392 0.201429 0.203534
v -0.0839211 0.235004 0.16782
v -0.0461612 0.150452 0.219679
v -0.0629392 0.167873 0.186742
v -0.0671432 0.15108 0.16782
v -0.0668227 0.150452 0.168143
v 0.00683084 0.150452 -0.160966
v -0.0375083 0.186627 -0.23304
v -0.00389576 0.150452 -0.154896
v -0.0542297 0.150452 -0.0710037
v -0.0755322 0.159476 -0.0587332
v -0.0839211 0.167873 -0.0335462
v -0.100718 0.201429 0.0336189
v -0.100718 0.249149 0.0980716
v -0.0447474 0.19025 -0.23304
v -0.0839211 0.249149 0.16782
v -0.0797172 0.218221 0.169951
v -0.0797172 0.184656 0.15316
v -0.0965141 0.249149 0.11693
v -0.100718 0.218221 0.0839927
v -0.0839211 0.201429 0.151029
v -0.0797172 0.167873 0.136369
v -0.0839211 0.167873 0.117446
v -0.0783222 0.156674 0.123065
v -0.0669735 0.150452 0.167303
v -0.0710077 0.150452 -0.0374212
v -0.0721011 0.150452 -0.0341921
v -0.0752117 0.150452 -0.0248277
v -0.100718 0.201429 0.0672015
v -0.0752117 0.150452 0.116865
f 959 960 964
f 959 964 961
f 959 961 965
f 959 965 973
f 959 973 977
f 959 977 974
f 959 974 966
f 959 966 962
f 959 962 967
f 959 967 976
f 959 976 989
f 959 989 1001
f 959 1001 1019
f 959 1019 1024
f 959 1024 1021
f 959 1021 1005
f 959 1005 991
f 959 991 978
f 959 978 968
f 959 968 963
f 959 963 960
f 960 963 964
f 961 964 965
f 962 966 967
f 963 968 964
f 964 968 969
f 964 969 970
f 964 970 971
f 964 971 972
f 964 972 965
f 965 972 970
f 965 970 981
f 965 981 997
f 965 997 996
f 965 996 1008
f 965 1008 1011
f 965 1011 1030
f 965 1030 1035
f 965 1035 1033
f 965 1033 1032
f 965 1032 1031
f 965 1031 1015
f 965 1015 1014
f 965 1014 1012
f 965 1012 998
f 965 998 982
f 965 982 973
f 966 974 967
f 967 975 988
f 967 988 987
f 967 987 986
f 967 986 985
f 967 985 984
f 967 984 983
f 967 983 999
f 967 999 1013
f 967 1013 1020
f 967 1020 1002
f 967 1002 990
f 967 990 976
f 967 974 977
f 967 977 973
f 967 973 975
f 968 978 969
f 969 978 979
f 969 979 980
f 969 980 981
f 969 981 970
f 970 972 971
f 973 982 983
f 973 983 984
f 973 984 985
f 973 985 986
f 973 986 987
f 973 987 988
f 973 988 975
f 976 990 989
f 978 991 992
f 978 992 979
f 979 992 993
f 979 993 994
f 979 994 995
f 979 995 996
f 979 996 980
f 980 996 997
f 980 997 981
f 982 998 999
f 982 999 983
f 989 1000 1001
f 989 990 1000
f 990 1002 1003
f 990 1003 1004
f 990 1004 1000
f 991 1005 993
f 991 993 992
f 993 1006 994
f 993 1005 1021
f 993 1021 1007
f 993 1007 1006
f 994 1006 995
f 995 1008 996
f 995 1006 1009
f 995 1009 1010
f 995 1010 1011
f 995 1011 1008
f 998 1012 999
f 999 1012 1014
f 999 1014 1015
f 999 1015 1013
f 1000 1004 1016
f 1000 1016 1017
f 1000 1017 1018
f 1000 1018 1034
f 1000 1034 1025
f 1000 1025 1019
f 1000 1019 1001
f 1002 1020 1003
f 1003 1016 1004
f 1003 1020 1016
f 1006 1007 1022
f 1006 1022 1023
f 1006 1023 1009
f 1007 1021 1024
f 1007 1024 1019
f 1007 1019 1025
f 1007 1025 1026
f 1007 1026 1022
f 1009 1023 1010
f 1010 1023 1027
f 1010 1027 1028
f 1010 1028 1029
f 1010 1029 1011
f 1011 1029 1030
f 1013 1015 1020
f 1015 1031 1020
f 1016 1031 1032
f 1016 1032 1033
f 1016 1033 1017
f 1016 1020 1031
f 1017 1033 1018
f 1018 1033 1035
f 1018 1035 1034
f 1022 1026 1023
f 1023 1026 1027
f 1025 1034 1026
f 1026 1034 1028
f 1026 1028 1027
f 1028 1034 1029
f 1029 1034 1035
f 1029 1035 1030
o convex_8
v 0.235022 -0.604308 0.100727
v 0.13404 -0.591294 0.083947
v 0.13404 -0.585039 0.0671674
v 0.270607 -0.516287 -0.0834552
v 0.268575 -0.587504 0.0671674
v 0.285363 -0.587504 0.100727
v 0.235022 -0.604308 0.151065
v 0.167872 -0.604308 0.117506
v 0.13404 -0.600624 0.115419
v 0.13404 -0.583847 0.0650798
v 0.255958 -0.51512 -0.0834552
v 0.271142 -0.516154 -0.0834552
v 0.290945 -0.548331 -0.0111768
v 0.274157 -0.581912 0.055981
v 0.287459 -0.583316 0.083947
v 0.296547 -0.581912 0.100727
v 0.293746 -0.583316 0.125896
v 0.285363 -0.587504 0.117506
v 0.243383 -0.600094 0.159455
v 0.226617 -0.600094 0.176235
v 0.201447 -0.604308 0.184625
v 0.13404 -0.604308 0.13401
v 0.13404 -0.579102 0.0587776
v 0.221485 -0.500304 -0.0834552
v 0.13404 -0.542738 0.011196
v 0.313314 -0.481354 -0.0834552
v 0.289554 -0.511966 -0.0755381
v 0.297938 -0.545548 -0.00838024
v 0.306342 -0.511966 -0.0587191
v 0.283267 -0.574915 0.0503878
v 0.28115 -0.579102 0.0587776
v 0.297938 -0.579102 0.0923368
v 0.290945 -0.576319 0.0671674
v 0.341307 -0.509183 0.0671674
v 0.296547 -0.581912 0.117506
v 0.290945 -0.576319 0.167845
v 0.276958 -0.583316 0.176235
v 0.20983 -0.600094 0.193014
v 0.193064 -0.583316 0.226613
v 0.13404 -0.582097 0.229213
v 0.13404 -0.58761 0.218184
v 0.13404 -0.604308 0.184625
v 0.211434 -0.493599 -0.0834552
v 0.13404 -0.509183 -0.0223633
v 0.313677 -0.480877 -0.0834552
v 0.314725 -0.511966 -0.0419395
v 0.342013 -0.503564 0.0503878
v 0.3483 -0.495189 0.0587776
v 0.352513 -0.486787 0.0671674
v 0.341307 -0.509183 0.134286
v 0.32452 -0.525961 0.184625
v 0.290945 -0.559542 0.201404
v 0.276958 -0.558137 0.226613
v 0.268575 -0.577008 0.201404
v 0.243383 -0.583316 0.209794
v 0.218234 -0.593812 0.201404
v 0.201447 -0.577008 0.235003
v 0.184659 -0.576319 0.240596
v 0.13404 -0.576319 0.240596
v 0.13404 -0.486787 -0.0335891
v 0.13404 -0.455591 -0.0461541
v 0.13404 -0.43672 -0.0503293
v 0.209595 -0.48631 -0.0834552
v 0.319109 -0.47001 -0.0834552
v 0.325225 -0.486787 -0.0503293
v 0.325225 -0.503564 -0.01677
v 0.342013 -0.486787 0.0167892
v 0.3483 -0.478385 0.0252184
v 0.352513 -0.47001 0.0336082
v 0.352513 -0.486787 0.134286
v 0.330123 -0.514776 0.184625
v 0.331513 -0.505685 0.201404
v 0.327321 -0.507779 0.209794
v 0.293746 -0.541333 0.226613
v 0.260171 -0.566513 0.226613
v 0.251788 -0.577008 0.218184
v 0.276958 -0.507779 0.260172
v 0.260171 -0.524556 0.260172
v 0.235022 -0.542738 0.257376
v 0.201447 -0.559542 0.257376
v 0.13404 -0.559542 0.257376
v 0.13404 -0.436455 -0.0503293
v 0.209595 -0.469533 -0.0834552
v 0.33147 -0.421719 -0.0834552
v 0.331513 -0.461634 -0.0587191
v 0.331513 -0.478385 -0.0419395
v 0.352513 -0.453232 0.0167892
v 0.335725 -0.47001 -0.0335497
v 0.352513 -0.47001 0.167845
v 0.335725 -0.503564 0.184625
v 0.3483 -0.472104 0.184625
v 0.331513 -0.488881 0.218184
v 0.327321 -0.490975 0.226613
v 0.293746 -0.490975 0.260172
v 0.260171 -0.457447 0.293732
v 0.243383 -0.507779 0.276952
v 0.218234 -0.525961 0.274155
v 0.151084 -0.542738 0.274155
v 0.13404 -0.542738 0.274155
v 0.13404 -0.333565 -0.0430424
v 0.218234 -0.385619 -0.0834552
v 0.331513 -0.421162 -0.0834552
v 0.335725 -0.453232 -0.0503293
v 0.352513 -0.386097 9.56169e-06
v 0.352513 -0.453232 0.184625
v 0.330123 -0.475602 0.22941
v 0.310534 -0.457447 0.260172
v 0.262972 -0.442048 0.296528
v 0.251788 -0.455353 0.297946
v 0.235022 -0.505685 0.281167
v 0.293746 -0.440643 0.276952
v 0.296547 -0.42527 0.279749
v 0.218234 -0.514776 0.279749
v 0.13404 -0.531712 0.27967
v 0.151084 -0.509183 0.290935
v 0.232092 -0.333565 -0.0736868
v 0.229675 -0.350952 -0.0834552
v 0.222554 -0.365476 -0.0834552
v 0.13404 -0.333565 0.309369
v 0.330529 -0.406797 -0.0834552
v 0.352513 -0.369319 9.56169e-06
v 0.352513 -0.402874 0.201404
v 0.34691 -0.408493 0.212591
v 0.330123 -0.408493 0.246189
v 0.313335 -0.442048 0.262969
v 0.32452 -0.464444 0.240596
v 0.27976 -0.391689 0.296528
v 0.251788 -0.436455 0.302121
v 0.235022 -0.453232 0.302121
v 0.201447 -0.47001 0.302121
v 0.218234 -0.472104 0.297946
v 0.218234 -0.503564 0.285342
v 0.307732 -0.414085 0.274155
v 0.151084 -0.486787 0.302121
v 0.13404 -0.498158 0.296449
v 0.235022 -0.333565 -0.0744352
v 0.235022 -0.348275 -0.0834552
v 0.13404 -0.333591 0.31894
v 0.134297 -0.333565 0.31894
v 0.318788 -0.368763 -0.0834552
v 0.3483 -0.352515 -0.00207805
v 0.352513 -0.352515 0.0167892
v 0.352513 -0.386097 0.201404
v 0.335725 -0.402874 0.235003
v 0.32452 -0.397281 0.257376
v 0.290945 -0.380504 0.290935
v 0.268575 -0.386097 0.302121
v 0.218234 -0.369319 0.31894
v 0.201447 -0.402874 0.31894
v 0.184659 -0.419678 0.31894
v 0.13404 -0.486787 0.302121
v 0.13404 -0.486946 0.302043
v 0.268575 -0.333565 -0.0795164
v 0.268575 -0.3355 -0.0834552
v 0.250355 -0.341967 -0.0834552
v 0.13404 -0.419678 0.31894
v 0.218234 -0.333565 0.31894
v 0.313763 -0.356438 -0.0834552
v 0.335169 -0.333565 -0.0170458
v 0.3483 -0.335738 0.0147016
v 0.352513 -0.333565 0.0357746
v 0.335725 -0.335738 0.235003
v 0.352513 -0.352515 0.167845
v 0.32452 -0.333565 0.257376
v 0.290945 -0.346923 0.290935
v 0.268575 -0.352515 0.302121
v 0.275141 -0.333565 -0.0795164
v 0.269281 -0.3355 -0.0834552
v 0.270757 -0.333565 0.296843
v 0.299991 -0.347241 -0.0834552
v 0.304332 -0.333565 -0.0638396
v 0.310534 -0.34414 -0.0713235
v 0.313634 -0.333565 -0.0529683
v 0.325247 -0.333565 -0.0365826
v 0.330294 -0.333565 -0.0267748
v 0.3483 -0.333565 0.0169073
v 0.352513 -0.333565 0.0671674
v 0.352513 -0.335738 0.151065
v 0.335276 -0.333565 0.23457
v 0.32623 -0.333565 0.253949
v 0.307732 -0.333565 0.274155
v 0.288271 -0.333565 0.288257
v 0.285363 -0.333565 -0.07735
v 0.269794 -0.335579 -0.0834552
v 0.287651 -0.339369 -0.0834552
v 0.286924 -0.338945 -0.0834552
v 0.285363 -0.338044 -0.0834552
v 0.351401 -0.333565 0.149963
f 1036 1037 1038
f 1036 1038 1039
f 1036 1039 1040
f 1036 1040 1041
f 1036 1041 1053
f 1036 1053 1042
f 1036 1042 1056
f 1036 1056 1077
f 1036 1077 1057
f 1036 1057 1043
f 1036 1043 1037
f 1037 1043 1044
f 1037 1044 1057
f 1037 1057 1077
f 1037 1077 1076
f 1037 1076 1075
f 1037 1075 1094
f 1037 1094 1116
f 1037 1116 1134
f 1037 1134 1149
f 1037 1149 1170
f 1037 1170 1187
f 1037 1187 1186
f 1037 1186 1191
f 1037 1191 1173
f 1037 1173 1154
f 1037 1154 1135
f 1037 1135 1117
f 1037 1117 1097
f 1037 1097 1096
f 1037 1096 1095
f 1037 1095 1079
f 1037 1079 1060
f 1037 1060 1058
f 1037 1058 1045
f 1037 1045 1038
f 1038 1045 1046
f 1038 1046 1039
f 1039 1046 1059
f 1039 1059 1078
f 1039 1078 1098
f 1039 1098 1118
f 1039 1118 1136
f 1039 1136 1153
f 1039 1153 1152
f 1039 1152 1172
f 1039 1172 1190
f 1039 1190 1189
f 1039 1189 1203
f 1039 1203 1219
f 1039 1219 1222
f 1039 1222 1221
f 1039 1221 1220
f 1039 1220 1205
f 1039 1205 1193
f 1039 1193 1175
f 1039 1175 1155
f 1039 1155 1137
f 1039 1137 1119
f 1039 1119 1099
f 1039 1099 1080
f 1039 1080 1061
f 1039 1061 1047
f 1039 1047 1048
f 1039 1048 1049
f 1039 1049 1040
f 1040 1049 1050
f 1040 1050 1041
f 1041 1051 1052
f 1041 1052 1053
f 1041 1050 1051
f 1042 1053 1052
f 1042 1052 1054
f 1042 1054 1055
f 1042 1055 1073
f 1042 1073 1056
f 1043 1057 1044
f 1045 1058 1046
f 1046 1058 1060
f 1046 1060 1059
f 1047 1061 1062
f 1047 1062 1048
f 1048 1063 1049
f 1048 1062 1064
f 1048 1064 1063
f 1049 1063 1065
f 1049 1065 1066
f 1049 1066 1050
f 1050 1067 1051
f 1050 1066 1068
f 1050 1068 1067
f 1051 1067 1069
f 1051 1069 1085
f 1051 1085 1070
f 1051 1070 1052
f 1052 1070 1071
f 1052 1071 1072
f 1052 1072 1054
f 1054 1072 1055
f 1055 1072 1090
f 1055 1090 1073
f 1056 1073 1074
f 1056 1074 1075
f 1056 1075 1076
f 1056 1076 1077
f 1059 1060 1079
f 1059 1079 1078
f 1061 1080 1064
f 1061 1064 1062
f 1063 1067 1068
f 1063 1068 1065
f 1063 1064 1081
f 1063 1081 1067
f 1064 1080 1081
f 1065 1068 1066
f 1067 1082 1069
f 1067 1081 1082
f 1069 1082 1083
f 1069 1083 1084
f 1069 1084 1105
f 1069 1105 1085
f 1070 1085 1086
f 1070 1086 1071
f 1071 1086 1087
f 1071 1087 1088
f 1071 1088 1072
f 1072 1088 1089
f 1072 1089 1111
f 1072 1111 1090
f 1073 1090 1091
f 1073 1091 1074
f 1074 1091 1092
f 1074 1092 1093
f 1074 1093 1075
f 1075 1093 1094
f 1078 1095 1096
f 1078 1096 1097
f 1078 1097 1098
f 1078 1079 1095
f 1080 1099 1100
f 1080 1100 1081
f 1081 1100 1101
f 1081 1101 1082
f 1082 1101 1102
f 1082 1102 1083
f 1083 1102 1103
f 1083 1103 1104
f 1083 1104 1084
f 1084 1104 1122
f 1084 1122 1139
f 1084 1139 1156
f 1084 1156 1177
f 1084 1177 1196
f 1084 1196 1212
f 1084 1212 1213
f 1084 1213 1198
f 1084 1198 1178
f 1084 1178 1157
f 1084 1157 1140
f 1084 1140 1124
f 1084 1124 1105
f 1085 1105 1106
f 1085 1106 1086
f 1086 1106 1107
f 1086 1107 1108
f 1086 1108 1087
f 1087 1108 1109
f 1087 1109 1088
f 1088 1110 1111
f 1088 1111 1089
f 1088 1109 1129
f 1088 1129 1112
f 1088 1112 1113
f 1088 1113 1114
f 1088 1114 1115
f 1088 1115 1110
f 1090 1111 1091
f 1091 1111 1092
f 1092 1111 1115
f 1092 1115 1093
f 1093 1115 1116
f 1093 1116 1094
f 1097 1117 1118
f 1097 1118 1098
f 1099 1119 1120
f 1099 1120 1100
f 1100 1121 1102
f 1100 1102 1101
f 1100 1120 1121
f 1102 1121 1103
f 1103 1121 1123
f 1103 1123 1104
f 1104 1123 1122
f 1105 1124 1125
f 1105 1125 1106
f 1106 1125 1107
f 1107 1125 1124
f 1107 1124 1126
f 1107 1126 1127
f 1107 1127 1128
f 1107 1128 1108
f 1108 1128 1109
f 1109 1128 1129
f 1110 1115 1111
f 1112 1129 1130
f 1112 1130 1131
f 1112 1131 1113
f 1113 1131 1132
f 1113 1132 1114
f 1114 1132 1115
f 1115 1132 1133
f 1115 1133 1134
f 1115 1134 1116
f 1117 1135 1136
f 1117 1136 1118
f 1119 1137 1122
f 1119 1122 1138
f 1119 1138 1120
f 1120 1138 1123
f 1120 1123 1121
f 1122 1123 1138
f 1122 1137 1139
f 1124 1140 1126
f 1126 1140 1141
f 1126 1141 1127
f 1127 1141 1128
f 1128 1141 1142
f 1128 1142 1129
f 1129 1142 1130
f 1130 1143 1144
f 1130 1144 1145
f 1130 1145 1131
f 1130 1142 1146
f 1130 1146 1147
f 1130 1147 1143
f 1131 1145 1132
f 1132 1145 1148
f 1132 1148 1150
f 1132 1150 1133
f 1133 1149 1134
f 1133 1150 1170
f 1133 1170 1149
f 1135 1151 1152
f 1135 1152 1153
f 1135 1153 1136
f 1135 1154 1174
f 1135 1174 1192
f 1135 1192 1204
f 1135 1204 1217
f 1135 1217 1216
f 1135 1216 1199
f 1135 1199 1215
f 1135 1215 1214
f 1135 1214 1223
f 1135 1223 1212
f 1135 1212 1196
f 1135 1196 1211
f 1135 1211 1194
f 1135 1194 1210
f 1135 1210 1209
f 1135 1209 1208
f 1135 1208 1206
f 1135 1206 1218
f 1135 1218 1202
f 1135 1202 1188
f 1135 1188 1171
f 1135 1171 1151
f 1137 1155 1156
f 1137 1156 1139
f 1140 1157 1141
f 1141 1157 1158
f 1141 1158 1159
f 1141 1159 1160
f 1141 1160 1161
f 1141 1161 1142
f 1142 1161 1160
f 1142 1160 1147
f 1142 1147 1146
f 1143 1162 1182
f 1143 1182 1163
f 1143 1163 1144
f 1143 1147 1162
f 1144 1163 1164
f 1144 1164 1165
f 1144 1165 1166
f 1144 1166 1145
f 1145 1167 1148
f 1145 1166 1165
f 1145 1165 1167
f 1147 1160 1168
f 1147 1168 1181
f 1147 1181 1162
f 1148 1167 1169
f 1148 1169 1150
f 1150 1169 1170
f 1151 1171 1172
f 1151 1172 1152
f 1154 1173 1174
f 1155 1175 1176
f 1155 1176 1156
f 1156 1176 1177
f 1157 1178 1197
f 1157 1197 1179
f 1157 1179 1159
f 1157 1159 1158
f 1159 1180 1160
f 1159 1179 1197
f 1159 1197 1199
f 1159 1199 1180
f 1160 1180 1168
f 1162 1181 1200
f 1162 1200 1201
f 1162 1201 1182
f 1163 1182 1183
f 1163 1183 1184
f 1163 1184 1185
f 1163 1185 1164
f 1164 1185 1165
f 1165 1185 1169
f 1165 1169 1167
f 1168 1180 1199
f 1168 1199 1216
f 1168 1216 1200
f 1168 1200 1181
f 1169 1186 1187
f 1169 1187 1170
f 1169 1185 1191
f 1169 1191 1186
f 1171 1188 1189
f 1171 1189 1190
f 1171 1190 1172
f 1173 1191 1185
f 1173 1185 1184
f 1173 1184 1183
f 1173 1183 1192
f 1173 1192 1174
f 1175 1193 1194
f 1175 1194 1176
f 1176 1194 1195
f 1176 1195 1177
f 1177 1195 1196
f 1178 1198 1197
f 1182 1201 1192
f 1182 1192 1183
f 1188 1202 1203
f 1188 1203 1189
f 1192 1201 1204
f 1193 1205 1206
f 1193 1206 1207
f 1193 1207 1208
f 1193 1208 1209
f 1193 1209 1210
f 1193 1210 1194
f 1194 1211 1195
f 1195 1211 1196
f 1197 1198 1213
f 1197 1213 1214
f 1197 1214 1215
f 1197 1215 1199
f 1200 1204 1201
f 1200 1216 1217
f 1200 1217 1204
f 1202 1218 1203
f 1203 1218 1219
f 1205 1220 1206
f 1206 1220 1221
f 1206 1221 1222
f 1206 1222 1218
f 1206 1208 1207
f 1212 1223 1213
f 1213 1223 1214
f 1218 1222 1219
o convex_9
v 1.9283e-05 -0.621094 -0.0834552
v -0.0167733 -0.621094 -0.0503293
v -0.0182261 -0.617238 -0.0834552
v 0.0223766 -0.609892 -0.0834552
v 0.0692334 -0.616872 0.0167892
v 0.0671405 -0.621094 0.0336082
v -0.0503585 -0.607471 -0.0834552
v -0.0481179 -0.608259 -0.0834552
v -0.0379487 -0.611355 -0.0834552
v -0.0167733 -0.621094 9.56169e-06
v 0.0227459 -0.60961 -0.0834552
v 0.0895224 -0.609892 0.0336082
v 0.0713263 -0.612678 0.00839937
v 0.086026 -0.616872 0.0503878
v 0.0839084 -0.621094 0.0671674
v -0.0541012 -0.605219 -0.0834552
v -0.0279766 -0.615493 0.00560276
v -0.0391553 -0.609892 -0.00558365
v 1.9283e-05 -0.621094 0.100727
v 0.0390707 -0.593256 -0.0834552
v 0.0797226 -0.595902 -0.00838024
v 0.13404 -0.585037 0.0671674
v 0.10629 -0.609892 0.0671674
v 0.0951117 -0.615493 0.0671674
v 0.13404 -0.60429 0.13401
v 0.0839084 -0.621094 0.151065
v -0.0615372 -0.598689 -0.0783347
v -0.0615372 -0.598689 -0.0834552
v -0.011184 -0.615493 0.10632
v -0.0895085 -0.559535 0.0615742
v 0.0167626 -0.621094 0.134286
v 0.0392923 -0.592947 -0.0834552
v 0.13404 -0.542731 0.011196
v 0.13404 -0.579126 0.0587776
v 0.13404 -0.583827 0.0650798
v 0.13404 -0.591286 0.083947
v 0.13404 -0.600631 0.115419
v 0.13404 -0.60429 0.184625
v 0.0671405 -0.621094 0.167845
v -0.0680622 -0.591258 -0.0834552
v 0.0223766 -0.615493 0.173438
v 0.00839096 -0.612678 0.155241
v -0.00837702 -0.612678 0.121681
v -0.0419622 -0.579126 0.155241
v -0.0615372 -0.565137 0.156659
v -0.0559479 -0.576311 0.128693
v -0.0895085 -0.559535 -0.0223633
v -0.0730359 -0.58408 -0.0834552
v -0.0727405 -0.559535 0.128693
v -0.0951224 -0.548333 0.0727606
v 0.0335552 -0.621094 0.167845
v 0.0447339 -0.582082 -0.0834552
v 0.13404 -0.509179 -0.0223633
v 0.13404 -0.598689 0.19589
v 0.117494 -0.593791 0.218184
v 0.109097 -0.600096 0.209794
v 0.100701 -0.593116 0.223816
v 0.0167626 -0.600096 0.203531
v 0.00839096 -0.595902 0.205619
v -0.0251696 -0.579126 0.188839
v -0.0587302 -0.562322 0.17206
v -0.0755228 -0.545546 0.155241
v -0.0783298 -0.548333 0.139879
v -0.0951224 -0.548333 -0.0111768
v -0.100712 -0.537158 -0.01677
v -0.0795609 -0.572089 -0.0834552
v -0.0951224 -0.514781 0.139879
v -0.100712 -0.537158 0.0671674
v 0.0335552 -0.593116 0.223816
v 0.0449063 -0.581603 -0.0834552
v 0.13404 -0.455586 -0.0461541
v 0.13404 -0.486802 -0.0335891
v 0.13404 -0.587599 0.218184
v 0.13404 -0.582082 0.229213
v 0.13404 -0.576311 0.240596
v 0.13404 -0.559535 0.257376
v 0.00839096 -0.579126 0.222399
v -0.0419622 -0.545546 0.205619
v -0.0587302 -0.545546 0.188839
v -0.0755228 -0.528742 0.17206
v -0.0923154 -0.511966 0.155241
v -0.117504 -0.503578 0.0167892
v -0.080078 -0.57071 -0.0834552
v -0.100712 -0.503578 0.134286
v -0.0965013 -0.503578 0.153153
v -0.117504 -0.486802 0.0503878
v 0.0503479 -0.559535 0.257376
v 0.0335552 -0.576311 0.240596
v 0.0467283 -0.57071 -0.0834552
v 0.13404 -0.436699 -0.0503293
v 0.13404 -0.542731 0.274155
v 0.00839096 -0.562322 0.239178
v -0.00837702 -0.545546 0.239178
v -0.0419622 -0.528742 0.222399
v -0.0587302 -0.528742 0.205619
v -0.0755228 -0.511966 0.188839
v -0.0797333 -0.503578 0.186712
v -0.117504 -0.402894 0.0167892
v -0.114697 -0.500791 0.00280616
v -0.0839191 -0.553934 -0.0834552
v -0.100712 -0.486802 0.151065
v -0.0797333 -0.470026 0.203531
v -0.0965013 -0.470026 0.169933
v -0.117504 -0.470026 0.0671674
v 0.117494 -0.542731 0.274155
v 0.109097 -0.528742 0.281167
v 0.0419516 -0.545546 0.264348
v 0.0335552 -0.553934 0.258085
v 0.0251589 -0.562322 0.247568
v 0.0421978 -0.470026 -0.0834552
v 0.13404 -0.436446 -0.0503293
v 0.13404 -0.531726 0.27967
v 0.00839096 -0.49519 0.281167
v -0.0251696 -0.528742 0.239178
v -0.0559479 -0.503578 0.223816
v -0.0727405 -0.486802 0.206997
v -0.117504 -0.402894 0.0671674
v -0.100712 -0.352538 0.0336082
v -0.0965013 -0.350427 0.0167892
v -0.11189 -0.397293 0.00560276
v -0.0951224 -0.447649 -0.0447361
v -0.100712 -0.45325 -0.0335497
v -0.0839191 -0.503099 -0.0834552
v -0.100712 -0.45325 0.167845
v -0.0951224 -0.45325 0.179031
v -0.0727405 -0.45325 0.223816
v -0.100712 -0.402894 0.184625
v 0.0923047 -0.49519 0.297946
v 0.0419516 -0.511966 0.281167
v 0.0408928 -0.464819 -0.0834552
v 0.13404 -0.333538 -0.0430424
v 0.13404 -0.509348 0.290856
v 0.0587442 -0.478386 0.297946
v 0.0419516 -0.461638 0.297946
v 0.0251589 -0.444862 0.297946
v 0.00839096 -0.428058 0.297946
v -0.00837702 -0.461638 0.281167
v -0.0167733 -0.470026 0.274864
v -0.0167733 -0.503578 0.258085
v -0.0251696 -0.49519 0.255958
v -0.0391553 -0.503578 0.240596
v -0.0559479 -0.470026 0.240596
v -0.100712 -0.38609 0.184625
v -0.100712 -0.369314 0.151065
v -0.100712 -0.352538 0.083947
v -0.0951224 -0.341335 0.0336082
v -0.0923154 -0.348344 0.00839937
v -0.0912074 -0.333538 0.0336082
v -0.0904934 -0.333538 0.030654
v -0.0923154 -0.36512 -0.00838024
v -0.0923154 -0.432252 -0.0419395
v -0.0797333 -0.484212 -0.0834552
v -0.0951224 -0.402894 0.195811
v -0.0559479 -0.38609 0.257376
v -0.0895085 -0.402894 0.206997
v 0.13404 -0.486802 0.302121
v 0.100701 -0.486802 0.302121
v 0.0671405 -0.470026 0.302121
v 0.0370024 -0.456571 -0.0834552
v 0.00521465 -0.445903 -0.0834552
v 1.9283e-05 -0.444609 -0.0834552
v 0.0693319 -0.333538 -0.0430424
v 0.13404 -0.333538 0.309369
v 0.0503479 -0.45325 0.302121
v 0.0167626 -0.41967 0.302121
v -0.0251696 -0.394506 0.281167
v -0.00559467 -0.41967 0.290935
v 1.9283e-05 -0.436446 0.291644
v 0.0167626 -0.335734 0.302121
v -0.0223626 -0.45325 0.274155
v -0.0419622 -0.428058 0.264348
v -0.0391553 -0.470026 0.257376
v -0.0251696 -0.478386 0.264348
v -0.0447446 -0.41967 0.262969
v -0.0951224 -0.38609 0.195811
v -0.0965013 -0.377702 0.193014
v -0.0839191 -0.333538 0.201404
v -0.0965013 -0.344122 0.0923368
v -0.0951224 -0.341335 0.083947
v -0.0795363 -0.333538 0.012417
v -0.0715093 -0.333538 0.00438171
v -0.0627683 -0.333538 -0.00436259
v -0.0755228 -0.348344 -0.00838024
v -0.0912074 -0.333538 0.083947
v -0.0755228 -0.373508 -0.0251599
v -0.0783298 -0.380517 -0.0279565
v -0.0630638 -0.450717 -0.0834552
v -0.0391553 -0.38609 0.274155
v -0.0559479 -0.335734 0.257376
v -0.0895085 -0.38609 0.206997
v 0.13404 -0.41967 0.31894
v 0.100701 -0.41967 0.31894
v -0.0503585 -0.444609 -0.0834552
v 0.00221069 -0.333538 -0.0339829
v 0.119685 -0.333538 0.31894
v 0.13404 -0.333594 0.31894
v 0.0839084 -0.402894 0.31894
v 0.0671405 -0.369314 0.31894
v -0.00559467 -0.335734 0.290935
v -0.0391553 -0.369314 0.274155
v 0.0671405 -0.335734 0.31894
v 0.0164918 -0.333538 0.30157
v 0.0067905 -0.333538 0.296725
v -0.0560217 -0.333538 0.256627
v -0.0619065 -0.333538 0.245441
v -0.0727405 -0.333538 0.223816
v -0.0587302 -0.333538 -0.00838024
v -0.0507033 -0.333538 -0.0123979
v -0.0171427 -0.333538 -0.0291775
v -0.0166748 -0.333538 -0.0293745
v -0.0544951 -0.333538 0.258085
v 1.9283e-05 -0.333538 -0.0335497
v 0.0693319 -0.333538 0.31894
v -0.00303392 -0.333538 0.291683
v -0.00458514 -0.333538 0.290777
v 0.0668696 -0.333538 0.318389
f 1224 1225 1226
f 1224 1226 1232
f 1224 1232 1231
f 1224 1231 1230
f 1224 1230 1239
f 1224 1239 1251
f 1224 1251 1263
f 1224 1263 1271
f 1224 1271 1289
f 1224 1289 1306
f 1224 1306 1323
f 1224 1323 1346
f 1224 1346 1375
f 1224 1375 1410
f 1224 1410 1416
f 1224 1416 1384
f 1224 1384 1383
f 1224 1383 1382
f 1224 1382 1353
f 1224 1353 1333
f 1224 1333 1312
f 1224 1312 1293
f 1224 1293 1275
f 1224 1275 1255
f 1224 1255 1243
f 1224 1243 1234
f 1224 1234 1227
f 1224 1227 1228
f 1224 1228 1229
f 1224 1229 1238
f 1224 1238 1249
f 1224 1249 1262
f 1224 1262 1274
f 1224 1274 1254
f 1224 1254 1242
f 1224 1242 1233
f 1224 1233 1225
f 1225 1230 1231
f 1225 1231 1232
f 1225 1232 1226
f 1225 1233 1230
f 1227 1234 1235
f 1227 1235 1236
f 1227 1236 1228
f 1228 1236 1235
f 1228 1235 1237
f 1228 1237 1229
f 1229 1237 1238
f 1230 1233 1240
f 1230 1240 1241
f 1230 1241 1239
f 1233 1242 1252
f 1233 1252 1240
f 1234 1243 1244
f 1234 1244 1235
f 1235 1245 1246
f 1235 1246 1237
f 1235 1244 1245
f 1237 1246 1247
f 1237 1247 1238
f 1238 1247 1248
f 1238 1248 1261
f 1238 1261 1249
f 1239 1250 1251
f 1239 1241 1250
f 1240 1252 1241
f 1241 1252 1253
f 1241 1253 1250
f 1242 1254 1252
f 1243 1255 1256
f 1243 1256 1257
f 1243 1257 1258
f 1243 1258 1244
f 1244 1258 1245
f 1245 1258 1257
f 1245 1257 1256
f 1245 1256 1276
f 1245 1276 1295
f 1245 1295 1294
f 1245 1294 1313
f 1245 1313 1334
f 1245 1334 1354
f 1245 1354 1386
f 1245 1386 1419
f 1245 1419 1414
f 1245 1414 1379
f 1245 1379 1355
f 1245 1355 1335
f 1245 1335 1314
f 1245 1314 1299
f 1245 1299 1298
f 1245 1298 1297
f 1245 1297 1296
f 1245 1296 1277
f 1245 1277 1261
f 1245 1261 1248
f 1245 1248 1260
f 1245 1260 1259
f 1245 1259 1246
f 1246 1259 1260
f 1246 1260 1248
f 1246 1248 1247
f 1249 1261 1262
f 1250 1263 1251
f 1250 1253 1263
f 1252 1254 1264
f 1252 1264 1265
f 1252 1265 1266
f 1252 1266 1267
f 1252 1267 1268
f 1252 1268 1269
f 1252 1269 1253
f 1253 1270 1271
f 1253 1271 1263
f 1253 1269 1268
f 1253 1268 1272
f 1253 1272 1273
f 1253 1273 1287
f 1253 1287 1270
f 1254 1274 1264
f 1255 1275 1276
f 1255 1276 1256
f 1261 1277 1278
f 1261 1278 1279
f 1261 1279 1262
f 1262 1279 1280
f 1262 1280 1292
f 1262 1292 1274
f 1264 1274 1281
f 1264 1281 1282
f 1264 1282 1265
f 1265 1282 1267
f 1265 1267 1266
f 1267 1282 1283
f 1267 1283 1284
f 1267 1284 1268
f 1268 1284 1285
f 1268 1285 1286
f 1268 1286 1272
f 1270 1287 1288
f 1270 1288 1289
f 1270 1289 1271
f 1272 1286 1273
f 1273 1286 1290
f 1273 1290 1291
f 1273 1291 1288
f 1273 1288 1287
f 1274 1292 1281
f 1275 1293 1294
f 1275 1294 1295
f 1275 1295 1276
f 1277 1296 1278
f 1278 1296 1297
f 1278 1297 1298
f 1278 1298 1280
f 1278 1280 1279
f 1280 1298 1299
f 1280 1299 1310
f 1280 1310 1292
f 1281 1292 1282
f 1282 1292 1300
f 1282 1300 1283
f 1283 1300 1301
f 1283 1301 1302
f 1283 1302 1284
f 1284 1303 1304
f 1284 1304 1285
f 1284 1302 1319
f 1284 1319 1303
f 1285 1304 1290
f 1285 1290 1286
f 1288 1291 1305
f 1288 1305 1289
f 1289 1305 1306
f 1290 1307 1291
f 1290 1304 1308
f 1290 1308 1307
f 1291 1309 1305
f 1291 1307 1309
f 1292 1310 1311
f 1292 1311 1315
f 1292 1315 1300
f 1293 1312 1313
f 1293 1313 1294
f 1299 1314 1328
f 1299 1328 1310
f 1300 1315 1316
f 1300 1316 1301
f 1301 1316 1337
f 1301 1337 1317
f 1301 1317 1318
f 1301 1318 1302
f 1302 1318 1319
f 1303 1319 1304
f 1304 1319 1320
f 1304 1320 1308
f 1305 1309 1327
f 1305 1327 1340
f 1305 1340 1321
f 1305 1321 1322
f 1305 1322 1323
f 1305 1323 1306
f 1307 1308 1324
f 1307 1324 1327
f 1307 1327 1309
f 1308 1320 1325
f 1308 1325 1326
f 1308 1326 1347
f 1308 1347 1324
f 1310 1328 1329
f 1310 1329 1330
f 1310 1330 1331
f 1310 1331 1311
f 1311 1331 1332
f 1311 1332 1315
f 1312 1333 1334
f 1312 1334 1313
f 1314 1335 1329
f 1314 1329 1328
f 1315 1332 1331
f 1315 1331 1336
f 1315 1336 1316
f 1316 1336 1337
f 1317 1337 1364
f 1317 1364 1338
f 1317 1338 1318
f 1318 1338 1319
f 1319 1338 1339
f 1319 1339 1320
f 1320 1339 1349
f 1320 1349 1325
f 1321 1340 1368
f 1321 1368 1341
f 1321 1341 1342
f 1321 1342 1343
f 1321 1343 1344
f 1321 1344 1345
f 1321 1345 1322
f 1322 1345 1346
f 1322 1346 1323
f 1324 1347 1327
f 1325 1348 1347
f 1325 1347 1326
f 1325 1349 1348
f 1327 1347 1350
f 1327 1350 1366
f 1327 1366 1340
f 1329 1335 1351
f 1329 1351 1330
f 1330 1351 1352
f 1330 1352 1331
f 1331 1352 1336
f 1333 1353 1354
f 1333 1354 1334
f 1335 1355 1351
f 1336 1352 1351
f 1336 1351 1356
f 1336 1356 1357
f 1336 1357 1358
f 1336 1358 1359
f 1336 1359 1360
f 1336 1360 1361
f 1336 1361 1362
f 1336 1362 1337
f 1337 1362 1361
f 1337 1361 1363
f 1337 1363 1395
f 1337 1395 1364
f 1338 1364 1395
f 1338 1395 1365
f 1338 1365 1349
f 1338 1349 1339
f 1340 1366 1367
f 1340 1367 1368
f 1341 1369 1342
f 1341 1368 1402
f 1341 1402 1369
f 1342 1370 1343
f 1342 1369 1371
f 1342 1371 1372
f 1342 1372 1370
f 1343 1370 1373
f 1343 1373 1374
f 1343 1374 1344
f 1344 1374 1375
f 1344 1375 1346
f 1344 1346 1345
f 1347 1348 1376
f 1347 1376 1350
f 1348 1349 1376
f 1349 1365 1377
f 1349 1377 1378
f 1349 1378 1376
f 1350 1376 1398
f 1350 1398 1366
f 1351 1379 1380
f 1351 1380 1381
f 1351 1381 1356
f 1351 1355 1379
f 1353 1382 1354
f 1354 1382 1383
f 1354 1383 1384
f 1354 1384 1416
f 1354 1416 1385
f 1354 1385 1417
f 1354 1417 1435
f 1354 1435 1433
f 1354 1433 1432
f 1354 1432 1431
f 1354 1431 1430
f 1354 1430 1405
f 1354 1405 1404
f 1354 1404 1403
f 1354 1403 1372
f 1354 1372 1371
f 1354 1371 1407
f 1354 1407 1400
f 1354 1400 1429
f 1354 1429 1428
f 1354 1428 1427
f 1354 1427 1434
f 1354 1434 1438
f 1354 1438 1437
f 1354 1437 1426
f 1354 1426 1425
f 1354 1425 1439
f 1354 1439 1436
f 1354 1436 1418
f 1354 1418 1386
f 1356 1381 1357
f 1357 1381 1387
f 1357 1387 1358
f 1358 1387 1388
f 1358 1388 1359
f 1359 1389 1390
f 1359 1390 1391
f 1359 1391 1361
f 1359 1361 1360
f 1359 1388 1392
f 1359 1392 1389
f 1361 1393 1394
f 1361 1394 1395
f 1361 1395 1396
f 1361 1396 1363
f 1361 1391 1390
f 1361 1390 1393
f 1363 1396 1395
f 1365 1395 1394
f 1365 1394 1397
f 1365 1397 1377
f 1366 1398 1399
f 1366 1399 1400
f 1366 1400 1367
f 1367 1400 1368
f 1368 1400 1401
f 1368 1401 1402
f 1369 1402 1407
f 1369 1407 1371
f 1370 1372 1403
f 1370 1403 1404
f 1370 1404 1405
f 1370 1405 1406
f 1370 1406 1373
f 1373 1406 1408
f 1373 1408 1409
f 1373 1409 1410
f 1373 1410 1375
f 1373 1375 1374
f 1376 1378 1413
f 1376 1413 1398
f 1377 1397 1411
f 1377 1411 1423
f 1377 1423 1412
f 1377 1412 1413
f 1377 1413 1378
f 1379 1414 1415
f 1379 1415 1380
f 1380 1415 1381
f 1381 1415 1420
f 1381 1420 1387
f 1385 1416 1417
f 1386 1418 1419
f 1387 1420 1388
f 1388 1420 1421
f 1388 1421 1424
f 1388 1424 1392
f 1389 1392 1422
f 1389 1422 1423
f 1389 1423 1411
f 1389 1411 1390
f 1390 1411 1393
f 1392 1424 1439
f 1392 1439 1425
f 1392 1425 1426
f 1392 1426 1422
f 1393 1411 1394
f 1394 1411 1397
f 1398 1413 1399
f 1399 1413 1412
f 1399 1412 1427
f 1399 1427 1428
f 1399 1428 1429
f 1399 1429 1400
f 1400 1407 1401
f 1401 1407 1402
f 1405 1430 1406
f 1406 1430 1408
f 1408 1430 1410
f 1408 1410 1409
f 1410 1430 1431
f 1410 1431 1432
f 1410 1432 1433
f 1410 1433 1416
f 1412 1423 1434
f 1412 1434 1427
f 1414 1419 1418
f 1414 1418 1436
f 1414 1436 1424
f 1414 1424 1421
f 1414 1421 1420
f 1414 1420 1415
f 1416 1433 1435
f 1416 1435 1417
f 1422 1426 1437
f 1422 1437 1438
f 1422 1438 1434
f 1422 1434 1423
f 1424 1436 1439
o convex_10
v 0.285368 0.335728 0.10076
v 0.283397 0.328774 0.115589
v 0.285368 0.328774 0.10076
v 0.285368 0.335728 0.0504069
v 0.274165 0.358114 0.106362
v 0.276939 0.344127 0.125936
v 0.260153 0.344127 0.193096
v 0.266612 0.328774 0.182748
v 0.285368 0.328774 0.0434208
v 0.279748 0.346926 0.0448048
v 0.274165 0.358114 0.056009
v 0.281135 0.335728 0.0314916
v 0.25738 0.374902 0.139909
v 0.260153 0.360914 0.159483
v 0.18462 0.419655 0.318912
v 0.165938 0.429124 0.367354
v 0.15105 0.429124 0.419618
v 0.134265 0.429124 0.469971
v 0.256541 0.328774 0.206211
v 0.282886 0.328774 0.0323484
v 0.276939 0.344127 0.0293826
v 0.25738 0.374902 0.056009
v 0.281135 0.328774 0.0245714
v 0.240595 0.391679 0.123102
v 0.19024 0.425244 0.257355
v 0.179913 0.429124 0.314167
v 0.123099 0.429124 0.492379
v 0.134265 0.352515 0.469971
v 0.128682 0.346926 0.481175
v 0.125872 0.331534 0.478407
v 0.130069 0.328774 0.46516
v 0.276245 0.328774 0.0136967
v 0.260153 0.344127 -0.00416409
v 0.243368 0.377701 0.0293826
v 0.246178 0.380481 0.0448048
v 0.229393 0.397268 0.0783515
v 0.240595 0.391679 0.0895557
v 0.182504 0.429124 0.249644
v 0.182504 0.429124 0.261243
v 0.110182 0.429124 0.518215
v 0.123099 0.358114 0.492379
v 0.109087 0.365108 0.511954
v 0.109087 0.331534 0.495147
v 0.124048 0.328774 0.476562
v 0.25873 0.328774 -0.0202454
v 0.243368 0.360914 -0.00416409
v 0.208375 0.328774 -0.0874046
v 0.195823 0.346926 -0.0727074
v 0.234976 0.381886 0.0314916
v 0.218191 0.398673 0.0651042
v 0.226583 0.394479 0.0629952
v 0.218191 0.402867 0.0839536
v 0.165682 0.429124 0.182551
v 0.106278 0.429124 0.525926
v 0.106278 0.408467 0.525926
v 0.111897 0.380481 0.514722
v 0.091098 0.429124 0.544248
v 0.0923387 0.381886 0.52876
v 0.107263 0.328774 0.493302
v 0.100695 0.333636 0.499366
v 0.0968633 0.328774 0.497388
v 0.201406 0.328774 -0.0920181
v 0.18462 0.341327 -0.0895137
v 0.193013 0.344127 -0.0796935
v 0.18462 0.346926 -0.0783095
v 0.18462 0.352515 -0.0671053
v 0.201406 0.398673 0.0482979
v 0.201406 0.402867 0.0671473
v 0.15729 0.429124 0.164228
v 0.163639 0.429124 0.176817
v 0.082523 0.429124 0.549389
v 0.0783632 0.414056 0.548334
v 0.0839461 0.383978 0.532912
v 0.067161 0.363714 0.525926
v 0.0917913 0.328774 0.498641
v 0.18462 0.328774 -0.0978179
v 2.04351e-05 0.328774 -0.114624
v 0.167835 0.363714 -0.0447628
v 0.167835 0.369303 -0.0335586
v 0.18462 0.402867 0.0504069
v 0.14481 0.429124 0.157967
v 0.067161 0.429124 0.556046
v 0.067161 0.419655 0.553937
v 0.067161 0.397268 0.542732
v 0.067161 0.38608 0.53713
v 0.0335907 0.397268 0.542732
v 0.0770131 0.328774 0.500091
v 0.0839461 0.328774 0.500091
v -0.0120576 0.328774 -0.112779
v -0.00837213 0.331534 -0.109088
v 2.04351e-05 0.363714 -0.0447628
v 0.142658 0.381886 -0.00838212
v 0.15105 0.38608 5.39643e-05
v 0.167835 0.402867 0.0504069
v 0.0503758 0.429124 0.136481
v 0.134265 0.429124 0.153288
v 0.0503758 0.429124 0.558682
v 0.0335907 0.429124 0.558682
v 0.0251981 0.411256 0.549718
v 0.008413 0.411256 0.541348
v 0.0419833 0.344127 0.499366
v 0.0741304 0.328774 0.49897
v -0.0167647 0.342025 -0.0839116
v -0.00837213 0.365108 -0.0419288
v -0.0288427 0.328774 -0.0959725
v -0.0419424 0.365108 -0.0251225
v 2.04351e-05 0.369303 -0.0335586
v -0.0167647 0.38608 0.0167944
v 0.0378235 0.429124 0.138525
v 0.0168056 0.429124 0.557693
v -0.00731394 0.429124 0.54293
v -0.00837213 0.428044 0.541348
v -0.0251573 0.411256 0.507736
v 0.008413 0.377701 0.507736
v 0.0391736 0.341327 0.492379
v 0.0558857 0.328774 0.48882
v 0.060228 0.328774 0.49205
v -0.0251573 0.381886 0.00842416
v -0.0491673 0.328774 -0.0624259
v -0.0461387 0.354618 -0.0335586
v -0.0587275 0.35671 -0.00838212
v -0.0587275 0.365108 0.00842416
v -0.0335498 0.375599 5.39643e-05
v 0.0239575 0.429124 0.156979
v -0.0273101 0.429124 0.52296
v -0.0419424 0.428044 0.507736
v 0.0244683 0.328774 0.457053
v 0.0448659 0.328774 0.477814
v 0.0266212 0.328774 0.459558
v -0.0419424 0.381886 0.0419708
v -0.0717543 0.328774 -0.0213658
v -0.0766073 0.328774 -0.0105571
v -0.0727395 0.341327 5.39643e-05
v -0.0727395 0.358114 0.0336006
v -0.0559543 0.374902 0.0504069
v -0.050335 0.375599 0.0336006
v -0.0125684 0.429124 0.242328
v -0.0397895 0.429124 0.510438
v -0.0424897 0.429124 0.507472
v -0.0481456 0.429124 0.489677
v -0.0447521 0.425244 0.492379
v 0.00421671 0.328774 0.414741
v 0.00768321 0.328774 0.423441
v -0.0293535 0.429124 0.292681
v -0.0817159 0.328774 0.0087537
v -0.0797089 0.33783 0.0167944
v -0.0783223 0.346926 0.0336006
v -0.04862 0.429124 0.462655
v -0.046686 0.429124 0.440049
v -0.0335498 0.429124 0.311596
v -0.04862 0.429124 0.471685
v -0.0874082 0.328774 0.0903466
v -0.0865325 0.328774 0.11058
v -0.0789792 0.328774 0.155199
v -0.0775561 0.328774 0.160933
v -0.0839052 0.328774 0.0266804
v -0.0839052 0.335728 0.0336006
v -0.0874082 0.328774 0.0839536
f 1440 1441 1442
f 1440 1442 1448
f 1440 1448 1443
f 1440 1443 1450
f 1440 1450 1444
f 1440 1444 1445
f 1440 1445 1446
f 1440 1446 1447
f 1440 1447 1441
f 1441 1447 1458
f 1441 1458 1470
f 1441 1470 1483
f 1441 1483 1498
f 1441 1498 1500
f 1441 1500 1514
f 1441 1514 1527
f 1441 1527 1526
f 1441 1526 1541
f 1441 1541 1556
f 1441 1556 1555
f 1441 1555 1567
f 1441 1567 1568
f 1441 1568 1566
f 1441 1566 1582
f 1441 1582 1581
f 1441 1581 1594
f 1441 1594 1593
f 1441 1593 1592
f 1441 1592 1591
f 1441 1591 1597
f 1441 1597 1595
f 1441 1595 1584
f 1441 1584 1571
f 1441 1571 1570
f 1441 1570 1558
f 1441 1558 1544
f 1441 1544 1528
f 1441 1528 1516
f 1441 1516 1515
f 1441 1515 1501
f 1441 1501 1486
f 1441 1486 1484
f 1441 1484 1471
f 1441 1471 1462
f 1441 1462 1459
f 1441 1459 1448
f 1441 1448 1442
f 1443 1449 1450
f 1443 1448 1451
f 1443 1451 1449
f 1444 1450 1461
f 1444 1461 1452
f 1444 1452 1453
f 1444 1453 1445
f 1445 1453 1446
f 1446 1454 1455
f 1446 1455 1456
f 1446 1456 1457
f 1446 1457 1447
f 1446 1453 1454
f 1447 1457 1458
f 1448 1459 1451
f 1449 1451 1460
f 1449 1460 1450
f 1450 1460 1473
f 1450 1473 1461
f 1451 1459 1462
f 1451 1462 1460
f 1452 1461 1476
f 1452 1476 1463
f 1452 1463 1464
f 1452 1464 1465
f 1452 1465 1454
f 1452 1454 1453
f 1454 1465 1455
f 1455 1465 1478
f 1455 1478 1477
f 1455 1477 1492
f 1455 1492 1509
f 1455 1509 1508
f 1455 1508 1520
f 1455 1520 1535
f 1455 1535 1534
f 1455 1534 1548
f 1455 1548 1563
f 1455 1563 1576
f 1455 1576 1583
f 1455 1583 1589
f 1455 1589 1588
f 1455 1588 1587
f 1455 1587 1590
f 1455 1590 1579
f 1455 1579 1578
f 1455 1578 1577
f 1455 1577 1564
f 1455 1564 1550
f 1455 1550 1549
f 1455 1549 1537
f 1455 1537 1536
f 1455 1536 1521
f 1455 1521 1510
f 1455 1510 1496
f 1455 1496 1493
f 1455 1493 1479
f 1455 1479 1466
f 1455 1466 1457
f 1455 1457 1456
f 1457 1466 1480
f 1457 1480 1468
f 1457 1468 1467
f 1457 1467 1458
f 1458 1467 1468
f 1458 1468 1469
f 1458 1469 1470
f 1460 1462 1471
f 1460 1471 1472
f 1460 1472 1485
f 1460 1485 1473
f 1461 1474 1475
f 1461 1475 1476
f 1461 1473 1474
f 1463 1476 1464
f 1464 1477 1478
f 1464 1478 1465
f 1464 1476 1477
f 1466 1479 1480
f 1468 1480 1469
f 1469 1480 1481
f 1469 1481 1482
f 1469 1482 1498
f 1469 1498 1483
f 1469 1483 1470
f 1471 1484 1472
f 1472 1484 1486
f 1472 1486 1485
f 1473 1485 1487
f 1473 1487 1488
f 1473 1488 1489
f 1473 1489 1490
f 1473 1490 1475
f 1473 1475 1474
f 1475 1490 1489
f 1475 1489 1491
f 1475 1491 1477
f 1475 1477 1476
f 1477 1491 1492
f 1479 1493 1494
f 1479 1494 1495
f 1479 1495 1480
f 1480 1495 1481
f 1481 1495 1496
f 1481 1496 1497
f 1481 1497 1482
f 1482 1497 1499
f 1482 1499 1500
f 1482 1500 1498
f 1485 1486 1487
f 1486 1501 1502
f 1486 1502 1503
f 1486 1503 1487
f 1487 1503 1502
f 1487 1502 1504
f 1487 1504 1505
f 1487 1505 1506
f 1487 1506 1488
f 1488 1506 1489
f 1489 1506 1507
f 1489 1507 1491
f 1491 1507 1508
f 1491 1508 1509
f 1491 1509 1492
f 1493 1496 1494
f 1494 1496 1495
f 1496 1510 1511
f 1496 1511 1497
f 1497 1511 1512
f 1497 1512 1499
f 1499 1512 1513
f 1499 1513 1500
f 1500 1513 1514
f 1501 1515 1502
f 1502 1515 1516
f 1502 1516 1517
f 1502 1517 1504
f 1504 1517 1518
f 1504 1518 1505
f 1505 1518 1519
f 1505 1519 1506
f 1506 1519 1507
f 1507 1519 1508
f 1508 1519 1520
f 1510 1521 1511
f 1511 1521 1522
f 1511 1522 1512
f 1512 1522 1523
f 1512 1523 1524
f 1512 1524 1513
f 1513 1524 1525
f 1513 1525 1526
f 1513 1526 1527
f 1513 1527 1514
f 1516 1528 1529
f 1516 1529 1530
f 1516 1530 1517
f 1517 1530 1531
f 1517 1531 1518
f 1518 1531 1532
f 1518 1532 1519
f 1519 1532 1533
f 1519 1533 1534
f 1519 1534 1535
f 1519 1535 1520
f 1521 1536 1522
f 1522 1536 1523
f 1523 1525 1524
f 1523 1536 1537
f 1523 1537 1525
f 1525 1537 1538
f 1525 1538 1539
f 1525 1539 1540
f 1525 1540 1541
f 1525 1541 1526
f 1528 1542 1543
f 1528 1543 1529
f 1528 1544 1545
f 1528 1545 1542
f 1529 1543 1530
f 1530 1543 1546
f 1530 1546 1531
f 1531 1546 1532
f 1532 1546 1547
f 1532 1547 1534
f 1532 1534 1533
f 1534 1547 1548
f 1537 1549 1538
f 1538 1549 1539
f 1539 1549 1550
f 1539 1550 1551
f 1539 1551 1565
f 1539 1565 1552
f 1539 1552 1553
f 1539 1553 1540
f 1540 1553 1554
f 1540 1554 1555
f 1540 1555 1556
f 1540 1556 1541
f 1542 1545 1543
f 1543 1545 1557
f 1543 1557 1547
f 1543 1547 1546
f 1544 1558 1559
f 1544 1559 1545
f 1545 1560 1561
f 1545 1561 1575
f 1545 1575 1562
f 1545 1562 1557
f 1545 1559 1560
f 1547 1557 1548
f 1548 1557 1563
f 1550 1564 1551
f 1551 1564 1565
f 1552 1565 1566
f 1552 1566 1553
f 1553 1566 1554
f 1554 1567 1555
f 1554 1566 1568
f 1554 1568 1567
f 1557 1562 1575
f 1557 1575 1569
f 1557 1569 1563
f 1558 1570 1560
f 1558 1560 1559
f 1560 1570 1571
f 1560 1571 1572
f 1560 1572 1573
f 1560 1573 1561
f 1561 1573 1574
f 1561 1574 1575
f 1563 1569 1576
f 1564 1577 1565
f 1565 1577 1578
f 1565 1578 1579
f 1565 1579 1580
f 1565 1580 1581
f 1565 1581 1582
f 1565 1582 1566
f 1569 1575 1583
f 1569 1583 1576
f 1571 1584 1585
f 1571 1585 1572
f 1572 1585 1573
f 1573 1585 1586
f 1573 1586 1587
f 1573 1587 1588
f 1573 1588 1589
f 1573 1589 1574
f 1574 1589 1583
f 1574 1583 1575
f 1579 1590 1591
f 1579 1591 1592
f 1579 1592 1593
f 1579 1593 1594
f 1579 1594 1580
f 1580 1594 1581
f 1584 1595 1596
f 1584 1596 1585
f 1585 1596 1586
f 1586 1596 1587
f 1587 1596 1597
f 1587 1597 1591
f 1587 1591 1590
f 1595 1597 1596
o convex_11
v 0.302133 0.218221 0.100655
v 0.302133 0.201429 0.0839927
v 0.302133 0.235004 0.0839927
v 0.285358 0.249149 0.16782
v 0.285358 0.235004 0.16782
v 0.285358 0.184656 0.151029
v 0.285358 0.150452 0.134237
v 0.302133 0.184656 0.0336189
v 0.302133 0.249149 0.0672015
v 0.257384 0.249149 0.223812
v 0.257384 0.207023 0.223812
v 0.262983 0.195844 0.212575
v 0.268561 0.201429 0.201403
v 0.268561 0.15108 0.184611
v 0.268438 0.150452 0.184611
v 0.285358 0.150452 0.0504102
v 0.302133 0.184656 -0.016755
v 0.302133 0.249149 -0.0335462
v 0.141663 0.249149 0.396504
v 0.240588 0.173467 0.240604
v 0.246187 0.162269 0.229367
v 0.132462 0.249149 0.409744
v 0.128901 0.249149 0.414846
v 0.260493 0.150452 0.200757
v 0.267944 0.150452 0.185903
v 0.285049 0.150452 -0.0174008
v 0.297955 0.176259 -0.0251506
v 0.302133 0.201429 -0.0503375
v 0.302133 0.218221 -0.0503375
v 0.285358 0.235004 -0.117503
v 0.301475 0.249149 -0.036517
v 0.226921 0.150452 0.251131
v 0.24102 0.150452 0.231304
v 0.23571 0.150452 0.238925
v 0.128716 0.246193 0.414006
v 0.124414 0.249149 0.417816
v 0.251642 0.150452 -0.23304
v 0.297955 0.193052 -0.0587332
v 0.251786 0.15108 -0.23304
v 0.259196 0.186627 -0.23304
v 0.259196 0.2034 -0.23304
v 0.281817 0.249149 -0.119246
v 0.217576 0.150452 0.260495
v 0.125916 0.239197 0.411229
v 0.159488 0.16367 0.327273
v 0.184024 0.150452 0.294078
v 0.107164 0.249149 0.424662
v 0.172394 0.150452 -0.23304
v 0.25475 0.221178 -0.23304
v 0.243388 0.2434 -0.222384
v 0.246187 0.246193 -0.207013
v 0.264383 0.249149 -0.1558
v 0.117518 0.22941 0.408452
v 0.135611 0.150452 0.331793
v 0.142692 0.150452 0.327273
v 0.103254 0.249149 0.426083
v 0.100722 0.246193 0.425243
v 0.171077 0.153051 -0.23304
v 0.0918708 0.150452 -0.159223
v 0.246701 0.231497 -0.23304
v 0.234989 0.239168 -0.23304
v 0.226612 0.247594 -0.226581
v 0.234989 0.247594 -0.220317
v 0.240279 0.249149 -0.204042
v 0.117518 0.150452 0.335345
v 0.134294 0.150452 0.332568
v 0.100722 0.249149 0.426729
v 0.0918708 0.246193 0.425243
v 0.169842 0.158027 -0.23304
v 0.0918708 0.154935 -0.159223
v 0.167866 0.167873 -0.23304
v 0.0918708 0.150452 0.33231
v 0.22019 0.242772 -0.23304
v 0.212924 0.249149 -0.20669
v 0.218214 0.249149 -0.208434
v 0.234989 0.249149 -0.213278
v 0.0918708 0.249149 -0.146435
v 0.100084 0.150452 0.335345
v 0.0918708 0.249149 0.426729
v 0.0918708 0.235004 -0.151021
v 0.167866 0.2034 -0.23304
v 0.182686 0.229197 -0.23304
v 0.173053 0.222782 -0.23304
v 0.17223 0.221381 -0.23304
v 0.0918708 0.243932 -0.149083
v 0.171571 0.220067 -0.23304
f 1598 1599 1605
f 1598 1605 1614
f 1598 1614 1625
f 1598 1625 1626
f 1598 1626 1615
f 1598 1615 1606
f 1598 1606 1600
f 1598 1600 1601
f 1598 1601 1602
f 1598 1602 1603
f 1598 1603 1604
f 1598 1604 1599
f 1599 1604 1605
f 1600 1606 1601
f 1601 1606 1615
f 1601 1615 1628
f 1601 1628 1639
f 1601 1639 1649
f 1601 1649 1661
f 1601 1661 1673
f 1601 1673 1672
f 1601 1672 1671
f 1601 1671 1674
f 1601 1674 1676
f 1601 1676 1664
f 1601 1664 1653
f 1601 1653 1644
f 1601 1644 1633
f 1601 1633 1620
f 1601 1620 1619
f 1601 1619 1616
f 1601 1616 1607
f 1601 1607 1608
f 1601 1608 1602
f 1602 1608 1609
f 1602 1609 1610
f 1602 1610 1611
f 1602 1611 1603
f 1603 1611 1604
f 1604 1611 1612
f 1604 1612 1622
f 1604 1622 1621
f 1604 1621 1630
f 1604 1630 1631
f 1604 1631 1629
f 1604 1629 1640
f 1604 1640 1643
f 1604 1643 1652
f 1604 1652 1651
f 1604 1651 1663
f 1604 1663 1662
f 1604 1662 1675
f 1604 1675 1669
f 1604 1669 1656
f 1604 1656 1645
f 1604 1645 1634
f 1604 1634 1623
f 1604 1623 1613
f 1604 1613 1614
f 1604 1614 1605
f 1607 1616 1608
f 1608 1617 1618
f 1608 1618 1609
f 1608 1616 1619
f 1608 1619 1620
f 1608 1620 1617
f 1609 1621 1622
f 1609 1622 1610
f 1609 1618 1621
f 1610 1622 1611
f 1611 1622 1612
f 1613 1623 1624
f 1613 1624 1614
f 1614 1624 1625
f 1615 1626 1627
f 1615 1627 1628
f 1617 1629 1618
f 1617 1620 1629
f 1618 1630 1621
f 1618 1629 1631
f 1618 1631 1630
f 1620 1632 1629
f 1620 1633 1632
f 1623 1634 1624
f 1624 1635 1625
f 1624 1634 1635
f 1625 1635 1634
f 1625 1634 1636
f 1625 1636 1637
f 1625 1637 1638
f 1625 1638 1626
f 1626 1638 1627
f 1627 1639 1628
f 1627 1638 1639
f 1629 1632 1640
f 1632 1633 1641
f 1632 1641 1642
f 1632 1642 1643
f 1632 1643 1640
f 1633 1644 1641
f 1634 1645 1655
f 1634 1655 1666
f 1634 1666 1668
f 1634 1668 1678
f 1634 1678 1683
f 1634 1683 1681
f 1634 1681 1680
f 1634 1680 1679
f 1634 1679 1670
f 1634 1670 1658
f 1634 1658 1657
f 1634 1657 1646
f 1634 1646 1638
f 1634 1638 1637
f 1634 1637 1636
f 1638 1646 1639
f 1639 1646 1647
f 1639 1647 1648
f 1639 1648 1649
f 1641 1644 1650
f 1641 1650 1651
f 1641 1651 1652
f 1641 1652 1642
f 1642 1652 1643
f 1644 1653 1654
f 1644 1654 1650
f 1645 1656 1655
f 1646 1657 1647
f 1647 1657 1658
f 1647 1658 1659
f 1647 1659 1660
f 1647 1660 1648
f 1648 1660 1661
f 1648 1661 1649
f 1650 1654 1662
f 1650 1662 1663
f 1650 1663 1651
f 1653 1664 1654
f 1654 1664 1676
f 1654 1676 1665
f 1654 1665 1675
f 1654 1675 1662
f 1655 1656 1666
f 1656 1667 1678
f 1656 1678 1668
f 1656 1668 1666
f 1656 1669 1665
f 1656 1665 1676
f 1656 1676 1674
f 1656 1674 1682
f 1656 1682 1677
f 1656 1677 1667
f 1658 1670 1659
f 1659 1671 1672
f 1659 1672 1673
f 1659 1673 1660
f 1659 1670 1674
f 1659 1674 1671
f 1660 1673 1661
f 1665 1669 1675
f 1667 1677 1678
f 1670 1679 1674
f 1674 1679 1680
f 1674 1680 1681
f 1674 1681 1682
f 1677 1682 1678
f 1678 1682 1683
f 1681 1683 1682
o convex_12
v 0.285364 -0.592258 -0.398751
v 0.268584 -0.587507 -0.369274
v 0.268584 -0.590322 -0.398751
v 0.288092 -0.5909 -0.398751
v 0.276968 -0.566518 -0.260163
v 0.257398 -0.581901 -0.363687
v 0.251805 -0.553924 -0.201456
v 0.240606 -0.548344 -0.195869
v 0.257287 -0.582329 -0.398751
v 0.29655 -0.581901 -0.398751
v 0.29655 -0.581901 -0.386065
v 0.29376 -0.583309 -0.377669
v 0.285364 -0.560234 -0.251767
v 0.276968 -0.549752 -0.19306
v 0.268584 -0.553924 -0.201456
v 0.22942 -0.542739 -0.223834
v 0.270622 -0.516295 -0.0834552
v 0.255991 -0.515114 -0.0834552
v 0.221493 -0.500308 -0.0834552
v 0.211418 -0.493597 -0.0834552
v 0.248978 -0.570716 -0.398751
v 0.297921 -0.579187 -0.398751
v 0.29655 -0.548344 -0.251767
v 0.302143 -0.570716 -0.386065
v 0.313675 -0.480878 -0.0834552
v 0.29376 -0.549752 -0.243372
v 0.290957 -0.55953 -0.268558
v 0.313317 -0.481355 -0.0834552
v 0.271165 -0.516169 -0.0834552
v 0.223827 -0.531553 -0.212629
v 0.22942 -0.542739 -0.257385
v 0.209591 -0.486307 -0.0834552
v 0.218234 -0.520367 -0.251767
v 0.218234 -0.520367 -0.218247
v 0.243483 -0.562471 -0.398751
v 0.302143 -0.570716 -0.398751
v 0.318935 -0.503576 -0.235038
v 0.319108 -0.469994 -0.0834552
v 0.209591 -0.469516 -0.0834552
v 0.218234 -0.503576 -0.268558
v 0.235013 -0.537158 -0.398751
v 0.238643 -0.551662 -0.398751
v 0.239347 -0.553397 -0.398751
v 0.243199 -0.561893 -0.398751
v 0.302143 -0.520367 -0.398751
v 0.335714 -0.436462 -0.151083
v 0.318935 -0.503576 -0.268558
v 0.335714 -0.436462 -0.10074
v 0.330121 -0.442042 -0.0895358
v 0.331467 -0.421707 -0.0834552
v 0.218234 -0.385611 -0.0834552
v 0.218234 -0.419671 -0.167874
v 0.218234 -0.436462 -0.201456
v 0.218234 -0.469994 -0.251767
v 0.218234 -0.486785 -0.268558
v 0.236038 -0.532558 -0.398751
v 0.300106 -0.51627 -0.398751
v 0.327331 -0.411275 -0.15528
v 0.331529 -0.419671 -0.153181
v 0.335714 -0.419671 -0.134291
v 0.335714 -0.419671 -0.10074
v 0.331529 -0.421154 -0.0834552
v 0.222543 -0.365476 -0.0834552
v 0.222419 -0.43435 -0.218247
v 0.222419 -0.467907 -0.268558
v 0.240273 -0.524087 -0.398751
v 0.29655 -0.509182 -0.398751
v 0.313342 -0.374902 -0.139909
v 0.330121 -0.408485 -0.139909
v 0.313762 -0.356452 -0.0834552
v 0.318799 -0.368769 -0.0834552
v 0.330541 -0.406801 -0.0834552
v 0.229679 -0.350947 -0.0834552
v 0.226617 -0.432264 -0.226642
v 0.226617 -0.465796 -0.276954
v 0.241977 -0.521197 -0.398751
v 0.289451 -0.505612 -0.398751
v 0.310539 -0.377693 -0.146885
v 0.285364 -0.37352 -0.153181
v 0.285364 -0.338027 -0.0834552
v 0.29376 -0.344135 -0.0881469
v 0.310539 -0.360927 -0.104938
v 0.313342 -0.358111 -0.0895358
v 0.285364 -0.503576 -0.398751
v 0.299982 -0.347252 -0.0834552
v 0.235013 -0.348283 -0.0834552
v 0.251805 -0.346222 -0.10074
v 0.251805 -0.379804 -0.167874
v 0.243409 -0.390286 -0.176269
v 0.22942 -0.397299 -0.167874
v 0.247706 -0.515089 -0.398751
v 0.243409 -0.516169 -0.394461
v 0.268584 -0.380508 -0.17346
v 0.2693 -0.335488 -0.0834552
v 0.287648 -0.339359 -0.0834552
v 0.268584 -0.374902 -0.162287
v 0.255892 -0.510991 -0.398751
v 0.260188 -0.37352 -0.159478
v 0.250373 -0.341974 -0.0834552
v 0.260188 -0.339938 -0.0923446
v 0.260188 -0.356729 -0.125927
v 0.268584 -0.335488 -0.0834552
v 0.268584 -0.358111 -0.128705
f 1684 1685 1686
f 1684 1686 1692
f 1684 1692 1704
f 1684 1704 1718
f 1684 1718 1727
f 1684 1727 1726
f 1684 1726 1725
f 1684 1725 1724
f 1684 1724 1739
f 1684 1739 1749
f 1684 1749 1759
f 1684 1759 1774
f 1684 1774 1780
f 1684 1780 1767
f 1684 1767 1760
f 1684 1760 1750
f 1684 1750 1740
f 1684 1740 1728
f 1684 1728 1719
f 1684 1719 1705
f 1684 1705 1693
f 1684 1693 1687
f 1684 1687 1688
f 1684 1688 1685
f 1685 1689 1686
f 1685 1688 1690
f 1685 1690 1691
f 1685 1691 1689
f 1686 1689 1692
f 1687 1693 1694
f 1687 1694 1695
f 1687 1695 1688
f 1688 1696 1697
f 1688 1697 1698
f 1688 1698 1690
f 1688 1695 1696
f 1689 1699 1692
f 1689 1691 1699
f 1690 1698 1700
f 1690 1700 1701
f 1690 1701 1691
f 1691 1701 1702
f 1691 1702 1703
f 1691 1703 1699
f 1692 1699 1704
f 1693 1705 1694
f 1694 1706 1709
f 1694 1709 1695
f 1694 1705 1707
f 1694 1707 1708
f 1694 1708 1706
f 1695 1709 1710
f 1695 1710 1696
f 1696 1710 1709
f 1696 1709 1697
f 1697 1711 1712
f 1697 1712 1700
f 1697 1700 1698
f 1697 1709 1711
f 1699 1713 1717
f 1699 1717 1716
f 1699 1716 1714
f 1699 1714 1704
f 1699 1703 1713
f 1700 1712 1711
f 1700 1711 1708
f 1700 1708 1721
f 1700 1721 1733
f 1700 1733 1745
f 1700 1745 1755
f 1700 1755 1754
f 1700 1754 1753
f 1700 1753 1768
f 1700 1768 1778
f 1700 1778 1763
f 1700 1763 1777
f 1700 1777 1785
f 1700 1785 1782
f 1700 1782 1769
f 1700 1769 1756
f 1700 1756 1746
f 1700 1746 1734
f 1700 1734 1722
f 1700 1722 1715
f 1700 1715 1703
f 1700 1703 1702
f 1700 1702 1701
f 1703 1715 1716
f 1703 1716 1717
f 1703 1717 1713
f 1704 1714 1718
f 1705 1719 1707
f 1706 1708 1711
f 1706 1711 1709
f 1707 1719 1730
f 1707 1730 1720
f 1707 1720 1721
f 1707 1721 1708
f 1714 1716 1718
f 1715 1722 1738
f 1715 1738 1723
f 1715 1723 1716
f 1716 1723 1724
f 1716 1724 1725
f 1716 1725 1726
f 1716 1726 1727
f 1716 1727 1718
f 1719 1728 1729
f 1719 1729 1730
f 1720 1730 1729
f 1720 1729 1731
f 1720 1731 1721
f 1721 1731 1732
f 1721 1732 1733
f 1722 1734 1735
f 1722 1735 1736
f 1722 1736 1737
f 1722 1737 1738
f 1723 1738 1724
f 1724 1738 1737
f 1724 1737 1739
f 1728 1740 1741
f 1728 1741 1742
f 1728 1742 1743
f 1728 1743 1729
f 1729 1743 1744
f 1729 1744 1731
f 1731 1744 1745
f 1731 1745 1733
f 1731 1733 1732
f 1734 1746 1735
f 1735 1746 1736
f 1736 1747 1737
f 1736 1746 1747
f 1737 1748 1739
f 1737 1747 1748
f 1739 1748 1749
f 1740 1750 1741
f 1741 1751 1752
f 1741 1752 1742
f 1741 1750 1751
f 1742 1752 1743
f 1743 1752 1753
f 1743 1753 1754
f 1743 1754 1744
f 1744 1754 1755
f 1744 1755 1745
f 1746 1756 1747
f 1747 1757 1758
f 1747 1758 1748
f 1747 1756 1757
f 1748 1758 1749
f 1749 1758 1759
f 1750 1760 1751
f 1751 1761 1762
f 1751 1762 1763
f 1751 1763 1764
f 1751 1764 1765
f 1751 1765 1766
f 1751 1766 1753
f 1751 1753 1752
f 1751 1760 1767
f 1751 1767 1761
f 1753 1766 1765
f 1753 1765 1764
f 1753 1764 1768
f 1756 1769 1770
f 1756 1770 1771
f 1756 1771 1772
f 1756 1772 1773
f 1756 1773 1757
f 1757 1774 1775
f 1757 1775 1759
f 1757 1759 1758
f 1757 1773 1772
f 1757 1772 1774
f 1759 1775 1774
f 1761 1767 1762
f 1762 1776 1763
f 1762 1767 1776
f 1763 1778 1764
f 1763 1776 1779
f 1763 1779 1777
f 1764 1778 1768
f 1767 1780 1771
f 1767 1771 1781
f 1767 1781 1776
f 1769 1782 1783
f 1769 1783 1770
f 1770 1783 1784
f 1770 1784 1771
f 1771 1784 1781
f 1771 1780 1774
f 1771 1774 1772
f 1776 1781 1779
f 1777 1779 1786
f 1777 1786 1785
f 1779 1781 1784
f 1779 1784 1783
f 1779 1783 1786
f 1782 1785 1783
f 1783 1785 1786
o convex_13
v 0.285359 -0.621094 -0.50361
v 0.290961 -0.615487 -0.514797
v 0.297954 -0.6127 -0.511989
v 0.307742 -0.609896 -0.50361
v 0.293756 -0.616897 -0.495208
v 0.276974 -0.600107 -0.41128
v 0.26859 -0.604305 -0.436463
v 0.26859 -0.616897 -0.501504
v 0.260193 -0.6127 -0.511989
v 0.262988 -0.609896 -0.525961
v 0.26859 -0.587515 -0.604295
v 0.27418 -0.581924 -0.615483
v 0.307742 -0.565134 -0.632264
v 0.314736 -0.562331 -0.629478
v 0.314736 -0.59591 -0.511989
v 0.313344 -0.598698 -0.50361
v 0.313344 -0.598698 -0.470025
v 0.310537 -0.600107 -0.461646
v 0.302152 -0.610601 -0.486806
v 0.293756 -0.600107 -0.428061
v 0.285359 -0.593811 -0.402878
v 0.285359 -0.592273 -0.398782
v 0.26859 -0.590335 -0.398782
v 0.260193 -0.59591 -0.415469
v 0.26859 -0.600107 -0.417576
v 0.257398 -0.598698 -0.430869
v 0.260193 -0.6127 -0.499397
v 0.249002 -0.607092 -0.523153
v 0.251797 -0.608502 -0.505693
v 0.249002 -0.573529 -0.623885
v 0.262988 -0.576317 -0.62667
v 0.302152 -0.553936 -0.637881
v 0.321039 -0.537178 -0.633668
v 0.331528 -0.528783 -0.629478
v 0.318934 -0.587515 -0.50361
v 0.318934 -0.587515 -0.470025
v 0.313344 -0.593106 -0.458837
v 0.296551 -0.581924 -0.398782
v 0.293756 -0.591712 -0.41128
v 0.288085 -0.590911 -0.398782
v 0.257295 -0.58234 -0.398782
v 0.248979 -0.570726 -0.398782
v 0.243481 -0.562475 -0.398782
v 0.243412 -0.57912 -0.43225
v 0.243412 -0.59591 -0.465835
v 0.240605 -0.598698 -0.481212
v 0.240605 -0.598698 -0.514797
v 0.229414 -0.559543 -0.609889
v 0.246207 -0.576317 -0.609889
v 0.23222 -0.556739 -0.623885
v 0.226619 -0.545541 -0.629478
v 0.243412 -0.562331 -0.629478
v 0.251797 -0.553936 -0.637881
v 0.318934 -0.520389 -0.637881
v 0.330125 -0.520389 -0.632264
v 0.335727 -0.520389 -0.621076
v 0.318934 -0.553936 -0.453244
v 0.314736 -0.556035 -0.436463
v 0.302152 -0.570726 -0.398782
v 0.243193 -0.561914 -0.398782
v 0.240605 -0.565134 -0.414065
v 0.240605 -0.581924 -0.44765
v 0.235015 -0.587515 -0.486806
v 0.235015 -0.587515 -0.520367
v 0.218234 -0.537178 -0.604295
v 0.221029 -0.534375 -0.618291
v 0.218234 -0.520389 -0.621076
v 0.223824 -0.514781 -0.632264
v 0.235015 -0.520389 -0.637881
v 0.285359 -0.486809 -0.637881
v 0.32733 -0.511994 -0.633668
v 0.330125 -0.50919 -0.62667
v 0.310537 -0.478415 -0.595893
v 0.296551 -0.50919 -0.398782
v 0.300105 -0.516287 -0.398782
v 0.302152 -0.520389 -0.398782
v 0.318934 -0.537178 -0.470025
v 0.239351 -0.553391 -0.398782
v 0.235015 -0.553936 -0.419659
v 0.238638 -0.551661 -0.398782
v 0.235015 -0.537178 -0.398782
v 0.222421 -0.511994 -0.612698
v 0.223824 -0.50919 -0.621076
v 0.236039 -0.532564 -0.398782
v 0.226619 -0.507796 -0.629478
v 0.240605 -0.481218 -0.632264
v 0.251797 -0.486809 -0.637881
v 0.285359 -0.464429 -0.62667
v 0.293756 -0.478415 -0.633668
v 0.302152 -0.47002 -0.621076
v 0.310537 -0.478415 -0.616887
v 0.302152 -0.47002 -0.604295
v 0.285359 -0.503599 -0.398782
v 0.293756 -0.461625 -0.612698
v 0.239213 -0.478415 -0.595893
v 0.240605 -0.475627 -0.604295
v 0.229414 -0.498008 -0.621076
v 0.240272 -0.524105 -0.398782
v 0.240605 -0.475627 -0.621076
v 0.243412 -0.474217 -0.629478
v 0.251797 -0.475627 -0.632264
v 0.26859 -0.463724 -0.621076
v 0.276974 -0.457428 -0.612698
v 0.285359 -0.458837 -0.615483
v 0.293756 -0.461625 -0.616887
v 0.255891 -0.511017 -0.398782
v 0.241974 -0.521206 -0.398782
v 0.247713 -0.515118 -0.398782
v 0.251797 -0.47002 -0.604295
v 0.251797 -0.513067 -0.398782
v 0.251797 -0.47002 -0.621076
f 1787 1788 1789
f 1787 1789 1790
f 1787 1790 1791
f 1787 1791 1792
f 1787 1792 1793
f 1787 1793 1794
f 1787 1794 1795
f 1787 1795 1796
f 1787 1796 1797
f 1787 1797 1798
f 1787 1798 1788
f 1788 1798 1799
f 1788 1799 1789
f 1789 1799 1800
f 1789 1800 1790
f 1790 1801 1802
f 1790 1802 1803
f 1790 1803 1804
f 1790 1804 1805
f 1790 1805 1791
f 1790 1800 1801
f 1791 1805 1806
f 1791 1806 1792
f 1792 1806 1807
f 1792 1807 1808
f 1792 1808 1809
f 1792 1809 1810
f 1792 1810 1811
f 1792 1811 1793
f 1793 1811 1812
f 1793 1812 1794
f 1794 1813 1815
f 1794 1815 1795
f 1794 1812 1813
f 1795 1814 1796
f 1795 1815 1814
f 1796 1814 1797
f 1797 1816 1817
f 1797 1817 1798
f 1797 1814 1816
f 1798 1817 1799
f 1799 1817 1818
f 1799 1818 1819
f 1799 1819 1800
f 1800 1819 1820
f 1800 1820 1801
f 1801 1821 1802
f 1801 1820 1821
f 1802 1821 1822
f 1802 1822 1803
f 1803 1822 1823
f 1803 1823 1804
f 1804 1823 1824
f 1804 1824 1825
f 1804 1825 1806
f 1804 1806 1805
f 1806 1825 1826
f 1806 1826 1808
f 1806 1808 1807
f 1808 1826 1824
f 1808 1824 1845
f 1808 1845 1862
f 1808 1862 1861
f 1808 1861 1860
f 1808 1860 1879
f 1808 1879 1892
f 1808 1892 1896
f 1808 1896 1894
f 1808 1894 1893
f 1808 1893 1884
f 1808 1884 1870
f 1808 1870 1867
f 1808 1867 1866
f 1808 1866 1864
f 1808 1864 1846
f 1808 1846 1829
f 1808 1829 1828
f 1808 1828 1827
f 1808 1827 1809
f 1809 1827 1810
f 1810 1812 1811
f 1810 1827 1828
f 1810 1828 1829
f 1810 1829 1830
f 1810 1830 1831
f 1810 1831 1832
f 1810 1832 1812
f 1812 1832 1813
f 1813 1832 1815
f 1814 1815 1832
f 1814 1832 1833
f 1814 1833 1834
f 1814 1834 1835
f 1814 1835 1816
f 1816 1836 1837
f 1816 1837 1838
f 1816 1838 1839
f 1816 1839 1817
f 1816 1835 1834
f 1816 1834 1836
f 1817 1839 1818
f 1818 1839 1855
f 1818 1855 1873
f 1818 1873 1856
f 1818 1856 1840
f 1818 1840 1819
f 1819 1840 1841
f 1819 1841 1820
f 1820 1841 1842
f 1820 1842 1821
f 1821 1842 1822
f 1822 1843 1844
f 1822 1844 1845
f 1822 1845 1823
f 1822 1842 1843
f 1823 1845 1824
f 1824 1826 1825
f 1829 1846 1847
f 1829 1847 1830
f 1830 1847 1848
f 1830 1848 1831
f 1831 1848 1832
f 1832 1849 1850
f 1832 1850 1833
f 1832 1848 1849
f 1833 1850 1834
f 1834 1851 1837
f 1834 1837 1836
f 1834 1850 1851
f 1837 1851 1852
f 1837 1852 1853
f 1837 1853 1854
f 1837 1854 1855
f 1837 1855 1839
f 1837 1839 1838
f 1840 1856 1875
f 1840 1875 1857
f 1840 1857 1841
f 1841 1857 1842
f 1842 1857 1858
f 1842 1858 1859
f 1842 1859 1860
f 1842 1860 1861
f 1842 1861 1862
f 1842 1862 1863
f 1842 1863 1843
f 1843 1863 1862
f 1843 1862 1844
f 1844 1862 1845
f 1846 1864 1847
f 1847 1865 1849
f 1847 1849 1848
f 1847 1864 1866
f 1847 1866 1865
f 1849 1865 1851
f 1849 1851 1850
f 1851 1853 1852
f 1851 1865 1867
f 1851 1867 1853
f 1853 1868 1869
f 1853 1869 1854
f 1853 1867 1870
f 1853 1870 1868
f 1854 1871 1872
f 1854 1872 1873
f 1854 1873 1855
f 1854 1869 1871
f 1856 1873 1874
f 1856 1874 1875
f 1857 1875 1876
f 1857 1876 1858
f 1858 1876 1877
f 1858 1877 1859
f 1859 1877 1876
f 1859 1876 1878
f 1859 1878 1860
f 1860 1878 1880
f 1860 1880 1879
f 1865 1866 1867
f 1868 1881 1882
f 1868 1882 1883
f 1868 1883 1869
f 1868 1870 1881
f 1869 1883 1871
f 1870 1884 1881
f 1871 1883 1885
f 1871 1885 1872
f 1872 1885 1886
f 1872 1886 1873
f 1873 1886 1887
f 1873 1887 1874
f 1874 1887 1886
f 1874 1886 1888
f 1874 1888 1889
f 1874 1889 1890
f 1874 1890 1891
f 1874 1891 1876
f 1874 1876 1875
f 1876 1891 1880
f 1876 1880 1878
f 1879 1889 1892
f 1879 1880 1890
f 1879 1890 1889
f 1880 1891 1890
f 1881 1884 1893
f 1881 1893 1894
f 1881 1894 1882
f 1882 1895 1886
f 1882 1886 1885
f 1882 1885 1883
f 1882 1894 1896
f 1882 1896 1895
f 1886 1895 1897
f 1886 1897 1889
f 1886 1889 1888
f 1889 1897 1895
f 1889 1895 1892
f 1892 1895 1896
o convex_14
v -0.0167951 -0.755167 -0.419222
v -0.0176648 -0.754924 -0.419222
v -0.0163602 -0.755167 -0.419222
v -0.0167951 -0.705007 -0.201447
v -0.0279739 -0.749786 -0.414062
v -0.0293936 -0.75012 -0.419222
v -0.00574423 -0.749847 -0.419222
v -0.00840463 -0.751184 -0.411235
v -1.36637e-06 -0.705007 -0.201447
v -0.0447548 -0.716194 -0.29653
v -0.0167951 -0.693819 -0.179065
v -0.0251728 -0.696616 -0.188859
v -0.0279739 -0.699413 -0.195859
v -0.0331284 -0.747202 -0.419222
v 0.00544732 -0.744192 -0.419222
v -1.36637e-06 -0.744892 -0.402854
v 0.00838911 -0.700811 -0.193066
v -1.36637e-06 -0.693819 -0.179065
v -0.0391654 -0.693819 -0.207034
v -0.0447548 -0.682632 -0.195859
v -0.0615486 -0.682632 -0.279768
v -0.0451129 -0.734403 -0.419222
v -0.042184 -0.738143 -0.419222
v -1.36637e-06 -0.621072 -0.0834881
v -0.0182404 -0.617242 -0.0834881
v -0.0379503 -0.611344 -0.0834881
v -0.0481187 -0.608274 -0.0834881
v -0.050357 -0.607453 -0.0834881
v -0.0540918 -0.605203 -0.0834881
v -0.0335633 -0.688226 -0.184652
v 0.00572871 -0.743888 -0.419222
v 0.0223818 -0.693819 -0.201447
v 0.0167796 -0.694519 -0.184652
v -0.0615486 -0.598728 -0.0834881
v -0.0680588 -0.59128 -0.0834881
v -0.0730471 -0.584106 -0.0834881
v -0.0783295 -0.581947 -0.0951229
v -0.0671379 -0.671445 -0.285356
v -0.0839317 -0.57076 -0.100743
v -0.0499221 -0.722669 -0.419222
v 0.000305602 -0.62092 -0.0834881
v 0.0167796 -0.677039 -0.16227
v 0.0113309 -0.732701 -0.419222
v 0.0111902 -0.732975 -0.386059
v 0.0279711 -0.682632 -0.184652
v 0.0251701 -0.684031 -0.176271
v -0.0795574 -0.572128 -0.0834881
v -0.0800946 -0.57076 -0.0834881
v -0.0671379 -0.671445 -0.318912
v -0.0502547 -0.721787 -0.419222
v -0.0839317 -0.553979 -0.0834881
v -0.0839317 -0.57076 -0.151095
v 0.0114972 -0.615326 -0.0834881
v 0.0223818 -0.609885 -0.0834881
v 0.0167796 -0.721787 -0.419222
v 0.0167796 -0.721787 -0.386059
v 0.0335605 -0.671445 -0.184652
v 0.0293653 -0.673543 -0.16789
v 0.0227527 -0.609611 -0.0834881
v -0.050357 -0.688226 -0.419222
v -0.050357 -0.721362 -0.419222
v -0.0839317 -0.553979 -0.16789
v -0.0839317 -0.50312 -0.0834881
v 0.0167796 -0.704581 -0.419222
v 0.0335605 -0.654664 -0.30215
v 0.0335605 -0.671445 -0.285356
v 0.046159 -0.57915 -0.0923292
v 0.0449184 -0.581613 -0.0834881
v 0.0447393 -0.582099 -0.0834881
v 0.0393034 -0.592982 -0.0834881
v 0.039086 -0.593286 -0.0834881
v -0.0502419 -0.687739 -0.419222
v -0.0797236 -0.53507 -0.16789
v -0.0839317 -0.537168 -0.151095
v -0.0798515 -0.484788 -0.0834881
v -0.0839317 -0.503606 -0.100743
v 0.0131471 -0.688226 -0.419222
v 0.0293653 -0.654664 -0.321016
v 0.042194 -0.470044 -0.0834881
v 0.0467346 -0.57076 -0.0834881
v -0.0447932 -0.676826 -0.419222
v -0.0797236 -0.518289 -0.151095
v -0.0755284 -0.516192 -0.159476
v -0.0839317 -0.520387 -0.1343
v -0.0797236 -0.484241 -0.0834881
v 0.0123157 -0.686098 -0.419222
v 0.0409022 -0.464816 -0.0834881
v 0.0293653 -0.637853 -0.304221
v -0.0443199 -0.676583 -0.419222
v -0.0630578 -0.45074 -0.0834881
v -0.0587475 -0.465849 -0.109124
v -0.050357 -0.44764 -0.0895355
v 0.00838911 -0.679835 -0.419222
v 0.0370011 -0.456577 -0.0834881
v -0.0335633 -0.671232 -0.419222
v -0.0626997 -0.450558 -0.0834881
v -0.0419537 -0.457428 -0.109124
v -0.050357 -0.4446 -0.0834881
v 0.00213462 -0.675914 -0.419222
v -1.36637e-06 -0.44764 -0.0895355
v 0.00520431 -0.445907 -0.0834881
v -1.36637e-06 -0.674607 -0.419222
v -0.0167951 -0.671232 -0.419222
v -0.0335633 -0.464451 -0.123125
v -0.0335633 -0.453233 -0.100743
v -0.0335633 -0.458827 -0.111918
v -1.36637e-06 -0.4446 -0.0834881
f 1898 1899 1903
f 1898 1903 1911
f 1898 1911 1920
f 1898 1920 1919
f 1898 1919 1937
f 1898 1937 1947
f 1898 1947 1958
f 1898 1958 1957
f 1898 1957 1969
f 1898 1969 1978
f 1898 1978 1986
f 1898 1986 1992
f 1898 1992 2000
f 1898 2000 1999
f 1898 1999 1996
f 1898 1996 1990
f 1898 1990 1983
f 1898 1983 1974
f 1898 1974 1961
f 1898 1961 1952
f 1898 1952 1940
f 1898 1940 1928
f 1898 1928 1912
f 1898 1912 1904
f 1898 1904 1900
f 1898 1900 1906
f 1898 1906 1901
f 1898 1901 1899
f 1899 1902 1903
f 1899 1901 1902
f 1900 1904 1905
f 1900 1905 1906
f 1901 1907 1902
f 1901 1906 1915
f 1901 1915 1908
f 1901 1908 1909
f 1901 1909 1910
f 1901 1910 1907
f 1902 1907 1903
f 1903 1907 1911
f 1904 1912 1905
f 1905 1912 1913
f 1905 1913 1914
f 1905 1914 1906
f 1906 1914 1915
f 1907 1910 1916
f 1907 1916 1917
f 1907 1917 1918
f 1907 1918 1919
f 1907 1919 1920
f 1907 1920 1911
f 1908 1915 1921
f 1908 1921 1922
f 1908 1922 1923
f 1908 1923 1924
f 1908 1924 1925
f 1908 1925 1909
f 1909 1925 1926
f 1909 1926 1927
f 1909 1927 1910
f 1910 1927 1916
f 1912 1928 1929
f 1912 1929 1913
f 1913 1929 1930
f 1913 1930 1914
f 1914 1930 1915
f 1915 1930 1921
f 1916 1927 1917
f 1917 1927 1931
f 1917 1931 1932
f 1917 1932 1933
f 1917 1933 1934
f 1917 1934 1918
f 1918 1935 1919
f 1918 1934 1936
f 1918 1936 1935
f 1919 1935 1937
f 1921 1938 1950
f 1921 1950 1951
f 1921 1951 1956
f 1921 1956 1968
f 1921 1968 1967
f 1921 1967 1966
f 1921 1966 1965
f 1921 1965 1977
f 1921 1977 1976
f 1921 1976 1984
f 1921 1984 1991
f 1921 1991 1998
f 1921 1998 2004
f 1921 2004 1995
f 1921 1995 1993
f 1921 1993 1987
f 1921 1987 1982
f 1921 1982 1972
f 1921 1972 1960
f 1921 1960 1948
f 1921 1948 1945
f 1921 1945 1944
f 1921 1944 1933
f 1921 1933 1932
f 1921 1932 1931
f 1921 1931 1926
f 1921 1926 1925
f 1921 1925 1924
f 1921 1924 1923
f 1921 1923 1922
f 1921 1930 1939
f 1921 1939 1938
f 1926 1931 1927
f 1928 1940 1941
f 1928 1941 1929
f 1929 1941 1942
f 1929 1942 1943
f 1929 1943 1930
f 1930 1943 1939
f 1933 1944 1934
f 1934 1944 1945
f 1934 1945 1936
f 1935 1946 1947
f 1935 1947 1937
f 1935 1936 1949
f 1935 1949 1946
f 1936 1945 1948
f 1936 1948 1960
f 1936 1960 1973
f 1936 1973 1981
f 1936 1981 1971
f 1936 1971 1959
f 1936 1959 1949
f 1938 1939 1950
f 1939 1943 1951
f 1939 1951 1950
f 1940 1952 1953
f 1940 1953 1941
f 1941 1953 1954
f 1941 1954 1942
f 1942 1954 1955
f 1942 1955 1943
f 1943 1955 1956
f 1943 1956 1951
f 1946 1957 1958
f 1946 1958 1947
f 1946 1949 1959
f 1946 1959 1957
f 1952 1961 1962
f 1952 1962 1963
f 1952 1963 1954
f 1952 1954 1953
f 1954 1964 1965
f 1954 1965 1955
f 1954 1963 1964
f 1955 1965 1966
f 1955 1966 1967
f 1955 1967 1968
f 1955 1968 1956
f 1957 1959 1970
f 1957 1970 1969
f 1959 1971 1970
f 1960 1972 1973
f 1961 1974 1975
f 1961 1975 1962
f 1962 1975 1976
f 1962 1976 1977
f 1962 1977 1964
f 1962 1964 1963
f 1964 1977 1965
f 1969 1970 1979
f 1969 1979 1980
f 1969 1980 1978
f 1970 1971 1981
f 1970 1981 1979
f 1972 1982 1973
f 1973 1982 1981
f 1974 1983 1984
f 1974 1984 1985
f 1974 1985 1975
f 1975 1985 1976
f 1976 1985 1984
f 1978 1980 1987
f 1978 1987 1988
f 1978 1988 1989
f 1978 1989 1986
f 1979 1981 1982
f 1979 1982 1987
f 1979 1987 1980
f 1983 1990 1991
f 1983 1991 1984
f 1986 1989 1992
f 1987 1993 1989
f 1987 1989 1988
f 1989 1994 1992
f 1989 1993 1995
f 1989 1995 1994
f 1990 1996 1991
f 1991 1997 1998
f 1991 1996 1999
f 1991 1999 1997
f 1992 1994 2001
f 1992 2001 2000
f 1994 1995 2002
f 1994 2002 2003
f 1994 2003 2001
f 1995 2004 2002
f 1997 2001 2004
f 1997 2004 1998
f 1997 1999 2000
f 1997 2000 2001
f 2001 2003 2004
f 2002 2004 2003
o convex_15
v -0.0167945 -0.772158 -0.503595
v -0.0146897 -0.767965 -0.520396
v -0.00560311 -0.766572 -0.503595
v -0.0167945 -0.772158 -0.470034
v -0.0335644 -0.772158 -0.486814
v -0.0503574 -0.738586 -0.621079
v 0.00558832 -0.760972 -0.503595
v -1.64252e-06 -0.738586 -0.621079
v 0.0111898 -0.732999 -0.621079
v -0.00560311 -0.766572 -0.470034
v -0.0083981 -0.767965 -0.461644
v -0.0163575 -0.755162 -0.419243
v -0.0167945 -0.755372 -0.419671
v -0.0335644 -0.767965 -0.467936
v -0.0447559 -0.766572 -0.481228
v -0.0419609 -0.763772 -0.511985
v -0.0615488 -0.732999 -0.615492
v -0.0587423 -0.730199 -0.629469
v -0.0447559 -0.732999 -0.632273
v 0.0223812 -0.744185 -0.486814
v 0.00558832 -0.760972 -0.470034
v 0.0223812 -0.727399 -0.604298
v 0.00558832 -0.732999 -0.632273
v 0.0125815 -0.730199 -0.629469
v -1.64252e-06 -0.761668 -0.453232
v -0.00574114 -0.749851 -0.419243
v -0.0167945 -0.755162 -0.419243
v -0.0176687 -0.754938 -0.419243
v -0.0419609 -0.763772 -0.465839
v -0.0447559 -0.749785 -0.447646
v -0.0615488 -0.732999 -0.481228
v -0.0783302 -0.716213 -0.598712
v -0.0727402 -0.727399 -0.609885
v -0.0699337 -0.724599 -0.623883
v -0.0755352 -0.713413 -0.629469
v -0.0503574 -0.721799 -0.637881
v 0.0293744 -0.730199 -0.495204
v 0.0335727 -0.721799 -0.486814
v 0.0125815 -0.740689 -0.436452
v 0.0111898 -0.749785 -0.453232
v 0.00838331 -0.751179 -0.444842
v 0.0230713 -0.721799 -0.621079
v 0.0293744 -0.713413 -0.612689
v -1.64252e-06 -0.721799 -0.637881
v 0.0111898 -0.721799 -0.632273
v 0.0054388 -0.744212 -0.419243
v -0.0293892 -0.75014 -0.419243
v -0.0419609 -0.746985 -0.432256
v -0.0451125 -0.734419 -0.419243
v -0.0629405 -0.721799 -0.467936
v -0.0671388 -0.721799 -0.486814
v -0.0839317 -0.705026 -0.604298
v -0.0783302 -0.682653 -0.632273
v -0.0671388 -0.688253 -0.637881
v -0.0839317 -0.688253 -0.621079
v 0.0167798 -0.688253 -0.453232
v 0.012317 -0.68611 -0.419243
v 0.0131451 -0.688253 -0.419243
v 0.0167798 -0.704592 -0.419243
v 0.0167798 -0.721799 -0.419243
v 0.0167798 -0.671453 -0.621079
v 0.0167798 -0.671453 -0.587518
v 0.0111898 -0.732999 -0.419243
v 0.00573785 -0.743896 -0.419243
v 0.0111898 -0.671453 -0.632273
v -1.64252e-06 -0.671453 -0.637881
v -0.0331274 -0.747209 -0.419243
v -0.0421794 -0.738152 -0.419243
v -0.0499203 -0.72268 -0.419243
v -0.0671388 -0.705026 -0.470034
v -0.0502538 -0.721799 -0.419243
v -0.0503574 -0.721365 -0.419243
v -0.0839317 -0.688253 -0.604298
v -0.0615488 -0.64908 -0.632273
v -0.0503574 -0.654667 -0.637881
v -0.0797334 -0.679853 -0.595908
v -0.0615488 -0.643481 -0.621079
v 0.0111898 -0.677053 -0.45884
v 0.00838331 -0.679853 -0.419243
v 0.0111898 -0.660267 -0.626687
v 0.0111898 -0.660267 -0.593104
v 0.00838331 -0.663067 -0.633664
v -0.0167945 -0.654667 -0.637881
v -0.0083981 -0.64628 -0.633664
v -0.0503574 -0.688253 -0.419243
v -0.0502423 -0.687753 -0.419243
v -0.0629405 -0.696639 -0.461644
v -0.0587423 -0.642087 -0.629469
v -0.0503574 -0.643481 -0.632273
v -0.0734303 -0.671453 -0.587518
v -0.0629405 -0.64628 -0.612689
v -0.0727402 -0.665867 -0.604298
v -0.0447904 -0.676856 -0.419243
v -0.0524507 -0.642087 -0.604298
v -0.0503574 -0.637881 -0.621079
v 0.00558832 -0.64908 -0.615492
v 0.00212623 -0.675923 -0.419243
v -0.00560311 -0.643481 -0.626687
v -0.0167945 -0.643481 -0.632273
v -0.0443188 -0.676619 -0.419243
v -0.0335644 -0.671243 -0.419243
v -0.0167945 -0.637881 -0.621079
v -0.0335644 -0.637881 -0.604298
v -1.64252e-06 -0.674648 -0.419243
v -0.0167945 -0.671243 -0.419243
f 2005 2006 2007
f 2005 2007 2014
f 2005 2014 2008
f 2005 2008 2009
f 2005 2009 2010
f 2005 2010 2006
f 2006 2011 2007
f 2006 2010 2012
f 2006 2012 2013
f 2006 2013 2011
f 2007 2011 2025
f 2007 2025 2014
f 2008 2014 2015
f 2008 2015 2016
f 2008 2016 2017
f 2008 2017 2018
f 2008 2018 2009
f 2009 2018 2019
f 2009 2019 2020
f 2009 2020 2010
f 2010 2021 2022
f 2010 2022 2023
f 2010 2023 2027
f 2010 2027 2012
f 2010 2020 2021
f 2011 2024 2025
f 2011 2013 2026
f 2011 2026 2024
f 2012 2027 2013
f 2013 2027 2028
f 2013 2028 2026
f 2014 2025 2015
f 2015 2029 2016
f 2015 2025 2029
f 2016 2030 2050
f 2016 2050 2068
f 2016 2068 2067
f 2016 2067 2064
f 2016 2064 2063
f 2016 2063 2062
f 2016 2062 2061
f 2016 2061 2083
f 2016 2083 2101
f 2016 2101 2108
f 2016 2108 2109
f 2016 2109 2105
f 2016 2105 2104
f 2016 2104 2097
f 2016 2097 2090
f 2016 2090 2089
f 2016 2089 2076
f 2016 2076 2075
f 2016 2075 2073
f 2016 2073 2053
f 2016 2053 2072
f 2016 2072 2071
f 2016 2071 2051
f 2016 2051 2032
f 2016 2032 2031
f 2016 2031 2017
f 2016 2029 2030
f 2017 2031 2032
f 2017 2032 2018
f 2018 2032 2033
f 2018 2033 2019
f 2019 2033 2052
f 2019 2052 2034
f 2019 2034 2035
f 2019 2035 2036
f 2019 2036 2037
f 2019 2037 2020
f 2020 2037 2021
f 2021 2037 2038
f 2021 2038 2022
f 2022 2038 2039
f 2022 2039 2040
f 2022 2040 2023
f 2023 2040 2048
f 2023 2048 2027
f 2024 2041 2042
f 2024 2042 2043
f 2024 2043 2044
f 2024 2044 2025
f 2024 2026 2047
f 2024 2047 2041
f 2025 2044 2045
f 2025 2045 2029
f 2026 2028 2046
f 2026 2046 2047
f 2027 2048 2049
f 2027 2049 2028
f 2028 2049 2046
f 2029 2045 2050
f 2029 2050 2030
f 2032 2051 2033
f 2033 2051 2052
f 2034 2052 2053
f 2034 2053 2035
f 2035 2053 2054
f 2035 2054 2055
f 2035 2055 2056
f 2035 2056 2036
f 2036 2056 2037
f 2037 2056 2039
f 2037 2039 2038
f 2039 2057 2058
f 2039 2058 2040
f 2039 2056 2059
f 2039 2059 2057
f 2040 2058 2079
f 2040 2079 2087
f 2040 2087 2070
f 2040 2070 2048
f 2041 2047 2042
f 2042 2060 2061
f 2042 2061 2062
f 2042 2062 2063
f 2042 2063 2064
f 2042 2064 2043
f 2042 2047 2065
f 2042 2065 2066
f 2042 2066 2060
f 2043 2064 2067
f 2043 2067 2068
f 2043 2068 2045
f 2043 2045 2044
f 2045 2068 2050
f 2046 2049 2069
f 2046 2069 2047
f 2047 2069 2065
f 2048 2070 2069
f 2048 2069 2049
f 2051 2071 2052
f 2052 2071 2072
f 2052 2072 2053
f 2053 2073 2054
f 2054 2074 2055
f 2054 2073 2075
f 2054 2075 2076
f 2054 2076 2074
f 2055 2074 2056
f 2056 2077 2059
f 2056 2074 2077
f 2057 2078 2079
f 2057 2079 2058
f 2057 2059 2078
f 2059 2077 2080
f 2059 2080 2081
f 2059 2081 2078
f 2060 2082 2061
f 2060 2066 2082
f 2061 2082 2083
f 2065 2069 2084
f 2065 2084 2085
f 2065 2085 2066
f 2066 2085 2082
f 2069 2070 2086
f 2069 2086 2084
f 2070 2087 2088
f 2070 2088 2086
f 2074 2076 2089
f 2074 2089 2090
f 2074 2090 2091
f 2074 2091 2080
f 2074 2080 2077
f 2078 2092 2093
f 2078 2093 2079
f 2078 2081 2092
f 2079 2093 2103
f 2079 2103 2087
f 2080 2094 2095
f 2080 2095 2096
f 2080 2096 2081
f 2080 2091 2097
f 2080 2097 2094
f 2081 2096 2095
f 2081 2095 2097
f 2081 2097 2098
f 2081 2098 2099
f 2081 2099 2092
f 2082 2085 2100
f 2082 2100 2083
f 2083 2100 2101
f 2084 2086 2088
f 2084 2088 2102
f 2084 2102 2100
f 2084 2100 2085
f 2087 2103 2088
f 2088 2103 2102
f 2090 2097 2091
f 2092 2099 2093
f 2093 2099 2106
f 2093 2106 2103
f 2094 2097 2095
f 2097 2104 2098
f 2098 2104 2105
f 2098 2105 2099
f 2099 2105 2107
f 2099 2107 2106
f 2100 2102 2106
f 2100 2106 2108
f 2100 2108 2101
f 2102 2103 2106
f 2105 2109 2107
f 2106 2107 2109
f 2106 2109 2108
o convex_16
v 0.302154 0.285368 0.0671938
v 0.302154 0.249149 0.0671938
v 0.302154 0.285368 0.0336022
v 0.285354 0.328766 0.100785
v 0.283392 0.328766 0.115591
v 0.285354 0.318937 0.117546
v 0.285354 0.285368 0.151068
v 0.285354 0.251799 0.167829
v 0.302154 0.249149 -0.0335111
v 0.285354 0.249149 0.167829
v 0.285354 0.328766 0.0434493
v 0.302154 0.268588 -0.0167502
v 0.266593 0.328766 0.182634
v 0.276967 0.327332 0.142688
v 0.268579 0.318937 0.18459
v 0.282706 0.249149 0.173137
v 0.268579 0.268588 0.201421
v 0.301492 0.249149 -0.0365141
v 0.302154 0.251799 -0.0335111
v 0.282902 0.328766 0.0323452
v 0.296538 0.279772 -0.0223372
v 0.297936 0.268588 -0.0356062
v 0.256538 0.328766 0.206169
v 0.257371 0.324534 0.207008
v 0.268579 0.249149 0.201421
v 0.257371 0.274184 0.223768
v 0.281823 0.249149 -0.119271
v 0.281161 0.328766 0.0245234
v 0.293742 0.276982 -0.0377013
v 0.281161 0.251799 -0.11955
v 0.130112 0.328766 0.465125
v 0.257371 0.249149 0.223768
v 0.264361 0.249149 -0.155796
v 0.260167 0.310543 -0.0712929
v 0.276231 0.328766 0.0136987
v 0.276967 0.260194 -0.121645
v 0.260167 0.293755 -0.104885
v 0.124078 0.328766 0.476509
v 0.125918 0.281175 0.444803
v 0.141663 0.249149 0.396545
v 0.240278 0.249149 -0.204053
v 0.208371 0.328766 -0.0873555
v 0.258745 0.328766 -0.0202421
v 0.260167 0.260194 -0.155237
v 0.264361 0.268588 -0.136381
v 0.262963 0.279772 -0.123042
v 0.235005 0.249149 -0.213341
v 0.226593 0.310543 -0.104885
v 0.107279 0.328766 0.493339
v 0.0839556 0.313341 0.492362
v 0.100731 0.262992 0.442009
v 0.124422 0.249149 0.417776
v 0.12891 0.249149 0.414842
v 0.132466 0.249149 0.409744
v 0.20143 0.328766 -0.0920345
v 0.218205 0.249149 -0.208453
v 0.0516318 0.286202 -0.139663
v 0.0516318 0.307745 -0.123042
v 0.0516318 0.324534 -0.106281
v 0.184631 0.324534 -0.106281
v 0.0968558 0.328766 0.49739
v 0.0917791 0.328766 0.498577
v 0.0839556 0.328766 0.500113
v 0.0769906 0.328766 0.500113
v 0.0755436 0.327332 0.499345
v 0.0587685 0.327332 0.490965
v 0.0839556 0.296553 0.475601
v 0.0839556 0.262992 0.442009
v 0.100731 0.249149 0.426715
v 0.103257 0.249149 0.426086
v 0.107156 0.249149 0.42469
v 0.184631 0.328766 -0.097831
v 0.0516318 0.249149 -0.156983
v 0.0516318 0.251799 -0.156424
v 0.0516318 0.285368 -0.140082
v 0.0516318 0.328766 -0.097831
v 0.0741211 0.328766 0.498996
v 0.0602155 0.328766 0.492012
v 0.0558746 0.328766 0.4888
v 0.0587685 0.310543 0.474204
v 0.0587685 0.260194 0.423851
v 0.0839556 0.249149 0.426715
v 0.0751021 0.249149 0.422245
v 0.0516318 0.249149 0.394939
v 0.0516318 0.328766 0.481886
v 0.0516318 0.267341 0.42022
v 0.0558991 0.249149 0.405624
v 0.0645074 0.249149 0.415681
v 0.0516318 0.263592 0.415261
f 2110 2111 2118
f 2110 2118 2128
f 2110 2128 2121
f 2110 2121 2112
f 2110 2112 2120
f 2110 2120 2113
f 2110 2113 2114
f 2110 2114 2115
f 2110 2115 2116
f 2110 2116 2117
f 2110 2117 2119
f 2110 2119 2111
f 2111 2119 2125
f 2111 2125 2134
f 2111 2134 2141
f 2111 2141 2149
f 2111 2149 2163
f 2111 2163 2162
f 2111 2162 2161
f 2111 2161 2180
f 2111 2180 2179
f 2111 2179 2178
f 2111 2178 2191
f 2111 2191 2192
f 2111 2192 2197
f 2111 2197 2196
f 2111 2196 2193
f 2111 2193 2182
f 2111 2182 2165
f 2111 2165 2156
f 2111 2156 2150
f 2111 2150 2142
f 2111 2142 2136
f 2111 2136 2127
f 2111 2127 2118
f 2112 2121 2120
f 2113 2120 2129
f 2113 2129 2137
f 2113 2137 2144
f 2113 2144 2152
f 2113 2152 2151
f 2113 2151 2164
f 2113 2164 2181
f 2113 2181 2185
f 2113 2185 2194
f 2113 2194 2188
f 2113 2188 2187
f 2113 2187 2186
f 2113 2186 2173
f 2113 2173 2172
f 2113 2172 2171
f 2113 2171 2170
f 2113 2170 2158
f 2113 2158 2147
f 2113 2147 2140
f 2113 2140 2132
f 2113 2132 2122
f 2113 2122 2114
f 2114 2122 2123
f 2114 2123 2124
f 2114 2124 2116
f 2114 2116 2115
f 2116 2124 2117
f 2117 2125 2119
f 2117 2124 2126
f 2117 2126 2125
f 2118 2127 2128
f 2120 2121 2130
f 2120 2130 2129
f 2121 2128 2131
f 2121 2131 2130
f 2122 2132 2124
f 2122 2124 2123
f 2124 2132 2133
f 2124 2133 2126
f 2125 2126 2134
f 2126 2133 2135
f 2126 2135 2141
f 2126 2141 2134
f 2127 2136 2128
f 2128 2136 2131
f 2129 2130 2137
f 2130 2131 2138
f 2130 2138 2137
f 2131 2136 2139
f 2131 2139 2145
f 2131 2145 2138
f 2132 2140 2133
f 2133 2140 2135
f 2135 2140 2141
f 2136 2142 2139
f 2137 2143 2144
f 2137 2138 2145
f 2137 2145 2146
f 2137 2146 2143
f 2139 2142 2145
f 2140 2147 2141
f 2141 2147 2148
f 2141 2148 2149
f 2142 2150 2145
f 2143 2151 2152
f 2143 2152 2144
f 2143 2146 2151
f 2145 2150 2153
f 2145 2153 2154
f 2145 2154 2155
f 2145 2155 2146
f 2146 2155 2156
f 2146 2156 2157
f 2146 2157 2151
f 2147 2158 2148
f 2148 2158 2159
f 2148 2159 2160
f 2148 2160 2161
f 2148 2161 2162
f 2148 2162 2163
f 2148 2163 2149
f 2150 2156 2153
f 2151 2157 2156
f 2151 2156 2164
f 2153 2156 2154
f 2154 2156 2155
f 2156 2165 2166
f 2156 2166 2167
f 2156 2167 2168
f 2156 2168 2169
f 2156 2169 2164
f 2158 2170 2159
f 2159 2170 2171
f 2159 2171 2172
f 2159 2172 2173
f 2159 2173 2174
f 2159 2174 2175
f 2159 2175 2189
f 2159 2189 2176
f 2159 2176 2160
f 2160 2176 2177
f 2160 2177 2191
f 2160 2191 2178
f 2160 2178 2179
f 2160 2179 2180
f 2160 2180 2161
f 2164 2169 2181
f 2165 2182 2183
f 2165 2183 2184
f 2165 2184 2166
f 2166 2184 2183
f 2166 2183 2182
f 2166 2182 2193
f 2166 2193 2198
f 2166 2198 2195
f 2166 2195 2194
f 2166 2194 2185
f 2166 2185 2168
f 2166 2168 2167
f 2168 2185 2181
f 2168 2181 2169
f 2173 2186 2174
f 2174 2186 2175
f 2175 2186 2187
f 2175 2187 2188
f 2175 2188 2189
f 2176 2189 2190
f 2176 2190 2177
f 2177 2190 2192
f 2177 2192 2191
f 2188 2194 2195
f 2188 2195 2190
f 2188 2190 2189
f 2190 2195 2196
f 2190 2196 2197
f 2190 2197 2192
f 2193 2196 2198
f 2195 2198 2196
o convex_17
v 0.0516073 0.328766 0.481906
v 0.0503548 0.328766 0.481486
v 0.0516073 0.267341 0.420251
v 0.0516073 0.328766 -0.0978327
v 0.0448379 0.328766 0.477777
v 0.0419602 0.276982 0.42382
v 0.0516073 0.263592 0.415282
v 0.0516073 0.324534 -0.106301
v 0.00559358 0.290957 -0.23304
v -0.0148188 0.301167 -0.23304
v -0.016787 0.302149 -0.23304
v -1.27489e-05 0.328766 -0.114559
v 0.0266173 0.328766 0.459581
v 0.0419602 0.327332 0.474207
v 0.0419602 0.293755 0.440616
v 0.0516073 0.249149 0.394917
v 0.025171 0.327332 0.457412
v -0.0559419 0.249149 0.223809
v 0.0516073 0.307745 -0.123097
v 0.0283768 0.270552 -0.23304
v 0.025171 0.276982 -0.23304
v -0.0391676 0.290957 -0.23304
v -0.0717768 0.328766 -0.0214114
v -0.0491725 0.328766 -0.0624213
v -0.0288496 0.328766 -0.0959432
v -0.0120753 0.328766 -0.112739
v 0.0244553 0.328766 0.457062
v 0.0516073 0.249149 -0.156968
v 0.00838184 0.327332 0.42382
v -0.0624279 0.249149 0.210862
v 0.0516073 0.286202 -0.139682
v 0.0335656 0.251799 -0.23304
v -0.044103 0.281089 -0.23304
v -0.0783225 0.274184 -0.145421
v -0.0755342 0.281175 -0.142622
v -0.0727311 0.290957 -0.134224
v -0.0587451 0.297956 -0.159418
v -0.0766376 0.328766 -0.010564
v 0.00766614 0.328766 0.42347
v 0.0335656 0.249149 -0.23304
v 0.0516073 0.251581 -0.156478
v -0.0839288 0.249149 0.167822
v -0.0792171 0.249149 0.17727
v 0.0516073 0.285368 -0.140102
v 0.0516073 0.251799 -0.156408
v -0.0503505 0.268588 -0.23304
v -0.0839288 0.268588 -0.134224
v -0.0797241 0.287473 -0.117498
v -0.0755342 0.297956 -0.1091
v -0.081737 0.328766 0.00875124
v 0.004192 0.328766 0.414792
v -0.0503505 0.249149 -0.23304
v -0.0839288 0.268588 0.167822
v -0.100718 0.268588 0.117505
v -0.0965132 0.251799 0.119604
v -0.0965132 0.249149 0.117015
v -0.100718 0.251799 -0.0671102
v -0.100718 0.268588 -0.0503143
v -0.0839288 0.285368 -0.100702
v -0.0839288 0.251799 -0.134224
v -0.0965132 0.287473 -0.0335184
v -0.0895202 0.307745 -0.0167225
v -0.0783225 0.296553 -0.100702
v -0.0839288 0.328766 0.0266669
v -0.0775621 0.328766 0.160894
v -0.0797241 0.327332 0.159424
v -0.0839288 0.318937 0.151026
v -0.083392 0.249149 -0.133734
v -0.100718 0.285368 0.100779
v -0.100718 0.251799 0.100779
v -0.100718 0.249149 0.0981194
v -0.100718 0.249149 -0.0671102
v -0.100718 0.285368 -0.0167225
v -0.100718 0.302149 0.0839829
v -0.0895202 0.324534 0.0839829
v -0.087403 0.328766 0.0839829
v -0.0790084 0.328766 0.155085
v -0.0865382 0.328766 0.110576
v -0.0965132 0.310543 0.0923808
v -0.087403 0.328766 0.0903513
f 2199 2200 2201
f 2199 2201 2205
f 2199 2205 2214
f 2199 2214 2226
f 2199 2226 2239
f 2199 2239 2243
f 2199 2243 2242
f 2199 2242 2229
f 2199 2229 2217
f 2199 2217 2206
f 2199 2206 2202
f 2199 2202 2210
f 2199 2210 2224
f 2199 2224 2223
f 2199 2223 2222
f 2199 2222 2221
f 2199 2221 2236
f 2199 2236 2248
f 2199 2248 2262
f 2199 2262 2274
f 2199 2274 2278
f 2199 2278 2276
f 2199 2276 2275
f 2199 2275 2263
f 2199 2263 2249
f 2199 2249 2237
f 2199 2237 2225
f 2199 2225 2211
f 2199 2211 2203
f 2199 2203 2200
f 2200 2203 2204
f 2200 2204 2201
f 2201 2204 2205
f 2202 2206 2207
f 2202 2207 2208
f 2202 2208 2209
f 2202 2209 2210
f 2203 2211 2212
f 2203 2212 2213
f 2203 2213 2204
f 2204 2214 2205
f 2204 2213 2215
f 2204 2215 2216
f 2204 2216 2214
f 2206 2217 2218
f 2206 2218 2219
f 2206 2219 2207
f 2207 2219 2218
f 2207 2218 2230
f 2207 2230 2238
f 2207 2238 2250
f 2207 2250 2244
f 2207 2244 2231
f 2207 2231 2220
f 2207 2220 2209
f 2207 2209 2208
f 2209 2220 2221
f 2209 2221 2222
f 2209 2222 2223
f 2209 2223 2224
f 2209 2224 2210
f 2211 2225 2215
f 2211 2215 2212
f 2212 2215 2213
f 2214 2216 2228
f 2214 2228 2241
f 2214 2241 2240
f 2214 2240 2254
f 2214 2254 2269
f 2214 2269 2270
f 2214 2270 2266
f 2214 2266 2250
f 2214 2250 2238
f 2214 2238 2226
f 2215 2225 2237
f 2215 2237 2227
f 2215 2227 2241
f 2215 2241 2228
f 2215 2228 2216
f 2217 2229 2230
f 2217 2230 2218
f 2220 2231 2232
f 2220 2232 2233
f 2220 2233 2234
f 2220 2234 2235
f 2220 2235 2236
f 2220 2236 2221
f 2226 2238 2230
f 2226 2230 2239
f 2227 2237 2240
f 2227 2240 2241
f 2229 2242 2230
f 2230 2242 2243
f 2230 2243 2239
f 2231 2244 2232
f 2232 2245 2246
f 2232 2246 2233
f 2232 2244 2245
f 2233 2246 2234
f 2234 2246 2247
f 2234 2247 2235
f 2235 2247 2236
f 2236 2247 2248
f 2237 2249 2240
f 2240 2251 2252
f 2240 2252 2253
f 2240 2253 2254
f 2240 2249 2251
f 2244 2250 2258
f 2244 2258 2245
f 2245 2255 2256
f 2245 2256 2257
f 2245 2257 2246
f 2245 2258 2270
f 2245 2270 2255
f 2246 2257 2271
f 2246 2271 2259
f 2246 2259 2260
f 2246 2260 2261
f 2246 2261 2247
f 2247 2261 2248
f 2248 2261 2260
f 2248 2260 2262
f 2249 2263 2264
f 2249 2264 2265
f 2249 2265 2252
f 2249 2252 2251
f 2250 2266 2258
f 2252 2254 2253
f 2252 2265 2267
f 2252 2267 2272
f 2252 2272 2271
f 2252 2271 2256
f 2252 2256 2255
f 2252 2255 2270
f 2252 2270 2269
f 2252 2269 2268
f 2252 2268 2254
f 2254 2268 2269
f 2256 2271 2257
f 2258 2266 2270
f 2259 2271 2260
f 2260 2271 2262
f 2262 2271 2272
f 2262 2272 2273
f 2262 2273 2274
f 2263 2275 2264
f 2264 2275 2276
f 2264 2276 2277
f 2264 2277 2272
f 2264 2272 2265
f 2265 2272 2267
f 2272 2277 2278
f 2272 2278 2273
f 2273 2278 2274
f 2276 2278 2277
