o convex_0
v 8.49309e-05 0.264579 0.936205
v -0.0814286 0.264579 0.936205
v 8.49309e-05 0.244226 0.936205
v 8.49309e-05 0.291706 0.922634
v -0.122141 0.244226 0.936205
v -0.0339313 0.291706 0.922634
v -0.0882139 0.278127 0.92942
v -0.244217 0.000407942 0.936205
v 8.49309e-05 0.217068 0.922634
v 8.49309e-05 0.305284 0.895492
v -0.162793 0.223873 0.936205
v -0.128926 0.257774 0.92942
v -0.0407167 0.305284 0.895492
v -0.047502 0.29848 0.909063
v -0.106866 0.274755 0.926027
v -0.264572 0.000407942 0.936205
v -0.217075 0.000407942 0.922634
v 8.49309e-05 0.196715 0.902277
v 8.49309e-05 0.183167 0.610597
v -4.74319e-06 0.183167 0.593029
v -0.169578 0.237421 0.92942
v -0.185689 0.223873 0.931099
v -0.223861 0.162814 0.936205
v -0.147578 0.254402 0.926027
v -0.0407167 0.183167 0.593029
v -0.0509096 0.300181 0.885313
v -0.101785 0.284931 0.895492
v -0.104325 0.279828 0.915849
v -0.264572 0.0814318 0.936205
v -0.291714 0.000407942 0.922634
v -0.196719 0.000407942 0.902277
v 8.49309e-05 0.15601 0.841207
v 8.49309e-05 0.174721 0.593029
v -0.208586 0.213696 0.926027
v -0.226401 0.183167 0.931099
v -0.244217 0.122138 0.936205
v -0.145037 0.259475 0.915849
v -0.169578 0.251 0.895492
v -0.189934 0.230647 0.915849
v -0.0604449 0.17878 0.593029
v -0.111948 0.279828 0.885313
v -0.128926 0.271353 0.895492
v -0.267113 0.101785 0.931099
v -0.278143 0.0814318 0.92942
v -0.291714 0.0407259 0.922634
v -0.305284 0.000407942 0.895492
v -0.156007 0.000407942 0.841207
v 8.49309e-05 0.142491 0.814065
v -4.74319e-06 0.122138 0.593029
v 8.49309e-05 0.122138 0.610597
v -0.239135 0.17299 0.926027
v -0.218779 0.213696 0.90567
v -0.246757 0.142491 0.931099
v -0.142467 0.264579 0.895492
v -0.15263 0.259475 0.885313
v -0.213698 0.218769 0.885313
v -0.217075 0.217068 0.895492
v -0.101157 0.158427 0.593029
v -0.259491 0.132314 0.926027
v -0.279817 0.0916083 0.926027
v -0.292551 0.0610788 0.915849
v -0.300173 0.0509024 0.90567
v -0.305284 0.0407259 0.895492
v -0.183149 0.000407942 0.593029
v -0.142467 0.000407942 0.814065
v 8.49309e-05 0.122138 0.753162
v -0.122141 0.000407942 0.593029
v -0.121961 0.000407942 0.611001
v 8.49309e-05 0.122078 0.631021
v -0.251839 0.162814 0.915849
v -0.251002 0.169588 0.895492
v -0.10304 0.157472 0.593029
v -0.105013 0.156308 0.593029
v -0.118075 0.147803 0.593029
v -0.13616 0.134761 0.593029
v -0.146592 0.124943 0.593029
v -0.272195 0.122138 0.915849
v -0.279817 0.111961 0.90567
v -0.284928 0.101785 0.895492
v -0.298499 0.0475002 0.881921
v -0.183149 0.0407259 0.593029
v -0.12226 0.000407942 0.753532
v -0.122141 0.000407942 0.753061
v -0.121931 0.000407942 0.651277
v 8.49309e-05 0.122078 0.651244
v -0.121931 0.000407942 0.631559
v -0.259491 0.152667 0.90567
v -0.264572 0.142491 0.895492
v -0.25438 0.157711 0.885313
v -0.257787 0.149265 0.881921
v -0.168442 0.0833119 0.593029
v -0.278143 0.108559 0.881921
v -0.169369 0.0814318 0.593029
f 1 2 5
f 1 5 11
f 1 11 23
f 1 23 36
f 1 36 29
f 1 29 16
f 1 16 8
f 1 8 3
f 1 3 9
f 1 9 18
f 1 18 32
f 1 32 48
f 1 48 66
f 1 66 85
f 1 85 69
f 1 69 50
f 1 50 33
f 1 33 19
f 1 19 10
f 1 10 4
f 1 4 6
f 1 6 2
f 2 6 7
f 2 7 12
f 2 12 5
f 3 8 9
f 4 10 13
f 4 13 6
f 5 12 21
f 5 21 11
f 6 13 14
f 6 14 7
f 7 14 15
f 7 15 24
f 7 24 12
f 8 16 30
f 8 30 46
f 8 46 64
f 8 64 67
f 8 67 68
f 8 68 86
f 8 86 84
f 8 84 83
f 8 83 82
f 8 82 65
f 8 65 47
f 8 47 31
f 8 31 17
f 8 17 9
f 9 17 18
f 10 19 20
f 10 20 25
f 10 25 13
f 11 21 22
f 11 22 35
f 11 35 23
f 12 24 21
f 13 25 26
f 13 26 27
f 13 27 28
f 13 28 14
f 14 28 15
f 15 28 37
f 15 37 24
f 16 29 44
f 16 44 45
f 16 45 30
f 17 31 18
f 18 31 32
f 19 33 20
f 20 33 49
f 20 49 67
f 20 67 64
f 20 64 81
f 20 81 93
f 20 93 91
f 20 91 76
f 20 76 75
f 20 75 74
f 20 74 73
f 20 73 72
f 20 72 58
f 20 58 40
f 20 40 25
f 21 24 34
f 21 34 22
f 22 34 35
f 23 35 53
f 23 53 36
f 24 37 38
f 24 38 39
f 24 39 34
f 25 40 26
f 26 41 27
f 26 40 41
f 27 41 42
f 27 42 37
f 27 37 28
f 29 36 53
f 29 53 43
f 29 43 44
f 30 45 63
f 30 63 46
f 31 47 32
f 32 47 48
f 33 50 49
f 34 51 35
f 34 39 52
f 34 52 51
f 35 51 59
f 35 59 53
f 37 42 54
f 37 54 38
f 38 54 55
f 38 55 56
f 38 56 57
f 38 57 52
f 38 52 39
f 40 58 41
f 41 55 42
f 41 58 55
f 42 55 54
f 43 53 59
f 43 59 60
f 43 60 44
f 44 60 45
f 45 60 61
f 45 61 62
f 45 62 63
f 46 63 81
f 46 81 64
f 47 65 48
f 48 65 66
f 49 50 68
f 49 68 67
f 50 69 68
f 51 52 70
f 51 70 77
f 51 77 59
f 52 57 71
f 52 71 70
f 55 58 72
f 55 72 73
f 55 73 74
f 55 74 56
f 56 71 57
f 56 74 75
f 56 75 76
f 56 76 71
f 59 77 60
f 60 77 78
f 60 78 62
f 60 62 61
f 62 78 79
f 62 79 63
f 63 79 92
f 63 92 80
f 63 80 81
f 65 82 66
f 66 82 83
f 66 83 84
f 66 84 85
f 68 69 86
f 69 85 84
f 69 84 86
f 70 71 87
f 70 87 77
f 71 88 87
f 71 76 89
f 71 89 90
f 71 90 88
f 76 91 90
f 76 90 89
f 77 87 78
f 78 87 79
f 79 87 88
f 79 88 90
f 79 90 92
f 80 92 81
f 81 92 93
f 90 91 92
f 91 93 92
o convex_1
v -0.0407167 -0.305254 0.895492
v 8.49309e-05 -0.305195 0.895324
v 8.49309e-05 -0.305254 0.895492
v -0.0407167 -0.298492 0.909063
v -0.101785 -0.27982 0.918368
v -0.101785 -0.284907 0.895492
v -0.0607737 -0.178142 0.593029
v -0.0407167 -0.183169 0.593029
v -4.74319e-06 -0.183169 0.593029
v 8.49309e-05 -0.183169 0.610597
v 8.49309e-05 -0.298462 0.909097
v -4.74319e-06 -0.298492 0.909063
v -0.0407167 -0.291699 0.922634
v -0.115355 -0.278144 0.902277
v -0.0814286 -0.278144 0.92942
v -0.0915916 -0.274733 0.931099
v -0.111948 -0.274733 0.920921
v -0.128926 -0.271352 0.888706
v -0.060983 -0.178052 0.593029
v 8.49309e-05 -0.130565 0.593029
v 8.49309e-05 -0.291699 0.922634
v -0.156007 -0.257767 0.902277
v -0.169578 -0.251004 0.888706
v -0.15263 -0.254386 0.920921
v -4.74319e-06 -0.278144 0.92942
v -0.0814286 -0.264559 0.936205
v -0.132304 -0.254386 0.931099
v -0.114997 -0.151152 0.593029
v -0.0621487 -0.177544 0.593029
v -4.74319e-06 -0.122126 0.593029
v 8.49309e-05 -0.122126 0.610597
v 8.49309e-05 -0.264559 0.936205
v -0.217075 -0.217072 0.902277
v -0.213698 -0.21369 0.885313
v -0.129912 -0.140738 0.593029
v -0.172986 -0.234038 0.931099
v -0.213698 -0.21369 0.920921
v -0.122141 -0.244212 0.936205
v -0.122141 0.000378032 0.593029
v -0.121961 0.000378032 0.611001
v 8.49309e-05 -0.122096 0.630954
v 8.49309e-05 -0.244212 0.936205
v -0.257787 -0.156029 0.902277
v -0.251002 -0.169584 0.888706
v -0.140763 -0.129906 0.593029
v -0.135711 -0.135711 0.593029
v -0.162793 -0.223864 0.936205
v -0.213698 -0.193343 0.931099
v -0.234024 -0.172965 0.931099
v -0.237431 -0.176377 0.922634
v -0.25438 -0.152618 0.920921
v -0.183149 0.000378032 0.593029
v -0.121931 0.000378032 0.631559
v 8.49309e-05 -0.122096 0.671634
v -0.244217 0.000378032 0.936205
v 8.49309e-05 -0.217072 0.922634
v -0.217075 0.000378032 0.922634
v -0.278143 -0.115334 0.902277
v -0.271358 -0.128919 0.888706
v -0.274736 -0.111953 0.920921
v -0.151135 -0.114975 0.593029
v -0.203505 -0.183169 0.936205
v -0.223861 -0.162792 0.936205
v -0.25438 -0.1323 0.931099
v -0.183149 -0.0407061 0.593029
v -0.305284 0.000378032 0.895492
v -0.121931 0.000378032 0.651277
v 8.49309e-05 -0.122126 0.753061
v -0.264572 0.000378032 0.936205
v 8.49309e-05 -0.196724 0.902277
v -0.196719 0.000378032 0.902277
v -0.284928 -0.101779 0.895492
v -0.279817 -0.101779 0.918368
v -0.178157 -0.0607545 0.593029
v -0.177529 -0.0621309 0.593029
v -0.172986 -0.0712574 0.593029
v -0.274736 -0.091605 0.931099
v -0.244217 -0.122126 0.936205
v -0.305284 -0.0407061 0.895492
v -0.291714 0.000378032 0.922634
v -0.122141 0.000378032 0.753061
v -0.12226 0.000378032 0.753532
v 8.49309e-05 -0.122156 0.753162
v -0.264572 -0.0814312 0.936205
v 8.49309e-05 -0.156029 0.841207
v -0.156007 0.000378032 0.841207
v -0.278143 -0.0814312 0.92942
v -0.291714 -0.0407061 0.922634
v -0.142467 0.000378032 0.814065
v 8.49309e-05 -0.142474 0.814065
v 8.49309e-05 -0.152678 0.834522
f 94 95 96
f 94 96 105
f 94 105 97
f 94 97 98
f 94 98 99
f 94 99 100
f 94 100 101
f 94 101 95
f 95 101 102
f 95 102 103
f 95 103 113
f 95 113 124
f 95 124 134
f 95 134 147
f 95 147 161
f 95 161 176
f 95 176 183
f 95 183 184
f 95 184 178
f 95 178 163
f 95 163 149
f 95 149 135
f 95 135 125
f 95 125 114
f 95 114 104
f 95 104 96
f 96 104 105
f 97 105 114
f 97 114 106
f 97 106 98
f 98 107 99
f 98 106 108
f 98 108 109
f 98 109 110
f 98 110 107
f 99 107 111
f 99 111 100
f 100 112 122
f 100 122 121
f 100 121 128
f 100 128 139
f 100 139 138
f 100 138 154
f 100 154 169
f 100 169 168
f 100 168 167
f 100 167 158
f 100 158 145
f 100 145 132
f 100 132 123
f 100 123 113
f 100 113 102
f 100 102 101
f 100 111 112
f 102 113 103
f 104 114 105
f 106 114 118
f 106 118 108
f 107 115 116
f 107 116 111
f 107 110 117
f 107 117 115
f 108 118 125
f 108 125 119
f 108 119 109
f 109 119 131
f 109 131 120
f 109 120 110
f 110 120 129
f 110 129 117
f 111 116 121
f 111 121 122
f 111 122 112
f 113 123 124
f 114 125 118
f 115 126 116
f 115 117 130
f 115 130 126
f 116 126 127
f 116 127 128
f 116 128 121
f 117 129 130
f 119 125 135
f 119 135 148
f 119 148 162
f 119 162 177
f 119 177 171
f 119 171 156
f 119 156 155
f 119 155 140
f 119 140 131
f 120 131 129
f 123 132 133
f 123 133 124
f 124 133 134
f 126 136 137
f 126 137 127
f 126 130 136
f 127 137 138
f 127 138 139
f 127 139 128
f 129 131 140
f 129 140 155
f 129 155 141
f 129 141 130
f 130 141 142
f 130 142 143
f 130 143 144
f 130 144 136
f 132 145 159
f 132 159 173
f 132 173 162
f 132 162 148
f 132 148 150
f 132 150 164
f 132 164 179
f 132 179 182
f 132 182 175
f 132 175 174
f 132 174 160
f 132 160 146
f 132 146 133
f 133 146 134
f 134 146 160
f 134 160 147
f 135 149 150
f 135 150 148
f 136 151 165
f 136 165 152
f 136 152 137
f 136 144 153
f 136 153 151
f 137 152 154
f 137 154 138
f 141 155 156
f 141 156 142
f 142 156 171
f 142 171 157
f 142 157 153
f 142 153 144
f 142 144 143
f 145 158 172
f 145 172 159
f 147 160 161
f 149 163 164
f 149 164 150
f 151 153 166
f 151 166 165
f 152 165 167
f 152 167 168
f 152 168 169
f 152 169 154
f 153 157 170
f 153 170 166
f 157 171 177
f 157 177 170
f 158 167 172
f 159 172 181
f 159 181 173
f 160 174 161
f 161 174 175
f 161 175 176
f 162 173 181
f 162 181 180
f 162 180 177
f 163 178 179
f 163 179 164
f 165 166 172
f 165 172 167
f 166 170 180
f 166 180 181
f 166 181 172
f 170 177 180
f 175 182 183
f 175 183 176
f 178 184 179
f 179 184 182
f 182 184 183
o convex_2
v 0.0407145 0.305284 0.895492
v 0.0542776 0.298494 0.888716
v 0.0407145 0.298494 0.881929
v 8.49309e-05 0.305284 0.895492
v 0.0339329 0.298494 0.909067
v 0.047496 0.291704 0.922631
v 0.111966 0.274743 0.926018
v 0.101778 0.284914 0.895492
v 0.0509017 0.295085 0.880235
v 0.115341 0.278124 0.888716
v 0.111966 0.274743 0.880235
v 0.0203698 0.215876 0.818491
v 8.49309e-05 0.298494 0.881929
v 8.49309e-05 0.298494 0.909067
v 8.49309e-05 0.295057 0.915935
v 8.49309e-05 0.291704 0.922631
v 8.49309e-05 0.284999 0.925984
v 0.0814336 0.264572 0.936194
v 0.0746521 0.278124 0.929418
v 0.128904 0.271362 0.90228
v 0.152655 0.254401 0.926018
v 0.142468 0.264572 0.895492
v 0.0814336 0.201188 0.818491
v 0.156031 0.257782 0.888716
v 0.0883645 0.198432 0.818491
v 0.152655 0.254401 0.880235
v 8.49309e-05 0.215876 0.818491
v 8.49309e-05 0.264572 0.936194
v 0.162812 0.22386 0.936194
v 0.169594 0.250992 0.90228
v 0.179751 0.220479 0.932806
v 0.213689 0.213689 0.926018
v 0.217065 0.217069 0.888716
v 0.129054 0.178062 0.818491
v 0.213689 0.213689 0.880235
v 8.49309e-05 0.144679 0.818491
v 8.49309e-05 0.244202 0.936194
v 0.183157 0.203518 0.936194
v 0.200126 0.200108 0.932806
v 0.22047 0.179766 0.932806
v 0.254378 0.152663 0.926018
v 0.230657 0.189937 0.922631
v 0.251002 0.169595 0.90228
v 0.257784 0.156043 0.888716
v 0.145395 0.165731 0.818491
v 0.254378 0.152663 0.880235
v 0.178078 0.129053 0.818491
v 0.16574 0.145418 0.818491
v 8.49309e-05 0.149282 0.827721
v 0.144678 0.0150416 0.818491
v 0.154238 0.0150416 0.837689
v 0.156031 0.0150416 0.841239
v 8.49309e-05 0.217069 0.922631
v 0.244221 0.0150416 0.936194
v 0.223846 0.162805 0.936194
v 0.274752 0.11195 0.926018
v 0.244221 0.122121 0.936194
v 0.271347 0.128911 0.90228
v 0.264565 0.142492 0.895492
v 0.278128 0.115331 0.888716
v 0.274752 0.11195 0.880235
v 0.198423 0.0883409 0.818491
v 8.49309e-05 0.156043 0.841239
v 0.211597 0.0150416 0.818491
v 0.19672 0.0150416 0.90228
v 8.49309e-05 0.196727 0.90228
v 0.217065 0.0150416 0.922631
v 0.240666 0.0150416 0.934431
v 0.264565 0.0150416 0.936194
v 0.264565 0.0814372 0.936194
v 0.278128 0.074647 0.929418
v 0.291691 0.0475149 0.922631
v 0.305284 0.0407248 0.895492
v 0.28491 0.101779 0.895492
v 0.298473 0.0542766 0.888716
v 0.295097 0.0508958 0.880235
v 0.201201 0.0814372 0.818491
v 0.205712 0.0610668 0.818491
v 0.298473 0.0407248 0.881929
v 0.298473 0.0150416 0.881929
v 0.275201 0.0150416 0.930893
v 0.291691 0.0150416 0.922631
v 0.297756 0.0150416 0.910542
v 0.305284 0.0150416 0.895492
f 185 186 187
f 185 187 197
f 185 197 188
f 185 188 198
f 185 198 189
f 185 189 190
f 185 190 191
f 185 191 192
f 185 192 194
f 185 194 186
f 186 193 187
f 186 194 195
f 186 195 193
f 187 193 196
f 187 196 211
f 187 211 197
f 188 197 211
f 188 211 220
f 188 220 233
f 188 233 247
f 188 247 250
f 188 250 237
f 188 237 221
f 188 221 212
f 188 212 201
f 188 201 200
f 188 200 199
f 188 199 198
f 189 198 199
f 189 199 190
f 190 199 200
f 190 200 201
f 190 201 202
f 190 202 203
f 190 203 191
f 191 204 192
f 191 203 202
f 191 202 205
f 191 205 204
f 192 204 206
f 192 206 208
f 192 208 194
f 193 207 196
f 193 195 207
f 194 208 210
f 194 210 195
f 195 209 207
f 195 210 209
f 196 207 209
f 196 209 218
f 196 218 229
f 196 229 232
f 196 232 231
f 196 231 246
f 196 246 261
f 196 261 262
f 196 262 248
f 196 248 234
f 196 234 220
f 196 220 211
f 201 212 202
f 202 212 221
f 202 221 238
f 202 238 253
f 202 253 254
f 202 254 241
f 202 241 239
f 202 239 222
f 202 222 213
f 202 213 205
f 204 205 214
f 204 214 208
f 204 208 206
f 205 213 215
f 205 215 216
f 205 216 214
f 208 214 217
f 208 217 219
f 208 219 210
f 209 210 218
f 210 219 218
f 213 222 224
f 213 224 223
f 213 223 215
f 214 216 217
f 215 223 216
f 216 224 225
f 216 225 226
f 216 226 227
f 216 227 217
f 216 223 224
f 217 227 228
f 217 228 219
f 218 219 229
f 219 228 230
f 219 230 231
f 219 231 232
f 219 232 229
f 220 234 235
f 220 235 236
f 220 236 233
f 221 237 238
f 222 239 224
f 224 239 225
f 225 240 227
f 225 227 226
f 225 239 241
f 225 241 240
f 227 240 242
f 227 242 243
f 227 243 228
f 228 243 258
f 228 258 244
f 228 244 245
f 228 245 230
f 230 245 231
f 231 245 246
f 233 236 247
f 234 248 264
f 234 264 268
f 234 268 267
f 234 267 266
f 234 266 265
f 234 265 253
f 234 253 238
f 234 238 252
f 234 252 251
f 234 251 249
f 234 249 236
f 234 236 235
f 236 249 247
f 237 250 251
f 237 251 252
f 237 252 238
f 240 241 254
f 240 254 255
f 240 255 256
f 240 256 257
f 240 257 258
f 240 258 242
f 242 258 243
f 244 258 257
f 244 257 259
f 244 259 260
f 244 260 245
f 245 260 261
f 245 261 246
f 247 249 250
f 248 262 260
f 248 260 263
f 248 263 264
f 249 251 250
f 253 265 254
f 254 265 255
f 255 265 256
f 256 265 266
f 256 266 267
f 256 267 257
f 257 267 268
f 257 268 264
f 257 264 263
f 257 263 260
f 257 260 259
f 260 262 261
o convex_3
v 8.49309e-05 -0.305284 0.895492
v 8.49309e-05 -0.29848 0.881929
v 0.0407145 -0.305284 0.895492
v 8.49309e-05 -0.291708 0.922631
v 0.047496 -0.29848 0.881929
v 8.49309e-05 -0.21589 0.818491
v 0.0509017 -0.300173 0.905668
v 0.0407145 -0.291708 0.922631
v 0.10856 -0.278131 0.881929
v 0.101778 -0.284903 0.895492
v 0.111966 -0.279824 0.905668
v 0.0203698 -0.278131 0.929418
v 8.49309e-05 -0.264554 0.936194
v 0.00441676 -0.21589 0.818491
v 0.0649129 -0.204602 0.818491
v 0.0828676 -0.20062 0.818491
v 8.49309e-05 -0.144682 0.818491
v 0.0610591 -0.292554 0.915843
v 0.091591 -0.279824 0.926018
v 0.0814336 -0.278131 0.929418
v 0.149279 -0.257781 0.881929
v 0.117044 -0.274744 0.885317
v 0.0883645 -0.198425 0.818491
v 0.128904 -0.271358 0.895492
v 0.152655 -0.259474 0.905668
v 0.122123 -0.272205 0.915843
v 0.0814336 -0.264554 0.936194
v 8.49309e-05 -0.244204 0.936194
v 8.49309e-05 -0.149229 0.827664
v 0.144678 0.0150102 0.818491
v 0.111966 -0.269665 0.926018
v 0.101778 -0.267094 0.931112
v 0.210283 -0.217082 0.881929
v 0.218767 -0.213695 0.885317
v 0.157704 -0.254395 0.885317
v 0.169594 -0.251008 0.895492
v 0.129054 -0.178076 0.818491
v 0.162812 -0.251855 0.915843
v 0.162812 -0.223855 0.936194
v 8.49309e-05 -0.223761 0.925984
v 0.244221 0.0150102 0.936194
v 0.240666 0.0150102 0.934431
v 0.217065 0.0150102 0.922631
v 8.49309e-05 -0.156033 0.841239
v 0.154238 0.0150102 0.837689
v 0.211597 0.0150102 0.818491
v 0.152655 -0.249315 0.926018
v 0.183157 -0.226394 0.931112
v 0.144678 -0.167196 0.818491
v 0.164993 -0.146846 0.818491
v 0.217065 -0.217082 0.895492
v 0.24676 -0.162806 0.880235
v 0.259487 -0.152615 0.885317
v 0.251002 -0.169579 0.895492
v 0.213689 -0.218775 0.905668
v 0.213689 -0.208585 0.926018
v 0.17297 -0.239125 0.926018
v 0.223846 -0.162806 0.936194
v 8.49309e-05 -0.217082 0.922631
v 0.264565 0.0150102 0.936194
v 0.19672 0.0150102 0.90228
v 8.49309e-05 -0.196732 0.90228
v 0.156031 0.0150102 0.841239
v 0.298473 0.0150102 0.881929
v 0.21348 0.00955438 0.818491
v 0.223846 -0.185695 0.931112
v 0.189699 -0.106178 0.818491
v 0.279831 -0.111947 0.885317
v 0.264565 -0.142488 0.895492
v 0.259487 -0.145027 0.915843
v 0.254378 -0.147536 0.926018
v 0.230657 -0.189928 0.915843
v 0.234033 -0.178076 0.926018
v 0.237439 -0.169579 0.929418
v 0.244221 -0.122138 0.936194
v 0.275201 0.0150102 0.930893
v 0.264565 -0.0814388 0.936194
v 0.21587 -8.98415e-06 0.818491
v 0.305284 0.0150102 0.895492
v 0.300176 -0.0508987 0.885317
v 0.298473 -0.0407082 0.881929
v 0.194091 -0.0973986 0.818491
v 0.305284 -0.0407082 0.895492
v 0.28491 -0.101788 0.895492
v 0.279831 -0.104328 0.915843
v 0.274752 -0.106868 0.926018
v 0.257784 -0.128911 0.929418
v 0.291691 -0.0339354 0.922631
v 0.291691 0.0150102 0.922631
v 0.278128 -0.0882115 0.929418
v 0.21587 -0.0203586 0.818491
v 0.297756 0.0150102 0.910542
v 0.214436 -0.0363184 0.818491
v 0.298473 -0.0475123 0.909067
f 269 270 273
f 269 273 271
f 269 271 276
f 269 276 272
f 269 272 281
f 269 281 296
f 269 296 308
f 269 308 327
f 269 327 330
f 269 330 312
f 269 312 297
f 269 297 285
f 269 285 274
f 269 274 270
f 270 274 282
f 270 282 273
f 271 275 276
f 271 273 277
f 271 277 278
f 271 278 279
f 271 279 275
f 272 276 288
f 272 288 280
f 272 280 281
f 273 282 283
f 273 283 284
f 273 284 277
f 274 285 298
f 274 298 314
f 274 314 333
f 274 333 346
f 274 346 359
f 274 359 361
f 274 361 350
f 274 350 335
f 274 335 318
f 274 318 317
f 274 317 305
f 274 305 291
f 274 291 284
f 274 284 283
f 274 283 282
f 275 286 276
f 275 279 287
f 275 287 286
f 276 286 287
f 276 287 288
f 277 289 290
f 277 290 278
f 277 284 291
f 277 291 289
f 278 290 292
f 278 292 279
f 279 292 304
f 279 304 293
f 279 293 306
f 279 306 294
f 279 294 287
f 280 288 295
f 280 295 281
f 281 295 307
f 281 307 326
f 281 326 343
f 281 343 345
f 281 345 328
f 281 328 309
f 281 309 296
f 285 297 298
f 287 294 299
f 287 299 300
f 287 300 288
f 288 300 295
f 289 301 302
f 289 302 303
f 289 303 304
f 289 304 292
f 289 292 290
f 289 291 305
f 289 305 301
f 293 304 306
f 294 306 315
f 294 315 299
f 295 300 316
f 295 316 307
f 296 309 310
f 296 310 311
f 296 311 308
f 297 312 298
f 298 313 331
f 298 331 329
f 298 329 311
f 298 311 310
f 298 310 309
f 298 309 328
f 298 328 344
f 298 344 357
f 298 357 360
f 298 360 347
f 298 347 332
f 298 332 314
f 298 312 313
f 299 315 316
f 299 316 300
f 301 305 317
f 301 317 318
f 301 318 302
f 302 319 304
f 302 304 303
f 302 318 320
f 302 320 321
f 302 321 322
f 302 322 319
f 304 319 323
f 304 323 306
f 306 323 324
f 306 324 325
f 306 325 315
f 307 316 334
f 307 334 326
f 308 311 327
f 311 329 327
f 312 330 331
f 312 331 313
f 314 332 333
f 315 325 316
f 316 325 324
f 316 324 334
f 318 335 320
f 319 322 323
f 320 335 321
f 321 335 336
f 321 336 337
f 321 337 322
f 322 338 339
f 322 339 340
f 322 340 323
f 322 337 338
f 323 340 324
f 324 340 341
f 324 341 342
f 324 342 334
f 326 334 342
f 326 342 343
f 327 329 330
f 328 345 344
f 329 331 330
f 332 346 333
f 332 347 348
f 332 348 349
f 332 349 359
f 332 359 346
f 335 350 336
f 336 350 348
f 336 348 351
f 336 351 352
f 336 352 337
f 337 352 353
f 337 353 338
f 338 353 354
f 338 354 339
f 339 342 341
f 339 341 340
f 339 354 342
f 342 354 355
f 342 355 343
f 343 355 358
f 343 358 345
f 344 356 357
f 344 345 358
f 344 358 356
f 347 351 348
f 347 360 351
f 348 361 349
f 348 350 361
f 349 361 359
f 351 360 356
f 351 356 362
f 351 362 353
f 351 353 352
f 353 362 354
f 354 362 358
f 354 358 355
f 356 360 357
f 356 358 362
o convex_4
v 0.122098 1.27089e-05 0.593567
v 8.4917e-05 0.122069 0.63102
v 8.4917e-05 0.122111 0.593567
v 0.183168 1.27089e-05 0.593567
v 0.122098 1.27089e-05 0.75302
v 8.4917e-05 0.122069 0.651232
v 8.4917e-05 0.18316 0.593567
v 0.183168 0.0407121 0.593567
v 0.21589 1.27089e-05 0.818479
v 0.142462 1.27089e-05 0.814076
v 8.4917e-05 0.142461 0.814076
v 8.4917e-05 0.122132 0.753108
v 8.4917e-05 0.122111 0.75302
v 0.0407068 0.18316 0.593567
v 8.4917e-05 0.215893 0.818479
v 0.176409 0.0644006 0.593567
v 0.201187 0.0814115 0.818479
v 0.205708 0.0610618 0.818479
v 0.144659 1.27089e-05 0.818479
v 8.4917e-05 0.144658 0.818479
v 0.064387 0.176398 0.593567
v 0.0203641 0.215893 0.818479
v 0.0814131 0.201206 0.818479
v 0.166227 0.0848349 0.593567
v 0.19842 0.0883427 0.818479
v 0.0848352 0.166234 0.593567
v 0.0883418 0.198417 0.818479
v 0.145863 0.125513 0.593567
v 0.178077 0.129042 0.818479
v 0.125436 0.145884 0.593567
v 0.129027 0.178067 0.818479
v 0.125563 0.145778 0.593567
v 0.145377 0.165727 0.818479
v 0.165741 0.145377 0.818479
v 0.125499 0.145842 0.593611
f 363 364 365
f 363 365 369
f 363 369 376
f 363 376 383
f 363 383 388
f 363 388 392
f 363 392 394
f 363 394 390
f 363 390 386
f 363 386 378
f 363 378 370
f 363 370 366
f 363 366 371
f 363 371 381
f 363 381 372
f 363 372 367
f 363 367 368
f 363 368 364
f 364 368 375
f 364 375 374
f 364 374 373
f 364 373 382
f 364 382 377
f 364 377 369
f 364 369 365
f 366 370 371
f 367 372 373
f 367 373 374
f 367 374 375
f 367 375 368
f 369 377 384
f 369 384 376
f 370 378 379
f 370 379 380
f 370 380 371
f 371 380 379
f 371 379 387
f 371 387 391
f 371 391 396
f 371 396 395
f 371 395 393
f 371 393 389
f 371 389 385
f 371 385 384
f 371 384 377
f 371 377 382
f 371 382 381
f 372 381 382
f 372 382 373
f 376 384 385
f 376 385 383
f 378 386 387
f 378 387 379
f 383 385 389
f 383 389 388
f 386 390 391
f 386 391 387
f 388 389 393
f 388 393 392
f 390 394 395
f 390 395 396
f 390 396 391
f 392 397 394
f 392 393 395
f 392 395 397
f 394 397 395
o convex_5
v 8.4917e-05 -0.215893 0.818479
v 0.00439432 -0.215893 0.818479
v 8.4917e-05 -0.14465 0.818479
v 8.4917e-05 -0.183156 0.593567
v 0.064916 -0.204607 0.818479
v 0.0407073 -0.183156 0.593567
v 0.14464 1.2702e-05 0.818479
v 8.4917e-05 -0.142452 0.814076
v 8.4917e-05 -0.1221 0.593567
v 0.0828719 -0.200613 0.818479
v 0.0814143 -0.169187 0.593567
v 0.215872 1.2702e-05 0.818479
v 0.142464 1.2702e-05 0.814076
v 0.1221 1.2702e-05 0.75302
v 8.4917e-05 -0.122121 0.75313
v 0.1221 1.2702e-05 0.593567
v 8.4917e-05 -0.122058 0.631064
v 0.0883431 -0.198415 0.818479
v 0.0836323 -0.168088 0.593567
v 0.215893 -8.42613e-06 0.818479
v 0.18315 1.2702e-05 0.593567
v 8.4917e-05 -0.122058 0.651276
v 8.4917e-05 -0.1221 0.75302
v 0.129029 -0.178063 0.818479
v 0.125438 -0.145918 0.593567
v 0.215893 -0.0203605 0.818479
v 0.18315 -0.0407126 0.593567
v 0.14464 -0.1672 0.818479
v 0.134564 -0.136217 0.593567
v 0.165004 -0.146848 0.818479
v 0.214435 -0.0363379 0.818479
v 0.178904 -0.0598601 0.593567
v 0.14783 -0.117746 0.593567
v 0.189699 -0.106165 0.818479
v 0.156047 -0.10515 0.593567
v 0.194092 -0.0973942 0.818479
v 0.158561 -0.100564 0.593567
v 0.157441 -0.102783 0.593567
f 398 399 402
f 398 402 407
f 398 407 415
f 398 415 421
f 398 421 425
f 398 425 427
f 398 427 431
f 398 431 433
f 398 433 428
f 398 428 423
f 398 423 417
f 398 417 409
f 398 409 404
f 398 404 400
f 398 400 405
f 398 405 412
f 398 412 420
f 398 420 419
f 398 419 414
f 398 414 406
f 398 406 401
f 398 401 403
f 398 403 399
f 399 403 402
f 400 404 405
f 401 406 413
f 401 413 418
f 401 418 424
f 401 424 429
f 401 429 434
f 401 434 435
f 401 435 432
f 401 432 430
f 401 430 426
f 401 426 422
f 401 422 416
f 401 416 408
f 401 408 403
f 402 403 407
f 403 408 407
f 404 409 418
f 404 418 413
f 404 413 411
f 404 411 410
f 404 410 405
f 405 410 411
f 405 411 412
f 406 414 413
f 407 408 415
f 408 416 415
f 409 417 418
f 411 413 414
f 411 414 419
f 411 419 420
f 411 420 412
f 415 416 421
f 416 422 421
f 417 423 424
f 417 424 418
f 421 422 425
f 422 426 427
f 422 427 425
f 423 428 424
f 424 428 429
f 426 430 427
f 427 430 432
f 427 432 431
f 428 433 429
f 429 433 434
f 431 432 435
f 431 435 434
f 431 434 433
o convex_6
v 0.464437 0.00212726 -0.0892341
v 0.291317 0.352969 -0.0892341
v 0.529136 0.00212726 -0.0892341
v 0.451237 0.00212726 -0.0578664
v 0.291317 0.449152 -0.0892341
v 0.296741 0.00212726 0.31706
v 0.291317 0.00212726 0.331155
v 0.529136 0.081431 -0.0892341
v 0.529136 0.00212726 -0.0406961
v 0.291317 0.454734 -0.0891829
v 0.291736 0.454513 -0.0892341
v 0.291317 0.00212726 0.434382
v 0.526645 0.0992854 -0.0892341
v 0.529136 0.081431 -0.0813922
v 0.529136 0.0407158 -0.0406961
v 0.528717 0.00212726 -0.0207581
v 0.291317 0.454734 -0.0749854
v 0.291736 0.454513 -0.0745753
v 0.371987 0.39231 -0.0892341
v 0.291736 0.00212726 0.434177
v 0.291317 0.0674753 0.434382
v 0.517798 0.13114 -0.0892341
v 0.508788 0.162861 -0.0813922
v 0.508788 0.142482 -0.0203481
v 0.508788 0.122146 5.12404e-05
v 0.529136 0.0610955 -0.0610442
v 0.508788 0.101766 0.0203993
v 0.508788 0.0610955 0.0407473
v 0.508369 0.00212726 0.0606341
v 0.291317 0.433779 0.00881576
v 0.291736 0.434177 0.00681682
v 0.312084 0.434177 -0.0542273
v 0.392335 0.371975 -0.0892341
v 0.35278 0.393462 -0.0135312
v 0.373128 0.373083 0.00681682
v 0.291736 0.067874 0.434177
v 0.312084 0.00212726 0.413829
v 0.291317 0.0679626 0.434228
v 0.508788 0.162861 -0.0892341
v 0.485949 0.221386 -0.0892341
v 0.48844 0.203532 -0.0406961
v 0.498614 0.152671 0.0101996
v 0.505413 0.139114 -0.00338281
v 0.505413 0.118735 0.0169652
v 0.48844 0.122146 0.0814434
v 0.48844 0.0610955 0.101791
v 0.488021 0.00212726 0.121729
v 0.291317 0.413399 0.0698599
v 0.291736 0.413798 0.067861
v 0.312084 0.393462 0.088209
v 0.308685 0.410431 0.0441301
v 0.332432 0.393462 0.0475129
v 0.393499 0.352747 -0.0135312
v 0.413823 0.332412 -0.0338793
v 0.434171 0.312032 -0.0542273
v 0.453379 0.290545 -0.0892341
v 0.356179 0.356158 0.0915918
v 0.393499 0.332412 0.0475129
v 0.312084 0.0474943 0.413829
v 0.373128 0.067874 0.332386
v 0.332432 0.108589 0.373082
v 0.295112 0.193387 0.376516
v 0.332432 0.00212726 0.39343
v 0.291317 0.189576 0.378412
v 0.473727 0.249829 -0.0892341
v 0.468092 0.244203 -0.0203481
v 0.478266 0.213722 -0.0101484
v 0.457918 0.254393 0.0101996
v 0.457918 0.213722 0.0712438
v 0.437571 0.234013 0.11194
v 0.437571 0.213722 0.132339
v 0.471492 0.145893 0.105174
v 0.437571 0.173007 0.172984
v 0.457918 0.132292 0.152687
v 0.468092 0.101766 0.142488
v 0.468092 0.0407158 0.162836
v 0.477195 0.00212726 0.14464
v 0.291317 0.398734 0.108147
v 0.295112 0.396829 0.11194
v 0.335831 0.356158 0.132339
v 0.35278 0.352747 0.108557
v 0.454519 0.271361 -0.0135312
v 0.437571 0.254393 0.0712438
v 0.393499 0.312032 0.088209
v 0.396875 0.295108 0.11194
v 0.332432 0.0271589 0.39343
v 0.393499 0.00682346 0.312037
v 0.393499 0.108589 0.291689
v 0.332432 0.189975 0.332386
v 0.291317 0.193387 0.376516
v 0.335831 0.213722 0.31542
v 0.315483 0.295108 0.254376
v 0.315483 0.315443 0.234028
v 0.295112 0.315443 0.254376
v 0.395827 0.00212726 0.307373
v 0.430772 0.247614 0.105174
v 0.417199 0.254393 0.132339
v 0.376527 0.254393 0.21368
v 0.437571 0.193387 0.152687
v 0.396875 0.193387 0.234028
v 0.417199 0.173007 0.21368
v 0.396875 0.132292 0.274724
v 0.454519 0.108589 0.169652
v 0.454519 0.0474943 0.189949
v 0.413823 0.0474943 0.271341
v 0.40919 0.00212726 0.28067
v 0.291317 0.393063 0.119526
v 0.295112 0.376494 0.152687
v 0.295112 0.356158 0.193332
v 0.335831 0.335779 0.172984
v 0.356179 0.335779 0.132339
v 0.376527 0.295108 0.152687
v 0.291317 0.315443 0.254376
v 0.376527 0.213722 0.254376
v 0.335831 0.274728 0.254376
v 0.356179 0.295108 0.193332
v 0.291736 0.332412 0.230645
v 0.291317 0.319209 0.250583
v 0.291317 0.378399 0.148894
v 0.291317 0.356158 0.193332
v 0.291317 0.3325 0.230697
f 436 437 440
f 436 440 446
f 436 446 454
f 436 454 468
f 436 468 491
f 436 491 500
f 436 500 475
f 436 475 474
f 436 474 457
f 436 457 448
f 436 448 443
f 436 443 438
f 436 438 444
f 436 444 451
f 436 451 464
f 436 464 482
f 436 482 512
f 436 512 541
f 436 541 530
f 436 530 498
f 436 498 472
f 436 472 455
f 436 455 447
f 436 447 442
f 436 442 441
f 436 441 439
f 436 439 437
f 437 439 441
f 437 441 442
f 437 442 447
f 437 447 456
f 437 456 473
f 437 473 499
f 437 499 525
f 437 525 548
f 437 548 553
f 437 553 556
f 437 556 555
f 437 555 554
f 437 554 542
f 437 542 513
f 437 513 483
f 437 483 465
f 437 465 452
f 437 452 445
f 437 445 440
f 438 443 449
f 438 449 461
f 438 461 450
f 438 450 444
f 440 445 446
f 443 448 449
f 444 450 451
f 445 452 453
f 445 453 446
f 446 453 454
f 447 455 471
f 447 471 456
f 448 457 458
f 448 458 459
f 448 459 449
f 449 459 460
f 449 460 461
f 450 461 460
f 450 460 462
f 450 462 463
f 450 463 451
f 451 463 464
f 452 465 466
f 452 466 453
f 453 467 454
f 453 466 467
f 454 467 469
f 454 469 470
f 454 470 468
f 455 472 494
f 455 494 471
f 456 471 473
f 457 474 458
f 458 474 475
f 458 475 476
f 458 476 459
f 459 476 502
f 459 502 477
f 459 477 478
f 459 478 460
f 460 478 479
f 460 479 462
f 462 479 480
f 462 480 463
f 463 480 481
f 463 481 482
f 463 482 464
f 465 483 484
f 465 484 466
f 466 484 485
f 466 485 486
f 466 486 487
f 466 487 469
f 466 469 467
f 468 488 489
f 468 489 490
f 468 490 491
f 468 470 488
f 469 487 470
f 470 487 492
f 470 492 493
f 470 493 488
f 471 494 495
f 471 495 496
f 471 496 497
f 471 497 473
f 472 498 521
f 472 521 494
f 473 497 499
f 475 500 476
f 476 501 503
f 476 503 502
f 476 500 501
f 477 502 503
f 477 503 504
f 477 504 480
f 477 480 478
f 478 480 479
f 480 504 505
f 480 505 506
f 480 506 507
f 480 507 508
f 480 508 509
f 480 509 510
f 480 510 511
f 480 511 481
f 481 511 482
f 482 511 512
f 483 513 514
f 483 514 484
f 484 514 485
f 485 487 486
f 485 514 515
f 485 515 516
f 485 516 487
f 487 516 492
f 488 517 489
f 488 493 517
f 489 517 490
f 490 517 491
f 491 517 500
f 492 516 493
f 493 518 503
f 493 503 517
f 493 516 519
f 493 519 520
f 493 520 518
f 494 521 495
f 495 521 522
f 495 522 523
f 495 523 496
f 496 524 497
f 496 523 524
f 497 525 499
f 497 524 526
f 497 526 527
f 497 527 528
f 497 528 529
f 497 529 548
f 497 548 525
f 498 522 521
f 498 530 522
f 500 517 501
f 501 517 503
f 503 518 531
f 503 531 505
f 503 505 504
f 505 532 506
f 505 531 532
f 506 532 533
f 506 533 549
f 506 549 534
f 506 534 507
f 507 534 508
f 508 534 535
f 508 535 536
f 508 536 537
f 508 537 509
f 509 537 523
f 509 523 538
f 509 538 510
f 510 538 511
f 511 538 539
f 511 539 540
f 511 540 541
f 511 541 512
f 513 542 514
f 514 542 543
f 514 543 515
f 515 543 544
f 515 544 545
f 515 545 516
f 516 545 546
f 516 546 519
f 518 520 532
f 518 532 531
f 519 546 520
f 520 546 547
f 520 547 532
f 522 530 541
f 522 541 540
f 522 540 523
f 523 537 526
f 523 526 524
f 523 540 538
f 526 537 549
f 526 549 533
f 526 533 550
f 526 550 528
f 526 528 527
f 528 550 533
f 528 533 551
f 528 551 545
f 528 545 544
f 528 544 529
f 529 544 552
f 529 552 553
f 529 553 548
f 532 547 533
f 533 547 551
f 534 549 535
f 535 549 537
f 535 537 536
f 538 540 539
f 542 554 543
f 543 554 544
f 544 555 556
f 544 556 552
f 544 554 555
f 545 551 547
f 545 547 546
f 552 556 553
o convex_7
v 0.267519 -0.463038 -0.0891807
v 0.267519 -0.373292 -0.0891807
v 0.27241 -0.4624 -0.0891807
v 0.267519 -0.456435 -0.0203283
v 0.464415 0.00212726 -0.0891807
v 0.267519 0.00212726 0.354647
v 0.277123 -0.461216 -0.0891807
v 0.267519 -0.454978 -0.00879062
v 0.52916 0.00212726 -0.0891807
v 0.267519 0.00212726 0.456457
v 0.287546 -0.455024 -0.0891807
v 0.271386 -0.454523 -0.0203283
v 0.305295 -0.434989 -0.0406796
v 0.284934 -0.434989 0.0203742
v 0.267519 -0.4517 0.00296077
v 0.52916 -0.0892574 -0.0891807
v 0.52916 0.00212726 -0.0406796
v 0.267519 -0.0581584 0.456457
v 0.271386 0.00212726 0.454534
v 0.368963 -0.393964 -0.0891807
v 0.312082 -0.43417 -0.0610308
v 0.325655 -0.414636 -0.0203283
v 0.305295 -0.414636 0.0407254
v 0.284934 -0.414636 0.0814279
v 0.267519 -0.431347 0.0640145
v 0.526009 -0.103373 -0.0891807
v 0.52916 -0.020366 -0.0203283
v 0.508799 -0.122132 2.29208e-05
v 0.508799 -0.142485 -0.0203283
v 0.528724 0.00212726 -0.0207557
v 0.52916 -1.27927e-05 -0.0203283
v 0.271386 -0.0542881 0.454534
v 0.267519 -0.18647 0.400478
v 0.274767 -0.188292 0.396846
v 0.332442 0.00212726 0.393427
v 0.332442 -0.413816 -0.0406796
v 0.377313 -0.385085 -0.0891807
v 0.373138 -0.37311 2.29208e-05
v 0.34599 -0.394283 2.29208e-05
v 0.332442 -0.393463 0.0407254
v 0.312082 -0.393463 0.0814279
v 0.325655 -0.37393 0.101779
v 0.295127 -0.401932 0.0916303
v 0.295127 -0.391778 0.111982
v 0.284934 -0.37393 0.162833
v 0.271386 -0.413816 0.101779
v 0.267519 -0.415729 0.101779
v 0.508799 -0.162839 -0.0891807
v 0.508799 -0.162839 -0.0610308
v 0.508799 -0.020366 0.0610767
v 0.508799 -0.0610725 0.0407254
v 0.488438 -0.142485 0.0610767
v 0.503702 -0.145035 2.29208e-05
v 0.488438 -0.183192 2.29208e-05
v 0.508364 0.00212726 0.0606494
v 0.508799 -1.27927e-05 0.0610767
v 0.312082 -0.0339348 0.413778
v 0.332442 -0.0135816 0.393427
v 0.332442 -0.0949946 0.373076
v 0.267519 -0.199128 0.389581
v 0.274767 -0.228998 0.356143
v 0.295127 -0.208645 0.356143
v 0.315462 -0.208645 0.335792
v 0.335823 -0.167938 0.335792
v 0.335823 -0.127232 0.356143
v 0.395829 0.00212726 0.307375
v 0.392449 -0.367373 -0.0891807
v 0.393499 -0.332403 0.0407254
v 0.352777 -0.352757 0.101779
v 0.356184 -0.361226 0.071279
v 0.393499 -0.352757 -0.0203283
v 0.335823 -0.361226 0.111982
v 0.335823 -0.351072 0.132333
v 0.295127 -0.371425 0.152684
v 0.295127 -0.351072 0.193333
v 0.271386 -0.37311 0.183184
v 0.267519 -0.401158 0.130944
v 0.468078 -0.264559 -0.0891807
v 0.468078 -0.264559 -0.0813821
v 0.488438 -0.020366 0.12213
v 0.481651 -0.14927 0.0746442
v 0.463007 -0.206095 0.0610767
v 0.483342 -0.185742 0.0203742
v 0.468078 -0.101779 0.142482
v 0.463007 -0.124682 0.142482
v 0.463007 -0.267109 -0.0610308
v 0.488028 0.00212726 0.121703
v 0.488438 -1.27927e-05 0.12213
v 0.373138 -0.0542881 0.332373
v 0.339229 -0.108563 0.359508
v 0.267519 -0.219482 0.36923
v 0.295127 -0.228998 0.335792
v 0.267519 -0.225355 0.363354
v 0.274767 -0.330719 0.254387
v 0.335823 -0.228998 0.295089
v 0.356184 -0.188292 0.295089
v 0.376519 -0.147585 0.295089
v 0.393499 -0.0949946 0.291671
v 0.420595 -0.0475037 0.257752
v 0.461316 -0.0475037 0.1764
v 0.470229 0.00212726 0.158613
v 0.454529 -0.291697 -0.0891807
v 0.454529 -0.291697 -0.0813821
v 0.434169 -0.291697 2.29208e-05
v 0.393499 -0.31205 0.0814279
v 0.356184 -0.330719 0.132333
v 0.335823 -0.330719 0.173035
v 0.267519 -0.36924 0.194668
v 0.267519 -0.375022 0.183184
v 0.267519 -0.380805 0.171646
v 0.465491 -0.269796 -0.0891807
v 0.461316 -0.278128 -0.0813821
v 0.461316 -0.108563 0.156049
v 0.442646 -0.145035 0.183184
v 0.442646 -0.206095 0.12213
v 0.442646 -0.246756 0.0610767
v 0.463007 -0.226448 0.0203742
v 0.442646 -0.267109 0.0203742
v 0.477195 0.00212726 0.144618
v 0.379925 -0.128917 0.298455
v 0.295127 -0.310366 0.254387
v 0.267519 -0.327076 0.261598
v 0.267519 -0.349934 0.226771
v 0.315462 -0.310366 0.234036
v 0.335823 -0.269659 0.254387
v 0.376519 -0.228998 0.234036
v 0.376519 -0.208645 0.254387
v 0.396879 -0.127232 0.274738
v 0.40026 -0.108563 0.278103
v 0.440956 -0.128917 0.196698
v 0.447743 -0.122132 0.183184
v 0.458704 -0.283364 -0.0891807
v 0.434169 -0.271344 0.0407254
v 0.413808 -0.271344 0.101779
v 0.417214 -0.249306 0.132333
v 0.396879 -0.290012 0.111982
v 0.396879 -0.249306 0.173035
v 0.376519 -0.249306 0.213684
v 0.437549 -0.147585 0.193333
v 0.437549 -0.167938 0.173035
v 0.437549 -0.208645 0.132333
v 0.422285 -0.246756 0.12213
v 0.396879 -0.188292 0.234036
v 0.417214 -0.228998 0.152684
v 0.417214 -0.208645 0.173035
f 557 558 561
f 557 561 565
f 557 565 572
f 557 572 582
f 557 582 604
f 557 604 634
f 557 634 667
f 557 667 688
f 557 688 658
f 557 658 623
f 557 623 593
f 557 593 576
f 557 576 567
f 557 567 563
f 557 563 559
f 557 559 560
f 557 560 564
f 557 564 571
f 557 571 581
f 557 581 603
f 557 603 633
f 557 633 666
f 557 666 665
f 557 665 664
f 557 664 679
f 557 679 678
f 557 678 649
f 557 649 647
f 557 647 616
f 557 616 589
f 557 589 574
f 557 574 566
f 557 566 562
f 557 562 558
f 558 562 561
f 559 563 560
f 560 563 564
f 561 562 566
f 561 566 575
f 561 575 591
f 561 591 622
f 561 622 657
f 561 657 675
f 561 675 643
f 561 643 611
f 561 611 586
f 561 586 573
f 561 573 565
f 563 567 568
f 563 568 564
f 564 568 569
f 564 569 570
f 564 570 571
f 565 573 587
f 565 587 583
f 565 583 572
f 566 574 588
f 566 588 575
f 567 576 577
f 567 577 568
f 568 577 569
f 569 578 579
f 569 579 570
f 569 577 592
f 569 592 578
f 570 579 580
f 570 580 581
f 570 581 571
f 572 583 584
f 572 584 585
f 572 585 582
f 573 586 587
f 574 589 590
f 574 590 588
f 575 588 614
f 575 614 591
f 576 592 577
f 576 593 594
f 576 594 592
f 578 592 594
f 578 594 595
f 578 595 579
f 579 595 594
f 579 594 596
f 579 596 597
f 579 597 580
f 580 597 598
f 580 598 599
f 580 599 600
f 580 600 630
f 580 630 601
f 580 601 632
f 580 632 602
f 580 602 581
f 581 602 603
f 582 585 605
f 582 605 604
f 583 587 612
f 583 612 606
f 583 606 607
f 583 607 584
f 584 607 608
f 584 608 609
f 584 609 585
f 585 609 639
f 585 639 610
f 585 610 605
f 586 611 612
f 586 612 587
f 588 613 614
f 588 590 615
f 588 615 613
f 589 616 590
f 590 616 647
f 590 647 617
f 590 617 648
f 590 648 618
f 590 618 651
f 590 651 619
f 590 619 620
f 590 620 621
f 590 621 615
f 591 614 622
f 593 623 594
f 594 624 625
f 594 625 626
f 594 626 596
f 594 623 627
f 594 627 624
f 596 626 625
f 596 625 597
f 597 625 598
f 598 625 628
f 598 628 599
f 599 628 629
f 599 629 600
f 600 629 663
f 600 663 630
f 601 630 631
f 601 631 632
f 602 632 666
f 602 666 633
f 602 633 603
f 604 605 635
f 604 635 634
f 605 610 635
f 606 612 644
f 606 644 636
f 606 636 640
f 606 640 608
f 606 608 607
f 608 637 638
f 608 638 639
f 608 639 609
f 608 640 641
f 608 641 670
f 608 670 637
f 610 639 642
f 610 642 635
f 611 643 612
f 612 643 644
f 613 615 614
f 614 615 645
f 614 645 622
f 615 621 646
f 615 646 654
f 615 654 645
f 617 647 649
f 617 649 678
f 617 678 650
f 617 650 648
f 618 648 651
f 619 651 652
f 619 652 620
f 620 652 653
f 620 653 621
f 621 653 676
f 621 676 646
f 622 645 654
f 622 654 655
f 622 655 656
f 622 656 657
f 623 658 659
f 623 659 627
f 624 627 659
f 624 659 660
f 624 660 689
f 624 689 661
f 624 661 625
f 625 661 662
f 625 662 663
f 625 663 629
f 625 629 628
f 630 663 631
f 631 663 650
f 631 650 632
f 632 650 664
f 632 664 665
f 632 665 666
f 634 635 667
f 635 668 667
f 635 642 668
f 636 644 657
f 636 657 656
f 636 656 669
f 636 669 640
f 637 670 671
f 637 671 638
f 638 672 674
f 638 674 673
f 638 673 639
f 638 671 698
f 638 698 672
f 639 673 642
f 640 669 641
f 641 669 687
f 641 687 670
f 642 659 668
f 642 673 674
f 642 674 660
f 642 660 659
f 643 675 644
f 644 675 657
f 646 676 654
f 648 650 677
f 648 677 651
f 650 678 679
f 650 679 664
f 650 663 680
f 650 680 677
f 651 677 680
f 651 680 681
f 651 681 682
f 651 682 683
f 651 683 652
f 652 683 653
f 653 683 699
f 653 699 684
f 653 684 676
f 654 676 685
f 654 685 655
f 655 685 686
f 655 686 656
f 656 686 687
f 656 687 669
f 658 688 659
f 659 688 667
f 659 667 668
f 660 674 672
f 660 672 689
f 661 690 691
f 661 691 692
f 661 692 662
f 661 689 690
f 662 693 663
f 662 692 693
f 663 693 694
f 663 694 681
f 663 681 680
f 670 687 686
f 670 686 695
f 670 695 696
f 670 696 697
f 670 697 671
f 671 697 691
f 671 691 698
f 672 698 690
f 672 690 689
f 676 684 685
f 681 694 682
f 682 694 693
f 682 693 683
f 683 693 699
f 684 699 695
f 684 695 686
f 684 686 685
f 690 698 691
f 691 697 700
f 691 700 693
f 691 693 692
f 693 700 701
f 693 701 699
f 695 699 696
f 696 701 700
f 696 700 697
f 696 699 701
o convex_8
v 0.425439 -0.0010681 -0.533074
v 0.486494 -0.0010681 -0.533074
v 0.427388 -0.0010681 -0.508788
v 0.319376 0.319361 -0.0892776
v 0.317386 0.281038 -0.533074
v 0.486494 0.0203587 -0.533074
v 0.48809 -0.0010681 -0.529859
v 0.465223 -0.0010681 -0.0892776
v 0.317821 0.324019 -0.0892776
v 0.317386 0.366618 -0.533074
v 0.317386 0.325839 -0.0892776
v 0.468084 0.138587 -0.533074
v 0.488443 0.0203587 -0.52912
v 0.488443 -0.0010681 -0.52912
v 0.52916 -0.0010681 -0.0892776
v 0.335816 0.356159 -0.533074
v 0.317386 0.394947 -0.472206
v 0.317386 0.423573 -0.0892776
v 0.488443 0.081421 -0.508788
v 0.467213 0.142483 -0.533074
v 0.488443 0.122115 -0.488412
v 0.508801 3.28814e-05 -0.468079
v 0.508801 -0.0010681 -0.468079
v 0.52916 0.081421 -0.0892776
v 0.52916 -0.0010681 -0.36633
v 0.356175 0.335791 -0.533074
v 0.356175 0.356159 -0.493538
v 0.317386 0.401553 -0.453481
v 0.318858 0.40024 -0.454524
v 0.317386 0.431534 -0.158704
v 0.371993 0.392322 -0.0892776
v 0.373133 0.393465 -0.0950124
v 0.352775 0.413791 -0.156053
v 0.508801 0.0610951 -0.447747
v 0.464187 0.150317 -0.533074
v 0.442646 0.223871 -0.511351
v 0.481663 0.135708 -0.495233
v 0.503701 0.122115 -0.429934
v 0.508801 0.101789 -0.427371
v 0.52916 3.28814e-05 -0.386662
v 0.528621 -0.0010681 -0.387748
v 0.526651 0.0992908 -0.0892776
v 0.52916 0.101789 -0.10179
v 0.528745 -0.0010681 -0.386662
v 0.396871 0.295097 -0.513871
v 0.400478 0.278921 -0.533074
v 0.332437 0.393465 -0.440926
v 0.359575 0.359546 -0.474857
v 0.376533 0.356159 -0.432454
v 0.400271 0.318852 -0.454524
v 0.396871 0.315422 -0.473162
v 0.317386 0.421879 -0.372064
v 0.318858 0.420609 -0.373107
v 0.317386 0.431534 -0.252502
v 0.339216 0.420609 -0.169608
v 0.392331 0.371954 -0.0892776
v 0.393492 0.373097 -0.0950124
v 0.41385 0.352771 -0.135721
v 0.373133 0.393465 -0.278179
v 0.352775 0.413791 -0.23747
v 0.461512 0.156838 -0.533074
v 0.437567 0.234034 -0.513871
v 0.463005 0.203545 -0.470642
v 0.483363 0.162851 -0.450266
v 0.502022 0.135708 -0.413816
v 0.508801 0.122115 -0.407038
v 0.52916 0.101789 -0.305289
v 0.52916 0.081421 -0.325621
v 0.51898 0.13232 -0.0916236
v 0.517799 0.131135 -0.0892776
v 0.52916 0.122115 -0.122122
v 0.416442 0.255927 -0.533074
v 0.40392 0.273966 -0.533074
v 0.417229 0.295097 -0.45283
v 0.417229 0.274728 -0.493538
v 0.352775 0.393465 -0.379885
v 0.379913 0.359546 -0.413816
v 0.393492 0.352771 -0.379885
v 0.420629 0.318852 -0.373107
v 0.420629 0.298484 -0.434148
v 0.332437 0.413791 -0.359552
v 0.339216 0.420609 -0.251025
v 0.453385 0.290566 -0.0892776
v 0.454526 0.291709 -0.0950124
v 0.41385 0.352771 -0.23747
v 0.393492 0.373097 -0.298511
v 0.379913 0.379872 -0.332399
v 0.43991 0.209008 -0.533074
v 0.437567 0.254402 -0.473162
v 0.440946 0.237422 -0.495233
v 0.457926 0.213708 -0.473162
v 0.437567 0.213708 -0.533074
v 0.417229 0.254402 -0.533074
v 0.461305 0.217054 -0.454524
v 0.468084 0.203545 -0.447747
v 0.502022 0.156076 -0.373107
v 0.508801 0.162851 -0.325621
v 0.52916 0.122115 -0.26458
v 0.508801 0.162851 -0.0892776
v 0.508801 0.183177 -0.162831
v 0.488443 0.223871 -0.10179
v 0.437567 0.274728 -0.432454
v 0.41385 0.332403 -0.359552
v 0.434167 0.291709 -0.400261
v 0.454526 0.291709 -0.298511
v 0.440946 0.278116 -0.413816
v 0.473723 0.249829 -0.0892776
v 0.474884 0.250972 -0.0950124
v 0.502022 0.19677 -0.169608
v 0.440946 0.25779 -0.454524
v 0.461305 0.25779 -0.373107
v 0.481663 0.19677 -0.39344
v 0.488443 0.223871 -0.284956
v 0.508801 0.183177 -0.244248
v 0.485934 0.221331 -0.0892776
v 0.502022 0.19677 -0.251025
v 0.468084 0.264565 -0.305289
v 0.461305 0.278116 -0.312066
v 0.481663 0.237422 -0.291734
f 702 703 708
f 702 708 715
f 702 715 724
f 702 724 742
f 702 742 745
f 702 745 726
f 702 726 716
f 702 716 709
f 702 709 704
f 702 704 705
f 702 705 706
f 702 706 711
f 702 711 717
f 702 717 727
f 702 727 747
f 702 747 774
f 702 774 773
f 702 773 794
f 702 794 793
f 702 793 789
f 702 789 762
f 702 762 736
f 702 736 721
f 702 721 713
f 702 713 707
f 702 707 703
f 703 707 708
f 704 709 705
f 705 709 716
f 705 716 725
f 705 725 743
f 705 743 771
f 705 771 800
f 705 800 816
f 705 816 808
f 705 808 784
f 705 784 757
f 705 757 732
f 705 732 719
f 705 719 712
f 705 712 710
f 705 710 706
f 706 710 712
f 706 712 719
f 706 719 731
f 706 731 755
f 706 755 753
f 706 753 729
f 706 729 718
f 706 718 711
f 707 713 714
f 707 714 708
f 708 714 715
f 711 718 717
f 713 720 714
f 713 721 722
f 713 722 720
f 714 720 735
f 714 735 723
f 714 723 724
f 714 724 715
f 716 726 741
f 716 741 769
f 716 769 768
f 716 768 799
f 716 799 772
f 716 772 744
f 716 744 725
f 717 718 728
f 717 728 727
f 718 729 730
f 718 730 728
f 719 732 733
f 719 733 734
f 719 734 731
f 720 722 740
f 720 740 735
f 721 736 737
f 721 737 738
f 721 738 722
f 722 738 739
f 722 739 740
f 723 735 741
f 723 741 724
f 724 741 742
f 725 744 743
f 726 745 741
f 727 746 747
f 727 728 746
f 728 730 748
f 728 748 749
f 728 749 750
f 728 750 751
f 728 751 752
f 728 752 746
f 729 753 754
f 729 754 730
f 730 754 748
f 731 734 756
f 731 756 783
f 731 783 755
f 732 757 758
f 732 758 733
f 733 758 759
f 733 759 786
f 733 786 760
f 733 760 761
f 733 761 734
f 734 761 783
f 734 783 756
f 735 740 741
f 736 762 763
f 736 763 737
f 737 763 792
f 737 792 764
f 737 764 738
f 738 764 765
f 738 765 739
f 739 766 767
f 739 767 740
f 739 765 766
f 740 767 768
f 740 768 769
f 740 769 741
f 741 745 742
f 743 744 770
f 743 770 771
f 744 772 770
f 746 763 773
f 746 773 774
f 746 774 747
f 746 752 775
f 746 775 776
f 746 776 763
f 748 754 777
f 748 777 778
f 748 778 749
f 749 778 750
f 750 778 751
f 751 775 752
f 751 778 779
f 751 779 780
f 751 780 781
f 751 781 775
f 753 782 754
f 753 755 783
f 753 783 761
f 753 761 782
f 754 782 777
f 757 784 758
f 758 784 785
f 758 785 759
f 759 785 806
f 759 806 786
f 760 786 787
f 760 787 788
f 760 788 782
f 760 782 761
f 762 789 763
f 763 776 775
f 763 775 790
f 763 790 811
f 763 811 791
f 763 791 792
f 763 789 793
f 763 793 794
f 763 794 773
f 764 792 795
f 764 795 796
f 764 796 766
f 764 766 765
f 766 797 798
f 766 798 767
f 766 796 797
f 767 798 768
f 768 798 799
f 770 800 771
f 770 772 800
f 772 801 802
f 772 802 800
f 772 799 815
f 772 815 801
f 775 781 803
f 775 803 790
f 777 782 788
f 777 788 778
f 778 788 787
f 778 787 779
f 779 804 780
f 779 787 804
f 780 805 781
f 780 804 806
f 780 806 805
f 781 805 807
f 781 807 803
f 784 808 809
f 784 809 785
f 785 809 802
f 785 802 810
f 785 810 817
f 785 817 806
f 786 806 787
f 787 806 804
f 790 803 807
f 790 807 811
f 791 811 812
f 791 812 795
f 791 795 792
f 795 812 796
f 796 812 813
f 796 813 797
f 797 812 798
f 797 813 812
f 798 812 814
f 798 814 815
f 798 815 799
f 800 802 816
f 801 810 802
f 801 815 817
f 801 817 810
f 802 809 816
f 805 806 819
f 805 819 807
f 806 817 818
f 806 818 819
f 807 812 811
f 807 819 812
f 808 816 809
f 812 819 820
f 812 820 814
f 814 820 819
f 814 819 818
f 814 818 817
f 814 817 815
o convex_9
v 0.317365 0.423571 -0.0892776
v 0.312055 0.434159 -0.0892776
v 0.317365 0.325851 -0.0892776
v 0.317365 0.431512 -0.158704
v 0.291712 0.454534 -0.0892776
v 8.49309e-05 0.465024 -0.0892776
v 0.317365 0.281095 -0.533074
v 0.317365 0.431512 -0.252502
v 0.21028 0.495234 -0.135721
v 0.183167 0.508785 -0.142498
v 0.264568 0.468084 -0.0892776
v 0.291712 0.454534 -0.298511
v 8.49309e-05 0.52916 -0.0892776
v 8.49309e-05 0.427384 -0.508788
v 8.49309e-05 0.425441 -0.533074
v 0.317365 0.366673 -0.533074
v 0.317365 0.421895 -0.372064
v 0.312055 0.434159 -0.339176
v 0.21028 0.495234 -0.23747
v 0.12214 0.52916 -0.142498
v 0.162794 0.508785 -0.0892776
v 0.183167 0.508785 -0.244248
v 0.27814 0.461309 -0.312066
v 0.250996 0.474884 -0.278179
v 0.298483 0.440959 -0.352731
v 0.0814237 0.52916 -0.0892776
v 8.49309e-05 0.52916 -0.386575
v 8.49309e-05 0.486492 -0.533074
v 0.280997 0.39885 -0.533074
v 0.295097 0.396883 -0.513871
v 0.31544 0.396883 -0.473162
v 0.317365 0.394988 -0.472206
v 0.317365 0.401569 -0.453481
v 0.312055 0.413809 -0.420593
v 0.101766 0.52916 -0.10179
v 0.12214 0.52916 -0.244248
v 0.0992816 0.526634 -0.0892776
v 0.237424 0.481659 -0.291734
v 0.223852 0.488435 -0.284956
v 0.162794 0.508785 -0.325621
v 0.27814 0.440959 -0.413816
v 0.257767 0.461309 -0.373107
v 0.156054 0.50201 -0.39344
v 0.298483 0.420608 -0.434148
v 0.0203653 0.52916 -0.36633
v 0.12214 0.508785 -0.407038
v 0.0610813 0.508785 -0.447747
v 0.0203653 0.508785 -0.468079
v 8.49309e-05 0.508785 -0.468079
v 0.0203653 0.486492 -0.533074
v 8.49309e-05 0.488435 -0.52912
v 0.278916 0.400477 -0.533074
v 0.234039 0.437559 -0.513871
v 0.274755 0.417209 -0.493538
v 0.274755 0.437559 -0.432454
v 0.255965 0.416431 -0.533074
v 0.142482 0.508785 -0.386662
v 0.101766 0.52916 -0.284956
v 0.176366 0.50201 -0.332399
v 0.237424 0.440959 -0.495233
v 0.217082 0.461309 -0.454524
v 0.142482 0.50371 -0.409558
v 0.142482 0.483359 -0.490975
v 0.12214 0.488435 -0.488412
v 0.0814237 0.488435 -0.508788
v 0.0203653 0.488435 -0.52912
v 0.138569 0.468084 -0.533074
v 0.168291 0.460265 -0.533074
v 0.223852 0.442659 -0.511351
v 0.213696 0.457909 -0.473162
v 0.20351 0.463009 -0.470642
v 0.162794 0.463009 -0.531683
v 0.161427 0.463009 -0.533074
f 821 822 825
f 821 825 831
f 821 831 841
f 821 841 857
f 821 857 846
f 821 846 833
f 821 833 826
f 821 826 823
f 821 823 827
f 821 827 836
f 821 836 852
f 821 852 853
f 821 853 837
f 821 837 828
f 821 828 824
f 821 824 822
f 822 824 825
f 823 826 827
f 824 828 832
f 824 832 825
f 825 829 830
f 825 830 831
f 825 832 844
f 825 844 839
f 825 839 829
f 826 833 847
f 826 847 869
f 826 869 871
f 826 871 848
f 826 848 835
f 826 835 834
f 826 834 827
f 827 834 835
f 827 835 848
f 827 848 870
f 827 870 887
f 827 887 893
f 827 893 888
f 827 888 876
f 827 876 872
f 827 872 849
f 827 849 836
f 828 837 838
f 828 838 832
f 829 839 842
f 829 842 830
f 830 840 841
f 830 841 831
f 830 842 856
f 830 856 840
f 832 843 858
f 832 858 844
f 832 838 845
f 832 845 843
f 833 846 855
f 833 855 840
f 833 840 856
f 833 856 878
f 833 878 865
f 833 865 847
f 836 849 850
f 836 850 851
f 836 851 852
f 837 853 838
f 838 853 854
f 838 854 864
f 838 864 845
f 839 844 842
f 840 855 841
f 841 855 857
f 842 844 858
f 842 858 859
f 842 859 860
f 842 860 856
f 843 845 861
f 843 861 862
f 843 862 863
f 843 863 858
f 845 864 861
f 846 857 855
f 847 865 866
f 847 866 867
f 847 867 868
f 847 868 869
f 848 871 886
f 848 886 870
f 849 872 850
f 850 873 874
f 850 874 875
f 850 875 851
f 850 872 876
f 850 876 873
f 851 875 861
f 851 861 864
f 851 864 853
f 851 853 852
f 853 864 854
f 856 860 877
f 856 877 878
f 858 863 879
f 858 879 860
f 858 860 859
f 860 879 863
f 860 863 877
f 861 875 873
f 861 873 880
f 861 880 881
f 861 881 862
f 862 881 863
f 863 881 891
f 863 891 882
f 863 882 877
f 865 878 866
f 866 882 883
f 866 883 884
f 866 884 867
f 866 878 877
f 866 877 882
f 867 884 885
f 867 885 868
f 868 885 886
f 868 886 871
f 868 871 869
f 870 886 887
f 873 876 888
f 873 888 889
f 873 889 891
f 873 891 890
f 873 890 881
f 873 881 880
f 873 875 874
f 881 890 891
f 882 891 883
f 883 891 889
f 883 889 888
f 883 888 892
f 883 892 893
f 883 893 887
f 883 887 884
f 884 887 885
f 885 887 886
f 888 893 892
o convex_10
v 8.49309e-05 0.332513 -0.820692
v 0.271435 -0.00103547 -0.820692
v 0.332513 -0.00106811 -0.820692
v 8.49309e-05 -0.331981 -0.821754
v 8.49309e-05 0.271452 -0.820692
v -0.316663 -0.0179662 -0.852391
v -0.311547 -0.0470049 -0.852391
v -0.291208 -0.128406 -0.852391
v -0.305253 -0.0203758 -0.915851
v -0.305269 0.020377 -0.915852
v -0.298494 -0.0135795 -0.92942
v -0.284914 -0.101777 -0.915851
v -0.278124 -0.0949805 -0.92942
v -0.264575 -0.101777 -0.936205
v -0.271334 -0.1289 -0.922636
v -0.250994 -0.169585 -0.922636
v -0.244204 -0.142493 -0.936205
v -0.28491 0.020377 -0.936205
v -0.284914 -0.0203758 -0.936205
v -0.298472 0.0271638 -0.929421
v -0.278144 0.108575 -0.929421
v -0.28491 0.101788 -0.915852
v -0.250989 0.169594 -0.915852
v -0.244347 0.203559 -0.854666
v -0.295167 0.101912 -0.854666
v -0.300295 0.0840615 -0.854666
v -0.315526 0.0205009 -0.854666
v -0.316663 -0.00106811 -0.852391
v -0.203629 0.24428 -0.854666
v -0.213669 0.218775 -0.926029
v -0.254387 0.157725 -0.926029
v -0.257785 0.149264 -0.929421
v -0.217067 0.210284 -0.929421
v -0.244223 0.165348 -0.931113
v -0.244223 0.142478 -0.936205
v -0.203505 0.203497 -0.936205
v -0.162818 0.246759 -0.931113
v -0.14249 0.244218 -0.936205
v -0.122131 0.267119 -0.931113
v -0.152654 0.259465 -0.926029
v -0.169584 0.251005 -0.915852
v -0.122131 0.292624 -0.854666
v -0.111967 0.279825 -0.926029
v -0.101772 0.278121 -0.929421
v -0.101772 0.264578 -0.936205
v -0.264551 0.101788 -0.936205
v -0.101767 -0.264579 -0.936205
v -0.203495 -0.203505 -0.936205
v -0.240825 -0.159422 -0.932809
v -0.213695 -0.213669 -0.926024
v -0.217075 -0.217067 -0.909066
v -0.246623 -0.205915 -0.852391
v -0.205913 -0.246631 -0.852391
v -0.169575 -0.250986 -0.922636
v -0.159405 -0.240823 -0.932809
v -0.142477 -0.244221 -0.936205
v -0.0950077 -0.278141 -0.92942
v -0.128927 -0.271344 -0.922636
v -0.101767 -0.284906 -0.915851
v -0.124525 -0.287316 -0.852391
v -0.110386 -0.293525 -0.852391
v -0.0203784 -0.305264 -0.915851
v -0.0135883 -0.298499 -0.92942
v -0.0203784 -0.284906 -0.936205
v 0.0203574 -0.284916 -0.936205
v 0.203492 -0.203516 -0.936205
v 0.101772 -0.264574 -0.936205
v 0.108562 -0.278147 -0.929416
v 0.142479 -0.2442 -0.936205
v 0.149269 -0.257772 -0.929416
v 0.166618 -0.297614 -0.821754
v 0.208592 -0.274745 -0.824275
v 0.157749 -0.254403 -0.926022
v 0.210282 -0.217088 -0.929416
v 0.165383 -0.2442 -0.931108
v 0.246766 -0.162832 -0.931108
v 0.218761 -0.213687 -0.926022
v 0.259468 -0.152661 -0.926022
v 0.269637 -0.213687 -0.824275
v 0.282957 -0.190819 -0.821754
v 0.279838 -0.111945 -0.926022
v 0.267103 -0.122116 -0.931108
v 0.278117 -0.101774 -0.929416
v 0.264569 -0.101774 -0.936205
v 0.244199 -0.14249 -0.936205
v 0.284907 -0.0203736 -0.936205
v 0.298486 -0.0203736 -0.929416
v 0.300176 -0.0305445 -0.926022
v 0.330649 -0.0840556 -0.821754
v 0.305276 -0.0203736 -0.915849
v 0.305277 -0.00106811 -0.915853
v 0.331981 -0.0203736 -0.821754
v 0.323665 -0.109451 -0.821754
v 0.271521 -0.211161 -0.821754
v 0.268403 -0.216181 -0.821754
v 0.212361 -0.272219 -0.821754
v 0.207975 -0.276009 -0.821754
v 0.126593 -0.316693 -0.821754
v 0.12721 -0.315429 -0.824275
v 0.104501 -0.324013 -0.821754
v 0.076399 -0.330653 -0.821754
v 0.0271474 -0.298488 -0.929416
v 0.0203574 -0.305258 -0.915849
v 0.0330602 -0.331981 -0.821754
v 0.05356 -0.331625 -0.821754
v 0.332513 0.0814128 -0.820692
v 0.305277 0.0203848 -0.915853
v 0.284907 0.101788 -0.915853
v 0.278138 0.115339 -0.922637
v 0.274754 0.111943 -0.931117
v 0.254384 0.152661 -0.931117
v 0.264569 0.101788 -0.936205
v 0.244199 0.142473 -0.936205
v 0.203492 0.203502 -0.936205
v 0.284907 0.0203848 -0.936205
v 0.295092 0.0305398 -0.931117
v 0.298476 0.0203848 -0.929421
v 0.0203573 0.284905 -0.936205
v 0.101772 0.264562 -0.936205
v 0.14248 0.24422 -0.936205
v 0.213677 0.213689 -0.931117
v 0.152665 0.254375 -0.931117
v 0.156049 0.25777 -0.922637
v 0.111957 0.27475 -0.931117
v 0.0305423 0.295093 -0.931117
v 0.0203573 0.298488 -0.929421
v -0.0203668 0.284908 -0.936205
v -0.0203668 0.298481 -0.929421
v -0.0305308 0.300186 -0.926029
v -0.0203668 0.305268 -0.915852
v -0.101772 0.284908 -0.915852
v 0.0203573 0.30528 -0.915853
v 0.115341 0.278146 -0.922637
v 0.212668 0.273738 -0.820692
v 0.131286 0.314423 -0.820692
v 0.0814347 0.332513 -0.820692
v 0.101772 0.284905 -0.915853
v 0.273746 0.212677 -0.820692
v 0.217061 0.217085 -0.922637
v 0.257768 0.156057 -0.922637
v 0.31211 0.142637 -0.820692
v -0.274744 -0.152656 -0.864976
f 895 896 894
f 895 897 896
f 898 897 895
f 899 897 898
f 900 897 899
f 900 901 897
f 900 902 901
f 900 899 902
f 903 902 899
f 904 902 903
f 904 905 902
f 904 906 905
f 907 906 904
f 907 908 906
f 907 909 908
f 907 910 909
f 907 911 910
f 912 911 907
f 912 904 911
f 912 907 904
f 904 913 911
f 904 903 913
f 903 914 913
f 915 914 903
f 915 916 914
f 915 917 916
f 915 918 917
f 915 919 918
f 915 903 919
f 919 903 920
f 919 920 921
f 919 921 918
f 921 894 918
f 921 899 894
f 921 903 899
f 921 920 903
f 899 898 894
f 898 895 894
f 918 894 917
f 922 917 894
f 923 917 922
f 923 916 917
f 924 916 923
f 924 925 916
f 924 923 925
f 925 923 926
f 927 925 926
f 927 928 925
f 927 929 928
f 927 926 929
f 930 929 926
f 930 931 929
f 930 932 931
f 930 933 932
f 930 923 933
f 930 926 923
f 934 933 923
f 934 922 933
f 934 923 922
f 933 922 935
f 933 935 936
f 932 933 936
f 932 936 937
f 932 937 938
f 932 938 931
f 931 938 929
f 929 938 911
f 939 929 911
f 928 929 939
f 928 939 914
f 925 928 914
f 925 914 916
f 939 911 914
f 914 911 913
f 911 938 940
f 910 911 940
f 941 910 940
f 942 910 941
f 942 909 910
f 943 909 942
f 944 909 943
f 944 945 909
f 944 946 945
f 944 947 946
f 944 943 947
f 948 947 943
f 948 949 947
f 948 941 949
f 948 943 941
f 943 942 941
f 949 941 940
f 950 949 940
f 950 951 949
f 952 951 950
f 952 953 951
f 952 954 953
f 952 897 954
f 952 955 897
f 952 950 955
f 950 956 955
f 950 940 956
f 957 956 940
f 957 958 956
f 957 940 958
f 958 940 959
f 960 958 959
f 960 961 958
f 962 961 960
f 963 961 962
f 963 964 961
f 963 965 964
f 963 966 965
f 963 967 966
f 963 968 967
f 963 962 968
f 962 959 968
f 962 960 959
f 968 959 967
f 969 967 959
f 969 970 967
f 971 970 969
f 971 972 970
f 971 973 972
f 971 974 973
f 971 969 974
f 975 974 969
f 975 976 974
f 975 977 976
f 975 969 977
f 977 969 978
f 977 978 979
f 977 979 980
f 977 980 976
f 976 980 974
f 981 974 980
f 981 982 974
f 981 983 982
f 981 980 983
f 983 980 984
f 983 984 896
f 985 983 896
f 985 982 983
f 985 896 982
f 982 896 986
f 974 982 986
f 973 974 986
f 973 986 896
f 987 973 896
f 987 972 973
f 987 988 972
f 987 896 988
f 988 896 989
f 965 988 989
f 965 972 988
f 965 970 972
f 965 966 970
f 966 967 970
f 990 965 989
f 990 964 965
f 990 896 964
f 990 989 896
f 964 896 991
f 964 991 992
f 964 992 961
f 991 961 992
f 991 993 961
f 991 896 993
f 994 993 896
f 994 995 993
f 996 995 994
f 996 956 995
f 996 955 956
f 997 955 996
f 997 897 955
f 997 896 897
f 997 998 896
f 997 996 998
f 998 996 994
f 998 994 896
f 956 958 995
f 961 995 958
f 961 993 995
f 984 999 896
f 1000 999 984
f 1001 999 1000
f 1001 1002 999
f 1001 1000 1002
f 1003 1002 1000
f 1003 1004 1002
f 1005 1004 1003
f 1006 1004 1005
f 1006 1007 1004
f 1006 1005 1007
f 1005 1008 1007
f 1005 1003 1008
f 1009 1008 1003
f 1009 979 1008
f 1009 980 979
f 1009 1010 980
f 1009 1000 1010
f 1009 1003 1000
f 1000 980 1010
f 1000 984 980
f 1008 979 1007
f 979 959 1007
f 978 959 979
f 969 959 978
f 959 940 1007
f 938 1007 940
f 1011 1007 938
f 1012 1007 1011
f 1013 1007 1012
f 1013 1014 1007
f 1015 1014 1013
f 1015 1016 1014
f 1015 1017 1016
f 1015 1013 1017
f 1013 1012 1017
f 1017 1012 1011
f 1018 1017 1011
f 1018 1019 1017
f 1018 1020 1019
f 1018 1011 1020
f 1020 1011 938
f 1020 938 1021
f 1020 1021 1019
f 1021 1022 1019
f 936 1022 1021
f 936 1023 1022
f 936 1024 1023
f 936 935 1024
f 1024 935 894
f 1023 1024 894
f 1023 894 1025
f 1023 1025 1022
f 1025 1019 1022
f 1025 1017 1019
f 1026 1017 1025
f 1026 1016 1017
f 1026 1027 1016
f 1026 1028 1027
f 1026 1029 1028
f 1026 1030 1029
f 1026 1025 1030
f 1030 1025 1029
f 1025 894 1029
f 1029 894 1028
f 1028 894 1031
f 1027 1028 1031
f 1032 1027 1031
f 1016 1027 1032
f 1016 1032 1014
f 1014 1032 1004
f 1014 1004 1007
f 1033 1004 1032
f 1033 1002 1004
f 1033 1034 1002
f 1033 1031 1034
f 1033 1032 1031
f 1034 1031 999
f 1002 1034 999
f 999 1031 896
f 1031 894 896
f 922 894 935
f 936 1021 937
f 1021 938 937
f 953 954 897
f 953 897 946
f 951 953 946
f 951 946 947
f 951 947 949
f 945 946 897
f 945 897 901
f 1035 945 901
f 1035 909 945
f 1035 901 909
f 908 909 901
f 908 901 905
f 908 905 906
f 901 902 905
o convex_11
v 0.252114 -0.308273 -0.59537
v 0.406637 -0.00106811 -0.570895
v 0.404467 -0.00106811 -0.59537
v 0.348277 -0.308273 -0.59537
v 0.336291 -0.308273 -0.0892837
v 0.465214 -0.00106811 -0.0892837
v 0.465512 -0.00106811 -0.59537
v 0.389281 -0.259407 -0.59537
v 0.349905 -0.308273 -0.59319
v 0.436061 -0.308273 -0.0892837
v 0.52916 -0.00106811 -0.0892837
v 0.467736 -0.00106811 -0.590911
v 0.465512 -0.0255158 -0.59537
v 0.395545 -0.249364 -0.59537
v 0.401945 -0.254386 -0.580011
v 0.393457 -0.271346 -0.569855
v 0.370244 -0.308273 -0.552465
v 0.454529 -0.291704 -0.0892837
v 0.436061 -0.308273 -0.345968
v 0.52916 -0.089236 -0.0892837
v 0.52916 -0.00106811 -0.36633
v 0.468088 -0.00106811 -0.590168
v 0.468088 -0.0203736 -0.590168
v 0.453444 -0.0865898 -0.59537
v 0.488454 -0.0814176 -0.508768
v 0.483356 -0.0916116 -0.518974
v 0.468088 -0.122134 -0.549492
v 0.46299 -0.132298 -0.559649
v 0.40821 -0.229006 -0.59537
v 0.414664 -0.223864 -0.590168
v 0.435003 -0.244222 -0.508768
v 0.414664 -0.26458 -0.52913
v 0.393457 -0.291704 -0.52913
v 0.373986 -0.305265 -0.549492
v 0.410922 -0.308273 -0.450703
v 0.488454 -0.223864 -0.122131
v 0.468088 -0.26458 -0.0892837
v 0.454529 -0.291704 -0.305293
v 0.434651 -0.308273 -0.357363
v 0.526014 -0.103339 -0.0892837
v 0.52916 -0.101776 -0.101769
v 0.52916 -0.0203736 -0.36633
v 0.528753 -0.00106811 -0.386693
v 0.488454 -0.00106811 -0.52913
v 0.488454 -0.0203736 -0.52913
v 0.445173 -0.127276 -0.59537
v 0.508793 -0.0203736 -0.468093
v 0.488454 -0.122134 -0.488455
v 0.46299 -0.172984 -0.518974
v 0.455369 -0.142492 -0.569855
v 0.483356 -0.132298 -0.498611
v 0.41339 -0.218721 -0.59537
v 0.421037 -0.198363 -0.59537
v 0.424807 -0.18832 -0.59537
v 0.455369 -0.183148 -0.52913
v 0.442651 -0.234027 -0.498611
v 0.435003 -0.26458 -0.468093
v 0.414664 -0.305265 -0.44773
v 0.414284 -0.308273 -0.438763
v 0.495234 -0.210302 -0.142493
v 0.508793 -0.183148 -0.142493
v 0.488454 -0.223864 -0.28498
v 0.508793 -0.16279 -0.0892837
v 0.455369 -0.284907 -0.325655
v 0.46299 -0.274744 -0.315499
v 0.468088 -0.26458 -0.305293
v 0.435003 -0.305265 -0.36633
v 0.52916 -0.122134 -0.162856
v 0.52916 -0.101776 -0.28498
v 0.508793 -0.142492 -0.386693
v 0.508793 -0.122134 -0.407006
v 0.528617 -0.00106811 -0.387733
v 0.508793 -0.00106811 -0.468093
v 0.508793 -0.0610596 -0.44773
v 0.488454 -0.142492 -0.468093
v 0.483356 -0.152656 -0.478249
v 0.46299 -0.213669 -0.457887
v 0.455369 -0.223864 -0.468093
v 0.442651 -0.274744 -0.417212
v 0.435003 -0.284907 -0.427368
v 0.495234 -0.210302 -0.244255
v 0.508793 -0.183148 -0.244255
v 0.483356 -0.234027 -0.295137
v 0.503695 -0.172984 -0.335861
v 0.508793 -0.16279 -0.325655
v 0.455369 -0.26458 -0.386693
v 0.46299 -0.254386 -0.376487
v 0.503695 -0.152656 -0.396849
v 0.52916 -0.122134 -0.244255
v 0.46299 -0.234027 -0.417212
f 1036 1037 1038
f 1036 1038 1042
f 1036 1042 1048
f 1036 1048 1059
f 1036 1059 1081
f 1036 1081 1089
f 1036 1089 1088
f 1036 1088 1087
f 1036 1087 1064
f 1036 1064 1049
f 1036 1049 1043
f 1036 1043 1039
f 1036 1039 1044
f 1036 1044 1052
f 1036 1052 1070
f 1036 1070 1094
f 1036 1094 1074
f 1036 1074 1054
f 1036 1054 1045
f 1036 1045 1040
f 1036 1040 1041
f 1036 1041 1037
f 1037 1041 1046
f 1037 1046 1056
f 1037 1056 1078
f 1037 1078 1107
f 1037 1107 1108
f 1037 1108 1079
f 1037 1079 1057
f 1037 1057 1047
f 1037 1047 1042
f 1037 1042 1038
f 1039 1043 1044
f 1040 1045 1053
f 1040 1053 1072
f 1040 1072 1098
f 1040 1098 1075
f 1040 1075 1055
f 1040 1055 1046
f 1040 1046 1041
f 1042 1047 1048
f 1043 1049 1050
f 1043 1050 1044
f 1044 1050 1051
f 1044 1051 1052
f 1045 1054 1073
f 1045 1073 1053
f 1046 1055 1076
f 1046 1076 1103
f 1046 1103 1124
f 1046 1124 1104
f 1046 1104 1077
f 1046 1077 1056
f 1047 1057 1058
f 1047 1058 1048
f 1048 1058 1060
f 1048 1060 1061
f 1048 1061 1062
f 1048 1062 1063
f 1048 1063 1059
f 1049 1064 1065
f 1049 1065 1050
f 1050 1065 1066
f 1050 1066 1067
f 1050 1067 1051
f 1051 1067 1068
f 1051 1068 1069
f 1051 1069 1052
f 1052 1069 1093
f 1052 1093 1070
f 1053 1071 1072
f 1053 1073 1097
f 1053 1097 1071
f 1054 1074 1073
f 1055 1075 1076
f 1056 1077 1078
f 1057 1079 1080
f 1057 1080 1058
f 1058 1080 1060
f 1059 1063 1081
f 1060 1082 1083
f 1060 1083 1061
f 1060 1080 1082
f 1061 1083 1062
f 1062 1083 1086
f 1062 1086 1063
f 1063 1084 1085
f 1063 1085 1081
f 1063 1086 1084
f 1064 1087 1065
f 1065 1087 1088
f 1065 1088 1089
f 1065 1089 1085
f 1065 1085 1090
f 1065 1090 1066
f 1066 1090 1091
f 1066 1091 1092
f 1066 1092 1067
f 1067 1092 1093
f 1067 1093 1068
f 1068 1093 1069
f 1070 1093 1094
f 1071 1095 1096
f 1071 1096 1072
f 1071 1097 1116
f 1071 1116 1095
f 1072 1096 1098
f 1073 1074 1099
f 1073 1099 1100
f 1073 1100 1101
f 1073 1101 1097
f 1074 1094 1093
f 1074 1093 1102
f 1074 1102 1099
f 1075 1098 1076
f 1076 1098 1096
f 1076 1096 1103
f 1077 1104 1105
f 1077 1105 1106
f 1077 1106 1107
f 1077 1107 1078
f 1079 1108 1082
f 1079 1082 1080
f 1081 1085 1089
f 1082 1108 1107
f 1082 1107 1109
f 1082 1109 1083
f 1083 1109 1106
f 1083 1106 1105
f 1083 1105 1110
f 1083 1110 1111
f 1083 1111 1086
f 1084 1090 1085
f 1084 1086 1111
f 1084 1111 1091
f 1084 1091 1090
f 1091 1111 1112
f 1091 1112 1113
f 1091 1113 1121
f 1091 1121 1114
f 1091 1114 1092
f 1092 1114 1115
f 1092 1115 1093
f 1093 1115 1102
f 1095 1116 1117
f 1095 1117 1096
f 1096 1117 1124
f 1096 1124 1103
f 1097 1101 1100
f 1097 1100 1118
f 1097 1118 1119
f 1097 1119 1120
f 1097 1120 1117
f 1097 1117 1116
f 1099 1102 1121
f 1099 1121 1100
f 1100 1121 1122
f 1100 1122 1123
f 1100 1123 1118
f 1102 1115 1121
f 1104 1124 1105
f 1105 1123 1111
f 1105 1111 1110
f 1105 1124 1120
f 1105 1120 1119
f 1105 1119 1123
f 1106 1109 1107
f 1111 1123 1112
f 1112 1123 1125
f 1112 1125 1113
f 1113 1125 1121
f 1114 1121 1115
f 1117 1120 1124
f 1118 1123 1119
f 1121 1125 1122
f 1122 1125 1123
o convex_12
v 0.43608 -0.308273 -0.0892837
v 0.336257 -0.308273 -0.0892837
v 0.43416 -0.312078 -0.0892837
v 0.413802 -0.352792 -0.162856
v 0.43608 -0.308273 -0.345968
v 8.49449e-05 -0.463386 -0.0892837
v 0.252097 -0.308273 -0.59537
v 8.49449e-05 -0.403646 -0.59537
v 0.392421 -0.367386 -0.0892837
v 0.393445 -0.373138 -0.101769
v 0.352731 -0.413851 -0.142493
v 0.413802 -0.352792 -0.244255
v 0.43416 -0.312078 -0.345968
v 0.434629 -0.308273 -0.357363
v 8.49449e-05 -0.529138 -0.0892837
v 0.348249 -0.308273 -0.59537
v 8.49449e-05 -0.465505 -0.59537
v 0.37727 -0.385138 -0.0892837
v 0.368948 -0.394003 -0.0892837
v 0.373088 -0.393484 -0.101769
v 0.291702 -0.454522 -0.101769
v 0.352731 -0.413851 -0.244255
v 0.393445 -0.373138 -0.28498
v 0.393445 -0.352792 -0.386693
v 0.414656 -0.325656 -0.386693
v 0.414272 -0.308273 -0.438763
v 0.0814286 -0.529138 -0.0892837
v 8.49449e-05 -0.529138 -0.386693
v 0.349871 -0.308273 -0.59319
v 0.34714 -0.310456 -0.59537
v 0.00260292 -0.465505 -0.59537
v 8.49449e-05 -0.468014 -0.590366
v 0.287519 -0.455041 -0.0892837
v 0.277106 -0.461246 -0.0892837
v 0.274716 -0.462997 -0.0916122
v 0.234044 -0.483365 -0.0916122
v 0.264559 -0.4681 -0.101769
v 0.291702 -0.454522 -0.305293
v 0.373088 -0.393484 -0.305293
v 0.352731 -0.393484 -0.386693
v 0.361223 -0.376532 -0.417212
v 0.361223 -0.356186 -0.478249
v 0.393445 -0.332424 -0.44773
v 0.4109 -0.308273 -0.450703
v 0.109596 -0.523473 -0.0892837
v 0.101786 -0.529138 -0.101769
v 0.111943 -0.524057 -0.0916122
v 8.49449e-05 -0.50877 -0.468093
v 0.0610713 -0.508792 -0.44773
v 0.101786 -0.508792 -0.427368
v 0.0814286 -0.529138 -0.325655
v 0.370228 -0.308273 -0.552465
v 0.351066 -0.315473 -0.580011
v 0.332416 -0.332424 -0.590168
v 0.330666 -0.330716 -0.59537
v 0.0762646 -0.455343 -0.59537
v 0.0882144 -0.461311 -0.58343
v 0.0814286 -0.4681 -0.569855
v 0.0203568 -0.488446 -0.52913
v 8.49449e-05 -0.488446 -0.52913
v 0.236391 -0.481592 -0.0892837
v 0.155005 -0.511733 -0.0892837
v 0.1323 -0.524057 -0.111975
v 0.122143 -0.529138 -0.122131
v 0.223844 -0.488446 -0.101769
v 0.193372 -0.503711 -0.15265
v 0.210315 -0.495235 -0.162856
v 0.210315 -0.495235 -0.244255
v 0.264559 -0.4681 -0.305293
v 0.271344 -0.454522 -0.36633
v 0.291702 -0.434176 -0.407006
v 0.332416 -0.413851 -0.36633
v 0.332416 -0.393484 -0.44773
v 0.373941 -0.346002 -0.468093
v 0.352731 -0.352792 -0.508768
v 0.393445 -0.312078 -0.488455
v 0.11429 -0.522305 -0.0892837
v 0.0814286 -0.488446 -0.508768
v 0.122143 -0.488446 -0.488455
v 0.124661 -0.503711 -0.427368
v 0.122143 -0.508792 -0.407006
v 0.101786 -0.529138 -0.305293
v 0.352731 -0.332424 -0.549492
v 0.361223 -0.315473 -0.559649
v 0.310352 -0.356186 -0.580011
v 0.326399 -0.334154 -0.59537
v 0.332416 -0.352792 -0.549492
v 0.0998654 -0.451538 -0.59537
v 0.128929 -0.461311 -0.563067
v 0.122783 -0.446457 -0.59537
v 0.139897 -0.442651 -0.59537
v 0.122143 -0.4681 -0.549492
v 0.183172 -0.508792 -0.162856
v 0.122143 -0.529138 -0.264618
v 0.183172 -0.508792 -0.244255
v 0.223844 -0.488446 -0.28498
v 0.162858 -0.508792 -0.325655
v 0.244201 -0.4681 -0.36633
v 0.246762 -0.462997 -0.386693
v 0.312059 -0.413851 -0.427368
v 0.267119 -0.442651 -0.427368
v 0.250987 -0.434176 -0.488455
v 0.312059 -0.393484 -0.488455
v 0.145018 -0.462997 -0.549492
v 0.20609 -0.462997 -0.468093
v 0.165376 -0.483365 -0.44773
v 0.162858 -0.488446 -0.427368
v 0.269637 -0.396878 -0.559649
v 0.228923 -0.417224 -0.580011
v 0.2684 -0.37904 -0.59537
v 0.291702 -0.393484 -0.52913
v 0.147579 -0.457916 -0.559649
v 0.20737 -0.419732 -0.59537
v 0.20609 -0.483365 -0.36633
v 0.203529 -0.4681 -0.44773
v 0.291702 -0.413851 -0.468093
v 0.246762 -0.442651 -0.468093
v 0.226405 -0.442651 -0.508768
v 0.250987 -0.413851 -0.549492
v 0.226405 -0.422305 -0.569855
v 0.244969 -0.395213 -0.59537
f 1126 1127 1131
f 1126 1131 1140
f 1126 1140 1152
f 1126 1152 1170
f 1126 1170 1202
f 1126 1202 1187
f 1126 1187 1186
f 1126 1186 1159
f 1126 1159 1158
f 1126 1158 1144
f 1126 1144 1143
f 1126 1143 1134
f 1126 1134 1128
f 1126 1128 1129
f 1126 1129 1137
f 1126 1137 1130
f 1126 1130 1139
f 1126 1139 1151
f 1126 1151 1169
f 1126 1169 1177
f 1126 1177 1154
f 1126 1154 1141
f 1126 1141 1132
f 1126 1132 1127
f 1127 1132 1133
f 1127 1133 1131
f 1128 1134 1135
f 1128 1135 1129
f 1129 1135 1136
f 1129 1136 1147
f 1129 1147 1137
f 1130 1137 1138
f 1130 1138 1139
f 1131 1133 1142
f 1131 1142 1157
f 1131 1157 1185
f 1131 1185 1173
f 1131 1173 1153
f 1131 1153 1140
f 1132 1141 1155
f 1132 1155 1180
f 1132 1180 1211
f 1132 1211 1235
f 1132 1235 1246
f 1132 1246 1238
f 1132 1238 1216
f 1132 1216 1215
f 1132 1215 1213
f 1132 1213 1181
f 1132 1181 1156
f 1132 1156 1142
f 1132 1142 1133
f 1134 1143 1135
f 1135 1143 1144
f 1135 1144 1145
f 1135 1145 1136
f 1136 1145 1146
f 1136 1146 1163
f 1136 1163 1147
f 1137 1147 1148
f 1137 1148 1138
f 1138 1148 1149
f 1138 1149 1150
f 1138 1150 1139
f 1139 1150 1151
f 1140 1153 1176
f 1140 1176 1207
f 1140 1207 1219
f 1140 1219 1189
f 1140 1189 1171
f 1140 1171 1152
f 1141 1154 1155
f 1142 1156 1157
f 1144 1158 1146
f 1144 1146 1145
f 1146 1158 1159
f 1146 1159 1160
f 1146 1160 1161
f 1146 1161 1162
f 1146 1162 1194
f 1146 1194 1163
f 1147 1163 1164
f 1147 1164 1148
f 1148 1164 1149
f 1149 1165 1166
f 1149 1166 1167
f 1149 1167 1168
f 1149 1168 1150
f 1149 1164 1165
f 1150 1168 1151
f 1151 1168 1169
f 1152 1171 1172
f 1152 1172 1170
f 1153 1173 1174
f 1153 1174 1175
f 1153 1175 1176
f 1154 1177 1178
f 1154 1178 1155
f 1155 1178 1179
f 1155 1179 1180
f 1156 1181 1182
f 1156 1182 1157
f 1157 1182 1183
f 1157 1183 1184
f 1157 1184 1185
f 1159 1186 1161
f 1159 1161 1160
f 1161 1186 1187
f 1161 1187 1188
f 1161 1188 1189
f 1161 1189 1190
f 1161 1190 1191
f 1161 1191 1192
f 1161 1192 1193
f 1161 1193 1194
f 1161 1194 1162
f 1163 1194 1223
f 1163 1223 1195
f 1163 1195 1196
f 1163 1196 1197
f 1163 1197 1164
f 1164 1197 1165
f 1165 1197 1198
f 1165 1198 1166
f 1166 1198 1167
f 1167 1199 1168
f 1167 1198 1200
f 1167 1200 1199
f 1168 1199 1200
f 1168 1200 1201
f 1168 1201 1169
f 1169 1201 1177
f 1170 1172 1202
f 1171 1189 1188
f 1171 1188 1172
f 1172 1188 1187
f 1172 1187 1202
f 1173 1185 1184
f 1173 1184 1174
f 1174 1184 1203
f 1174 1203 1204
f 1174 1204 1175
f 1175 1205 1206
f 1175 1206 1207
f 1175 1207 1176
f 1175 1204 1205
f 1177 1201 1208
f 1177 1208 1209
f 1177 1209 1178
f 1178 1209 1208
f 1178 1208 1179
f 1179 1210 1211
f 1179 1211 1180
f 1179 1208 1212
f 1179 1212 1210
f 1181 1213 1182
f 1182 1214 1217
f 1182 1217 1183
f 1182 1213 1215
f 1182 1215 1216
f 1182 1216 1214
f 1183 1217 1204
f 1183 1204 1203
f 1183 1203 1184
f 1189 1218 1190
f 1189 1219 1220
f 1189 1220 1218
f 1190 1218 1191
f 1191 1218 1220
f 1191 1220 1193
f 1191 1193 1192
f 1193 1220 1194
f 1194 1220 1221
f 1194 1221 1222
f 1194 1222 1223
f 1195 1223 1224
f 1195 1224 1226
f 1195 1226 1196
f 1196 1225 1197
f 1196 1226 1242
f 1196 1242 1227
f 1196 1227 1241
f 1196 1241 1225
f 1197 1225 1198
f 1198 1225 1241
f 1198 1241 1228
f 1198 1228 1212
f 1198 1212 1200
f 1200 1212 1208
f 1200 1208 1201
f 1204 1217 1229
f 1204 1229 1230
f 1204 1230 1231
f 1204 1231 1205
f 1205 1231 1232
f 1205 1232 1206
f 1206 1232 1222
f 1206 1222 1219
f 1206 1219 1207
f 1210 1233 1234
f 1210 1234 1235
f 1210 1235 1211
f 1210 1212 1236
f 1210 1236 1233
f 1212 1228 1236
f 1214 1216 1237
f 1214 1237 1229
f 1214 1229 1217
f 1216 1238 1237
f 1219 1222 1220
f 1220 1222 1221
f 1222 1232 1239
f 1222 1239 1223
f 1223 1239 1240
f 1223 1240 1230
f 1223 1230 1224
f 1224 1230 1226
f 1226 1230 1242
f 1227 1243 1244
f 1227 1244 1241
f 1227 1242 1243
f 1228 1244 1236
f 1228 1241 1244
f 1229 1243 1230
f 1229 1237 1238
f 1229 1238 1245
f 1229 1245 1243
f 1230 1240 1231
f 1230 1243 1242
f 1231 1240 1239
f 1231 1239 1232
f 1233 1236 1244
f 1233 1244 1234
f 1234 1244 1245
f 1234 1245 1238
f 1234 1238 1246
f 1234 1246 1235
f 1243 1245 1244
o convex_13
v -0.31664 -0.0179603 -0.852391
v -0.31664 -0.00106811 -0.852391
v -0.311552 -0.047008 -0.852391
v -0.312066 -0.108538 -0.841217
v -0.332418 -0.0881797 -0.820857
v -0.35277 -0.0474942 -0.800517
v -0.373122 -0.00679295 -0.780157
v -0.228704 -0.00106811 -0.852391
v -0.375974 -0.00106811 -0.774445
v -0.291225 -0.128395 -0.852391
v -0.312066 -0.149239 -0.820857
v -0.315458 -0.132284 -0.824254
v -0.329026 -0.10515 -0.81748
v -0.373122 -0.0881797 -0.759817
v -0.393474 -0.0271514 -0.739476
v -0.393474 -0.00106811 -0.739476
v -0.174869 -0.154478 -0.852391
v -0.374509 -0.00106811 -0.655239
v -0.274779 -0.152627 -0.852391
v -0.291739 -0.149239 -0.841217
v -0.306027 -0.161301 -0.814836
v -0.315458 -0.161301 -0.803913
v -0.334062 -0.161301 -0.781817
v -0.350354 -0.161301 -0.757404
v -0.329026 -0.145852 -0.79712
v -0.332418 -0.128897 -0.800517
v -0.373122 -0.128897 -0.739476
v -0.376514 -0.111926 -0.742873
v -0.393474 -0.108538 -0.719116
v -0.413826 -0.0474942 -0.698776
v -0.434178 -0.00106811 -0.658076
v -0.17307 -0.161301 -0.852391
v -0.435591 -0.00106811 -0.655239
v -0.338893 -0.155733 -0.655239
v -0.266993 -0.161301 -0.852391
v -0.2857 -0.161301 -0.835196
v -0.395118 -0.161301 -0.680076
v -0.376514 -0.152627 -0.722513
v -0.36973 -0.145852 -0.73608
v -0.396866 -0.132284 -0.702173
v -0.413826 -0.108538 -0.678416
v -0.434178 -0.0474942 -0.658076
v -0.338893 -0.161301 -0.655239
v -0.435591 -0.044671 -0.655239
v -0.404883 -0.161301 -0.655239
v -0.417218 -0.132284 -0.661453
v -0.42539 -0.0997706 -0.655239
v -0.420302 -0.126073 -0.655239
f 1247 1248 1254
f 1247 1254 1263
f 1247 1263 1278
f 1247 1278 1281
f 1247 1281 1265
f 1247 1265 1256
f 1247 1256 1249
f 1247 1249 1250
f 1247 1250 1251
f 1247 1251 1252
f 1247 1252 1253
f 1247 1253 1248
f 1248 1253 1255
f 1248 1255 1262
f 1248 1262 1277
f 1248 1277 1279
f 1248 1279 1264
f 1248 1264 1254
f 1249 1256 1250
f 1250 1256 1257
f 1250 1257 1258
f 1250 1258 1272
f 1250 1272 1259
f 1250 1259 1251
f 1251 1259 1260
f 1251 1260 1252
f 1252 1260 1253
f 1253 1260 1261
f 1253 1261 1262
f 1253 1262 1255
f 1254 1264 1263
f 1256 1265 1266
f 1256 1266 1257
f 1257 1266 1282
f 1257 1282 1267
f 1257 1267 1268
f 1257 1268 1269
f 1257 1269 1270
f 1257 1270 1271
f 1257 1271 1272
f 1257 1272 1258
f 1259 1272 1273
f 1259 1273 1286
f 1259 1286 1274
f 1259 1274 1260
f 1260 1274 1286
f 1260 1286 1275
f 1260 1275 1261
f 1261 1275 1276
f 1261 1276 1288
f 1261 1288 1277
f 1261 1277 1262
f 1263 1264 1278
f 1264 1279 1290
f 1264 1290 1293
f 1264 1293 1294
f 1264 1294 1291
f 1264 1291 1289
f 1264 1289 1280
f 1264 1280 1278
f 1265 1281 1266
f 1266 1281 1282
f 1267 1282 1281
f 1267 1281 1278
f 1267 1278 1289
f 1267 1289 1291
f 1267 1291 1283
f 1267 1283 1270
f 1267 1270 1269
f 1267 1269 1268
f 1270 1283 1284
f 1270 1284 1285
f 1270 1285 1271
f 1271 1285 1273
f 1271 1273 1272
f 1273 1285 1286
f 1275 1286 1287
f 1275 1287 1288
f 1275 1288 1276
f 1277 1288 1290
f 1277 1290 1279
f 1278 1280 1289
f 1283 1291 1292
f 1283 1292 1286
f 1283 1286 1284
f 1284 1286 1285
f 1286 1292 1287
f 1287 1292 1288
f 1288 1293 1290
f 1288 1292 1293
f 1291 1294 1292
f 1292 1294 1293
o convex_14
v 3.92708e-05 0.267934 0.45625
v 3.92708e-05 0.271386 0.454483
v -0.0577266 0.267934 0.45625
v 3.92708e-05 0.267934 0.354458
v -0.0543017 0.271386 0.454483
v 3.92708e-05 0.312094 0.413787
v -0.0831162 0.267934 0.444362
v -0.188282 0.295115 0.376465
v -0.373315 0.267934 -0.0907804
v 3.92708e-05 0.453088 -0.0630969
v -0.0543017 0.29174 0.434135
v -0.0339353 0.312094 0.413787
v 3.92708e-05 0.332422 0.39344
v -0.200611 0.267934 0.385836
v -0.208648 0.274761 0.376465
v -0.205224 0.267934 0.383319
v -0.094989 0.332422 0.373092
v -0.127228 0.335823 0.356118
v -0.208648 0.335823 0.315423
v -0.46638 0.267934 -0.0907804
v 3.92708e-05 0.465413 -0.0907804
v -0.0746682 0.352776 0.352744
v -0.0135688 0.332422 0.39344
v -0.0543017 0.37313 0.332397
v 3.92708e-05 0.396833 0.305356
v -0.22559 0.267934 0.362972
v -0.33071 0.274761 0.25438
v -0.108551 0.339224 0.359545
v -0.127228 0.396885 0.274727
v -0.208648 0.376531 0.25438
v -0.269657 0.335823 0.25438
v -0.464417 0.271923 -0.0907804
v -0.46638 0.267934 -0.0780363
v 3.92708e-05 0.501032 -0.0907804
v -0.0882306 0.359578 0.339197
v -0.0678642 0.379931 0.31885
v -0.0474977 0.420614 0.257753
v 3.92708e-05 0.468098 0.162869
v -0.0407393 0.468098 0.162869
v -0.300252 0.267934 0.288275
v -0.327285 0.267934 0.26118
v -0.320573 0.267934 0.267927
v -0.310344 0.315469 0.234032
v -0.33071 0.335823 0.173043
v -0.351077 0.295115 0.193337
v -0.373087 0.271386 0.183163
v -0.369662 0.267934 0.193444
v -0.349387 0.267934 0.227178
v -0.094989 0.393484 0.291702
v -0.108551 0.40026 0.278101
v -0.149284 0.420614 0.217058
v -0.167916 0.417213 0.213684
v -0.188282 0.396885 0.234032
v -0.167916 0.437567 0.173043
v -0.208648 0.417213 0.173043
v -0.24929 0.396885 0.173043
v -0.24929 0.376531 0.213684
v -0.463001 0.274761 -0.0711824
v -0.461311 0.278162 -0.0813562
v -0.461311 0.278162 -0.0907804
v -0.451813 0.267934 -0.01528
v -6.38935e-06 0.529134 -0.0907804
v 3.92708e-05 0.529134 -0.0813562
v -0.0474977 0.461296 0.176416
v 3.92708e-05 0.488452 0.12212
v -6.38935e-06 0.488452 0.12212
v -0.122114 0.488452 0.0814248
v -0.101793 0.468098 0.142468
v -0.108551 0.461296 0.156069
v -0.33071 0.356177 0.132294
v -0.352766 0.352776 0.101772
v -0.340893 0.335823 0.152695
v -0.373955 0.284938 0.162869
v -0.379982 0.267934 0.172882
v -0.41382 0.271386 0.101772
v -0.149284 0.440942 0.176416
v -0.127228 0.457921 0.152695
v -0.165404 0.442655 0.162869
v -0.188282 0.437567 0.152695
v -0.24929 0.417213 0.132294
v -0.289977 0.396885 0.111946
v -0.228969 0.437567 0.111946
v -0.455375 0.284938 -0.0610086
v -0.454507 0.29174 -0.0813562
v -0.442634 0.274761 0.0102081
v -0.457658 0.285475 -0.0907804
v -0.434597 0.267934 0.0510105
v -0.0907878 0.529134 -0.0907804
v 3.92708e-05 0.529134 -0.0203133
v 3.92708e-05 0.508806 0.0610772
v -6.38935e-06 0.508806 0.0610772
v -0.0610601 0.508806 0.0407296
v -0.101793 0.508806 0.0203819
v -0.124671 0.503717 0.0203819
v -0.145038 0.503717 3.43183e-05
v -0.206091 0.463009 0.0610772
v -0.226458 0.442655 0.101772
v -0.128918 0.48165 0.0950256
v -0.124671 0.463009 0.142468
v -0.312033 0.393484 0.0814248
v -0.3324 0.393484 0.0407296
v -0.373087 0.37313 3.43183e-05
v -0.373955 0.346 0.0610772
v -0.393454 0.332422 0.0407296
v -0.393454 0.312094 0.0814248
v -0.373955 0.325646 0.101772
v -0.361214 0.335823 0.111946
v -0.351077 0.335823 0.132294
v -0.401947 0.295115 0.0915987
v -0.394321 0.284938 0.12212
v -0.390029 0.267934 0.152802
v -0.414642 0.284938 0.0814248
v -0.430807 0.267934 0.0644506
v -0.41551 0.267934 0.101772
v -0.410395 0.267934 0.112053
v -0.271346 0.413812 0.101772
v -0.25098 0.434166 0.0814248
v -0.435008 0.284938 0.0203819
v -0.394321 0.346 3.43183e-05
v -0.39391 0.369473 -0.0907804
v -0.454507 0.29174 -0.0907804
v -0.41382 0.332422 -0.040661
v -0.0814266 0.529134 -0.0813562
v -0.113712 0.524071 -0.0907804
v -0.14248 0.508806 -0.0203133
v -6.38935e-06 0.529134 -0.0203133
v -0.0407393 0.529134 -0.040661
v -0.246733 0.463009 3.43183e-05
v -0.206091 0.483363 -0.0203133
v -0.271346 0.45452 -0.0203133
v -0.291713 0.434166 3.43183e-05
v -0.352766 0.393484 -0.0203133
v -0.291713 0.413812 0.0610772
v -0.368064 0.392563 -0.0907804
v -0.386147 0.376786 -0.0907804
v -0.414642 0.305292 0.0407296
v -0.162847 0.508806 -0.0907804
v -0.162847 0.508806 -0.0813562
v -0.203534 0.488452 -0.040661
v -0.244221 0.468098 -0.0203133
v -0.231526 0.482571 -0.0907804
v -0.272168 0.462217 -0.0907804
v -0.278835 0.458304 -0.0907804
v -0.286644 0.453599 -0.0907804
v -0.312033 0.434166 -0.0610086
v -0.22527 0.48569 -0.0907804
f 1295 1296 1299
f 1295 1299 1297
f 1295 1297 1301
f 1295 1301 1308
f 1295 1308 1310
f 1295 1310 1320
f 1295 1320 1334
f 1295 1334 1336
f 1295 1336 1335
f 1295 1335 1342
f 1295 1342 1341
f 1295 1341 1368
f 1295 1368 1405
f 1295 1405 1409
f 1295 1409 1408
f 1295 1408 1407
f 1295 1407 1381
f 1295 1381 1355
f 1295 1355 1327
f 1295 1327 1314
f 1295 1314 1303
f 1295 1303 1298
f 1295 1298 1304
f 1295 1304 1315
f 1295 1315 1328
f 1295 1328 1357
f 1295 1357 1383
f 1295 1383 1384
f 1295 1384 1359
f 1295 1359 1332
f 1295 1332 1319
f 1295 1319 1307
f 1295 1307 1300
f 1295 1300 1296
f 1296 1300 1306
f 1296 1306 1305
f 1296 1305 1299
f 1297 1299 1302
f 1297 1302 1301
f 1298 1303 1304
f 1299 1305 1302
f 1300 1307 1317
f 1300 1317 1306
f 1301 1302 1308
f 1302 1309 1310
f 1302 1310 1308
f 1302 1305 1311
f 1302 1311 1312
f 1302 1312 1313
f 1302 1313 1309
f 1303 1314 1326
f 1303 1326 1354
f 1303 1354 1380
f 1303 1380 1415
f 1303 1415 1414
f 1303 1414 1429
f 1303 1429 1428
f 1303 1428 1438
f 1303 1438 1437
f 1303 1437 1436
f 1303 1436 1435
f 1303 1435 1440
f 1303 1440 1431
f 1303 1431 1418
f 1303 1418 1382
f 1303 1382 1356
f 1303 1356 1328
f 1303 1328 1315
f 1303 1315 1304
f 1305 1306 1318
f 1305 1318 1316
f 1305 1316 1311
f 1306 1317 1318
f 1307 1319 1317
f 1309 1320 1310
f 1309 1313 1321
f 1309 1321 1320
f 1311 1316 1329
f 1311 1329 1322
f 1311 1322 1312
f 1312 1322 1323
f 1312 1323 1313
f 1313 1323 1324
f 1313 1324 1325
f 1313 1325 1337
f 1313 1337 1321
f 1314 1327 1326
f 1316 1318 1330
f 1316 1330 1329
f 1317 1319 1318
f 1318 1319 1330
f 1319 1331 1330
f 1319 1332 1333
f 1319 1333 1331
f 1320 1321 1334
f 1321 1335 1336
f 1321 1336 1334
f 1321 1337 1338
f 1321 1338 1339
f 1321 1339 1340
f 1321 1340 1341
f 1321 1341 1342
f 1321 1342 1335
f 1322 1329 1343
f 1322 1343 1344
f 1322 1344 1323
f 1323 1344 1345
f 1323 1345 1346
f 1323 1346 1347
f 1323 1347 1324
f 1324 1347 1348
f 1324 1348 1349
f 1324 1349 1350
f 1324 1350 1351
f 1324 1351 1325
f 1325 1351 1338
f 1325 1338 1337
f 1326 1327 1352
f 1326 1352 1353
f 1326 1353 1354
f 1327 1355 1352
f 1328 1356 1357
f 1329 1330 1343
f 1330 1331 1343
f 1331 1344 1343
f 1331 1333 1358
f 1331 1358 1344
f 1332 1359 1360
f 1332 1360 1333
f 1333 1360 1361
f 1333 1361 1362
f 1333 1362 1363
f 1333 1363 1358
f 1338 1350 1364
f 1338 1364 1365
f 1338 1365 1366
f 1338 1366 1339
f 1338 1351 1350
f 1339 1366 1367
f 1339 1367 1340
f 1340 1368 1341
f 1340 1367 1369
f 1340 1369 1368
f 1344 1358 1363
f 1344 1363 1370
f 1344 1370 1345
f 1345 1370 1348
f 1345 1348 1346
f 1346 1348 1347
f 1348 1370 1371
f 1348 1371 1372
f 1348 1372 1373
f 1348 1373 1349
f 1349 1373 1350
f 1350 1374 1375
f 1350 1375 1364
f 1350 1373 1376
f 1350 1376 1374
f 1352 1377 1378
f 1352 1378 1353
f 1352 1355 1379
f 1352 1379 1412
f 1352 1412 1377
f 1353 1378 1380
f 1353 1380 1354
f 1355 1381 1379
f 1356 1382 1417
f 1356 1417 1421
f 1356 1421 1420
f 1356 1420 1383
f 1356 1383 1357
f 1359 1384 1385
f 1359 1385 1360
f 1360 1385 1386
f 1360 1386 1361
f 1361 1386 1387
f 1361 1387 1388
f 1361 1388 1389
f 1361 1389 1390
f 1361 1390 1391
f 1361 1391 1392
f 1361 1392 1362
f 1362 1392 1363
f 1363 1392 1393
f 1363 1393 1371
f 1363 1371 1370
f 1364 1375 1394
f 1364 1394 1365
f 1365 1394 1395
f 1365 1395 1396
f 1365 1396 1397
f 1365 1397 1398
f 1365 1398 1399
f 1365 1399 1400
f 1365 1400 1401
f 1365 1401 1402
f 1365 1402 1366
f 1366 1402 1400
f 1366 1400 1403
f 1366 1403 1367
f 1367 1403 1404
f 1367 1404 1369
f 1368 1369 1405
f 1369 1406 1407
f 1369 1407 1408
f 1369 1408 1409
f 1369 1409 1405
f 1369 1404 1406
f 1371 1393 1372
f 1372 1393 1392
f 1372 1392 1391
f 1372 1391 1373
f 1373 1391 1376
f 1374 1376 1410
f 1374 1410 1394
f 1374 1394 1375
f 1376 1391 1411
f 1376 1411 1410
f 1377 1412 1413
f 1377 1413 1378
f 1378 1414 1415
f 1378 1415 1380
f 1378 1413 1416
f 1378 1416 1414
f 1379 1381 1412
f 1381 1407 1412
f 1382 1418 1419
f 1382 1419 1417
f 1383 1420 1385
f 1383 1385 1384
f 1385 1420 1386
f 1386 1420 1421
f 1386 1421 1387
f 1387 1389 1388
f 1387 1421 1417
f 1387 1417 1419
f 1387 1419 1389
f 1389 1422 1390
f 1389 1419 1433
f 1389 1433 1423
f 1389 1423 1422
f 1390 1422 1391
f 1391 1422 1424
f 1391 1424 1411
f 1394 1410 1427
f 1394 1427 1395
f 1395 1425 1426
f 1395 1426 1396
f 1395 1427 1425
f 1396 1413 1398
f 1396 1398 1397
f 1396 1426 1428
f 1396 1428 1429
f 1396 1429 1414
f 1396 1414 1416
f 1396 1416 1413
f 1398 1413 1430
f 1398 1430 1399
f 1399 1406 1400
f 1399 1430 1406
f 1400 1406 1403
f 1400 1402 1401
f 1403 1406 1404
f 1406 1430 1412
f 1406 1412 1407
f 1410 1411 1424
f 1410 1424 1425
f 1410 1425 1427
f 1412 1430 1413
f 1418 1431 1432
f 1418 1432 1419
f 1419 1432 1433
f 1422 1423 1434
f 1422 1434 1424
f 1423 1433 1434
f 1424 1434 1435
f 1424 1435 1436
f 1424 1436 1437
f 1424 1437 1438
f 1424 1438 1439
f 1424 1439 1426
f 1424 1426 1425
f 1426 1439 1428
f 1428 1439 1438
f 1431 1440 1432
f 1432 1440 1433
f 1433 1440 1434
f 1434 1440 1435
o convex_15
v -0.316841 -0.312622 -0.655211
v -0.315437 -0.315462 -0.655211
v -0.335784 -0.315462 -0.620719
v -0.332937 -0.312622 -0.626402
v -0.210855 -0.312622 -0.655211
v -0.292243 -0.332991 -0.655211
v -0.274743 -0.356179 -0.641073
v -0.254396 -0.396876 -0.600365
v -0.315437 -0.335831 -0.620719
v -0.337229 -0.312622 -0.617891
v -0.3324 -0.33244 -0.596977
v -0.356131 -0.315462 -0.580039
v -0.219357 -0.312622 -0.626402
v -0.194594 -0.316712 -0.655211
v -0.23405 -0.376527 -0.655211
v -0.274743 -0.396876 -0.559685
v -0.271359 -0.393484 -0.576623
v -0.315437 -0.356179 -0.580039
v -0.23405 -0.396876 -0.620719
v -0.213661 -0.417224 -0.600365
v -0.23405 -0.437572 -0.518977
v -0.353325 -0.312622 -0.585694
v -0.352747 -0.352788 -0.515589
v -0.352747 -0.33244 -0.556269
v -0.3324 -0.352788 -0.556269
v -0.357576 -0.312622 -0.577183
v -0.394019 -0.312622 -0.492492
v -0.337229 -0.312622 -0.36922
v 4.36652e-05 -0.374535 -0.655211
v -0.213661 -0.396876 -0.641073
v -0.187165 -0.399991 -0.655211
v -0.274743 -0.417224 -0.498651
v -0.312053 -0.393484 -0.495263
v -0.132315 -0.437572 -0.620719
v -0.152662 -0.45792 -0.559685
v -0.173009 -0.45792 -0.539331
v -0.213661 -0.45792 -0.478297
v -0.23405 -0.45792 -0.437589
v -0.254396 -0.437572 -0.478297
v -0.152662 -0.478268 -0.498651
v -0.356131 -0.356179 -0.498651
v -0.393441 -0.33244 -0.454556
v -0.3324 -0.393484 -0.454556
v -0.396866 -0.315462 -0.478297
v -0.412715 -0.312622 -0.434762
v -0.421547 -0.312622 -0.36922
v -3.88802e-05 -0.468094 -0.36922
v 4.36652e-05 -0.447767 -0.427314
v 4.36652e-05 -0.435579 -0.655211
v -0.126083 -0.420339 -0.655211
v -0.308669 -0.410441 -0.451168
v -0.108584 -0.43418 -0.637685
v -0.101774 -0.447746 -0.610556
v -0.111968 -0.45792 -0.580039
v -0.122121 -0.468094 -0.549494
v -0.152662 -0.498616 -0.417235
v -0.254396 -0.45792 -0.396882
v -0.274743 -0.437572 -0.437589
v -0.288322 -0.430789 -0.430814
v -0.122121 -0.488442 -0.48846
v -0.122121 -0.50879 -0.407073
v -0.376478 -0.356179 -0.437589
v -0.393441 -0.352788 -0.393494
v -0.413829 -0.33244 -0.37314
v -0.291706 -0.43418 -0.413848
v -0.352747 -0.393484 -0.393494
v -0.417213 -0.315462 -0.396882
v -0.418617 -0.312622 -0.394054
v -0.415769 -0.328519 -0.36922
v 4.36652e-05 -0.472778 -0.36922
v 4.36652e-05 -0.454041 -0.411944
v 4.36652e-05 -0.437614 -0.651179
v -0.0446949 -0.435579 -0.655211
v -0.0997926 -0.425405 -0.655211
v -0.101774 -0.427398 -0.651263
v -0.0407328 -0.447746 -0.63091
v -0.0814267 -0.468094 -0.569848
v -0.142468 -0.50879 -0.386719
v -0.243625 -0.467522 -0.36922
v -0.271359 -0.454529 -0.37314
v -0.0814267 -0.488442 -0.508814
v -0.0610798 -0.50879 -0.447752
v -3.88802e-05 -0.529138 -0.386719
v -0.373878 -0.37392 -0.36922
v -0.413829 -0.33244 -0.36922
v -0.308751 -0.430874 -0.36922
v -0.3324 -0.413832 -0.37314
v 4.36652e-05 -0.528439 -0.36922
v 4.36652e-05 -0.440963 -0.644488
v -0.033923 -0.440963 -0.644488
v -0.0203858 -0.468094 -0.590202
v -0.0407328 -0.488442 -0.52914
v -0.019808 -0.528566 -0.36922
v -0.142468 -0.50879 -0.36922
v -0.267438 -0.456479 -0.36922
v -0.271359 -0.454529 -0.36922
v -0.0203858 -0.50879 -0.468106
v 4.36652e-05 -0.529138 -0.386719
v -3.88802e-05 -0.529138 -0.36922
v -0.3324 -0.413832 -0.36922
v 4.36652e-05 -0.461311 -0.60378
v -0.013576 -0.461311 -0.60378
v -3.88802e-05 -0.468094 -0.590202
v -3.88802e-05 -0.50879 -0.468106
v 4.36652e-05 -0.508769 -0.468106
v 4.36652e-05 -0.468009 -0.59037
v 4.36652e-05 -0.468073 -0.590202
v 4.36652e-05 -0.488442 -0.52914
f 1441 1442 1443
f 1441 1443 1444
f 1441 1444 1450
f 1441 1450 1462
f 1441 1462 1466
f 1441 1466 1467
f 1441 1467 1485
f 1441 1485 1508
f 1441 1508 1486
f 1441 1486 1468
f 1441 1468 1453
f 1441 1453 1445
f 1441 1445 1454
f 1441 1454 1469
f 1441 1469 1489
f 1441 1489 1513
f 1441 1513 1514
f 1441 1514 1490
f 1441 1490 1471
f 1441 1471 1455
f 1441 1455 1446
f 1441 1446 1442
f 1442 1446 1447
f 1442 1447 1448
f 1442 1448 1449
f 1442 1449 1443
f 1443 1450 1444
f 1443 1449 1451
f 1443 1451 1452
f 1443 1452 1450
f 1445 1453 1454
f 1446 1455 1447
f 1447 1455 1448
f 1448 1456 1473
f 1448 1473 1457
f 1448 1457 1458
f 1448 1458 1449
f 1448 1455 1459
f 1448 1459 1460
f 1448 1460 1461
f 1448 1461 1479
f 1448 1479 1472
f 1448 1472 1456
f 1449 1458 1451
f 1450 1452 1462
f 1451 1463 1464
f 1451 1464 1452
f 1451 1458 1465
f 1451 1465 1463
f 1452 1466 1462
f 1452 1464 1467
f 1452 1467 1466
f 1453 1468 1469
f 1453 1469 1454
f 1455 1470 1459
f 1455 1471 1470
f 1456 1472 1473
f 1457 1473 1463
f 1457 1463 1465
f 1457 1465 1458
f 1459 1470 1460
f 1460 1470 1471
f 1460 1471 1474
f 1460 1474 1475
f 1460 1475 1476
f 1460 1476 1461
f 1461 1477 1478
f 1461 1478 1479
f 1461 1476 1480
f 1461 1480 1477
f 1463 1481 1482
f 1463 1482 1464
f 1463 1473 1483
f 1463 1483 1481
f 1464 1482 1467
f 1467 1482 1484
f 1467 1484 1485
f 1468 1486 1509
f 1468 1509 1525
f 1468 1525 1524
f 1468 1524 1540
f 1468 1540 1526
f 1468 1526 1536
f 1468 1536 1535
f 1468 1535 1519
f 1468 1519 1534
f 1468 1534 1533
f 1468 1533 1539
f 1468 1539 1528
f 1468 1528 1510
f 1468 1510 1487
f 1468 1487 1488
f 1468 1488 1469
f 1469 1488 1511
f 1469 1511 1510
f 1469 1510 1528
f 1469 1528 1538
f 1469 1538 1545
f 1469 1545 1548
f 1469 1548 1547
f 1469 1547 1546
f 1469 1546 1541
f 1469 1541 1529
f 1469 1529 1512
f 1469 1512 1489
f 1471 1490 1474
f 1472 1479 1499
f 1472 1499 1491
f 1472 1491 1473
f 1473 1491 1483
f 1474 1490 1492
f 1474 1492 1493
f 1474 1493 1494
f 1474 1494 1475
f 1475 1494 1517
f 1475 1517 1495
f 1475 1495 1500
f 1475 1500 1480
f 1475 1480 1476
f 1477 1480 1496
f 1477 1496 1478
f 1478 1497 1498
f 1478 1498 1479
f 1478 1496 1497
f 1479 1498 1505
f 1479 1505 1499
f 1480 1500 1501
f 1480 1501 1496
f 1481 1502 1482
f 1481 1483 1506
f 1481 1506 1502
f 1482 1502 1503
f 1482 1503 1504
f 1482 1504 1485
f 1482 1485 1484
f 1483 1491 1499
f 1483 1499 1505
f 1483 1505 1527
f 1483 1527 1506
f 1485 1504 1507
f 1485 1507 1508
f 1486 1508 1509
f 1487 1510 1511
f 1487 1511 1488
f 1489 1512 1513
f 1490 1514 1515
f 1490 1515 1492
f 1492 1515 1513
f 1492 1513 1516
f 1492 1516 1493
f 1493 1516 1531
f 1493 1531 1517
f 1493 1517 1494
f 1495 1517 1521
f 1495 1521 1500
f 1496 1501 1518
f 1496 1518 1497
f 1497 1519 1520
f 1497 1520 1505
f 1497 1505 1498
f 1497 1518 1519
f 1500 1521 1537
f 1500 1537 1522
f 1500 1522 1501
f 1501 1522 1523
f 1501 1523 1518
f 1502 1506 1503
f 1503 1524 1504
f 1503 1506 1524
f 1504 1525 1509
f 1504 1509 1507
f 1504 1524 1525
f 1505 1526 1527
f 1505 1520 1526
f 1506 1527 1524
f 1507 1509 1508
f 1512 1529 1530
f 1512 1530 1513
f 1513 1530 1516
f 1513 1515 1514
f 1516 1530 1542
f 1516 1542 1531
f 1517 1531 1532
f 1517 1532 1521
f 1518 1523 1533
f 1518 1533 1534
f 1518 1534 1519
f 1519 1535 1520
f 1520 1535 1536
f 1520 1536 1526
f 1521 1532 1537
f 1522 1537 1523
f 1523 1537 1544
f 1523 1544 1538
f 1523 1538 1539
f 1523 1539 1533
f 1524 1527 1540
f 1526 1540 1527
f 1528 1539 1538
f 1529 1541 1542
f 1529 1542 1530
f 1531 1542 1541
f 1531 1541 1543
f 1531 1543 1544
f 1531 1544 1537
f 1531 1537 1532
f 1538 1544 1545
f 1541 1546 1543
f 1543 1546 1547
f 1543 1547 1548
f 1543 1548 1544
f 1544 1548 1545
o convex_16
v -0.173076 -0.161328 -0.852391
v 4.52835e-05 -0.228692 -0.852391
v -0.26695 -0.161328 -0.852391
v -0.338902 -0.161328 -0.655239
v 4.52835e-05 -0.37451 -0.655239
v 4.52835e-05 -0.31665 -0.852391
v -0.26695 -0.165248 -0.852391
v -0.285662 -0.161328 -0.835196
v -0.404908 -0.161328 -0.655239
v 4.52835e-05 -0.435591 -0.655239
v 4.52835e-05 -0.37655 -0.773287
v -0.00681295 -0.373113 -0.780157
v -0.0179526 -0.31665 -0.852391
v -0.246613 -0.205951 -0.852391
v -0.271351 -0.189976 -0.841217
v -0.27472 -0.173007 -0.844614
v -0.306038 -0.161328 -0.814836
v -0.395116 -0.161328 -0.680076
v -0.39686 -0.193359 -0.661453
v -0.399952 -0.187156 -0.655239
v 4.52835e-05 -0.42061 -0.685209
v -0.044672 -0.435591 -0.655239
v 4.52835e-05 -0.400258 -0.72591
v -0.0475263 -0.352762 -0.800517
v -0.0135919 -0.400258 -0.72591
v -0.0271498 -0.393465 -0.739476
v -0.0882 -0.373113 -0.759817
v -0.0882 -0.33241 -0.820857
v -0.108577 -0.312059 -0.841217
v -0.0470109 -0.311548 -0.852391
v -0.254383 -0.21371 -0.844614
v -0.226277 -0.226302 -0.852391
v -0.27472 -0.21371 -0.824254
v -0.315434 -0.173007 -0.803913
v -0.295097 -0.173007 -0.824254
v -0.315434 -0.161328 -0.803913
v -0.350359 -0.161328 -0.757404
v -0.356147 -0.173007 -0.742873
v -0.376484 -0.21371 -0.681813
v -0.376484 -0.234062 -0.661453
v -0.379616 -0.22786 -0.655239
v -0.39686 -0.193359 -0.655239
v -0.33581 -0.193359 -0.763194
v -0.0339288 -0.42061 -0.685209
v -0.0475263 -0.434168 -0.658076
v -0.0475263 -0.413817 -0.698776
v -0.0998154 -0.425389 -0.655239
v -0.108577 -0.393465 -0.719116
v -0.125544 -0.390082 -0.715739
v -0.105167 -0.329027 -0.81748
v -0.169627 -0.33241 -0.780157
v -0.132323 -0.315442 -0.824254
v -0.14925 -0.291734 -0.841217
v -0.132323 -0.295117 -0.844614
v -0.124553 -0.287357 -0.852391
v -0.1104 -0.29356 -0.852391
v -0.234047 -0.234062 -0.844614
v -0.295097 -0.234062 -0.783554
v -0.2059 -0.246654 -0.852391
v -0.334066 -0.161328 -0.781817
v -0.33581 -0.21371 -0.742873
v -0.33581 -0.254414 -0.702173
v -0.376484 -0.234062 -0.655239
v -0.33581 -0.274765 -0.681813
v -0.315434 -0.315442 -0.661453
v -0.332956 -0.292298 -0.655239
v -0.132323 -0.4172 -0.661453
v -0.108577 -0.413817 -0.678416
v -0.126099 -0.420314 -0.655239
v -0.132323 -0.396848 -0.702173
v -0.172996 -0.356145 -0.742873
v -0.193373 -0.335793 -0.763194
v -0.166217 -0.349379 -0.75642
v -0.172996 -0.295117 -0.824254
v -0.189964 -0.271382 -0.841217
v -0.21367 -0.254414 -0.844614
v -0.234047 -0.274765 -0.803913
v -0.295097 -0.274765 -0.742873
v -0.292242 -0.332974 -0.655239
v -0.315434 -0.315442 -0.655239
v -0.27472 -0.295117 -0.742873
v -0.27472 -0.335793 -0.681813
v -0.234047 -0.376496 -0.661453
v -0.193373 -0.396848 -0.661453
v -0.187149 -0.399963 -0.655239
v -0.21367 -0.376496 -0.681813
v -0.234047 -0.295117 -0.783554
v -0.21367 -0.274765 -0.824254
v -0.234047 -0.376496 -0.655239
v -0.227823 -0.379611 -0.655239
f 1549 1550 1554
f 1549 1554 1561
f 1549 1561 1578
f 1549 1578 1604
f 1549 1604 1603
f 1549 1603 1607
f 1549 1607 1580
f 1549 1580 1562
f 1549 1562 1555
f 1549 1555 1551
f 1549 1551 1556
f 1549 1556 1565
f 1549 1565 1584
f 1549 1584 1608
f 1549 1608 1585
f 1549 1585 1566
f 1549 1566 1557
f 1549 1557 1552
f 1549 1552 1550
f 1550 1553 1558
f 1550 1558 1569
f 1550 1569 1571
f 1550 1571 1559
f 1550 1559 1554
f 1550 1552 1553
f 1551 1555 1556
f 1552 1557 1568
f 1552 1568 1590
f 1552 1590 1589
f 1552 1589 1611
f 1552 1611 1614
f 1552 1614 1628
f 1552 1628 1627
f 1552 1627 1637
f 1552 1637 1638
f 1552 1638 1633
f 1552 1633 1617
f 1552 1617 1595
f 1552 1595 1570
f 1552 1570 1558
f 1552 1558 1553
f 1554 1559 1560
f 1554 1560 1561
f 1555 1562 1563
f 1555 1563 1564
f 1555 1564 1556
f 1556 1564 1583
f 1556 1583 1565
f 1557 1566 1567
f 1557 1567 1568
f 1558 1570 1592
f 1558 1592 1569
f 1559 1571 1560
f 1560 1572 1561
f 1560 1571 1573
f 1560 1573 1574
f 1560 1574 1575
f 1560 1575 1572
f 1561 1572 1576
f 1561 1576 1577
f 1561 1577 1578
f 1562 1579 1563
f 1562 1580 1605
f 1562 1605 1579
f 1563 1581 1582
f 1563 1582 1583
f 1563 1583 1564
f 1563 1579 1581
f 1565 1583 1582
f 1565 1582 1584
f 1566 1585 1586
f 1566 1586 1567
f 1567 1587 1588
f 1567 1588 1589
f 1567 1589 1590
f 1567 1590 1568
f 1567 1586 1591
f 1567 1591 1587
f 1569 1592 1573
f 1569 1573 1571
f 1570 1593 1594
f 1570 1594 1592
f 1570 1595 1593
f 1572 1575 1576
f 1573 1592 1594
f 1573 1594 1574
f 1574 1594 1596
f 1574 1596 1575
f 1575 1596 1597
f 1575 1597 1598
f 1575 1598 1576
f 1576 1598 1577
f 1577 1598 1621
f 1577 1621 1599
f 1577 1599 1620
f 1577 1620 1600
f 1577 1600 1622
f 1577 1622 1601
f 1577 1601 1602
f 1577 1602 1603
f 1577 1603 1604
f 1577 1604 1578
f 1579 1605 1606
f 1579 1606 1581
f 1580 1607 1624
f 1580 1624 1605
f 1581 1606 1582
f 1582 1606 1591
f 1582 1591 1585
f 1582 1585 1608
f 1582 1608 1584
f 1585 1591 1586
f 1587 1591 1609
f 1587 1609 1610
f 1587 1610 1612
f 1587 1612 1588
f 1588 1611 1589
f 1588 1612 1613
f 1588 1613 1614
f 1588 1614 1611
f 1591 1606 1609
f 1593 1595 1615
f 1593 1615 1616
f 1593 1616 1596
f 1593 1596 1594
f 1595 1617 1615
f 1596 1616 1618
f 1596 1618 1597
f 1597 1618 1619
f 1597 1619 1620
f 1597 1620 1621
f 1597 1621 1598
f 1599 1621 1620
f 1600 1620 1622
f 1601 1622 1623
f 1601 1623 1602
f 1602 1623 1603
f 1603 1623 1607
f 1605 1624 1625
f 1605 1625 1626
f 1605 1626 1606
f 1606 1626 1609
f 1607 1623 1624
f 1609 1626 1610
f 1610 1626 1612
f 1612 1626 1613
f 1613 1627 1628
f 1613 1628 1614
f 1613 1626 1629
f 1613 1629 1630
f 1613 1630 1631
f 1613 1631 1627
f 1615 1618 1616
f 1615 1617 1633
f 1615 1633 1632
f 1615 1632 1618
f 1618 1632 1619
f 1619 1632 1620
f 1620 1632 1634
f 1620 1634 1631
f 1620 1631 1635
f 1620 1635 1636
f 1620 1636 1622
f 1622 1636 1623
f 1623 1636 1624
f 1624 1636 1635
f 1624 1635 1625
f 1625 1635 1626
f 1626 1635 1629
f 1627 1631 1637
f 1629 1635 1631
f 1629 1631 1630
f 1631 1634 1632
f 1631 1632 1633
f 1631 1633 1638
f 1631 1638 1637
o convex_17
v 0.291317 0.255415 0.314423
v 0.291317 0.258202 0.311651
v 0.274754 0.274762 0.315456
v 0.273728 0.255415 0.334752
v 0.291317 0.255415 0.153036
v 0.291317 0.270983 0.298877
v 0.2544 0.295126 0.315456
v 0.213691 0.274762 0.376499
v 0.212665 0.255415 0.39585
v 0.253373 0.255415 0.355136
v 0.291317 0.291321 0.278547
v 0.291317 0.319269 0.250607
v 0.274754 0.315464 0.274742
v 0.280512 0.255415 0.158418
v 0.291317 0.258202 0.136131
v 0.234045 0.315464 0.315456
v 0.2544 0.335829 0.274742
v 0.189944 0.271385 0.393458
v 0.213691 0.315464 0.335785
v 0.108556 0.271385 0.434172
v 0.090596 0.255415 0.456893
v 0.291317 0.332506 0.230713
v 0.274754 0.335829 0.254358
v 8.49309e-05 0.255415 0.364268
v 0.291317 0.352978 -0.0892341
v 0.2544 0.376532 0.213699
v 0.234045 0.335829 0.295072
v 0.189944 0.312088 0.352745
v 0.172982 0.335829 0.335785
v 0.0678471 0.271385 0.454501
v 0.108556 0.312088 0.393458
v 0.0590383 0.255415 0.46608
v 0.291317 0.356167 0.193315
v 8.49309e-05 0.255415 0.46608
v 8.49309e-05 0.465038 -0.0892341
v 0.291317 0.449175 -0.0892341
v 0.291317 0.372727 0.160266
v 0.2544 0.396869 0.17304
v 0.172982 0.437572 0.17304
v 0.213691 0.376532 0.254358
v 0.149236 0.332426 0.352745
v 0.152628 0.376532 0.295072
v 0.12891 0.373128 0.312031
v 0.0474928 0.312088 0.413788
v 0.0474928 0.291723 0.434172
v 8.49309e-05 0.271385 0.454501
v 0.108556 0.332426 0.373074
v 8.49309e-05 0.529133 -0.0892341
v 0.291317 0.454721 -0.0891798
v 0.280227 0.460268 -0.0892341
v 0.291317 0.378434 0.148851
v 0.291317 0.398745 0.108191
v 0.2544 0.417207 0.132326
v 0.213691 0.437572 0.132326
v 0.152628 0.437572 0.193315
v 0.172982 0.417207 0.213699
v 0.152628 0.478275 0.0916125
v 0.132302 0.396869 0.274742
v 0.108556 0.393466 0.291701
v 0.0882013 0.352791 0.352745
v 0.0271385 0.332426 0.393458
v 8.49309e-05 0.291723 0.434172
v 8.49309e-05 0.529133 -0.0203091
v 0.0814166 0.529133 -0.0892341
v 0.278146 0.461313 -0.0892341
v 0.291317 0.454721 -0.0749925
v 0.291317 0.413429 0.0698696
v 0.288323 0.410428 0.0848178
v 0.2544 0.437572 0.0712828
v 0.213691 0.45791 0.0712828
v 0.122125 0.447728 0.183204
v 0.12891 0.434169 0.210274
v 0.193337 0.478275 0.0305693
v 0.152628 0.498613 0.0101853
v 0.142479 0.508795 -0.0203091
v 0.122125 0.508795 2.04794e-05
v 0.139087 0.485054 0.0780231
v 0.122125 0.48843 0.0814477
v 0.101771 0.468092 0.142491
v 0.0678471 0.373128 0.332415
v 0.0474928 0.413804 0.271318
v 8.49309e-05 0.332426 0.393458
v 0.00678418 0.393466 0.312031
v 8.49309e-05 0.508795 0.0610637
v 0.0203537 0.529133 -0.0203091
v 0.0992622 0.526641 -0.0892341
v 0.0814166 0.529133 -0.0814067
v 0.278146 0.461313 -0.088147
v 0.264577 0.468092 -0.0892341
v 0.264577 0.468092 -0.0814067
v 0.274754 0.45791 -0.0508579
v 0.291317 0.454614 -0.0745033
v 0.274754 0.437572 0.0305693
v 0.291317 0.433767 0.00882636
v 0.040708 0.468092 0.16282
v 0.0474928 0.454534 0.189945
v 0.0474928 0.434169 0.230658
v 0.162805 0.508795 -0.0610227
v 0.0610623 0.529133 -0.0610227
v 0.0610623 0.508795 0.0407341
v 0.0203537 0.508795 0.0610637
v 0.0203537 0.48843 0.122161
v 0.0339232 0.42061 0.257783
v 8.49309e-05 0.396816 0.305345
v 8.49309e-05 0.48843 0.122161
v 0.162805 0.508795 -0.0892341
v 0.0339232 0.461313 0.17641
v 8.49309e-05 0.478221 0.1426
v 8.49309e-05 0.42061 0.257783
v 8.49309e-05 0.461313 0.17641
f 1639 1640 1641
f 1639 1641 1642
f 1639 1642 1648
f 1639 1648 1647
f 1639 1647 1659
f 1639 1659 1670
f 1639 1670 1672
f 1639 1672 1662
f 1639 1662 1652
f 1639 1652 1643
f 1639 1643 1653
f 1639 1653 1663
f 1639 1663 1674
f 1639 1674 1687
f 1639 1687 1704
f 1639 1704 1730
f 1639 1730 1732
f 1639 1732 1705
f 1639 1705 1690
f 1639 1690 1689
f 1639 1689 1675
f 1639 1675 1671
f 1639 1671 1660
f 1639 1660 1650
f 1639 1650 1649
f 1639 1649 1644
f 1639 1644 1640
f 1640 1644 1641
f 1641 1645 1646
f 1641 1646 1647
f 1641 1647 1648
f 1641 1648 1642
f 1641 1644 1649
f 1641 1649 1650
f 1641 1650 1651
f 1641 1651 1655
f 1641 1655 1645
f 1643 1652 1653
f 1645 1654 1646
f 1645 1655 1654
f 1646 1656 1647
f 1646 1654 1657
f 1646 1657 1666
f 1646 1666 1656
f 1647 1656 1658
f 1647 1658 1659
f 1650 1660 1661
f 1650 1661 1651
f 1651 1661 1655
f 1652 1662 1653
f 1653 1662 1663
f 1654 1655 1665
f 1654 1665 1657
f 1655 1661 1664
f 1655 1664 1678
f 1655 1678 1665
f 1656 1666 1669
f 1656 1669 1658
f 1657 1665 1667
f 1657 1667 1666
f 1658 1668 1659
f 1658 1669 1668
f 1659 1668 1670
f 1660 1671 1661
f 1661 1671 1664
f 1662 1672 1684
f 1662 1684 1700
f 1662 1700 1720
f 1662 1720 1742
f 1662 1742 1747
f 1662 1747 1748
f 1662 1748 1746
f 1662 1746 1743
f 1662 1743 1722
f 1662 1722 1701
f 1662 1701 1686
f 1662 1686 1673
f 1662 1673 1663
f 1663 1673 1686
f 1663 1686 1702
f 1663 1702 1724
f 1663 1724 1744
f 1663 1744 1727
f 1663 1727 1703
f 1663 1703 1688
f 1663 1688 1674
f 1664 1671 1675
f 1664 1675 1676
f 1664 1676 1677
f 1664 1677 1678
f 1665 1678 1680
f 1665 1680 1667
f 1666 1679 1669
f 1666 1667 1679
f 1667 1680 1681
f 1667 1681 1679
f 1668 1682 1699
f 1668 1699 1683
f 1668 1683 1700
f 1668 1700 1684
f 1668 1684 1672
f 1668 1672 1670
f 1668 1669 1685
f 1668 1685 1682
f 1669 1679 1685
f 1674 1688 1687
f 1675 1689 1676
f 1676 1689 1690
f 1676 1690 1691
f 1676 1691 1692
f 1676 1692 1677
f 1677 1693 1694
f 1677 1694 1678
f 1677 1692 1695
f 1677 1695 1693
f 1678 1694 1696
f 1678 1696 1680
f 1679 1681 1685
f 1680 1696 1681
f 1681 1696 1697
f 1681 1697 1718
f 1681 1718 1698
f 1681 1698 1685
f 1682 1685 1698
f 1682 1698 1718
f 1682 1718 1699
f 1683 1699 1720
f 1683 1720 1700
f 1686 1701 1723
f 1686 1723 1737
f 1686 1737 1725
f 1686 1725 1702
f 1687 1688 1703
f 1687 1703 1726
f 1687 1726 1704
f 1690 1705 1706
f 1690 1706 1691
f 1691 1706 1705
f 1691 1705 1707
f 1691 1707 1692
f 1692 1707 1708
f 1692 1708 1695
f 1693 1709 1710
f 1693 1710 1696
f 1693 1696 1694
f 1693 1695 1709
f 1695 1708 1711
f 1695 1711 1712
f 1695 1712 1713
f 1695 1713 1714
f 1695 1714 1715
f 1695 1715 1716
f 1695 1716 1717
f 1695 1717 1709
f 1696 1710 1697
f 1697 1710 1719
f 1697 1719 1721
f 1697 1721 1718
f 1699 1718 1721
f 1699 1721 1720
f 1701 1722 1739
f 1701 1739 1723
f 1702 1725 1724
f 1703 1727 1728
f 1703 1728 1726
f 1704 1728 1729
f 1704 1729 1730
f 1704 1726 1728
f 1705 1731 1707
f 1705 1732 1731
f 1707 1731 1711
f 1707 1711 1708
f 1709 1733 1734
f 1709 1734 1710
f 1709 1717 1733
f 1710 1734 1735
f 1710 1735 1719
f 1711 1731 1729
f 1711 1729 1728
f 1711 1728 1736
f 1711 1736 1713
f 1711 1713 1712
f 1713 1736 1724
f 1713 1724 1725
f 1713 1725 1737
f 1713 1737 1723
f 1713 1723 1714
f 1714 1723 1738
f 1714 1738 1716
f 1714 1716 1715
f 1716 1738 1739
f 1716 1739 1740
f 1716 1740 1717
f 1717 1740 1733
f 1719 1735 1741
f 1719 1741 1721
f 1720 1721 1742
f 1721 1741 1742
f 1722 1743 1740
f 1722 1740 1739
f 1723 1739 1738
f 1724 1736 1744
f 1727 1744 1736
f 1727 1736 1728
f 1729 1731 1730
f 1730 1731 1732
f 1733 1740 1745
f 1733 1745 1734
f 1734 1745 1735
f 1735 1745 1741
f 1740 1743 1746
f 1740 1746 1745
f 1741 1747 1742
f 1741 1745 1748
f 1741 1748 1747
f 1745 1746 1748
o convex_18
v 0.291317 0.0674575 0.434342
v 0.291317 0.00212726 0.434342
v 0.291317 0.0679286 0.434256
v 0.18316 0.0407056 0.593545
v 0.18316 0.00212726 0.593545
v 0.291317 0.00212726 0.33124
v 0.176403 0.0644079 0.593545
v 0.291317 0.18954 0.378371
v 0.122125 0.00212726 0.593545
v 0.278146 0.00212726 0.339217
v 0.291317 0.24163 0.160265
v 0.166226 0.0848376 0.593545
v 0.291317 0.193333 0.376517
v 8.49309e-05 0.122127 0.593545
v 0.122125 0.00212726 0.569829
v 0.280512 0.255415 0.158454
v 0.237438 0.00212726 0.379881
v 8.49309e-05 0.19673 0.420587
v 8.49309e-05 0.23744 0.379881
v 8.49309e-05 0.255415 0.364357
v 0.291317 0.255415 0.153021
v 0.145843 0.125523 0.593545
v 0.291317 0.197126 0.372766
v 0.274754 0.213688 0.376517
v 8.49309e-05 0.183168 0.593545
v 8.49309e-05 0.122127 0.569829
v 0.133927 0.00212726 0.540938
v 0.196729 0.00212726 0.420587
v 0.154225 0.00212726 0.500231
v 8.49309e-05 0.154655 0.50062
v 8.49309e-05 0.255415 0.46608
v 0.291317 0.255415 0.314466
v 0.125575 0.145779 0.593545
v 0.274754 0.234043 0.356207
v 0.2544 0.254399 0.356207
v 0.291317 0.213688 0.356207
v 0.040708 0.183168 0.593545
v 8.49309e-05 0.251002 0.474876
v 8.49309e-05 0.128449 0.554435
v 0.0590383 0.255415 0.46608
v 0.273728 0.255415 0.334819
v 0.274754 0.254399 0.335854
v 0.291317 0.254399 0.315501
v 0.125461 0.145879 0.593545
v 0.213691 0.254399 0.396827
v 0.253373 0.255415 0.355172
v 0.212665 0.255415 0.395835
v 0.0643977 0.176399 0.593545
v 0.0678471 0.251002 0.474876
v 0.090596 0.255415 0.456895
v 0.0848375 0.166234 0.593545
v 0.131305 0.255415 0.436542
f 1749 1750 1754
f 1749 1754 1759
f 1749 1759 1769
f 1749 1769 1780
f 1749 1780 1791
f 1749 1791 1784
f 1749 1784 1771
f 1749 1771 1761
f 1749 1761 1756
f 1749 1756 1751
f 1749 1751 1752
f 1749 1752 1753
f 1749 1753 1750
f 1750 1753 1757
f 1750 1757 1763
f 1750 1763 1775
f 1750 1775 1777
f 1750 1777 1776
f 1750 1776 1765
f 1750 1765 1758
f 1750 1758 1754
f 1751 1755 1752
f 1751 1756 1755
f 1752 1755 1760
f 1752 1760 1770
f 1752 1770 1781
f 1752 1781 1792
f 1752 1792 1799
f 1752 1799 1796
f 1752 1796 1785
f 1752 1785 1773
f 1752 1773 1762
f 1752 1762 1757
f 1752 1757 1753
f 1754 1758 1759
f 1755 1756 1761
f 1755 1761 1760
f 1757 1762 1774
f 1757 1774 1763
f 1758 1764 1759
f 1758 1765 1766
f 1758 1766 1767
f 1758 1767 1768
f 1758 1768 1764
f 1759 1764 1769
f 1760 1761 1770
f 1761 1771 1772
f 1761 1772 1770
f 1762 1773 1786
f 1762 1786 1779
f 1762 1779 1768
f 1762 1768 1767
f 1762 1767 1766
f 1762 1766 1778
f 1762 1778 1787
f 1762 1787 1774
f 1763 1774 1775
f 1764 1768 1779
f 1764 1779 1788
f 1764 1788 1798
f 1764 1798 1800
f 1764 1800 1795
f 1764 1795 1794
f 1764 1794 1789
f 1764 1789 1780
f 1764 1780 1769
f 1765 1776 1766
f 1766 1776 1777
f 1766 1777 1778
f 1770 1772 1782
f 1770 1782 1783
f 1770 1783 1781
f 1771 1784 1782
f 1771 1782 1772
f 1773 1785 1797
f 1773 1797 1786
f 1774 1787 1775
f 1775 1787 1778
f 1775 1778 1777
f 1779 1786 1797
f 1779 1797 1788
f 1780 1789 1790
f 1780 1790 1791
f 1781 1783 1793
f 1781 1793 1792
f 1782 1784 1791
f 1782 1791 1790
f 1782 1790 1783
f 1783 1790 1789
f 1783 1789 1794
f 1783 1794 1795
f 1783 1795 1793
f 1785 1796 1797
f 1788 1797 1798
f 1792 1793 1799
f 1793 1795 1796
f 1793 1796 1799
f 1795 1800 1796
f 1796 1800 1798
f 1796 1798 1797
o convex_19
v 0.267519 -0.271413 0.166565
v 0.267519 -0.271413 0.317362
v 8.49309e-05 -0.271413 0.352679
v 8.49309e-05 -0.257784 0.359576
v 0.25778 0.00212726 0.359576
v 0.266681 0.00212726 0.355104
v 0.267519 0.00212726 0.354727
v 0.254404 -0.269646 0.335836
v 0.253226 -0.271413 0.334666
v 0.267519 -0.239818 0.34896
v 0.254404 -0.228947 0.376545
v 8.49309e-05 -0.271413 0.454409
v 8.49309e-05 -0.217085 0.400242
v 0.196734 0.00212726 0.420597
v 0.217074 0.00212726 0.400242
v 0.267519 0.00212726 0.456457
v 0.232885 -0.271413 0.35502
v 0.125451 -0.145915 0.593545
v 0.213697 -0.269646 0.376545
v 0.267519 -0.219442 0.369314
v 0.254404 -0.208597 0.396857
v 0.0610795 -0.271413 0.454409
v 8.49309e-05 -0.27136 0.454534
v 8.49309e-05 -0.196736 0.420597
v 0.154247 0.00212726 0.500217
v 0.183147 0.00212726 0.593545
v 0.267519 -0.058118 0.456457
v 0.212519 -0.271413 0.375374
v 0.134561 -0.136223 0.593545
v 0.0836449 -0.168086 0.593545
v 0.267519 -0.199092 0.389626
v 0.267519 -0.186427 0.400451
v 0.0610795 -0.27136 0.454534
v 0.101708 -0.271413 0.434138
v 8.49309e-05 -0.18316 0.593545
v 8.49309e-05 -0.189935 0.43418
v 0.13388 0.00212726 0.540925
v 0.122126 0.00212726 0.593545
v 0.183147 -0.0407138 0.593545
v 0.178906 -0.0598584 0.593545
v 0.19744 -0.271413 0.385154
v 0.147807 -0.117774 0.593545
v 0.0814198 -0.169184 0.593545
v 0.15854 -0.100584 0.593545
v 0.15744 -0.10278 0.593545
v 0.156053 -0.105163 0.593545
v 0.0407131 -0.18316 0.593545
v 0.101786 -0.27136 0.43418
v 0.183069 -0.271413 0.39343
v 8.49309e-05 -0.122139 0.593545
v 8.49309e-05 -0.142408 0.529139
v 8.49309e-05 -0.122139 0.569848
v 0.122126 0.00212726 0.569848
v 0.183147 -0.27136 0.393472
f 1801 1802 1809
f 1801 1809 1817
f 1801 1817 1828
f 1801 1828 1841
f 1801 1841 1849
f 1801 1849 1834
f 1801 1834 1822
f 1801 1822 1812
f 1801 1812 1803
f 1801 1803 1804
f 1801 1804 1805
f 1801 1805 1806
f 1801 1806 1807
f 1801 1807 1816
f 1801 1816 1827
f 1801 1827 1832
f 1801 1832 1831
f 1801 1831 1820
f 1801 1820 1810
f 1801 1810 1802
f 1802 1808 1809
f 1802 1810 1811
f 1802 1811 1808
f 1803 1812 1823
f 1803 1823 1835
f 1803 1835 1850
f 1803 1850 1852
f 1803 1852 1851
f 1803 1851 1836
f 1803 1836 1824
f 1803 1824 1813
f 1803 1813 1804
f 1804 1813 1814
f 1804 1814 1815
f 1804 1815 1805
f 1805 1815 1814
f 1805 1814 1825
f 1805 1825 1837
f 1805 1837 1853
f 1805 1853 1838
f 1805 1838 1826
f 1805 1826 1816
f 1805 1816 1807
f 1805 1807 1806
f 1808 1817 1809
f 1808 1811 1818
f 1808 1818 1819
f 1808 1819 1817
f 1810 1820 1811
f 1811 1820 1831
f 1811 1831 1821
f 1811 1821 1818
f 1812 1822 1833
f 1812 1833 1823
f 1813 1824 1814
f 1814 1824 1825
f 1816 1826 1839
f 1816 1839 1827
f 1817 1819 1828
f 1818 1829 1842
f 1818 1842 1846
f 1818 1846 1845
f 1818 1845 1844
f 1818 1844 1840
f 1818 1840 1839
f 1818 1839 1826
f 1818 1826 1838
f 1818 1838 1850
f 1818 1850 1835
f 1818 1835 1847
f 1818 1847 1843
f 1818 1843 1830
f 1818 1830 1828
f 1818 1828 1819
f 1818 1821 1829
f 1821 1831 1832
f 1821 1832 1829
f 1822 1834 1833
f 1823 1833 1847
f 1823 1847 1835
f 1824 1836 1837
f 1824 1837 1825
f 1827 1839 1840
f 1827 1840 1832
f 1828 1830 1841
f 1829 1832 1842
f 1830 1843 1841
f 1832 1840 1844
f 1832 1844 1845
f 1832 1845 1846
f 1832 1846 1842
f 1833 1834 1848
f 1833 1848 1847
f 1834 1849 1854
f 1834 1854 1848
f 1836 1851 1837
f 1837 1851 1852
f 1837 1852 1853
f 1838 1853 1852
f 1838 1852 1850
f 1841 1854 1849
f 1841 1843 1854
f 1843 1847 1854
f 1847 1848 1854
o convex_20
v 0.267519 -0.271438 0.317295
v 0.253226 -0.271438 0.334643
v 0.254404 -0.290033 0.315432
v 0.267519 -0.286425 0.30234
v 0.267519 -0.271438 0.166583
v 0.232885 -0.271438 0.354973
v 0.213697 -0.290033 0.356143
v 0.254404 -0.310393 0.295103
v 0.267519 -0.32712 0.261629
v 8.49309e-05 -0.271438 0.352631
v 0.267519 -0.356513 -0.0581019
v 0.212519 -0.271438 0.375302
v 0.19333 -0.290033 0.376472
v 0.213697 -0.330728 0.315432
v 0.234037 -0.330728 0.295103
v 0.254404 -0.330728 0.274721
v 0.254404 -0.371449 0.21368
v 0.267519 -0.349953 0.226772
v 8.49309e-05 -0.271438 0.454436
v 0.264561 -0.358733 -0.0610289
v 8.49309e-05 -0.463386 -0.0892341
v 0.267519 -0.357976 -0.0610289
v 0.19744 -0.271438 0.385147
v 0.183069 -0.271438 0.393449
v 0.0610795 -0.271438 0.454436
v 0.17299 -0.3002 0.376472
v 0.183147 -0.332444 0.332408
v 0.19333 -0.340921 0.315432
v 0.183147 -0.353637 0.305267
v 0.213697 -0.371449 0.254391
v 0.223854 -0.394332 0.203515
v 0.24422 -0.394332 0.183133
v 0.254404 -0.401951 0.152693
v 0.267519 -0.380834 0.171638
v 0.267519 -0.369304 0.194681
v 8.49309e-05 -0.291723 0.43416
v 0.267519 -0.359465 -0.0639558
v 0.267519 -0.373316 -0.0892341
v 8.49309e-05 -0.529134 -0.0892341
v 0.0610795 -0.291723 0.43416
v 0.101786 -0.332444 0.37312
v 0.162807 -0.312941 0.366308
v 0.101786 -0.353637 0.345979
v 0.101786 -0.3935 0.291697
v 0.111943 -0.401951 0.274721
v 0.183147 -0.394332 0.244227
v 0.223854 -0.414667 0.162857
v 0.24422 -0.414667 0.142475
v 0.24422 -0.435028 0.101764
v 0.254404 -0.422287 0.111981
v 0.267519 -0.395417 0.142475
v 8.49309e-05 -0.332444 0.393449
v 0.267519 -0.463033 -0.0892341
v 0.0814198 -0.529134 -0.0892341
v 8.49309e-05 -0.529134 -0.0406998
v 0.0203728 -0.332444 0.393449
v 0.0610795 -0.373139 0.332408
v 0.0814198 -0.373997 0.325596
v 8.49309e-05 -0.3935 0.312026
v 0.0407131 -0.413809 0.271315
v 0.0508963 -0.422287 0.254391
v 0.122126 -0.414667 0.244227
v 0.162807 -0.414667 0.223845
v 0.0508963 -0.463007 0.173022
v 0.111943 -0.463007 0.152693
v 0.183147 -0.435028 0.162857
v 0.223854 -0.435028 0.122146
v 0.264561 -0.435028 0.0611054
v 0.267519 -0.415752 0.101764
v 0.142441 -0.475723 0.101764
v 0.13231 -0.483342 0.091599
v 0.234037 -0.442647 0.091599
v 0.254404 -0.463007 -0.0101529
v 0.264561 -0.455363 1.16348e-05
v 0.246812 -0.475395 -0.0892341
v 0.267519 -0.456448 -0.0203175
v 0.109587 -0.523483 -0.0892341
v 0.0814198 -0.529134 -0.0813579
v 0.0407131 -0.529134 -0.0406998
v 8.49309e-05 -0.529109 -0.0203175
v 8.49309e-05 -0.400261 0.298509
v 0.0407131 -0.461317 0.176428
v 0.152624 -0.442647 0.173022
v 0.162807 -0.435028 0.183133
v 0.0101896 -0.483342 0.13231
v 8.49309e-05 -0.488414 0.122146
v 0.122126 -0.488439 0.0814345
v 0.267519 -0.431344 0.0640323
v 0.267519 -0.451704 0.00299182
v 0.213697 -0.463007 0.0508876
v 0.152624 -0.503703 -0.0101529
v 0.213697 -0.483342 -0.030482
v 0.236393 -0.481602 -0.0892341
v 0.267519 -0.45501 -0.00876926
v 0.114299 -0.522297 -0.0892341
v 0.142441 -0.508799 -0.0203175
v 0.0610795 -0.529134 -0.0610289
v 0.101786 -0.508799 0.020394
v 0.0610795 -0.508799 0.040723
v 8.49309e-05 -0.508774 0.0611054
v 8.49309e-05 -0.468078 0.162857
v 0.0203728 -0.461317 0.176428
v 0.0610795 -0.488439 0.101764
v 0.162807 -0.508799 -0.0813579
v 0.15498 -0.511726 -0.0892341
f 1855 1856 1857
f 1855 1857 1858
f 1855 1858 1863
f 1855 1863 1872
f 1855 1872 1889
f 1855 1889 1888
f 1855 1888 1905
f 1855 1905 1923
f 1855 1923 1942
f 1855 1942 1943
f 1855 1943 1948
f 1855 1948 1930
f 1855 1930 1907
f 1855 1907 1892
f 1855 1892 1891
f 1855 1891 1876
f 1855 1876 1865
f 1855 1865 1859
f 1855 1859 1864
f 1855 1864 1873
f 1855 1873 1879
f 1855 1879 1878
f 1855 1878 1877
f 1855 1877 1866
f 1855 1866 1860
f 1855 1860 1856
f 1856 1860 1861
f 1856 1861 1857
f 1857 1862 1858
f 1857 1861 1862
f 1858 1862 1863
f 1859 1865 1864
f 1860 1866 1867
f 1860 1867 1861
f 1861 1867 1868
f 1861 1868 1862
f 1862 1868 1869
f 1862 1869 1870
f 1862 1870 1863
f 1863 1871 1872
f 1863 1870 1871
f 1864 1865 1874
f 1864 1874 1875
f 1864 1875 1893
f 1864 1893 1909
f 1864 1909 1934
f 1864 1934 1954
f 1864 1954 1940
f 1864 1940 1955
f 1864 1955 1935
f 1864 1935 1913
f 1864 1913 1906
f 1864 1906 1890
f 1864 1890 1873
f 1865 1876 1874
f 1866 1877 1867
f 1867 1877 1878
f 1867 1878 1879
f 1867 1879 1880
f 1867 1880 1881
f 1867 1881 1868
f 1868 1881 1882
f 1868 1882 1883
f 1868 1883 1884
f 1868 1884 1869
f 1869 1884 1871
f 1869 1871 1870
f 1871 1884 1900
f 1871 1900 1885
f 1871 1885 1886
f 1871 1886 1902
f 1871 1902 1887
f 1871 1887 1888
f 1871 1888 1889
f 1871 1889 1872
f 1873 1890 1894
f 1873 1894 1879
f 1874 1876 1891
f 1874 1891 1892
f 1874 1892 1875
f 1875 1892 1907
f 1875 1907 1929
f 1875 1929 1947
f 1875 1947 1959
f 1875 1959 1949
f 1875 1949 1931
f 1875 1931 1908
f 1875 1908 1893
f 1879 1894 1880
f 1880 1895 1896
f 1880 1896 1881
f 1880 1894 1895
f 1881 1896 1895
f 1881 1895 1897
f 1881 1897 1883
f 1881 1883 1882
f 1883 1897 1898
f 1883 1898 1899
f 1883 1899 1900
f 1883 1900 1884
f 1885 1901 1902
f 1885 1902 1886
f 1885 1900 1901
f 1887 1902 1903
f 1887 1903 1904
f 1887 1904 1923
f 1887 1923 1905
f 1887 1905 1888
f 1890 1906 1910
f 1890 1910 1894
f 1893 1908 1932
f 1893 1932 1951
f 1893 1951 1933
f 1893 1933 1909
f 1894 1910 1895
f 1895 1910 1911
f 1895 1911 1897
f 1897 1911 1912
f 1897 1912 1898
f 1898 1912 1911
f 1898 1911 1913
f 1898 1913 1914
f 1898 1914 1915
f 1898 1915 1899
f 1899 1916 1917
f 1899 1917 1900
f 1899 1915 1918
f 1899 1918 1919
f 1899 1919 1916
f 1900 1917 1920
f 1900 1920 1901
f 1901 1920 1921
f 1901 1921 1903
f 1901 1903 1902
f 1903 1922 1923
f 1903 1923 1904
f 1903 1921 1924
f 1903 1924 1925
f 1903 1925 1926
f 1903 1926 1927
f 1903 1927 1928
f 1903 1928 1922
f 1906 1913 1910
f 1907 1930 1929
f 1908 1931 1932
f 1909 1933 1934
f 1910 1913 1911
f 1913 1935 1936
f 1913 1936 1915
f 1913 1915 1914
f 1915 1936 1918
f 1916 1937 1917
f 1916 1919 1937
f 1917 1937 1938
f 1917 1938 1920
f 1918 1936 1939
f 1918 1939 1940
f 1918 1940 1919
f 1919 1940 1941
f 1919 1941 1925
f 1919 1925 1937
f 1920 1938 1924
f 1920 1924 1921
f 1922 1942 1923
f 1922 1928 1943
f 1922 1943 1942
f 1924 1938 1937
f 1924 1937 1925
f 1925 1944 1926
f 1925 1941 1950
f 1925 1950 1945
f 1925 1945 1944
f 1926 1944 1927
f 1927 1945 1946
f 1927 1946 1947
f 1927 1947 1930
f 1927 1930 1948
f 1927 1948 1928
f 1927 1944 1945
f 1928 1948 1943
f 1929 1930 1947
f 1931 1949 1950
f 1931 1950 1932
f 1932 1950 1952
f 1932 1952 1951
f 1933 1952 1953
f 1933 1953 1934
f 1933 1951 1952
f 1934 1953 1954
f 1935 1955 1956
f 1935 1956 1936
f 1936 1956 1939
f 1939 1956 1940
f 1940 1954 1953
f 1940 1953 1957
f 1940 1957 1941
f 1940 1956 1955
f 1941 1957 1953
f 1941 1953 1952
f 1941 1952 1950
f 1945 1950 1946
f 1946 1950 1958
f 1946 1958 1947
f 1947 1958 1959
f 1949 1959 1950
f 1950 1959 1958
o convex_21
v 0.217637 0.432409 -0.533074
v 0.249721 0.419552 -0.533074
v 0.217637 0.42074 -0.574769
v 0.217637 0.359936 -0.533074
v 0.254406 0.417218 -0.533074
v 0.254406 0.417218 -0.534256
v 0.217637 0.419934 -0.5775
v 0.217637 0.162165 -0.820664
v 0.220585 0.152957 -0.820664
v 0.271462 -0.00102567 -0.820664
v 0.277805 -0.00106811 -0.807995
v 0.278174 -0.00106811 -0.807291
v 0.425435 -0.00106811 -0.533074
v 0.255986 0.416412 -0.533074
v 0.278963 0.400458 -0.533074
v 0.278174 0.400246 -0.535945
v 0.274778 0.396851 -0.554611
v 0.234061 0.396851 -0.615677
v 0.217637 0.415224 -0.592393
v 0.217637 0.263872 -0.820664
v 0.310837 -0.00106811 -0.820664
v 0.486472 -0.00106811 -0.533074
v 0.335815 0.35616 -0.533074
v 0.335815 0.35616 -0.534256
v 0.315469 0.35616 -0.574966
v 0.274778 0.35616 -0.636032
v 0.234061 0.376484 -0.656387
v 0.217637 0.401943 -0.619393
v 0.217637 0.264551 -0.820354
v 0.233061 0.253392 -0.820664
v 0.332525 -0.00106811 -0.820664
v 0.4681 -0.00106811 -0.590226
v 0.486472 0.0203596 -0.533074
v 0.35616 0.335793 -0.533074
v 0.35616 0.335793 -0.534256
v 0.315469 0.315426 -0.656387
v 0.217637 0.381576 -0.660103
v 0.254406 0.335793 -0.697041
v 0.254406 0.295101 -0.758106
v 0.223901 0.345976 -0.712328
v 0.217637 0.358494 -0.6998
v 0.217637 0.270831 -0.817201
v 0.234061 0.254368 -0.819172
v 0.274778 0.213718 -0.819172
v 0.273752 0.2127 -0.820664
v 0.332525 0.0814181 -0.820664
v 0.352765 -0.00106811 -0.800506
v 0.440964 -0.00106811 -0.644506
v 0.4681 3.50996e-05 -0.590226
v 0.4681 0.0814181 -0.569871
v 0.4681 0.122152 -0.549515
v 0.4681 0.138573 -0.533074
v 0.400457 0.278935 -0.533074
v 0.400247 0.278129 -0.535945
v 0.396851 0.274735 -0.554611
v 0.35616 0.315426 -0.574966
v 0.376506 0.234043 -0.656387
v 0.335815 0.274735 -0.676714
v 0.295124 0.274735 -0.737751
v 0.234061 0.295101 -0.778461
v 0.217637 0.352214 -0.709175
v 0.217637 0.297053 -0.783754
v 0.295124 0.234043 -0.778461
v 0.315469 0.173027 -0.798817
v 0.312127 0.142646 -0.820664
v 0.332499 0.0815878 -0.820664
v 0.352765 0.0407266 -0.800506
v 0.373111 3.50996e-05 -0.780151
v 0.373163 -0.00106811 -0.779813
v 0.427041 -0.00106811 -0.67235
v 0.440964 0.0407266 -0.644506
v 0.447728 0.0407266 -0.630936
v 0.447728 0.101785 -0.610581
v 0.442649 0.122152 -0.613115
v 0.462994 0.142477 -0.552077
v 0.467232 0.142477 -0.533074
v 0.416434 0.255937 -0.533074
v 0.417197 0.254368 -0.534256
v 0.417197 0.234043 -0.574966
v 0.396851 0.213718 -0.636032
v 0.376506 0.213718 -0.676714
v 0.335815 0.213718 -0.737751
v 0.335815 0.193352 -0.758106
v 0.332446 0.162844 -0.780151
v 0.332446 0.122152 -0.800506
v 0.393456 0.101785 -0.719113
v 0.373111 0.0814181 -0.759795
v 0.380085 -0.00106811 -0.766243
v 0.413828 0.0407266 -0.698758
v 0.440964 0.101785 -0.624151
v 0.422303 0.122152 -0.653825
v 0.401958 0.18321 -0.653825
v 0.457914 0.15266 -0.554611
v 0.437569 0.213718 -0.534256
v 0.439911 0.209009 -0.533074
v 0.46131 0.156055 -0.535945
v 0.464178 0.150326 -0.533074
v 0.422303 0.203535 -0.592788
v 0.419566 0.2497 -0.533074
v 0.420592 0.237437 -0.5563
v 0.422303 0.22386 -0.572432
v 0.417197 0.213718 -0.595321
v 0.396851 0.193352 -0.656387
v 0.35616 0.173027 -0.737751
v 0.396851 0.132293 -0.697041
v 0.401958 0.122152 -0.694507
v 0.413828 0.101785 -0.678403
v 0.437569 0.213718 -0.533074
v 0.461494 0.156861 -0.533074
f 1960 1961 1962
f 1960 1962 1966
f 1960 1966 1978
f 1960 1978 1987
f 1960 1987 1996
f 1960 1996 2000
f 1960 2000 2020
f 1960 2020 2021
f 1960 2021 2001
f 1960 2001 1988
f 1960 1988 1979
f 1960 1979 1967
f 1960 1967 1963
f 1960 1963 1972
f 1960 1972 1981
f 1960 1981 1992
f 1960 1992 2011
f 1960 2011 2035
f 1960 2035 2056
f 1960 2056 2068
f 1960 2068 2054
f 1960 2054 2067
f 1960 2067 2058
f 1960 2058 2036
f 1960 2036 2012
f 1960 2012 1993
f 1960 1993 1982
f 1960 1982 1974
f 1960 1974 1973
f 1960 1973 1964
f 1960 1964 1961
f 1961 1964 1965
f 1961 1965 1966
f 1961 1966 1962
f 1963 1967 1968
f 1963 1968 1969
f 1963 1969 1970
f 1963 1970 1971
f 1963 1971 1972
f 1964 1973 1965
f 1965 1973 1974
f 1965 1974 1975
f 1965 1975 1976
f 1965 1976 1977
f 1965 1977 1978
f 1965 1978 1966
f 1967 1979 1989
f 1967 1989 2004
f 1967 2004 2024
f 1967 2024 2025
f 1967 2025 2005
f 1967 2005 1990
f 1967 1990 1980
f 1967 1980 1969
f 1967 1969 1968
f 1969 1980 1970
f 1970 1980 1990
f 1970 1990 2006
f 1970 2006 2028
f 1970 2028 2047
f 1970 2047 2029
f 1970 2029 2007
f 1970 2007 1991
f 1970 1991 1981
f 1970 1981 1972
f 1970 1972 1971
f 1974 1982 1983
f 1974 1983 1975
f 1975 1983 1976
f 1976 1983 1984
f 1976 1984 1985
f 1976 1985 1977
f 1977 1986 1996
f 1977 1996 1987
f 1977 1987 1978
f 1977 1985 1986
f 1979 1988 1989
f 1981 1991 2008
f 1981 2008 1992
f 1982 1993 1994
f 1982 1994 1983
f 1983 1994 2015
f 1983 2015 1995
f 1983 1995 1984
f 1984 1995 1985
f 1985 1995 1986
f 1986 1995 1997
f 1986 1997 1998
f 1986 1998 1999
f 1986 1999 2000
f 1986 2000 1996
f 1988 2001 1989
f 1989 2001 2002
f 1989 2002 2003
f 1989 2003 2004
f 1990 2005 2026
f 1990 2026 2006
f 1991 2007 2030
f 1991 2030 2008
f 1992 2008 2009
f 1992 2009 2010
f 1992 2010 2011
f 1993 2012 1994
f 1994 2012 2013
f 1994 2013 2014
f 1994 2014 2015
f 1995 1998 1997
f 1995 2015 2014
f 1995 2014 2038
f 1995 2038 2016
f 1995 2016 2017
f 1995 2017 2018
f 1995 2018 1998
f 1998 2019 1999
f 1998 2018 2003
f 1998 2003 2019
f 1999 2019 2000
f 2000 2019 2020
f 2001 2021 2019
f 2001 2019 2002
f 2002 2019 2003
f 2003 2018 2022
f 2003 2022 2042
f 2003 2042 2023
f 2003 2023 2024
f 2003 2024 2004
f 2005 2025 2026
f 2006 2027 2028
f 2006 2026 2027
f 2007 2029 2030
f 2008 2030 2031
f 2008 2031 2009
f 2009 2032 2033
f 2009 2033 2010
f 2009 2031 2032
f 2010 2033 2034
f 2010 2034 2035
f 2010 2035 2011
f 2012 2036 2013
f 2013 2036 2037
f 2013 2037 2014
f 2014 2037 2038
f 2016 2038 2061
f 2016 2061 2039
f 2016 2039 2040
f 2016 2040 2041
f 2016 2041 2022
f 2016 2022 2018
f 2016 2018 2017
f 2019 2021 2020
f 2022 2041 2042
f 2023 2043 2024
f 2023 2042 2043
f 2024 2043 2044
f 2024 2044 2025
f 2025 2044 2045
f 2025 2045 2046
f 2025 2046 2026
f 2026 2046 2027
f 2027 2047 2028
f 2027 2046 2048
f 2027 2048 2047
f 2029 2047 2030
f 2030 2047 2048
f 2030 2048 2066
f 2030 2066 2049
f 2030 2049 2032
f 2030 2032 2031
f 2032 2049 2033
f 2033 2049 2050
f 2033 2050 2051
f 2033 2051 2057
f 2033 2057 2034
f 2034 2052 2053
f 2034 2053 2054
f 2034 2054 2055
f 2034 2055 2056
f 2034 2056 2035
f 2034 2057 2052
f 2036 2058 2037
f 2037 2058 2053
f 2037 2053 2059
f 2037 2059 2038
f 2038 2059 2053
f 2038 2053 2060
f 2038 2060 2057
f 2038 2057 2061
f 2039 2061 2062
f 2039 2062 2040
f 2040 2062 2063
f 2040 2063 2042
f 2040 2042 2041
f 2042 2063 2043
f 2043 2063 2045
f 2043 2045 2044
f 2045 2063 2064
f 2045 2064 2065
f 2045 2065 2066
f 2045 2066 2048
f 2045 2048 2046
f 2049 2066 2065
f 2049 2065 2050
f 2050 2065 2051
f 2051 2065 2062
f 2051 2062 2061
f 2051 2061 2057
f 2052 2057 2060
f 2052 2060 2053
f 2053 2067 2054
f 2053 2058 2067
f 2054 2068 2055
f 2055 2068 2056
f 2062 2065 2064
f 2062 2064 2063
o convex_22
v 0.0203555 0.486466 -0.533074
v 0.000106206 0.486466 -0.533074
v 0.138551 0.468083 -0.533074
v 0.122113 0.468083 -0.549515
v 0.0203555 0.468083 -0.590226
v 0.000106206 0.468083 -0.590226
v 0.000106206 0.425412 -0.533074
v 0.142448 0.467226 -0.533074
v 0.142448 0.463004 -0.552077
v 0.101779 0.447732 -0.610581
v 0.0407113 0.447732 -0.630936
v 0.0203555 0.454526 -0.617366
v 0.000106206 0.454526 -0.617366
v 0.21759 0.359913 -0.533074
v 0.000106206 0.278159 -0.807291
v 0.21759 0.162178 -0.820664
v 0.161441 0.463004 -0.533074
v 0.122113 0.442652 -0.613115
v 0.168297 0.460273 -0.533074
v 0.152626 0.457924 -0.554611
v 0.203515 0.422301 -0.592788
v 0.101779 0.434175 -0.637721
v 0.0407113 0.434175 -0.658076
v 0.000106206 0.434175 -0.658076
v 0.21759 0.432397 -0.533074
v 0.000106206 0.27146 -0.820664
v 0.21759 0.263935 -0.820664
v 0.13227 0.437572 -0.615677
v 0.122113 0.422301 -0.653825
v 0.172981 0.457924 -0.534256
v 0.213693 0.417221 -0.595321
v 0.213693 0.437572 -0.533074
v 0.213693 0.437572 -0.534256
v 0.101779 0.393472 -0.719113
v 0.0407113 0.413824 -0.698758
v 0.000106206 0.393472 -0.73944
v 0.21759 0.420332 -0.576149
v 0.215247 0.436779 -0.533074
v 0.000106206 0.332482 -0.820664
v 0.21727 0.264602 -0.820664
v 0.21759 0.264602 -0.820354
v 0.13227 0.417221 -0.656387
v 0.122113 0.401949 -0.694507
v 0.21759 0.415252 -0.592393
v 0.21759 0.401949 -0.619393
v 0.213693 0.39687 -0.636032
v 0.0814229 0.373121 -0.759795
v 0.13227 0.39687 -0.697041
v 0.193337 0.335784 -0.758106
v 0.162803 0.332418 -0.780151
v 0.122113 0.332418 -0.800506
v 0.101779 0.35277 -0.780151
v 0.0203555 0.393472 -0.73944
v 0.000106206 0.373089 -0.780123
v 0.21759 0.419951 -0.5775
v 0.000106206 0.35277 -0.800506
v 0.0814229 0.332482 -0.820664
v 0.212671 0.273777 -0.820664
v 0.213693 0.274761 -0.819172
v 0.21759 0.270856 -0.817201
v 0.203515 0.381598 -0.67418
v 0.21759 0.381598 -0.660103
v 0.213693 0.376486 -0.676714
v 0.0818275 0.332387 -0.820664
v 0.081572 0.33245 -0.820664
v 0.0407113 0.35277 -0.800506
v 0.213693 0.335784 -0.737751
v 0.13227 0.315464 -0.819172
v 0.21759 0.358516 -0.6998
v 0.171981 0.294129 -0.820664
v 0.21759 0.297081 -0.783754
v 0.131269 0.31448 -0.820664
v 0.21759 0.35223 -0.709175
f 2069 2070 2075
f 2069 2075 2082
f 2069 2082 2093
f 2069 2093 2106
f 2069 2106 2100
f 2069 2100 2087
f 2069 2087 2085
f 2069 2085 2076
f 2069 2076 2071
f 2069 2071 2072
f 2069 2072 2073
f 2069 2073 2074
f 2069 2074 2070
f 2070 2074 2081
f 2070 2081 2092
f 2070 2092 2104
f 2070 2104 2122
f 2070 2122 2124
f 2070 2124 2107
f 2070 2107 2094
f 2070 2094 2083
f 2070 2083 2075
f 2071 2076 2072
f 2072 2076 2077
f 2072 2077 2078
f 2072 2078 2073
f 2073 2078 2079
f 2073 2079 2091
f 2073 2091 2080
f 2073 2080 2081
f 2073 2081 2074
f 2075 2083 2084
f 2075 2084 2082
f 2076 2085 2077
f 2077 2086 2078
f 2077 2085 2087
f 2077 2087 2088
f 2077 2088 2099
f 2077 2099 2089
f 2077 2089 2086
f 2078 2086 2090
f 2078 2090 2091
f 2078 2091 2079
f 2080 2091 2092
f 2080 2092 2081
f 2082 2084 2095
f 2082 2095 2109
f 2082 2109 2128
f 2082 2128 2139
f 2082 2139 2141
f 2082 2141 2137
f 2082 2137 2130
f 2082 2130 2113
f 2082 2113 2112
f 2082 2112 2123
f 2082 2123 2105
f 2082 2105 2093
f 2083 2094 2084
f 2084 2094 2107
f 2084 2107 2125
f 2084 2125 2133
f 2084 2133 2132
f 2084 2132 2140
f 2084 2140 2138
f 2084 2138 2126
f 2084 2126 2108
f 2084 2108 2095
f 2086 2089 2096
f 2086 2096 2110
f 2086 2110 2097
f 2086 2097 2090
f 2087 2098 2099
f 2087 2099 2088
f 2087 2100 2101
f 2087 2101 2098
f 2089 2099 2096
f 2090 2097 2102
f 2090 2102 2091
f 2091 2102 2103
f 2091 2103 2121
f 2091 2121 2104
f 2091 2104 2092
f 2093 2105 2106
f 2095 2108 2109
f 2096 2099 2114
f 2096 2114 2110
f 2097 2110 2111
f 2097 2111 2102
f 2098 2101 2099
f 2099 2101 2112
f 2099 2112 2113
f 2099 2113 2130
f 2099 2130 2114
f 2100 2106 2101
f 2101 2106 2112
f 2102 2115 2121
f 2102 2121 2103
f 2102 2111 2116
f 2102 2116 2117
f 2102 2117 2118
f 2102 2118 2119
f 2102 2119 2120
f 2102 2120 2115
f 2104 2121 2122
f 2105 2123 2106
f 2106 2123 2112
f 2107 2124 2134
f 2107 2134 2125
f 2108 2126 2109
f 2109 2126 2127
f 2109 2127 2128
f 2110 2114 2129
f 2110 2129 2111
f 2111 2129 2116
f 2114 2130 2131
f 2114 2131 2129
f 2115 2122 2121
f 2115 2120 2132
f 2115 2132 2133
f 2115 2133 2125
f 2115 2125 2134
f 2115 2134 2122
f 2116 2129 2131
f 2116 2131 2117
f 2117 2135 2127
f 2117 2127 2136
f 2117 2136 2118
f 2117 2131 2137
f 2117 2137 2135
f 2118 2136 2119
f 2119 2136 2132
f 2119 2132 2120
f 2122 2134 2124
f 2126 2138 2127
f 2127 2139 2128
f 2127 2138 2140
f 2127 2140 2136
f 2127 2135 2139
f 2130 2137 2131
f 2132 2136 2140
f 2135 2141 2139
f 2135 2137 2141
o convex_23
v 0.465526 -0.00106811 -0.595392
v 0.404459 -0.00106811 -0.595392
v 0.465526 -0.0255179 -0.595392
v 0.380085 -0.00106811 -0.766244
v 0.395533 -0.0255179 -0.595392
v 0.278175 -0.00106811 -0.807306
v 0.129066 -0.234506 -0.821754
v 0.453438 -0.0865738 -0.595392
v 0.44774 -0.101769 -0.610571
v 0.442634 -0.11196 -0.620765
v 0.46299 -0.0305449 -0.6004
v 0.442634 -0.0508817 -0.641107
v 0.44774 -0.0407133 -0.630936
v 0.427384 -0.0407133 -0.671644
v 0.401956 -0.0305449 -0.7225
v 0.373168 -0.00106811 -0.779806
v 0.3816 -0.0101854 -0.763208
v 0.320995 -0.234506 -0.595392
v 0.269612 -0.00106811 -0.821754
v 0.250145 -0.234506 -0.821754
v 0.445171 -0.127247 -0.595392
v 0.442634 -0.132274 -0.6004
v 0.422279 -0.19333 -0.6004
v 0.41467 -0.203521 -0.610571
v 0.435026 -0.122106 -0.630936
v 0.401956 -0.11196 -0.702158
v 0.422279 -0.0508817 -0.681815
v 0.3816 -0.0916008 -0.742843
v 0.373102 -0.0814096 -0.759818
v 0.332391 -0.0814096 -0.820868
v 0.352747 -0.0407133 -0.800503
v 0.331963 -0.0203537 -0.821754
v 0.331963 -0.00106811 -0.821754
v 0.404097 -0.234506 -0.595392
v 0.268426 -0.216203 -0.821754
v 0.269678 -0.234049 -0.803894
v 0.269447 -0.234506 -0.80345
v 0.424815 -0.188303 -0.595392
v 0.413385 -0.218717 -0.595392
v 0.408214 -0.229022 -0.595392
v 0.394314 -0.223858 -0.630936
v 0.373959 -0.203521 -0.691986
v 0.41467 -0.122106 -0.671644
v 0.394314 -0.122106 -0.712329
v 0.373959 -0.101769 -0.753015
v 0.333248 -0.101769 -0.814087
v 0.323663 -0.109447 -0.821754
v 0.330646 -0.0840603 -0.821754
v 0.401824 -0.234506 -0.599957
v 0.401956 -0.234049 -0.6004
v 0.271555 -0.211176 -0.821754
v 0.290033 -0.234049 -0.783551
v 0.289803 -0.234506 -0.783108
v 0.391778 -0.234049 -0.620765
v 0.371423 -0.234049 -0.66145
v 0.353603 -0.162802 -0.753015
v 0.373959 -0.142466 -0.732672
v 0.361245 -0.21369 -0.702158
v 0.330711 -0.19333 -0.763208
v 0.332391 -0.162802 -0.78016
v 0.283017 -0.190817 -0.821754
v 0.371192 -0.234506 -0.661007
v 0.340889 -0.172993 -0.763208
f 2142 2143 2146
f 2142 2146 2159
f 2142 2159 2175
f 2142 2175 2181
f 2142 2181 2180
f 2142 2180 2179
f 2142 2179 2162
f 2142 2162 2149
f 2142 2149 2144
f 2142 2144 2145
f 2142 2145 2157
f 2142 2157 2174
f 2142 2174 2160
f 2142 2160 2147
f 2142 2147 2143
f 2143 2147 2148
f 2143 2148 2146
f 2144 2149 2150
f 2144 2150 2151
f 2144 2151 2152
f 2144 2152 2153
f 2144 2153 2154
f 2144 2154 2155
f 2144 2155 2156
f 2144 2156 2145
f 2145 2156 2158
f 2145 2158 2157
f 2146 2148 2159
f 2147 2160 2148
f 2148 2160 2174
f 2148 2174 2173
f 2148 2173 2189
f 2148 2189 2188
f 2148 2188 2202
f 2148 2202 2192
f 2148 2192 2176
f 2148 2176 2161
f 2148 2161 2178
f 2148 2178 2194
f 2148 2194 2203
f 2148 2203 2190
f 2148 2190 2175
f 2148 2175 2159
f 2149 2162 2150
f 2150 2162 2151
f 2151 2153 2152
f 2151 2162 2163
f 2151 2163 2164
f 2151 2164 2165
f 2151 2165 2166
f 2151 2166 2167
f 2151 2167 2153
f 2153 2167 2168
f 2153 2168 2155
f 2153 2155 2154
f 2155 2168 2156
f 2156 2167 2158
f 2156 2168 2167
f 2157 2158 2169
f 2157 2169 2170
f 2157 2170 2171
f 2157 2171 2172
f 2157 2172 2173
f 2157 2173 2174
f 2158 2167 2169
f 2161 2176 2177
f 2161 2177 2178
f 2162 2179 2164
f 2162 2164 2163
f 2164 2179 2180
f 2164 2180 2165
f 2165 2180 2181
f 2165 2181 2182
f 2165 2182 2183
f 2165 2183 2184
f 2165 2184 2166
f 2166 2184 2167
f 2167 2185 2186
f 2167 2186 2169
f 2167 2184 2185
f 2169 2186 2170
f 2170 2186 2187
f 2170 2187 2171
f 2171 2187 2188
f 2171 2188 2189
f 2171 2189 2173
f 2171 2173 2172
f 2175 2190 2191
f 2175 2191 2181
f 2176 2192 2193
f 2176 2193 2177
f 2177 2193 2194
f 2177 2194 2178
f 2181 2191 2182
f 2182 2191 2195
f 2182 2195 2196
f 2182 2196 2183
f 2183 2197 2198
f 2183 2198 2185
f 2183 2185 2184
f 2183 2196 2199
f 2183 2199 2200
f 2183 2200 2197
f 2185 2198 2187
f 2185 2187 2186
f 2187 2201 2188
f 2187 2198 2197
f 2187 2197 2201
f 2188 2201 2202
f 2190 2195 2191
f 2190 2203 2196
f 2190 2196 2195
f 2192 2202 2200
f 2192 2200 2193
f 2193 2200 2199
f 2193 2199 2196
f 2193 2196 2203
f 2193 2203 2194
f 2197 2200 2204
f 2197 2204 2201
f 2200 2202 2201
f 2200 2201 2204
o convex_24
v 0.404128 -0.234529 -0.595392
v 0.395546 -0.249386 -0.595392
v 0.391749 -0.254406 -0.6004
v 0.371183 -0.234529 -0.661007
v 0.320994 -0.234529 -0.595392
v 0.389257 -0.259449 -0.595392
v 0.340888 -0.315463 -0.6004
v 0.330723 -0.315463 -0.620765
v 0.310355 -0.315463 -0.66145
v 0.330723 -0.274758 -0.681815
v 0.330684 -0.330704 -0.595392
v 0.330723 -0.254406 -0.702158
v 0.289789 -0.234529 -0.783108
v 0.129058 -0.234529 -0.821754
v 0.1183 -0.236587 -0.821754
v 8.49309e-05 -0.269625 -0.821754
v 8.49309e-05 -0.398907 -0.602461
v 8.49309e-05 -0.403633 -0.595392
v 0.310355 -0.335815 -0.620765
v 0.269658 -0.335815 -0.681815
v 0.269658 -0.295111 -0.742843
v 0.289987 -0.274758 -0.742843
v 0.289987 -0.254406 -0.763208
v 0.326373 -0.334142 -0.595392
v 0.269658 -0.254406 -0.783551
v 0.269421 -0.234529 -0.80345
v 0.250081 -0.234529 -0.821754
v 8.49309e-05 -0.331993 -0.821754
v 8.49309e-05 -0.465526 -0.595392
v 0.269658 -0.376497 -0.6004
v 0.228961 -0.396849 -0.620765
v 0.228961 -0.376497 -0.66145
v 0.188264 -0.335815 -0.763208
v 0.228961 -0.295111 -0.783551
v 0.269658 -0.274758 -0.763208
v 0.268392 -0.379007 -0.595392
v 0.228961 -0.274758 -0.803894
v 0.24929 -0.254406 -0.803894
v 0.227695 -0.256939 -0.821754
v 8.49309e-05 -0.352752 -0.800503
v 0.0330696 -0.331993 -0.821754
v 8.49309e-05 -0.386605 -0.753192
v 0.00257658 -0.465526 -0.595392
v 0.244979 -0.395175 -0.595392
v 0.208593 -0.417201 -0.6004
v 0.188264 -0.396849 -0.66145
v 0.208593 -0.376497 -0.681815
v 0.167935 -0.315463 -0.803894
v 0.127238 -0.396849 -0.702158
v 0.10687 -0.335815 -0.803894
v 0.20796 -0.276025 -0.821754
v 0.21235 -0.272248 -0.821754
v 8.49309e-05 -0.37263 -0.778255
v 0.0339397 -0.352752 -0.800503
v 0.0535961 -0.331654 -0.821754
v 0.0746367 -0.332423 -0.820868
v 8.49309e-05 -0.376542 -0.773291
v 0.00680843 -0.379889 -0.766599
v 0.0475054 -0.420593 -0.685205
v 0.0762583 -0.455327 -0.595392
v 0.0475054 -0.440945 -0.644498
v 0.0407424 -0.447729 -0.630936
v 0.101768 -0.447729 -0.610571
v 0.207327 -0.419711 -0.595392
v 0.127238 -0.437553 -0.620765
v 0.126605 -0.316729 -0.821754
v 0.16667 -0.297643 -0.821754
v 0.108571 -0.420593 -0.664863
v 0.108571 -0.400241 -0.705548
v 0.10687 -0.376497 -0.742843
v 0.0882024 -0.339207 -0.807306
v 0.104497 -0.324033 -0.821754
v 0.0764165 -0.330682 -0.821754
v 0.0746367 -0.373105 -0.759818
v 0.0882024 -0.379889 -0.746234
v 0.0998696 -0.451528 -0.595392
v 0.108571 -0.440945 -0.624155
v 0.124668 -0.442641 -0.610571
v 0.116995 -0.447729 -0.595392
v 0.139894 -0.442641 -0.595392
f 2205 2206 2207
f 2205 2207 2208
f 2205 2208 2217
f 2205 2217 2230
f 2205 2230 2231
f 2205 2231 2218
f 2205 2218 2209
f 2205 2209 2222
f 2205 2222 2233
f 2205 2233 2247
f 2205 2247 2264
f 2205 2264 2280
f 2205 2280 2283
f 2205 2283 2284
f 2205 2284 2268
f 2205 2268 2248
f 2205 2248 2240
f 2205 2240 2228
f 2205 2228 2215
f 2205 2215 2210
f 2205 2210 2206
f 2206 2210 2207
f 2207 2211 2212
f 2207 2212 2213
f 2207 2213 2214
f 2207 2214 2208
f 2207 2210 2215
f 2207 2215 2211
f 2208 2214 2216
f 2208 2216 2217
f 2209 2218 2219
f 2209 2219 2220
f 2209 2220 2221
f 2209 2221 2222
f 2211 2215 2212
f 2212 2215 2213
f 2213 2215 2223
f 2213 2223 2224
f 2213 2224 2225
f 2213 2225 2226
f 2213 2226 2214
f 2214 2226 2227
f 2214 2227 2216
f 2215 2228 2223
f 2216 2227 2217
f 2217 2227 2229
f 2217 2229 2242
f 2217 2242 2230
f 2218 2231 2243
f 2218 2243 2256
f 2218 2256 2255
f 2218 2255 2271
f 2218 2271 2270
f 2218 2270 2276
f 2218 2276 2277
f 2218 2277 2259
f 2218 2259 2245
f 2218 2245 2232
f 2218 2232 2220
f 2218 2220 2219
f 2220 2232 2244
f 2220 2244 2257
f 2220 2257 2261
f 2220 2261 2246
f 2220 2246 2233
f 2220 2233 2222
f 2220 2222 2221
f 2223 2228 2234
f 2223 2234 2235
f 2223 2235 2224
f 2224 2235 2236
f 2224 2236 2237
f 2224 2237 2238
f 2224 2238 2225
f 2225 2239 2227
f 2225 2227 2226
f 2225 2238 2239
f 2227 2239 2229
f 2228 2240 2234
f 2229 2239 2238
f 2229 2238 2241
f 2229 2241 2242
f 2230 2242 2231
f 2231 2242 2241
f 2231 2241 2243
f 2232 2245 2258
f 2232 2258 2244
f 2233 2246 2247
f 2234 2240 2248
f 2234 2248 2235
f 2235 2248 2249
f 2235 2249 2250
f 2235 2250 2251
f 2235 2251 2236
f 2236 2251 2237
f 2237 2252 2238
f 2237 2251 2250
f 2237 2250 2253
f 2237 2253 2254
f 2237 2254 2252
f 2238 2252 2255
f 2238 2255 2256
f 2238 2256 2241
f 2241 2256 2243
f 2244 2258 2257
f 2245 2259 2260
f 2245 2260 2258
f 2246 2261 2262
f 2246 2262 2263
f 2246 2263 2247
f 2247 2263 2265
f 2247 2265 2266
f 2247 2266 2267
f 2247 2267 2264
f 2248 2268 2249
f 2249 2268 2269
f 2249 2269 2250
f 2250 2269 2253
f 2252 2254 2270
f 2252 2270 2271
f 2252 2271 2255
f 2253 2269 2272
f 2253 2272 2273
f 2253 2273 2279
f 2253 2279 2274
f 2253 2274 2254
f 2254 2274 2275
f 2254 2275 2276
f 2254 2276 2270
f 2257 2258 2261
f 2258 2260 2261
f 2259 2277 2260
f 2260 2277 2276
f 2260 2276 2275
f 2260 2275 2262
f 2260 2262 2261
f 2262 2275 2278
f 2262 2278 2279
f 2262 2279 2273
f 2262 2273 2263
f 2263 2273 2272
f 2263 2272 2281
f 2263 2281 2265
f 2264 2267 2280
f 2265 2281 2266
f 2266 2281 2267
f 2267 2281 2282
f 2267 2282 2284
f 2267 2284 2283
f 2267 2283 2280
f 2268 2284 2282
f 2268 2282 2269
f 2269 2282 2281
f 2269 2281 2272
f 2274 2279 2275
f 2275 2279 2278
o convex_25
v -0.256144 4.05403e-05 0.362872
v -0.256144 0.256632 0.195611
v 5.98479e-05 0.257785 0.359558
v -0.237434 4.05403e-05 0.379918
v -0.256144 4.05403e-05 0.464594
v -0.256144 0.267934 0.189929
v 5.98479e-05 0.264656 0.356125
v 5.98479e-05 0.217087 0.400239
v -0.217068 4.05403e-05 0.400239
v -0.251002 4.05403e-05 0.474853
v -0.256144 0.0610612 0.464594
v -0.256144 0.267934 0.332411
v 5.98479e-05 0.267934 0.354507
v 5.98479e-05 0.196738 0.420599
v -0.196727 4.05403e-05 0.420599
v -0.251002 0.0610612 0.474853
v -0.183158 4.05403e-05 0.593029
v -0.256144 0.0734909 0.460135
v -0.256144 0.24984 0.351627
v -0.249297 0.254403 0.356204
v -0.239189 0.267934 0.349378
v 5.98479e-05 0.267934 0.456229
v 5.98479e-05 0.154651 0.500619
v -0.18993 4.05403e-05 0.434172
v -0.256144 0.0940758 0.451968
v -0.183158 0.0407122 0.593029
v -0.122136 4.05403e-05 0.593029
v -0.256144 0.229491 0.371987
v -0.228956 0.254403 0.376525
v -0.256144 0.209142 0.392308
v -0.249297 0.213678 0.396845
v -0.146565 0.12494 0.593029
v -0.205179 0.267934 0.383351
v -0.0577271 0.267934 0.456229
v -1.53875e-05 0.183155 0.593029
v 5.98479e-05 0.183155 0.590188
v 5.98479e-05 0.128454 0.554439
v -0.122136 4.05403e-05 0.569828
v -0.128882 4.05403e-05 0.556294
v -0.162792 4.05403e-05 0.488427
v -0.256144 0.183155 0.410024
v -0.169388 0.0814102 0.593029
v 5.98479e-05 0.122134 0.590188
v -1.53875e-05 0.122134 0.593029
v -0.20859 0.254403 0.396845
v -0.256144 0.19291 0.404382
v -0.168435 0.0832982 0.593029
v -0.136131 0.134721 0.593029
v -0.10503 0.156303 0.593029
v -0.103024 0.157483 0.593029
v -0.101143 0.158427 0.593029
v -0.060461 0.178776 0.593029
v -0.200564 0.267934 0.385876
v -0.0831092 0.267934 0.444392
v -0.0407221 0.183155 0.593029
v 5.98479e-05 0.174711 0.593029
v 5.98479e-05 0.122134 0.569828
v -0.118047 0.14778 0.593029
f 2285 2286 2287
f 2285 2287 2288
f 2285 2288 2293
f 2285 2293 2299
f 2285 2299 2308
f 2285 2308 2324
f 2285 2324 2323
f 2285 2323 2322
f 2285 2322 2311
f 2285 2311 2301
f 2285 2301 2294
f 2285 2294 2289
f 2285 2289 2295
f 2285 2295 2302
f 2285 2302 2309
f 2285 2309 2325
f 2285 2325 2330
f 2285 2330 2314
f 2285 2314 2312
f 2285 2312 2303
f 2285 2303 2296
f 2285 2296 2290
f 2285 2290 2286
f 2286 2290 2287
f 2287 2290 2291
f 2287 2291 2297
f 2287 2297 2306
f 2287 2306 2320
f 2287 2320 2340
f 2287 2340 2327
f 2287 2327 2341
f 2287 2341 2321
f 2287 2321 2307
f 2287 2307 2298
f 2287 2298 2292
f 2287 2292 2293
f 2287 2293 2288
f 2289 2294 2300
f 2289 2300 2295
f 2290 2296 2305
f 2290 2305 2317
f 2290 2317 2337
f 2290 2337 2338
f 2290 2338 2318
f 2290 2318 2306
f 2290 2306 2297
f 2290 2297 2291
f 2292 2298 2293
f 2293 2298 2299
f 2294 2301 2310
f 2294 2310 2300
f 2295 2300 2302
f 2296 2303 2304
f 2296 2304 2305
f 2298 2307 2299
f 2299 2307 2308
f 2300 2309 2302
f 2300 2310 2309
f 2301 2311 2328
f 2301 2328 2340
f 2301 2340 2319
f 2301 2319 2339
f 2301 2339 2336
f 2301 2336 2335
f 2301 2335 2334
f 2301 2334 2333
f 2301 2333 2342
f 2301 2342 2332
f 2301 2332 2316
f 2301 2316 2331
f 2301 2331 2326
f 2301 2326 2310
f 2303 2312 2304
f 2304 2313 2305
f 2304 2312 2314
f 2304 2314 2315
f 2304 2315 2316
f 2304 2316 2313
f 2305 2313 2317
f 2306 2318 2339
f 2306 2339 2319
f 2306 2319 2320
f 2307 2321 2322
f 2307 2322 2323
f 2307 2323 2324
f 2307 2324 2308
f 2309 2310 2325
f 2310 2326 2325
f 2311 2327 2328
f 2311 2322 2341
f 2311 2341 2327
f 2313 2329 2317
f 2313 2316 2329
f 2314 2330 2316
f 2314 2316 2315
f 2316 2332 2329
f 2316 2330 2331
f 2317 2329 2333
f 2317 2333 2334
f 2317 2334 2335
f 2317 2335 2336
f 2317 2336 2337
f 2318 2338 2336
f 2318 2336 2339
f 2319 2340 2320
f 2321 2341 2322
f 2325 2326 2330
f 2326 2331 2330
f 2327 2340 2328
f 2329 2332 2342
f 2329 2342 2333
f 2336 2338 2337
o convex_26
v -0.256144 0.0610612 0.464622
v -0.256144 4.05403e-05 0.464622
v -0.256144 0.0734909 0.460109
v -0.271377 0.0610612 0.45451
v -0.271377 4.05403e-05 0.45451
v -0.256144 4.05403e-05 0.362849
v -0.256144 0.0940758 0.451955
v -0.312078 0.0407122 0.41379
v -0.291741 0.0407122 0.434177
v -0.269693 0.19333 0.396828
v -0.279849 0.172981 0.396828
v -0.332442 0.101785 0.373124
v -0.291741 4.05403e-05 0.434177
v -0.256144 0.256632 0.195565
v -0.452835 4.05403e-05 -0.0635974
v -0.358712 0.264577 -0.0610422
v -0.3562 0.267934 -0.0576715
v -0.256144 0.183155 0.410038
v -0.332442 0.0203633 0.393457
v -0.256144 0.19291 0.404384
v -0.256144 0.209142 0.392315
v -0.269693 0.234027 0.356162
v -0.29003 0.213678 0.356162
v -0.310394 0.213678 0.335775
v -0.312078 0.183155 0.352737
v -0.332442 0.142457 0.352737
v -0.373143 0.122134 0.312017
v -0.394309 0.122134 0.284888
v -0.353634 0.101785 0.345941
v -0.373998 0.0814102 0.325608
v -0.373143 0.0610612 0.332404
v -0.332442 4.05403e-05 0.393457
v -0.256144 0.266072 0.190835
v -0.465636 4.05403e-05 -0.090726
v -0.357884 0.267934 -0.0610422
v -0.373357 0.267934 -0.0907803
v -0.359567 0.267934 -0.0643585
v -0.256144 0.267934 0.189911
v -0.393454 4.05403e-05 0.312017
v -0.256144 0.24984 0.351595
v -0.269693 0.254403 0.335775
v -0.29003 0.254403 0.315442
v -0.310394 0.234027 0.315442
v -0.353634 0.142457 0.325608
v -0.340914 0.152632 0.335775
v -0.330732 0.254403 0.274722
v -0.330732 0.234027 0.295055
v -0.371433 0.213678 0.254389
v -0.381615 0.19333 0.254389
v -0.394309 0.183155 0.244222
v -0.43501 0.142457 0.203502
v -0.442653 0.132309 0.193336
v -0.401952 0.11196 0.274722
v -0.393454 0.101785 0.291684
v -0.381615 0.132309 0.295055
v -0.413818 0.0407122 0.271351
v -0.465876 4.05403e-05 -0.0907803
v -0.466411 0.267934 -0.0907803
v -0.256144 0.267934 0.33235
v -0.400268 4.05403e-05 0.29848
v -0.259565 0.267934 0.328979
v -0.32063 0.267934 0.267926
v -0.327338 0.267934 0.261185
v -0.371433 0.254403 0.213669
v -0.394309 0.244202 0.183224
v -0.414673 0.203504 0.183224
v -0.43501 0.162806 0.183224
v -0.475711 0.142457 0.101784
v -0.46299 0.0508867 0.173003
v -0.422289 0.0508867 0.254389
v -0.483354 0.132309 0.0916173
v -0.46299 0.11196 0.15267
v -0.483354 0.0305378 0.132337
v -0.427393 0.0407122 0.244222
v -0.529133 4.05403e-05 -0.0907803
v -0.468095 0.264577 -0.0907803
v -0.466411 0.267934 -0.0780043
v -0.461307 0.0407122 0.176428
v -0.474883 0.0203633 0.1493
v -0.474883 4.05403e-05 0.1493
v -0.349439 0.267934 0.227206
v -0.369696 0.267934 0.193445
v -0.374853 0.267934 0.183224
v -0.391797 0.254403 0.173003
v -0.412134 0.254403 0.132337
v -0.414673 0.244202 0.142504
v -0.43501 0.203504 0.142504
v -0.475711 0.162806 0.0814509
v -0.483354 0.152632 0.0712844
v -0.503718 0.132309 0.0101772
v -0.488432 0.122134 0.0814509
v -0.488432 0.0203633 0.122117
v -0.488432 4.05403e-05 0.122117
v -0.481671 4.05403e-05 0.135708
v -0.529133 0.0814102 -0.0907803
v -0.529133 4.05403e-05 -0.0203221
v -0.508796 0.162806 -0.0907803
v -0.468095 0.264577 -0.081375
v -0.503718 0.172981 -0.0508758
v -0.483354 0.19333 0.0101772
v -0.46299 0.254403 -0.0304885
v -0.455374 0.264577 -0.0203221
v -0.451793 0.267934 -0.0153204
v -0.39006 0.267934 0.152779
v -0.410397 0.267934 0.112059
v -0.415528 0.267934 0.101784
v -0.422289 0.254403 0.11195
v -0.43501 0.223853 0.122117
v -0.455374 0.223853 0.0610637
v -0.46299 0.213678 0.0508972
v -0.503718 0.152632 -0.0101557
v -0.508796 0.122134 1.07419e-05
v -0.508796 0.0610612 0.0407308
v -0.508796 0.0203633 0.0610637
v -0.508796 4.05403e-05 0.0610637
v -0.529133 0.0814102 -0.081375
v -0.523868 0.111147 -0.0907803
v -0.529133 0.0203633 -0.0203221
v -0.523467 0.112747 -0.0907803
v -0.508796 0.162806 -0.0610422
v -0.442653 0.254403 0.0508972
v -0.43501 0.264577 0.0610637
v -0.434609 0.267934 0.051006
v -0.430814 0.267934 0.0644343
v -0.508796 0.142457 -0.0203221
v -0.529133 0.0407122 -0.040655
f 2343 2344 2348
f 2343 2348 2356
f 2343 2356 2375
f 2343 2375 2380
f 2343 2380 2401
f 2343 2401 2382
f 2343 2382 2363
f 2343 2363 2362
f 2343 2362 2360
f 2343 2360 2349
f 2343 2349 2345
f 2343 2345 2346
f 2343 2346 2347
f 2343 2347 2344
f 2344 2347 2355
f 2344 2355 2374
f 2344 2374 2381
f 2344 2381 2402
f 2344 2402 2422
f 2344 2422 2436
f 2344 2436 2435
f 2344 2435 2457
f 2344 2457 2438
f 2344 2438 2417
f 2344 2417 2399
f 2344 2399 2376
f 2344 2376 2357
f 2344 2357 2348
f 2345 2349 2346
f 2346 2350 2361
f 2346 2361 2351
f 2346 2351 2355
f 2346 2355 2347
f 2346 2349 2352
f 2346 2352 2353
f 2346 2353 2354
f 2346 2354 2350
f 2348 2357 2358
f 2348 2358 2359
f 2348 2359 2356
f 2349 2360 2352
f 2350 2354 2361
f 2351 2361 2374
f 2351 2374 2355
f 2352 2360 2362
f 2352 2362 2363
f 2352 2363 2364
f 2352 2364 2365
f 2352 2365 2366
f 2352 2366 2367
f 2352 2367 2368
f 2352 2368 2353
f 2353 2368 2354
f 2354 2368 2369
f 2354 2369 2370
f 2354 2370 2371
f 2354 2371 2372
f 2354 2372 2373
f 2354 2373 2361
f 2356 2359 2375
f 2357 2376 2358
f 2358 2377 2359
f 2358 2376 2378
f 2358 2378 2379
f 2358 2379 2377
f 2359 2377 2379
f 2359 2379 2378
f 2359 2378 2400
f 2359 2400 2419
f 2359 2419 2445
f 2359 2445 2465
f 2359 2465 2466
f 2359 2466 2448
f 2359 2448 2447
f 2359 2447 2446
f 2359 2446 2425
f 2359 2425 2424
f 2359 2424 2423
f 2359 2423 2405
f 2359 2405 2404
f 2359 2404 2403
f 2359 2403 2401
f 2359 2401 2380
f 2359 2380 2375
f 2361 2373 2381
f 2361 2381 2374
f 2363 2382 2364
f 2364 2382 2383
f 2364 2383 2384
f 2364 2384 2388
f 2364 2388 2385
f 2364 2385 2365
f 2365 2385 2366
f 2366 2386 2387
f 2366 2387 2368
f 2366 2368 2367
f 2366 2385 2388
f 2366 2388 2389
f 2366 2389 2390
f 2366 2390 2391
f 2366 2391 2386
f 2368 2387 2386
f 2368 2386 2369
f 2369 2386 2370
f 2370 2392 2393
f 2370 2393 2394
f 2370 2394 2395
f 2370 2395 2396
f 2370 2396 2373
f 2370 2373 2372
f 2370 2372 2371
f 2370 2386 2397
f 2370 2397 2391
f 2370 2391 2392
f 2373 2396 2398
f 2373 2398 2381
f 2376 2399 2378
f 2378 2399 2417
f 2378 2417 2437
f 2378 2437 2459
f 2378 2459 2461
f 2378 2461 2439
f 2378 2439 2418
f 2378 2418 2400
f 2381 2398 2402
f 2382 2401 2383
f 2383 2401 2403
f 2383 2403 2384
f 2384 2403 2404
f 2384 2404 2388
f 2386 2391 2397
f 2388 2404 2405
f 2388 2405 2406
f 2388 2406 2390
f 2388 2390 2389
f 2390 2406 2407
f 2390 2407 2392
f 2390 2392 2391
f 2392 2407 2408
f 2392 2408 2409
f 2392 2409 2393
f 2393 2409 2410
f 2393 2410 2413
f 2393 2413 2394
f 2394 2411 2412
f 2394 2412 2395
f 2394 2413 2414
f 2394 2414 2415
f 2394 2415 2411
f 2395 2412 2398
f 2395 2398 2396
f 2398 2412 2416
f 2398 2416 2402
f 2400 2418 2440
f 2400 2440 2419
f 2402 2416 2420
f 2402 2420 2421
f 2402 2421 2422
f 2405 2423 2406
f 2406 2424 2425
f 2406 2425 2426
f 2406 2426 2407
f 2406 2423 2424
f 2407 2426 2427
f 2407 2427 2428
f 2407 2428 2408
f 2408 2428 2429
f 2408 2429 2409
f 2409 2429 2430
f 2409 2430 2410
f 2410 2430 2413
f 2411 2420 2412
f 2411 2415 2420
f 2412 2420 2416
f 2413 2430 2431
f 2413 2431 2453
f 2413 2453 2432
f 2413 2432 2454
f 2413 2454 2433
f 2413 2433 2415
f 2413 2415 2414
f 2415 2433 2434
f 2415 2434 2435
f 2415 2435 2436
f 2415 2436 2422
f 2415 2422 2421
f 2415 2421 2420
f 2417 2438 2460
f 2417 2460 2468
f 2417 2468 2458
f 2417 2458 2437
f 2418 2439 2462
f 2418 2462 2440
f 2419 2440 2441
f 2419 2441 2442
f 2419 2442 2443
f 2419 2443 2444
f 2419 2444 2445
f 2425 2446 2427
f 2425 2427 2426
f 2427 2446 2447
f 2427 2447 2448
f 2427 2448 2449
f 2427 2449 2428
f 2428 2449 2450
f 2428 2450 2429
f 2429 2450 2430
f 2430 2451 2431
f 2430 2450 2451
f 2431 2451 2452
f 2431 2452 2442
f 2431 2442 2453
f 2432 2453 2467
f 2432 2467 2454
f 2433 2455 2456
f 2433 2456 2434
f 2433 2454 2455
f 2434 2456 2457
f 2434 2457 2435
f 2437 2458 2459
f 2438 2457 2456
f 2438 2456 2460
f 2439 2461 2462
f 2440 2462 2441
f 2441 2462 2467
f 2441 2467 2453
f 2441 2453 2442
f 2442 2444 2443
f 2442 2452 2451
f 2442 2451 2463
f 2442 2463 2444
f 2444 2463 2464
f 2444 2464 2445
f 2445 2464 2465
f 2448 2466 2464
f 2448 2464 2449
f 2449 2464 2450
f 2450 2464 2451
f 2451 2464 2463
f 2454 2467 2468
f 2454 2468 2460
f 2454 2460 2455
f 2455 2460 2456
f 2458 2468 2467
f 2458 2467 2459
f 2459 2467 2462
f 2459 2462 2461
f 2464 2466 2465
o convex_27
v -0.25107 -0.296528 0.148163
v -0.25107 -0.288284 0.154304
v -0.235459 -0.296528 0.15561
v -0.25107 -0.296528 0.310649
v -0.25107 -1.75219e-05 0.372969
v -1.34065e-05 -0.296528 0.3228
v -0.237426 4.05403e-05 0.379894
v -0.232607 -0.296528 0.330029
v -0.234033 -0.295106 0.330726
v -0.234033 -0.274756 0.351107
v -0.25107 -0.251068 0.356116
v -0.25107 4.05403e-05 0.373187
v -0.250972 4.05403e-05 0.3731
v 6.03501e-05 -0.278123 0.339218
v 6.03501e-05 -0.291709 0.332424
v 6.03501e-05 -0.296528 0.334036
v -0.21707 4.05403e-05 0.400232
v -0.212276 -0.296528 0.35041
v -0.213677 -0.295106 0.351107
v -0.135671 -0.135703 0.593029
v -0.234033 -0.213677 0.412121
v -0.25107 -0.237365 0.36979
v -0.25107 4.05403e-05 0.46804
v 6.03501e-05 -0.217074 0.400232
v 6.03501e-05 -0.296528 0.422573
v -0.196739 4.05403e-05 0.420613
v 6.03501e-05 -0.196724 0.420613
v -0.162812 -0.296528 0.376541
v -0.183168 -0.291709 0.3731
v -0.193346 -0.274756 0.39174
v -0.129893 -0.140754 0.593029
v -0.140735 -0.129926 0.593029
v -0.25107 -0.210339 0.396748
v -0.25107 -1.75219e-05 0.474746
v -0.250997 4.05403e-05 0.474877
v -1.34065e-05 -0.296528 0.424533
v 6.03501e-05 -0.291709 0.434158
v -0.189929 4.05403e-05 0.434201
v 6.03501e-05 -0.189931 0.434158
v -0.113373 -0.296528 0.399796
v -0.101769 -0.291709 0.41382
v -0.17299 -0.274756 0.40193
v -0.0607617 -0.178145 0.593029
v -0.060983 -0.178057 0.593029
v -0.0621384 -0.177535 0.593029
v -0.0742832 -0.171468 0.593029
v -0.114995 -0.151118 0.593029
v -0.15111 -0.114976 0.593029
v -0.152634 -0.111957 0.593029
v -0.17299 -0.0712567 0.593029
v -0.177538 -0.0621414 0.593029
v -0.178054 -0.0610092 0.593029
v -0.250997 -0.183167 0.41382
v -0.25107 -0.183341 0.413602
v -0.25107 -0.0610673 0.474746
v -0.250997 -0.0610673 0.474877
v -0.183168 4.05403e-05 0.593029
v -0.0407253 -0.296528 0.424533
v 6.03501e-05 -0.183167 0.590198
v -1.34065e-05 -0.183167 0.593029
v -0.0407253 -0.291709 0.434158
v -0.162787 4.05403e-05 0.488421
v 6.03501e-05 -0.162759 0.488421
v -0.101769 -0.296528 0.404195
v -0.0407253 -0.183167 0.593029
v -0.178153 -0.060777 0.593029
v -0.25107 -0.101941 0.454321
v -0.25107 -0.101593 0.454495
v -0.183168 -0.0407173 0.593029
v -0.122125 4.05403e-05 0.593029
v 6.03501e-05 -0.130565 0.593029
v -0.135671 4.05403e-05 0.542685
v -0.128861 4.05403e-05 0.556316
v 6.03501e-05 -0.12891 0.556229
v -1.34065e-05 -0.122117 0.593029
v 6.03501e-05 -0.122117 0.590198
v -0.122125 4.05403e-05 0.56986
v 6.03501e-05 -0.122117 0.56986
f 2469 2470 2471
f 2469 2471 2474
f 2469 2474 2484
f 2469 2484 2493
f 2469 2493 2504
f 2469 2504 2526
f 2469 2526 2532
f 2469 2532 2508
f 2469 2508 2496
f 2469 2496 2486
f 2469 2486 2476
f 2469 2476 2472
f 2469 2472 2479
f 2469 2479 2490
f 2469 2490 2501
f 2469 2501 2522
f 2469 2522 2535
f 2469 2535 2536
f 2469 2536 2523
f 2469 2523 2502
f 2469 2502 2491
f 2469 2491 2480
f 2469 2480 2473
f 2469 2473 2470
f 2470 2473 2471
f 2471 2473 2475
f 2471 2475 2474
f 2472 2476 2477
f 2472 2477 2478
f 2472 2478 2479
f 2473 2480 2481
f 2473 2481 2475
f 2474 2482 2483
f 2474 2483 2484
f 2474 2475 2482
f 2475 2481 2480
f 2475 2480 2491
f 2475 2491 2503
f 2475 2503 2525
f 2475 2525 2538
f 2475 2538 2545
f 2475 2545 2541
f 2475 2541 2540
f 2475 2540 2530
f 2475 2530 2506
f 2475 2506 2494
f 2475 2494 2485
f 2475 2485 2482
f 2476 2486 2477
f 2477 2486 2487
f 2477 2487 2488
f 2477 2488 2478
f 2478 2489 2479
f 2478 2488 2489
f 2479 2489 2490
f 2482 2485 2492
f 2482 2492 2495
f 2482 2495 2507
f 2482 2507 2531
f 2482 2531 2542
f 2482 2542 2546
f 2482 2546 2544
f 2482 2544 2539
f 2482 2539 2527
f 2482 2527 2505
f 2482 2505 2493
f 2482 2493 2484
f 2482 2484 2483
f 2485 2494 2495
f 2485 2495 2492
f 2486 2496 2497
f 2486 2497 2498
f 2486 2498 2487
f 2487 2498 2488
f 2488 2499 2515
f 2488 2515 2514
f 2488 2514 2513
f 2488 2513 2512
f 2488 2512 2511
f 2488 2511 2533
f 2488 2533 2528
f 2488 2528 2539
f 2488 2539 2543
f 2488 2543 2538
f 2488 2538 2525
f 2488 2525 2537
f 2488 2537 2534
f 2488 2534 2520
f 2488 2520 2519
f 2488 2519 2518
f 2488 2518 2517
f 2488 2517 2516
f 2488 2516 2500
f 2488 2500 2489
f 2488 2498 2499
f 2489 2501 2490
f 2489 2500 2501
f 2491 2502 2503
f 2493 2505 2504
f 2494 2506 2507
f 2494 2507 2495
f 2496 2508 2509
f 2496 2509 2510
f 2496 2510 2497
f 2497 2510 2498
f 2498 2510 2511
f 2498 2511 2512
f 2498 2512 2513
f 2498 2513 2514
f 2498 2514 2515
f 2498 2515 2499
f 2500 2516 2501
f 2501 2516 2517
f 2501 2517 2518
f 2501 2518 2519
f 2501 2519 2520
f 2501 2520 2521
f 2501 2521 2522
f 2502 2523 2524
f 2502 2524 2503
f 2503 2524 2537
f 2503 2537 2525
f 2504 2505 2529
f 2504 2529 2526
f 2505 2527 2528
f 2505 2528 2533
f 2505 2533 2529
f 2506 2530 2531
f 2506 2531 2507
f 2508 2532 2509
f 2509 2532 2526
f 2509 2526 2529
f 2509 2529 2533
f 2509 2533 2511
f 2509 2511 2510
f 2520 2534 2521
f 2521 2534 2535
f 2521 2535 2522
f 2523 2536 2524
f 2524 2536 2534
f 2524 2534 2537
f 2527 2539 2528
f 2530 2540 2531
f 2531 2540 2541
f 2531 2541 2542
f 2534 2536 2535
f 2538 2543 2544
f 2538 2544 2546
f 2538 2546 2545
f 2539 2544 2543
f 2541 2545 2546
f 2541 2546 2542
o convex_28
v 6.03501e-05 -0.296528 0.422591
v -1.34065e-05 -0.296528 0.424558
v 6.03501e-05 -0.312081 0.413814
v 6.03501e-05 -0.296528 0.33396
v -0.0407253 -0.296528 0.424558
v -0.0407253 -0.312081 0.413814
v 6.03501e-05 -0.332439 0.393434
v 6.03501e-05 -0.298532 0.318777
v -1.34065e-05 -0.296528 0.322762
v -0.101769 -0.296528 0.404179
v -0.0203694 -0.332439 0.393434
v -0.101769 -0.312081 0.393434
v -0.101769 -0.332439 0.373105
v -0.0610813 -0.373131 0.332396
v -1.34065e-05 -0.393488 0.312067
v 6.03501e-05 -0.393488 0.312017
v 6.03501e-05 -0.46039 -0.0812968
v -1.34065e-05 -0.463965 -0.0907803
v -0.25107 -0.378186 -0.0839704
v -0.25107 -0.298464 0.139094
v -0.235459 -0.296528 0.15564
v -0.113373 -0.296528 0.39979
v -0.162812 -0.296528 0.376535
v -0.142456 -0.312081 0.373105
v -0.183168 -0.312081 0.352726
v -0.142456 -0.332439 0.352726
v -0.122125 -0.373131 0.312067
v -0.101769 -0.393488 0.291688
v -0.0407253 -0.413823 0.271359
v -0.0407253 -0.468087 0.162853
v -1.34065e-05 -0.40706 0.284928
v 6.03501e-05 -0.468087 0.162853
v 6.03501e-05 -0.400251 0.298498
v 6.03501e-05 -0.460459 -0.0813977
v 6.03501e-05 -0.501037 -0.0907803
v -0.25107 -0.382285 -0.0907803
v -0.25107 -0.296528 0.148124
v -0.212276 -0.296528 0.350355
v -0.213677 -0.315474 0.330681
v -0.17299 -0.335831 0.330681
v -0.152634 -0.376524 0.289973
v -0.132278 -0.396881 0.269644
v -0.122125 -0.401959 0.267122
v -0.122125 -0.434181 0.210271
v -0.122125 -0.447729 0.183132
v -0.101769 -0.468087 0.142474
v -0.0203694 -0.488445 0.122145
v -1.34065e-05 -0.488445 0.122145
v 6.03501e-05 -0.488422 0.122145
v -1.34065e-05 -0.52916 -0.0907803
v 6.03501e-05 -0.52916 -0.0813977
v -0.25107 -0.468656 -0.0907803
v -0.25107 -0.296528 0.310605
v -0.232607 -0.296528 0.329975
v -0.234033 -0.315474 0.310352
v -0.234033 -0.335831 0.289973
v -0.213677 -0.376524 0.249315
v -0.193346 -0.396881 0.228935
v -0.17299 -0.417216 0.208606
v -0.152634 -0.437573 0.188227
v -0.142456 -0.442651 0.185705
v -0.122125 -0.463009 0.145047
v -0.122125 -0.488445 0.0814363
v -0.0203694 -0.508802 0.0611073
v -1.34065e-05 -0.508802 0.0611073
v 6.03501e-05 -0.508757 0.0611073
v -0.090804 -0.52916 -0.0907803
v 6.03501e-05 -0.52916 -0.0406892
v -0.221544 -0.482775 -0.0907803
v -0.25107 -0.468087 -0.0678787
v -0.25107 -0.298464 0.308688
v -0.25107 -0.312149 0.295017
v -0.25107 -0.332484 0.274638
v -0.25107 -0.337494 0.268786
v -0.234033 -0.376524 0.228935
v -0.193346 -0.437573 0.147569
v -0.234033 -0.417216 0.147569
v -0.213677 -0.437573 0.12724
v -0.183168 -0.442651 0.145047
v -0.142456 -0.483367 0.0839585
v -0.122125 -0.508802 1.93076e-05
v -0.0610813 -0.508802 0.0407278
v -0.0203694 -0.52916 -0.0203097
v -1.34065e-05 -0.52916 -0.0203097
v 6.03501e-05 -0.529114 -0.0203097
v -0.101769 -0.5267 -0.0907803
v -0.0610813 -0.52916 -0.0610182
v -0.142456 -0.508802 -0.0203097
v -0.162812 -0.508802 -0.0907803
v -0.162812 -0.508802 -0.0610182
v -0.176383 -0.502016 -0.0542587
v -0.25107 -0.466379 -0.0466416
v -0.25107 -0.378186 0.207749
v -0.25107 -0.418878 0.126382
v -0.25107 -0.439236 0.0653446
v -0.213677 -0.457908 0.0661517
v -0.152634 -0.478266 0.0865312
v -0.203499 -0.463009 0.0636295
v -0.183168 -0.483367 0.022921
v -0.142456 -0.503701 0.00259197
v -0.196739 -0.481659 0.00682928
v -0.25107 -0.464671 -0.037259
v -0.25107 -0.441786 0.055508
v -0.21707 -0.461301 0.0475378
v -0.193346 -0.478266 0.0254432
v -0.237426 -0.461301 0.00682928
v -0.25107 -0.462144 -0.025909
f 2547 2548 2549
f 2547 2549 2553
f 2547 2553 2562
f 2547 2562 2579
f 2547 2579 2578
f 2547 2578 2595
f 2547 2595 2612
f 2547 2612 2631
f 2547 2631 2614
f 2547 2614 2597
f 2547 2597 2581
f 2547 2581 2580
f 2547 2580 2563
f 2547 2563 2554
f 2547 2554 2550
f 2547 2550 2555
f 2547 2555 2567
f 2547 2567 2583
f 2547 2583 2599
f 2547 2599 2600
f 2547 2600 2584
f 2547 2584 2569
f 2547 2569 2568
f 2547 2568 2556
f 2547 2556 2551
f 2547 2551 2548
f 2548 2551 2552
f 2548 2552 2549
f 2549 2552 2557
f 2549 2557 2553
f 2550 2554 2555
f 2551 2556 2558
f 2551 2558 2552
f 2552 2558 2559
f 2552 2559 2560
f 2552 2560 2557
f 2553 2557 2561
f 2553 2561 2562
f 2554 2563 2555
f 2555 2563 2564
f 2555 2564 2565
f 2555 2565 2566
f 2555 2566 2567
f 2556 2568 2558
f 2557 2560 2561
f 2558 2569 2570
f 2558 2570 2559
f 2558 2568 2569
f 2559 2570 2571
f 2559 2571 2572
f 2559 2572 2573
f 2559 2573 2560
f 2560 2573 2574
f 2560 2574 2561
f 2561 2574 2575
f 2561 2575 2576
f 2561 2576 2577
f 2561 2577 2578
f 2561 2578 2579
f 2561 2579 2562
f 2563 2580 2564
f 2564 2581 2596
f 2564 2596 2613
f 2564 2613 2632
f 2564 2632 2635
f 2564 2635 2615
f 2564 2615 2598
f 2564 2598 2582
f 2564 2582 2565
f 2564 2580 2581
f 2565 2582 2598
f 2565 2598 2616
f 2565 2616 2638
f 2565 2638 2648
f 2565 2648 2653
f 2565 2653 2649
f 2565 2649 2641
f 2565 2641 2640
f 2565 2640 2639
f 2565 2639 2620
f 2565 2620 2619
f 2565 2619 2618
f 2565 2618 2617
f 2565 2617 2599
f 2565 2599 2583
f 2565 2583 2566
f 2566 2583 2567
f 2569 2584 2571
f 2569 2571 2570
f 2571 2584 2585
f 2571 2585 2586
f 2571 2586 2572
f 2572 2586 2573
f 2573 2587 2588
f 2573 2588 2574
f 2573 2586 2587
f 2574 2588 2589
f 2574 2589 2590
f 2574 2590 2575
f 2575 2590 2576
f 2576 2590 2591
f 2576 2591 2592
f 2576 2592 2593
f 2576 2593 2577
f 2577 2593 2594
f 2577 2594 2578
f 2578 2594 2595
f 2581 2597 2596
f 2584 2600 2601
f 2584 2601 2585
f 2585 2601 2602
f 2585 2602 2603
f 2585 2603 2586
f 2586 2603 2587
f 2587 2603 2588
f 2588 2603 2604
f 2588 2604 2605
f 2588 2605 2606
f 2588 2606 2589
f 2589 2606 2607
f 2589 2607 2590
f 2590 2607 2591
f 2591 2607 2608
f 2591 2608 2592
f 2592 2608 2609
f 2592 2609 2593
f 2593 2609 2610
f 2593 2610 2611
f 2593 2611 2594
f 2594 2611 2595
f 2595 2611 2612
f 2596 2597 2614
f 2596 2614 2630
f 2596 2630 2629
f 2596 2629 2633
f 2596 2633 2613
f 2598 2615 2616
f 2599 2617 2601
f 2599 2601 2600
f 2601 2617 2618
f 2601 2618 2602
f 2602 2618 2619
f 2602 2619 2620
f 2602 2620 2639
f 2602 2639 2621
f 2602 2621 2603
f 2603 2622 2604
f 2603 2621 2623
f 2603 2623 2624
f 2603 2624 2622
f 2604 2622 2605
f 2605 2622 2606
f 2606 2622 2625
f 2606 2625 2607
f 2607 2625 2626
f 2607 2626 2608
f 2608 2626 2609
f 2609 2626 2627
f 2609 2627 2628
f 2609 2628 2610
f 2610 2628 2629
f 2610 2629 2630
f 2610 2630 2611
f 2611 2630 2631
f 2611 2631 2612
f 2613 2633 2634
f 2613 2634 2632
f 2614 2631 2630
f 2615 2635 2636
f 2615 2636 2616
f 2616 2636 2637
f 2616 2637 2638
f 2621 2639 2640
f 2621 2640 2623
f 2622 2624 2626
f 2622 2626 2625
f 2623 2640 2624
f 2624 2640 2641
f 2624 2641 2642
f 2624 2642 2643
f 2624 2643 2626
f 2626 2643 2644
f 2626 2644 2645
f 2626 2645 2646
f 2626 2646 2627
f 2627 2646 2634
f 2627 2634 2629
f 2627 2629 2628
f 2629 2634 2633
f 2632 2634 2636
f 2632 2636 2635
f 2634 2646 2645
f 2634 2645 2647
f 2634 2647 2636
f 2636 2647 2637
f 2637 2647 2638
f 2638 2647 2648
f 2641 2649 2650
f 2641 2650 2642
f 2642 2650 2647
f 2642 2647 2651
f 2642 2651 2645
f 2642 2645 2644
f 2642 2644 2643
f 2645 2651 2647
f 2647 2652 2653
f 2647 2653 2648
f 2647 2650 2652
f 2649 2653 2652
f 2649 2652 2650
o convex_29
v -0.25107 -7.17756e-06 0.474769
v -0.25107 -0.0610675 0.474769
v -0.25107 4.05403e-05 0.468016
v -0.271377 4.05403e-05 0.454508
v -0.271377 -0.0610675 0.454508
v -0.285069 -0.162448 0.394277
v -0.25107 -0.14263 0.43397
v -0.25107 4.05403e-05 0.373185
v -0.312072 4.05403e-05 0.413819
v -0.312072 -0.0407088 0.413819
v -0.291738 -0.0610675 0.434136
v -0.29838 -0.162448 0.380105
v -0.25107 -0.162448 0.420739
v -0.332434 -0.101753 0.373075
v -0.25107 -7.17756e-06 0.372964
v -0.452832 4.05403e-05 -0.063599
v -0.332434 4.05403e-05 0.393447
v -0.332434 -0.0203659 0.393447
v -0.352795 -0.0813945 0.352758
v -0.332434 -0.142455 0.352758
v -0.340736 -0.162448 0.328621
v -0.25107 -0.162448 0.312069
v -0.393463 -0.101753 0.291696
v -0.25107 -0.149294 0.315335
v -0.427489 -0.162448 -0.0907803
v -0.447742 -0.0704357 -0.0907803
v -0.44981 -0.0610675 -0.0907803
v -0.452832 -0.0475321 -0.0907803
v -0.465626 4.05403e-05 -0.090725
v -0.393463 4.05403e-05 0.312013
v -0.393463 -7.17756e-06 0.312013
v -0.373129 -0.0610675 0.332385
v -0.352768 -0.162448 0.312235
v -0.396866 -0.132275 0.269664
v -0.413824 -0.0407088 0.271324
v -0.45452 -0.0407088 0.190002
v -0.413824 -0.101753 0.251007
v -0.401956 -0.122112 0.267117
v -0.508798 -0.162448 -0.0907803
v -0.465653 -7.17756e-06 -0.0907803
v -0.465871 4.05403e-05 -0.0907803
v -0.400268 4.05403e-05 0.29845
v -0.393436 -0.162448 0.251174
v -0.422399 -0.162448 0.206
v -0.4221 -0.162448 0.206499
v -0.45452 4.05403e-05 0.190002
v -0.461298 -0.0407088 0.176439
v -0.447742 -0.101753 0.183192
v -0.463013 -0.122112 0.14505
v -0.442624 -0.162448 0.165588
v -0.524069 -0.113666 -0.0907803
v -0.508798 -0.162448 -0.0810371
v -0.52916 4.05403e-05 -0.0907803
v -0.461298 4.05403e-05 0.176439
v -0.488437 -7.17756e-06 0.122131
v -0.468076 -0.0407088 0.16282
v -0.468076 -0.101753 0.142503
v -0.488437 -0.122112 0.0814422
v -0.481659 -0.135679 0.088196
v -0.442733 -0.162448 0.165367
v -0.52916 -0.0907786 -0.0907803
v -0.508798 -0.142455 -0.0203081
v -0.498808 -0.162448 -0.0199759
v -0.50202 -0.156022 -0.0135542
v -0.52916 4.05403e-05 -0.0203081
v -0.488437 4.05403e-05 0.122131
v -0.508798 -7.17756e-06 0.06107
v -0.488437 -0.0610675 0.101814
v -0.508798 -0.0610675 0.0407531
v -0.508798 -0.101753 0.020381
v -0.503708 -0.122112 0.0229275
v -0.503708 -0.142455 0.00255529
v -0.483347 -0.162448 0.0436318
v -0.463176 -0.162448 0.10425
v -0.52916 -0.0813945 -0.0813693
v -0.52916 -0.0407088 -0.0406802
v -0.483456 -0.162448 0.0432443
v -0.498618 -0.152634 0.00510183
v -0.508798 4.05403e-05 0.06107
v -0.52916 -7.17756e-06 -0.0203081
f 2654 2655 2660
f 2654 2660 2666
f 2654 2666 2675
f 2654 2675 2677
f 2654 2677 2668
f 2654 2668 2661
f 2654 2661 2656
f 2654 2656 2657
f 2654 2657 2658
f 2654 2658 2655
f 2655 2658 2659
f 2655 2659 2660
f 2656 2661 2669
f 2656 2669 2682
f 2656 2682 2694
f 2656 2694 2706
f 2656 2706 2718
f 2656 2718 2732
f 2656 2732 2719
f 2656 2719 2707
f 2656 2707 2699
f 2656 2699 2695
f 2656 2695 2683
f 2656 2683 2670
f 2656 2670 2662
f 2656 2662 2657
f 2657 2662 2663
f 2657 2663 2658
f 2658 2663 2664
f 2658 2664 2659
f 2659 2665 2674
f 2659 2674 2686
f 2659 2686 2696
f 2659 2696 2698
f 2659 2698 2697
f 2659 2697 2703
f 2659 2703 2713
f 2659 2713 2727
f 2659 2727 2726
f 2659 2726 2730
f 2659 2730 2716
f 2659 2716 2705
f 2659 2705 2692
f 2659 2692 2678
f 2659 2678 2675
f 2659 2675 2666
f 2659 2666 2660
f 2659 2664 2667
f 2659 2667 2665
f 2661 2668 2669
f 2662 2670 2671
f 2662 2671 2663
f 2663 2671 2672
f 2663 2672 2664
f 2664 2672 2667
f 2665 2667 2673
f 2665 2673 2674
f 2667 2672 2676
f 2667 2676 2673
f 2668 2677 2678
f 2668 2678 2679
f 2668 2679 2680
f 2668 2680 2681
f 2668 2681 2669
f 2669 2681 2682
f 2670 2683 2684
f 2670 2684 2671
f 2671 2684 2685
f 2671 2685 2672
f 2672 2685 2676
f 2673 2686 2674
f 2673 2676 2687
f 2673 2687 2686
f 2675 2678 2677
f 2676 2688 2689
f 2676 2689 2690
f 2676 2690 2691
f 2676 2691 2687
f 2676 2685 2688
f 2678 2692 2704
f 2678 2704 2714
f 2678 2714 2706
f 2678 2706 2694
f 2678 2694 2693
f 2678 2693 2681
f 2678 2681 2680
f 2678 2680 2679
f 2681 2693 2682
f 2682 2693 2694
f 2683 2695 2684
f 2684 2695 2688
f 2684 2688 2685
f 2686 2687 2696
f 2687 2691 2697
f 2687 2697 2698
f 2687 2698 2696
f 2688 2695 2689
f 2689 2695 2699
f 2689 2699 2707
f 2689 2707 2700
f 2689 2700 2710
f 2689 2710 2701
f 2689 2701 2690
f 2690 2701 2702
f 2690 2702 2691
f 2691 2702 2703
f 2691 2703 2697
f 2692 2705 2704
f 2700 2707 2719
f 2700 2719 2708
f 2700 2708 2709
f 2700 2709 2710
f 2701 2710 2702
f 2702 2710 2711
f 2702 2711 2712
f 2702 2712 2713
f 2702 2713 2703
f 2704 2705 2715
f 2704 2715 2714
f 2705 2716 2717
f 2705 2717 2715
f 2706 2714 2728
f 2706 2728 2729
f 2706 2729 2733
f 2706 2733 2718
f 2708 2719 2732
f 2708 2732 2720
f 2708 2720 2722
f 2708 2722 2721
f 2708 2721 2709
f 2709 2721 2710
f 2710 2721 2711
f 2711 2721 2722
f 2711 2722 2723
f 2711 2723 2724
f 2711 2724 2725
f 2711 2725 2712
f 2712 2726 2727
f 2712 2727 2713
f 2712 2725 2726
f 2714 2715 2728
f 2715 2717 2725
f 2715 2725 2724
f 2715 2724 2723
f 2715 2723 2729
f 2715 2729 2728
f 2716 2730 2717
f 2717 2731 2725
f 2717 2730 2731
f 2718 2733 2720
f 2718 2720 2732
f 2720 2733 2722
f 2722 2733 2729
f 2722 2729 2723
f 2725 2731 2726
f 2726 2731 2730
o convex_30
v -0.25107 -0.468665 -0.0907803
v -0.264593 -0.468095 -0.0813671
v -0.264593 -0.468095 -0.0907803
v -0.25107 -0.382249 -0.0907803
v -0.25107 -0.468095 -0.0678981
v -0.291739 -0.454517 -0.0881767
v -0.25107 -0.466387 -0.0466682
v -0.25107 -0.464678 -0.0372549
v -0.278166 -0.461291 -0.0746076
v -0.291739 -0.454517 -0.0907803
v -0.42747 -0.162478 -0.0907803
v -0.25107 -0.378172 -0.0839707
v -0.368233 -0.39223 -0.0907803
v -0.291739 -0.434164 -0.00676193
v -0.352793 -0.393459 -0.0270906
v -0.379914 -0.379881 -0.0746076
v -0.257806 -0.461291 -0.0339002
v -0.25107 -0.46213 -0.0258889
v -0.278166 -0.440938 0.0068072
v -0.508807 -0.162478 -0.0907803
v -0.25107 -0.162478 0.312087
v -0.39225 -0.368221 -0.0907803
v -0.332433 -0.393459 0.0339454
v -0.359579 -0.379881 0.0068072
v -0.373127 -0.373107 -0.00676193
v -0.434181 -0.312079 -0.0677979
v -0.257806 -0.440938 0.0475146
v -0.25107 -0.441778 0.0554758
v -0.254426 -0.437551 0.0661909
v -0.27476 -0.437551 0.0254835
v -0.315479 -0.396846 0.0661909
v -0.31886 -0.400233 0.0475146
v -0.508807 -0.162837 -0.0907803
v -0.508807 -0.162478 -0.0810166
v -0.25107 -0.162478 0.420741
v -0.397019 -0.362136 -0.0907803
v -0.356173 -0.376494 0.0254835
v -0.356173 -0.356141 0.0865195
v -0.359579 -0.359528 0.0678432
v -0.376533 -0.356141 0.0254835
v -0.396867 -0.315466 0.0661909
v -0.379914 -0.359528 0.0068072
v -0.413821 -0.312079 0.0136168
v -0.458072 -0.280756 -0.0907803
v -0.434181 -0.291727 -0.00676193
v -0.461302 -0.257796 -0.0135215
v -0.25107 -0.43923 0.0653397
v -0.254426 -0.417199 0.127227
v -0.29512 -0.396846 0.106898
v -0.486 -0.223895 -0.0907803
v -0.508807 -0.162837 -0.0813671
v -0.498791 -0.162478 -0.0199806
v -0.285079 -0.162478 0.394303
v -0.284953 -0.162837 0.394303
v -0.25107 -0.18301 0.413781
v -0.335814 -0.356141 0.127227
v -0.356173 -0.335789 0.127227
v -0.457921 -0.254409 0.0051048
v -0.420608 -0.298501 0.0271859
v -0.400248 -0.318823 0.0475146
v -0.396867 -0.295114 0.106898
v -0.461756 -0.274641 -0.0907803
v -0.462992 -0.244247 0.00255119
v -0.468088 -0.244247 -0.0203311
v -0.48209 -0.233936 -0.0907803
v -0.25107 -0.418877 0.126376
v -0.254426 -0.376494 0.208592
v -0.488448 -0.203542 -0.0406597
v -0.483351 -0.203542 -0.0177774
v -0.483351 -0.162837 0.0432586
v -0.483351 -0.162478 0.0436591
v -0.298399 -0.162478 0.380133
v -0.29512 -0.172999 0.381585
v -0.25107 -0.18337 0.413581
v -0.29512 -0.193351 0.371421
v -0.335814 -0.335789 0.167884
v -0.376533 -0.254409 0.208592
v -0.376533 -0.295114 0.147556
v -0.457921 -0.213704 0.0661909
v -0.437561 -0.234056 0.106898
v -0.442657 -0.223895 0.104345
v -0.417202 -0.254409 0.127227
v -0.481661 -0.217121 -0.0339002
v -0.462992 -0.203542 0.0636373
v -0.25107 -0.378172 0.20774
v -0.25107 -0.337467 0.268826
v -0.254426 -0.335789 0.269628
v -0.27476 -0.335789 0.249299
v -0.315479 -0.315466 0.22892
v -0.463194 -0.162478 0.104245
v -0.340733 -0.162478 0.328611
v -0.332433 -0.18319 0.332416
v -0.25107 -0.210377 0.396757
v -0.254426 -0.234056 0.371421
v -0.254426 -0.213704 0.39175
v -0.335814 -0.213704 0.310335
v -0.315479 -0.213704 0.330714
v -0.335814 -0.274761 0.249299
v -0.376533 -0.213704 0.249299
v -0.437561 -0.172999 0.167884
v -0.442657 -0.18319 0.145052
v -0.25107 -0.332462 0.274635
v -0.254426 -0.315466 0.290006
v -0.29512 -0.315466 0.249299
v -0.315479 -0.295114 0.249299
v -0.442657 -0.162837 0.165331
v -0.442733 -0.162478 0.165281
v -0.352742 -0.162478 0.312238
v -0.352793 -0.162837 0.312037
v -0.393461 -0.162837 0.251001
v -0.373127 -0.18319 0.27133
v -0.25107 -0.217061 0.390097
v -0.335814 -0.234056 0.290006
v -0.417202 -0.172999 0.208592
v -0.25107 -0.312139 0.295013
v -0.25107 -0.298471 0.308683
v -0.422298 -0.162837 0.206038
v -0.422399 -0.162478 0.205988
v -0.352919 -0.162478 0.311987
v -0.393436 -0.162478 0.251202
v -0.422121 -0.162478 0.206489
v -0.422273 -0.162478 0.206238
f 2734 2735 2736
f 2734 2736 2743
f 2734 2743 2746
f 2734 2746 2755
f 2734 2755 2769
f 2734 2769 2777
f 2734 2777 2795
f 2734 2795 2798
f 2734 2798 2783
f 2734 2783 2766
f 2734 2766 2753
f 2734 2753 2744
f 2734 2744 2737
f 2734 2737 2745
f 2734 2745 2754
f 2734 2754 2768
f 2734 2768 2788
f 2734 2788 2807
f 2734 2807 2826
f 2734 2826 2845
f 2734 2845 2849
f 2734 2849 2848
f 2734 2848 2835
f 2734 2835 2819
f 2734 2819 2818
f 2734 2818 2799
f 2734 2799 2780
f 2734 2780 2761
f 2734 2761 2751
f 2734 2751 2741
f 2734 2741 2740
f 2734 2740 2738
f 2734 2738 2735
f 2735 2739 2743
f 2735 2743 2736
f 2735 2738 2740
f 2735 2740 2741
f 2735 2741 2742
f 2735 2742 2739
f 2737 2744 2745
f 2739 2746 2743
f 2739 2742 2752
f 2739 2752 2747
f 2739 2747 2748
f 2739 2748 2749
f 2739 2749 2746
f 2741 2750 2742
f 2741 2751 2750
f 2742 2750 2760
f 2742 2760 2752
f 2744 2753 2767
f 2744 2767 2785
f 2744 2785 2804
f 2744 2804 2823
f 2744 2823 2840
f 2744 2840 2851
f 2744 2851 2855
f 2744 2855 2854
f 2744 2854 2853
f 2744 2853 2852
f 2744 2852 2841
f 2744 2841 2824
f 2744 2824 2805
f 2744 2805 2786
f 2744 2786 2768
f 2744 2768 2754
f 2744 2754 2745
f 2746 2749 2755
f 2747 2752 2765
f 2747 2765 2756
f 2747 2756 2748
f 2748 2756 2757
f 2748 2757 2758
f 2748 2758 2749
f 2749 2759 2755
f 2749 2758 2759
f 2750 2751 2760
f 2751 2761 2760
f 2752 2760 2762
f 2752 2762 2763
f 2752 2763 2764
f 2752 2764 2765
f 2753 2766 2784
f 2753 2784 2767
f 2755 2759 2769
f 2756 2765 2764
f 2756 2764 2757
f 2757 2764 2770
f 2757 2770 2758
f 2758 2770 2771
f 2758 2771 2772
f 2758 2772 2773
f 2758 2773 2774
f 2758 2774 2775
f 2758 2775 2792
f 2758 2792 2776
f 2758 2776 2759
f 2759 2777 2769
f 2759 2776 2778
f 2759 2778 2779
f 2759 2779 2777
f 2760 2761 2780
f 2760 2780 2762
f 2762 2764 2763
f 2762 2780 2799
f 2762 2799 2781
f 2762 2781 2764
f 2764 2771 2770
f 2764 2781 2782
f 2764 2782 2789
f 2764 2789 2771
f 2766 2783 2784
f 2767 2784 2785
f 2768 2786 2787
f 2768 2787 2788
f 2771 2774 2772
f 2771 2789 2790
f 2771 2790 2794
f 2771 2794 2774
f 2772 2774 2773
f 2774 2791 2792
f 2774 2792 2793
f 2774 2793 2775
f 2774 2794 2791
f 2775 2793 2792
f 2776 2792 2778
f 2777 2779 2795
f 2778 2792 2779
f 2779 2792 2791
f 2779 2791 2796
f 2779 2796 2797
f 2779 2797 2798
f 2779 2798 2795
f 2781 2799 2818
f 2781 2818 2800
f 2781 2800 2782
f 2782 2800 2789
f 2783 2798 2784
f 2784 2798 2801
f 2784 2801 2785
f 2785 2801 2802
f 2785 2802 2803
f 2785 2803 2804
f 2786 2805 2806
f 2786 2806 2787
f 2787 2806 2788
f 2788 2806 2808
f 2788 2808 2807
f 2789 2800 2809
f 2789 2809 2790
f 2790 2809 2810
f 2790 2810 2811
f 2790 2811 2794
f 2791 2812 2817
f 2791 2817 2796
f 2791 2794 2813
f 2791 2813 2814
f 2791 2814 2812
f 2794 2811 2810
f 2794 2810 2815
f 2794 2815 2813
f 2796 2802 2816
f 2796 2816 2797
f 2796 2817 2802
f 2797 2816 2798
f 2798 2816 2801
f 2800 2818 2819
f 2800 2819 2820
f 2800 2820 2821
f 2800 2821 2822
f 2800 2822 2809
f 2801 2816 2802
f 2802 2817 2803
f 2803 2817 2804
f 2804 2817 2814
f 2804 2814 2823
f 2805 2824 2806
f 2806 2825 2808
f 2806 2824 2825
f 2807 2808 2826
f 2808 2827 2828
f 2808 2828 2826
f 2808 2825 2829
f 2808 2829 2830
f 2808 2830 2827
f 2809 2822 2810
f 2810 2822 2831
f 2810 2831 2846
f 2810 2846 2832
f 2810 2832 2813
f 2810 2813 2815
f 2812 2814 2817
f 2813 2832 2833
f 2813 2833 2834
f 2813 2834 2814
f 2814 2834 2823
f 2819 2835 2820
f 2820 2835 2848
f 2820 2848 2836
f 2820 2836 2821
f 2821 2836 2837
f 2821 2837 2822
f 2822 2837 2838
f 2822 2838 2831
f 2823 2834 2839
f 2823 2839 2840
f 2824 2841 2825
f 2825 2841 2842
f 2825 2842 2843
f 2825 2843 2844
f 2825 2844 2832
f 2825 2832 2829
f 2826 2828 2845
f 2827 2845 2828
f 2827 2830 2838
f 2827 2838 2836
f 2827 2836 2849
f 2827 2849 2845
f 2829 2846 2830
f 2829 2832 2846
f 2830 2846 2831
f 2830 2831 2838
f 2832 2844 2843
f 2832 2843 2847
f 2832 2847 2833
f 2833 2839 2834
f 2833 2847 2850
f 2833 2850 2839
f 2836 2848 2849
f 2836 2838 2837
f 2839 2850 2851
f 2839 2851 2840
f 2841 2852 2842
f 2842 2852 2853
f 2842 2853 2843
f 2843 2853 2854
f 2843 2854 2850
f 2843 2850 2847
f 2850 2854 2855
f 2850 2855 2851
o convex_31
v -0.417567 0.282787 -0.470845
v -0.425745 0.282787 -0.447742
v -0.414735 0.288527 -0.470845
v -0.336184 0.282787 -0.470845
v -0.43671 0.282787 -0.414669
v -0.434149 0.291734 -0.407042
v -0.413792 0.291734 -0.468092
v -0.413567 0.29048 -0.470845
v -0.336858 0.282787 -0.447742
v -4.93849e-06 0.446368 -0.470845
v -0.438642 0.282787 -0.407042
v -0.454505 0.291734 -0.305255
v -0.434149 0.312088 -0.345955
v -0.393435 0.352797 -0.386692
v -0.393435 0.332443 -0.447742
v -0.40058 0.308519 -0.470845
v -0.357215 0.282787 -0.0908175
v 3.99962e-05 0.452542 -0.470845
v 3.99962e-05 0.447743 -0.468092
v 3.99962e-05 0.447743 -0.427392
v -0.458999 0.282787 -0.305255
v -0.457651 0.285488 -0.0908175
v -0.454505 0.291734 -0.0908175
v -0.413792 0.352797 -0.244242
v -0.393435 0.373127 -0.284905
v -0.373123 0.393481 -0.305255
v -0.373123 0.373127 -0.386692
v -0.356137 0.381616 -0.417198
v -0.348722 0.370546 -0.470845
v -0.358608 0.360032 -0.470845
v -0.458999 0.282787 -0.0908175
v 3.99962e-05 0.46542 -0.0908175
v 3.99962e-05 0.458716 -0.470845
v -0.393929 0.369485 -0.0908175
v -0.393435 0.373127 -0.101792
v -0.413792 0.352797 -0.162842
v -0.352766 0.393481 -0.386692
v -0.373123 0.393481 -0.101792
v -0.352766 0.413811 -0.244242
v -0.291696 0.454519 -0.305255
v -0.332409 0.413811 -0.366305
v -0.345981 0.394349 -0.407042
v -0.332409 0.393481 -0.447742
v -0.345981 0.373995 -0.468092
v -0.267295 0.431585 -0.470845
v 3.99962e-05 0.50104 -0.0908175
v 3.99962e-05 0.508805 -0.468092
v -4.93849e-06 0.507431 -0.470845
v -0.386155 0.376792 -0.0908175
v -0.352766 0.413811 -0.142492
v -0.36809 0.392565 -0.0908175
v -0.291696 0.454519 -0.101792
v -0.274754 0.463008 -0.315449
v -0.28491 0.455364 -0.325605
v -0.325624 0.414655 -0.386692
v -0.28491 0.435009 -0.427392
v -0.305267 0.414655 -0.447742
v -0.264554 0.435009 -0.468092
v -0.225727 0.453434 -0.470845
v 3.99962e-05 0.52916 -0.101792
v -4.93849e-06 0.52916 -0.0908175
v 3.99962e-05 0.529135 -0.386692
v -4.93849e-06 0.508805 -0.468092
v -4.93849e-06 0.52916 -0.386692
v -0.00274614 0.507431 -0.470845
v -0.286663 0.453603 -0.0908175
v -0.278799 0.458306 -0.0908175
v -0.272193 0.462213 -0.0908175
v -0.265947 0.465348 -0.0908175
v -0.225278 0.485702 -0.0908175
v -0.223885 0.488451 -0.101792
v -0.254398 0.463008 -0.376499
v -0.264554 0.455364 -0.386692
v -0.193372 0.503717 -0.254436
v -0.223885 0.488451 -0.284905
v -0.234041 0.483363 -0.295099
v -0.213729 0.483363 -0.356149
v -0.274754 0.442654 -0.417198
v -0.254398 0.442654 -0.457898
v -0.223885 0.455364 -0.468092
v -0.223885 0.454351 -0.470845
v 3.99962e-05 0.52916 -0.386581
v -0.0908241 0.52916 -0.0908175
v -0.0610753 0.508805 -0.447742
v -0.101789 0.508805 -0.427392
v -0.0814322 0.52916 -0.325605
v -0.0841734 0.495035 -0.470845
v -0.0712762 0.503717 -0.457898
v -0.162859 0.508805 -0.0908175
v -0.122146 0.52916 -0.122142
v -0.183171 0.508805 -0.162842
v -0.213729 0.463008 -0.457898
v -0.183171 0.508805 -0.244242
v -0.162859 0.508805 -0.325605
v -0.173015 0.503717 -0.335799
v -0.122146 0.488451 -0.470845
v -0.113697 0.524071 -0.0908175
v -0.111945 0.503717 -0.437548
v -0.122146 0.508805 -0.407042
v -0.101789 0.52916 -0.305255
v -0.124662 0.524071 -0.101792
v -0.122146 0.52916 -0.264592
v -0.132302 0.503717 -0.417198
v -0.152658 0.483363 -0.457898
f 2856 2857 2858
f 2856 2858 2863
f 2856 2863 2871
f 2856 2871 2885
f 2856 2885 2884
f 2856 2884 2900
f 2856 2900 2914
f 2856 2914 2936
f 2856 2936 2951
f 2856 2951 2942
f 2856 2942 2920
f 2856 2920 2903
f 2856 2903 2888
f 2856 2888 2873
f 2856 2873 2865
f 2856 2865 2859
f 2856 2859 2864
f 2856 2864 2872
f 2856 2872 2886
f 2856 2886 2876
f 2856 2876 2866
f 2856 2866 2860
f 2856 2860 2857
f 2857 2860 2861
f 2857 2861 2858
f 2858 2862 2863
f 2858 2861 2862
f 2859 2865 2864
f 2860 2866 2861
f 2861 2866 2876
f 2861 2876 2867
f 2861 2867 2868
f 2861 2868 2869
f 2861 2869 2870
f 2861 2870 2862
f 2862 2870 2863
f 2863 2870 2871
f 2864 2865 2872
f 2865 2873 2874
f 2865 2874 2875
f 2865 2875 2872
f 2867 2876 2877
f 2867 2877 2878
f 2867 2878 2891
f 2867 2891 2879
f 2867 2879 2868
f 2868 2879 2880
f 2868 2880 2881
f 2868 2881 2869
f 2869 2881 2882
f 2869 2882 2883
f 2869 2883 2870
f 2870 2883 2884
f 2870 2884 2885
f 2870 2885 2871
f 2872 2875 2887
f 2872 2887 2901
f 2872 2901 2916
f 2872 2916 2938
f 2872 2938 2952
f 2872 2952 2944
f 2872 2944 2925
f 2872 2925 2924
f 2872 2924 2923
f 2872 2923 2922
f 2872 2922 2921
f 2872 2921 2906
f 2872 2906 2904
f 2872 2904 2889
f 2872 2889 2878
f 2872 2878 2877
f 2872 2877 2886
f 2873 2888 2902
f 2873 2902 2917
f 2873 2917 2937
f 2873 2937 2915
f 2873 2915 2901
f 2873 2901 2887
f 2873 2887 2875
f 2873 2875 2874
f 2876 2886 2877
f 2878 2889 2890
f 2878 2890 2891
f 2879 2891 2893
f 2879 2893 2881
f 2879 2881 2880
f 2881 2892 2882
f 2881 2893 2905
f 2881 2905 2894
f 2881 2894 2895
f 2881 2895 2896
f 2881 2896 2892
f 2882 2892 2883
f 2883 2892 2897
f 2883 2897 2898
f 2883 2898 2884
f 2884 2898 2899
f 2884 2899 2900
f 2888 2903 2902
f 2889 2904 2893
f 2889 2893 2890
f 2890 2893 2891
f 2892 2896 2897
f 2893 2904 2906
f 2893 2906 2921
f 2893 2921 2907
f 2893 2907 2905
f 2894 2905 2907
f 2894 2907 2895
f 2895 2907 2908
f 2895 2908 2909
f 2895 2909 2910
f 2895 2910 2896
f 2896 2910 2897
f 2897 2910 2911
f 2897 2911 2912
f 2897 2912 2898
f 2898 2912 2899
f 2899 2912 2900
f 2900 2912 2913
f 2900 2913 2914
f 2901 2915 2916
f 2902 2903 2920
f 2902 2920 2918
f 2902 2918 2919
f 2902 2919 2917
f 2907 2921 2922
f 2907 2922 2923
f 2907 2923 2924
f 2907 2924 2925
f 2907 2925 2926
f 2907 2926 2908
f 2908 2927 2928
f 2908 2928 2909
f 2908 2926 2929
f 2908 2929 2930
f 2908 2930 2931
f 2908 2931 2950
f 2908 2950 2932
f 2908 2932 2927
f 2909 2911 2910
f 2909 2928 2911
f 2911 2928 2927
f 2911 2927 2933
f 2911 2933 2934
f 2911 2934 2913
f 2911 2913 2912
f 2913 2934 2947
f 2913 2947 2935
f 2913 2935 2914
f 2914 2935 2936
f 2915 2937 2919
f 2915 2919 2941
f 2915 2941 2955
f 2915 2955 2957
f 2915 2957 2945
f 2915 2945 2938
f 2915 2938 2916
f 2917 2919 2937
f 2918 2920 2939
f 2918 2939 2919
f 2919 2939 2940
f 2919 2940 2941
f 2920 2942 2943
f 2920 2943 2939
f 2925 2944 2926
f 2926 2944 2945
f 2926 2945 2946
f 2926 2946 2929
f 2927 2932 2947
f 2927 2947 2933
f 2929 2946 2948
f 2929 2948 2949
f 2929 2949 2930
f 2930 2949 2950
f 2930 2950 2931
f 2932 2950 2958
f 2932 2958 2947
f 2933 2947 2934
f 2935 2947 2936
f 2936 2947 2951
f 2938 2945 2952
f 2939 2943 2940
f 2940 2953 2958
f 2940 2958 2954
f 2940 2954 2955
f 2940 2955 2941
f 2940 2943 2953
f 2942 2951 2943
f 2943 2951 2953
f 2944 2956 2945
f 2944 2952 2956
f 2945 2957 2948
f 2945 2948 2946
f 2945 2956 2952
f 2947 2958 2953
f 2947 2953 2959
f 2947 2959 2951
f 2948 2957 2949
f 2949 2957 2954
f 2949 2954 2950
f 2950 2954 2958
f 2951 2959 2953
f 2954 2957 2955
o convex_32
v -0.286119 0.282787 -0.734216
v -0.286323 0.282787 -0.734112
v -0.283379 0.285712 -0.734216
v -0.164196 0.282787 -0.734216
v -0.315434 0.310384 -0.661438
v -0.327046 0.282787 -0.673039
v -0.274752 0.330725 -0.681779
v -0.213668 0.361269 -0.702145
v -0.223849 0.346008 -0.712328
v -0.23403 0.330725 -0.722486
v -0.245723 0.311022 -0.734216
v -3.77223e-05 0.335057 -0.734216
v -0.16714 0.282787 -0.728389
v -0.334937 0.282787 -0.658912
v -0.356157 0.310384 -0.58005
v -0.332402 0.33244 -0.590233
v -0.315434 0.361269 -0.559709
v -0.274752 0.37145 -0.600416
v -0.23403 0.37145 -0.661438
v -0.203529 0.373979 -0.691962
v -0.184721 0.351725 -0.734216
v 4.40558e-05 0.353726 -0.734216
v 4.40558e-05 0.339191 -0.725889
v 4.40558e-05 0.427393 -0.508819
v -0.336164 0.282787 -0.470871
v -0.37566 0.282787 -0.577523
v -0.396021 0.282787 -0.536817
v -0.393445 0.291737 -0.52916
v -0.352763 0.33244 -0.549526
v -0.332402 0.352781 -0.549526
v -0.305254 0.373979 -0.549526
v -0.274752 0.40195 -0.539343
v -0.274752 0.391791 -0.559709
v -0.264572 0.394342 -0.569867
v -0.223849 0.394342 -0.630914
v -0.183208 0.394342 -0.671621
v -0.142485 0.373979 -0.732669
v -0.144039 0.372066 -0.734216
v 4.40558e-05 0.384292 -0.734216
v 4.40558e-05 0.440961 -0.481673
v -0.417609 0.282787 -0.470871
v -3.77223e-05 0.44637 -0.470871
v -0.405384 0.282787 -0.508819
v -0.414706 0.288526 -0.470871
v -0.413561 0.290461 -0.470871
v -0.393445 0.312078 -0.488479
v -0.352763 0.352781 -0.508819
v -0.312041 0.393484 -0.488479
v -0.291679 0.393484 -0.52916
v -0.264572 0.414661 -0.52916
v -0.23403 0.422291 -0.559709
v -0.23403 0.412132 -0.58005
v -0.223849 0.414661 -0.590233
v -0.142485 0.455364 -0.569867
v -0.122124 0.435023 -0.630914
v -0.122124 0.394342 -0.712328
v -0.203529 0.414661 -0.610548
v -0.137906 0.373803 -0.734216
v 4.40558e-05 0.400257 -0.725889
v -3.77223e-05 0.396101 -0.734216
v 4.40558e-05 0.452549 -0.470871
v -0.416342 0.282787 -0.475769
v -0.400559 0.308515 -0.470871
v -0.356157 0.361269 -0.478296
v -0.348716 0.370549 -0.470871
v -0.284892 0.414661 -0.488479
v -0.24421 0.435023 -0.508819
v -0.162847 0.455364 -0.549526
v -0.132305 0.462994 -0.559709
v -0.111943 0.442654 -0.620731
v -0.111943 0.40195 -0.702145
v -0.101763 0.393484 -0.719108
v -0.082955 0.385942 -0.734216
v 4.40558e-05 0.468096 -0.590233
v -0.0203582 0.396101 -0.734216
v 4.40558e-05 0.458706 -0.470871
v -0.35861 0.360016 -0.470871
v -0.267311 0.431593 -0.470871
v -0.225689 0.453429 -0.470871
v -0.23403 0.442654 -0.498636
v -0.152666 0.462994 -0.539343
v -0.132305 0.483357 -0.498636
v -0.122124 0.468096 -0.549526
v -0.0916229 0.462994 -0.58005
v -0.0509002 0.442654 -0.641072
v -0.0509002 0.422291 -0.681779
v -0.0305389 0.40195 -0.722486
v -0.0361403 0.394144 -0.734216
v 4.40558e-05 0.488437 -0.52916
v -3.77223e-05 0.468096 -0.590233
v -0.0407195 0.413825 -0.698742
v -0.0407195 0.427393 -0.671621
v 4.40558e-05 0.502005 -0.481673
v -3.77223e-05 0.507436 -0.470871
v -0.223849 0.454352 -0.470871
v -0.122124 0.488437 -0.488479
v -0.0916229 0.483357 -0.519002
v -0.0814422 0.468096 -0.569867
v -0.0407195 0.440961 -0.644475
v -0.0203582 0.488437 -0.52916
v -0.00277711 0.507436 -0.470871
v -0.122124 0.488437 -0.470871
v -0.0841816 0.495056 -0.470871
v -0.0814422 0.488437 -0.508819
f 2960 2961 2962
f 2960 2962 2970
f 2960 2970 2980
f 2960 2980 2997
f 2960 2997 3017
f 2960 3017 3032
f 2960 3032 3047
f 2960 3047 3034
f 2960 3034 3019
f 2960 3019 2998
f 2960 2998 2981
f 2960 2981 2971
f 2960 2971 2963
f 2960 2963 2972
f 2960 2972 2984
f 2960 2984 3000
f 2960 3000 3021
f 2960 3021 3002
f 2960 3002 2986
f 2960 2986 2985
f 2960 2985 2973
f 2960 2973 2965
f 2960 2965 2961
f 2961 2964 2962
f 2961 2965 2964
f 2962 2964 2966
f 2962 2966 2967
f 2962 2967 2968
f 2962 2968 2969
f 2962 2969 2970
f 2963 2971 2972
f 2964 2965 2973
f 2964 2973 2985
f 2964 2985 2974
f 2964 2974 2975
f 2964 2975 2976
f 2964 2976 2977
f 2964 2977 2966
f 2966 2977 2978
f 2966 2978 2967
f 2967 2978 2979
f 2967 2979 2980
f 2967 2980 2968
f 2968 2980 2969
f 2969 2980 2970
f 2971 2981 2982
f 2971 2982 2983
f 2971 2983 2984
f 2971 2984 2972
f 2974 2985 2986
f 2974 2986 2987
f 2974 2987 2988
f 2974 2988 2975
f 2975 2988 3006
f 2975 3006 2989
f 2975 2989 2976
f 2976 2989 2990
f 2976 2990 3009
f 2976 3009 2991
f 2976 2991 2992
f 2976 2992 2977
f 2977 2992 2993
f 2977 2993 2994
f 2977 2994 2978
f 2978 2994 2979
f 2979 2994 2995
f 2979 2995 2996
f 2979 2996 2997
f 2979 2997 2980
f 2981 2998 3018
f 2981 3018 3033
f 2981 3033 3048
f 2981 3048 3052
f 2981 3052 3035
f 2981 3035 3020
f 2981 3020 2999
f 2981 2999 2983
f 2981 2983 2982
f 2983 2999 2984
f 2984 2999 3001
f 2984 3001 3020
f 2984 3020 3035
f 2984 3035 3053
f 2984 3053 3060
f 2984 3060 3062
f 2984 3062 3061
f 2984 3061 3054
f 2984 3054 3038
f 2984 3038 3037
f 2984 3037 3024
f 2984 3024 3036
f 2984 3036 3022
f 2984 3022 3004
f 2984 3004 3003
f 2984 3003 3000
f 2986 3002 2987
f 2987 3002 3003
f 2987 3003 3004
f 2987 3004 3005
f 2987 3005 2988
f 2988 3005 3006
f 2989 3006 3007
f 2989 3007 3008
f 2989 3008 3009
f 2989 3009 2990
f 2991 3009 2992
f 2992 3009 3010
f 2992 3010 3011
f 2992 3011 2993
f 2993 3011 2994
f 2994 3011 3010
f 2994 3010 3012
f 2994 3012 2995
f 2995 3013 3014
f 2995 3014 3015
f 2995 3015 2996
f 2995 3012 3016
f 2995 3016 3013
f 2996 3015 3017
f 2996 3017 2997
f 2998 3019 3018
f 2999 3020 3001
f 3000 3003 3021
f 3002 3021 3003
f 3004 3022 3005
f 3005 3022 3023
f 3005 3023 3006
f 3006 3023 3024
f 3006 3024 3007
f 3007 3025 3009
f 3007 3009 3008
f 3007 3024 3025
f 3009 3026 3010
f 3009 3025 3026
f 3010 3026 3027
f 3010 3027 3012
f 3012 3027 3016
f 3013 3028 3014
f 3013 3016 3027
f 3013 3027 3028
f 3014 3028 3029
f 3014 3029 3015
f 3015 3029 3030
f 3015 3030 3031
f 3015 3031 3032
f 3015 3032 3017
f 3018 3019 3033
f 3019 3034 3049
f 3019 3049 3033
f 3022 3036 3023
f 3023 3036 3024
f 3024 3037 3025
f 3025 3037 3026
f 3026 3037 3038
f 3026 3038 3039
f 3026 3039 3040
f 3026 3040 3027
f 3027 3040 3028
f 3028 3041 3042
f 3028 3042 3057
f 3028 3057 3043
f 3028 3043 3029
f 3028 3040 3041
f 3029 3043 3044
f 3029 3044 3030
f 3030 3044 3045
f 3030 3045 3046
f 3030 3046 3031
f 3031 3046 3047
f 3031 3047 3032
f 3033 3049 3059
f 3033 3059 3048
f 3034 3047 3046
f 3034 3046 3050
f 3034 3050 3051
f 3034 3051 3049
f 3035 3052 3053
f 3038 3054 3039
f 3039 3054 3041
f 3039 3041 3040
f 3041 3055 3056
f 3041 3056 3042
f 3041 3054 3055
f 3042 3056 3057
f 3043 3057 3044
f 3044 3057 3049
f 3044 3049 3058
f 3044 3058 3051
f 3044 3051 3045
f 3045 3051 3050
f 3045 3050 3046
f 3048 3053 3052
f 3048 3059 3060
f 3048 3060 3053
f 3049 3051 3058
f 3049 3057 3059
f 3054 3061 3055
f 3055 3061 3062
f 3055 3062 3060
f 3055 3060 3063
f 3055 3063 3056
f 3056 3063 3057
f 3057 3063 3059
f 3059 3063 3060
o convex_33
v -0.505419 -0.00106811 -0.472638
v -0.445481 -0.00106811 -0.472638
v -0.507729 -0.00106811 -0.469162
v -0.505646 -0.00040126 -0.472638
v -0.335752 0.282787 -0.472638
v -0.336887 0.282787 -0.447744
v -0.447734 -0.00106811 -0.427373
v -0.508581 -0.00106811 -0.467854
v -0.508789 1.5527e-05 -0.468078
v -0.506536 0.00229392 -0.472638
v -0.417178 0.282787 -0.472638
v -0.357239 0.282787 -0.0907803
v -0.465662 -0.00106811 -0.0907803
v -0.528932 -0.00106811 -0.386444
v -0.508789 0.0203544 -0.468078
v -0.529141 1.5527e-05 -0.386668
v -0.506536 0.0226328 -0.472638
v -0.432853 0.259558 -0.472638
v -0.434178 0.271339 -0.447744
v -0.425773 0.282787 -0.447744
v -0.458998 0.282787 -0.0907803
v -0.529141 -0.00106811 -0.0907803
v -0.529141 -0.00106811 -0.366334
v -0.508789 0.0610599 -0.447744
v -0.488437 0.137942 -0.472638
v -0.529141 0.0203544 -0.366334
v -0.508789 0.122132 -0.407039
v -0.440388 0.247889 -0.472638
v -0.44266 0.267116 -0.427373
v -0.436715 0.282787 -0.414664
v -0.44266 0.246749 -0.468078
v -0.458998 0.282787 -0.305258
v -0.503715 0.193346 -0.132308
v -0.464431 0.271895 -0.0907803
v -0.529141 0.0814266 -0.0907803
v -0.48732 0.143027 -0.472638
v -0.529141 0.101765 -0.284924
v -0.508789 0.142443 -0.386668
v -0.503715 0.144999 -0.407039
v -0.442281 0.244665 -0.472638
v -0.463012 0.22641 -0.427373
v -0.463012 0.246749 -0.386668
v -0.45453 0.271339 -0.366334
v -0.438646 0.282787 -0.407039
v -0.443796 0.241665 -0.472638
v -0.463012 0.206044 -0.468078
v -0.468085 0.244221 -0.366334
v -0.468085 0.26456 -0.305258
v -0.488437 0.223854 -0.284924
v -0.48166 0.237441 -0.284924
v -0.502011 0.196736 -0.244256
v -0.508789 0.183149 -0.244256
v -0.508789 0.183149 -0.142475
v -0.508789 0.16281 -0.0907803
v -0.468085 0.26456 -0.0907803
v -0.523859 0.111157 -0.0907803
v -0.524067 0.111963 -0.0916027
v -0.529141 0.101765 -0.10177
v -0.46074 0.207183 -0.472638
v -0.529141 0.122132 -0.244256
v -0.508789 0.16281 -0.325629
v -0.529141 0.122132 -0.142475
v -0.523461 0.112768 -0.0907803
f 3064 3065 3070
f 3064 3070 3076
f 3064 3076 3085
f 3064 3085 3086
f 3064 3086 3077
f 3064 3077 3071
f 3064 3071 3066
f 3064 3066 3067
f 3064 3067 3073
f 3064 3073 3080
f 3064 3080 3088
f 3064 3088 3099
f 3064 3099 3122
f 3064 3122 3108
f 3064 3108 3103
f 3064 3103 3091
f 3064 3091 3081
f 3064 3081 3074
f 3064 3074 3068
f 3064 3068 3065
f 3065 3068 3069
f 3065 3069 3070
f 3066 3071 3072
f 3066 3072 3073
f 3066 3073 3067
f 3068 3074 3083
f 3068 3083 3093
f 3068 3093 3107
f 3068 3107 3095
f 3068 3095 3084
f 3068 3084 3075
f 3068 3075 3069
f 3069 3075 3076
f 3069 3076 3070
f 3071 3077 3079
f 3071 3079 3072
f 3072 3078 3080
f 3072 3080 3073
f 3072 3079 3078
f 3074 3081 3082
f 3074 3082 3083
f 3075 3084 3097
f 3075 3097 3118
f 3075 3118 3117
f 3075 3117 3126
f 3075 3126 3119
f 3075 3119 3098
f 3075 3098 3085
f 3075 3085 3076
f 3077 3086 3079
f 3078 3087 3088
f 3078 3088 3080
f 3078 3079 3087
f 3079 3086 3085
f 3079 3085 3098
f 3079 3098 3121
f 3079 3121 3125
f 3079 3125 3123
f 3079 3123 3100
f 3079 3100 3089
f 3079 3089 3090
f 3079 3090 3087
f 3081 3091 3082
f 3082 3092 3093
f 3082 3093 3083
f 3082 3091 3094
f 3082 3094 3092
f 3084 3095 3096
f 3084 3096 3097
f 3087 3090 3088
f 3088 3090 3099
f 3089 3100 3090
f 3090 3101 3102
f 3090 3102 3099
f 3090 3100 3101
f 3091 3103 3094
f 3092 3104 3105
f 3092 3105 3106
f 3092 3106 3107
f 3092 3107 3093
f 3092 3094 3109
f 3092 3109 3104
f 3094 3103 3108
f 3094 3108 3109
f 3095 3107 3106
f 3095 3106 3110
f 3095 3110 3111
f 3095 3111 3112
f 3095 3112 3113
f 3095 3113 3114
f 3095 3114 3096
f 3096 3114 3115
f 3096 3115 3116
f 3096 3116 3117
f 3096 3117 3118
f 3096 3118 3097
f 3098 3119 3120
f 3098 3120 3121
f 3099 3109 3122
f 3099 3102 3109
f 3100 3123 3101
f 3101 3124 3110
f 3101 3110 3102
f 3101 3123 3124
f 3102 3104 3109
f 3102 3110 3105
f 3102 3105 3104
f 3105 3110 3106
f 3108 3122 3109
f 3110 3124 3112
f 3110 3112 3111
f 3112 3115 3114
f 3112 3114 3113
f 3112 3124 3115
f 3115 3124 3123
f 3115 3123 3125
f 3115 3125 3116
f 3116 3125 3117
f 3117 3121 3120
f 3117 3120 3126
f 3117 3125 3121
f 3119 3126 3120
o convex_34
v -0.164175 0.282787 -0.734216
v -0.286161 0.282787 -0.734216
v -0.167124 0.282787 -0.728378
v -0.44548 -0.00106811 -0.472664
v -0.440955 -0.00106811 -0.481677
v -0.434152 -0.00106811 -0.495247
v -0.427383 -0.00106811 -0.508818
v -0.337603 -0.00106811 -0.724307
v -0.334921 -0.00106811 -0.734216
v -0.286496 0.28262 -0.734216
v -0.286395 0.282787 -0.734088
v -0.335726 0.282787 -0.472664
v -0.5054 -0.00106811 -0.472664
v -0.396082 -0.00106811 -0.734216
v -0.299432 0.267505 -0.734216
v -0.335793 0.269644 -0.681777
v -0.32708 0.282787 -0.673046
v -0.417128 0.282787 -0.472664
v -0.505635 -0.00040126 -0.472664
v -0.488443 -0.00106811 -0.529173
v -0.407041 -0.00106811 -0.712324
v -0.396082 0.0188262 -0.734216
v -0.340116 0.206433 -0.734216
v -0.335793 0.228939 -0.722489
v -0.335793 0.249306 -0.702133
v -0.334989 0.282787 -0.658912
v -0.376511 0.228939 -0.661447
v -0.396853 0.249306 -0.600406
v -0.393468 0.271339 -0.569885
v -0.416357 0.282787 -0.475762
v -0.432845 0.259558 -0.472664
v -0.506539 0.00229392 -0.472664
v -0.488443 0.040721 -0.529173
v -0.468101 1.5527e-05 -0.590241
v -0.467866 -0.00106811 -0.59001
v -0.420613 -0.00106811 -0.685183
v -0.407041 0.0203544 -0.712324
v -0.385894 0.0821768 -0.734216
v -0.420613 0.0475007 -0.685183
v -0.400238 0.0271618 -0.725894
v -0.360458 0.165727 -0.734216
v -0.359553 0.210295 -0.705538
v -0.345981 0.223854 -0.712324
v -0.375673 0.282787 -0.577541
v -0.376511 0.2086 -0.681777
v -0.417195 0.2086 -0.600406
v -0.401947 0.246749 -0.590241
v -0.437571 0.228939 -0.519008
v -0.434152 0.251 -0.488462
v -0.41381 0.271339 -0.508818
v -0.405398 0.282787 -0.508818
v -0.396015 0.282787 -0.536829
v -0.440386 0.247889 -0.472664
v -0.506539 0.0226328 -0.472664
v -0.488443 0.122132 -0.488462
v -0.468101 0.0814266 -0.569885
v -0.468101 0.0203544 -0.590241
v -0.437034 -0.00106811 -0.652332
v -0.454528 -0.00106811 -0.61733
v -0.457376 -0.00106811 -0.61162
v -0.381403 0.102488 -0.734216
v -0.400238 0.108573 -0.705538
v -0.420613 0.108573 -0.664827
v -0.440955 0.0475007 -0.644471
v -0.370076 0.140971 -0.734216
v -0.376511 0.147528 -0.722489
v -0.396853 0.127217 -0.702133
v -0.396853 0.188233 -0.661447
v -0.437571 0.127217 -0.620736
v -0.457913 0.147528 -0.559694
v -0.463007 0.144999 -0.549529
v -0.422289 0.206044 -0.590241
v -0.442631 0.22641 -0.508818
v -0.442262 0.244665 -0.472664
v -0.488443 0.137942 -0.472664
v -0.483349 0.144999 -0.488462
v -0.468101 0.122132 -0.549529
v -0.440955 0.108573 -0.624115
v -0.380834 0.104711 -0.734216
v -0.379895 0.128912 -0.725894
v -0.442631 0.124661 -0.610545
v -0.461297 0.128912 -0.5631
v -0.463007 0.165338 -0.529173
v -0.44377 0.241665 -0.472664
v -0.460728 0.207183 -0.472664
v -0.487303 0.143027 -0.472664
f 3127 3128 3137
f 3127 3137 3143
f 3127 3143 3152
f 3127 3152 3170
f 3127 3170 3178
f 3127 3178 3177
f 3127 3177 3156
f 3127 3156 3144
f 3127 3144 3138
f 3127 3138 3129
f 3127 3129 3130
f 3127 3130 3131
f 3127 3131 3132
f 3127 3132 3133
f 3127 3133 3134
f 3127 3134 3135
f 3127 3135 3140
f 3127 3140 3148
f 3127 3148 3164
f 3127 3164 3187
f 3127 3187 3205
f 3127 3205 3191
f 3127 3191 3167
f 3127 3167 3149
f 3127 3149 3141
f 3127 3141 3136
f 3127 3136 3128
f 3128 3136 3137
f 3129 3138 3130
f 3130 3139 3146
f 3130 3146 3161
f 3130 3161 3186
f 3130 3186 3185
f 3130 3185 3184
f 3130 3184 3162
f 3130 3162 3147
f 3130 3147 3140
f 3130 3140 3135
f 3130 3135 3134
f 3130 3134 3133
f 3130 3133 3132
f 3130 3132 3131
f 3130 3138 3144
f 3130 3144 3157
f 3130 3157 3179
f 3130 3179 3200
f 3130 3200 3210
f 3130 3210 3211
f 3130 3211 3212
f 3130 3212 3201
f 3130 3201 3180
f 3130 3180 3158
f 3130 3158 3145
f 3130 3145 3139
f 3136 3141 3142
f 3136 3142 3143
f 3136 3143 3137
f 3139 3145 3146
f 3140 3147 3163
f 3140 3163 3148
f 3141 3149 3150
f 3141 3150 3151
f 3141 3151 3142
f 3142 3152 3143
f 3142 3151 3153
f 3142 3153 3154
f 3142 3154 3155
f 3142 3155 3152
f 3144 3156 3157
f 3145 3158 3146
f 3146 3158 3180
f 3146 3180 3159
f 3146 3159 3183
f 3146 3183 3160
f 3146 3160 3161
f 3147 3162 3160
f 3147 3160 3183
f 3147 3183 3163
f 3148 3163 3165
f 3148 3165 3166
f 3148 3166 3164
f 3149 3167 3168
f 3149 3168 3150
f 3150 3168 3169
f 3150 3169 3151
f 3151 3169 3168
f 3151 3168 3153
f 3152 3155 3170
f 3153 3168 3171
f 3153 3171 3154
f 3154 3172 3198
f 3154 3198 3173
f 3154 3173 3155
f 3154 3171 3172
f 3155 3173 3174
f 3155 3174 3175
f 3155 3175 3176
f 3155 3176 3177
f 3155 3177 3178
f 3155 3178 3170
f 3156 3177 3176
f 3156 3176 3175
f 3156 3175 3157
f 3157 3175 3179
f 3159 3180 3181
f 3159 3181 3203
f 3159 3203 3182
f 3159 3182 3183
f 3160 3184 3185
f 3160 3185 3186
f 3160 3186 3161
f 3160 3162 3184
f 3163 3183 3165
f 3164 3166 3188
f 3164 3188 3187
f 3165 3189 3188
f 3165 3188 3166
f 3165 3183 3190
f 3165 3190 3204
f 3165 3204 3189
f 3167 3191 3192
f 3167 3192 3171
f 3167 3171 3168
f 3171 3192 3193
f 3171 3193 3194
f 3171 3194 3172
f 3172 3194 3195
f 3172 3195 3196
f 3172 3196 3197
f 3172 3197 3198
f 3173 3198 3174
f 3174 3199 3175
f 3174 3198 3199
f 3175 3199 3200
f 3175 3200 3179
f 3180 3201 3181
f 3181 3201 3202
f 3181 3202 3197
f 3181 3197 3203
f 3182 3203 3204
f 3182 3204 3190
f 3182 3190 3183
f 3187 3188 3205
f 3188 3189 3193
f 3188 3193 3206
f 3188 3206 3205
f 3189 3204 3195
f 3189 3195 3193
f 3191 3205 3206
f 3191 3206 3192
f 3192 3206 3193
f 3193 3195 3194
f 3195 3204 3207
f 3195 3207 3197
f 3195 3197 3196
f 3197 3207 3204
f 3197 3204 3208
f 3197 3208 3203
f 3197 3202 3209
f 3197 3209 3198
f 3198 3209 3199
f 3199 3210 3200
f 3199 3209 3202
f 3199 3202 3211
f 3199 3211 3210
f 3201 3212 3202
f 3202 3212 3211
f 3203 3208 3204
o convex_35
v -0.203894 0.101644 -0.854654
v -0.203515 0.255964 -0.734216
v -0.203894 0.255935 -0.734216
v -0.203894 0.243945 -0.854654
v -1.49131e-05 0.224143 -0.854654
v 8.4924e-05 0.318828 -0.746254
v -1.49131e-05 0.335027 -0.734216
v -0.203894 0.337332 -0.734216
v -0.203894 0.244435 -0.854418
v -0.203635 0.24432 -0.854654
v 8.4924e-05 0.237978 -0.854654
v 8.4924e-05 0.23746 -0.848004
v 8.4924e-05 0.332432 -0.739368
v 8.4924e-05 0.353704 -0.734216
v -0.184687 0.351686 -0.734216
v -0.193332 0.330703 -0.76322
v -0.203894 0.328426 -0.748482
v -0.203894 0.264755 -0.834068
v -0.183169 0.271356 -0.841225
v -0.122111 0.292627 -0.854654
v 8.4924e-05 0.305166 -0.854654
v 8.4924e-05 0.384257 -0.734216
v -0.183169 0.352465 -0.734216
v -0.162803 0.353618 -0.753045
v -0.142457 0.333268 -0.793745
v -0.172986 0.310354 -0.803908
v -0.203894 0.29159 -0.800395
v -0.203894 0.312429 -0.77376
v -0.203894 0.325803 -0.752667
v -0.142457 0.312054 -0.820875
v -0.101765 0.312054 -0.841225
v -0.0405872 0.313006 -0.854654
v -1.49131e-05 0.315513 -0.854654
v 8.4924e-05 0.318828 -0.848004
v 8.4924e-05 0.393451 -0.739474
v -1.49131e-05 0.396103 -0.734216
v -0.143994 0.372036 -0.734216
v -0.101765 0.373967 -0.753045
v -0.101765 0.333268 -0.814083
v -0.15264 0.320528 -0.803908
v -0.081419 0.332404 -0.820875
v -0.0203609 0.315513 -0.854654
v -1.49131e-05 0.373102 -0.780174
v 8.4924e-05 0.373102 -0.780139
v 8.4924e-05 0.379876 -0.766627
v -1.49131e-05 0.379904 -0.766604
v -0.0101779 0.381605 -0.76322
v -0.0203609 0.396103 -0.734216
v -0.137865 0.373765 -0.734216
v -0.091602 0.381605 -0.74287
v -0.081419 0.373102 -0.759824
v -0.0203609 0.393451 -0.739474
v -0.0361146 0.394114 -0.734216
v -0.0829564 0.3859 -0.734216
f 3213 3214 3215
f 3213 3215 3220
f 3213 3220 3229
f 3213 3229 3241
f 3213 3241 3240
f 3213 3240 3239
f 3213 3239 3230
f 3213 3230 3221
f 3213 3221 3216
f 3213 3216 3222
f 3213 3222 3232
f 3213 3232 3244
f 3213 3244 3254
f 3213 3254 3245
f 3213 3245 3233
f 3213 3233 3223
f 3213 3223 3217
f 3213 3217 3218
f 3213 3218 3214
f 3214 3218 3219
f 3214 3219 3226
f 3214 3226 3234
f 3214 3234 3248
f 3214 3248 3260
f 3214 3260 3265
f 3214 3265 3266
f 3214 3266 3261
f 3214 3261 3249
f 3214 3249 3235
f 3214 3235 3227
f 3214 3227 3220
f 3214 3220 3215
f 3216 3221 3222
f 3217 3223 3224
f 3217 3224 3218
f 3218 3225 3219
f 3218 3224 3223
f 3218 3223 3233
f 3218 3233 3246
f 3218 3246 3256
f 3218 3256 3257
f 3218 3257 3247
f 3218 3247 3234
f 3218 3234 3226
f 3218 3226 3225
f 3219 3225 3226
f 3220 3227 3228
f 3220 3228 3229
f 3221 3230 3231
f 3221 3231 3232
f 3221 3232 3222
f 3227 3235 3236
f 3227 3236 3228
f 3228 3237 3238
f 3228 3238 3230
f 3228 3230 3239
f 3228 3239 3240
f 3228 3240 3241
f 3228 3241 3229
f 3228 3236 3237
f 3230 3238 3231
f 3231 3238 3242
f 3231 3242 3232
f 3232 3242 3243
f 3232 3243 3244
f 3233 3245 3246
f 3234 3247 3248
f 3235 3249 3236
f 3236 3249 3250
f 3236 3250 3237
f 3237 3250 3251
f 3237 3251 3243
f 3237 3243 3242
f 3237 3242 3252
f 3237 3252 3238
f 3238 3252 3242
f 3243 3251 3253
f 3243 3253 3244
f 3244 3253 3255
f 3244 3255 3254
f 3245 3254 3255
f 3245 3255 3256
f 3245 3256 3246
f 3247 3257 3248
f 3248 3257 3258
f 3248 3258 3259
f 3248 3259 3260
f 3249 3261 3250
f 3250 3261 3262
f 3250 3262 3263
f 3250 3263 3253
f 3250 3253 3251
f 3253 3263 3255
f 3255 3263 3262
f 3255 3262 3259
f 3255 3259 3258
f 3255 3258 3257
f 3255 3257 3256
f 3259 3262 3264
f 3259 3264 3260
f 3260 3264 3265
f 3261 3266 3262
f 3262 3266 3265
f 3262 3265 3264
o convex_36
v -0.396084 -0.00106811 -0.734216
v -0.393469 -0.00106811 -0.739474
v -0.3349 -0.00106811 -0.734216
v -0.396084 0.0188409 -0.734216
v -0.375972 -0.00106811 -0.774456
v -0.393469 0.0135738 -0.739474
v -0.379904 0.006816 -0.766604
v -0.318851 -0.00106811 -0.746254
v -0.203894 0.255927 -0.734216
v -0.385925 0.0821788 -0.734216
v -0.379904 0.0882078 -0.746254
v -0.315521 -0.00106811 -0.854654
v -0.332416 0.0746259 -0.820875
v -0.352755 0.0339466 -0.800513
v -0.315521 0.0204972 -0.854654
v -0.224139 -0.00106811 -0.854654
v -0.203894 0.337352 -0.734216
v -0.204064 0.0814831 -0.854654
v -0.203894 0.101657 -0.854654
v -0.381409 0.102485 -0.734216
v -0.376517 0.106858 -0.74287
v -0.339189 0.0882078 -0.807304
v -0.318851 0.108547 -0.827654
v -0.312059 0.0949987 -0.841225
v -0.3003 0.084067 -0.854654
v -0.203894 0.325791 -0.752667
v -0.213716 0.330694 -0.74287
v -0.205061 0.337187 -0.734216
v -0.203894 0.243902 -0.854654
v -0.380826 0.104705 -0.734216
v -0.35616 0.127231 -0.76322
v -0.335803 0.106858 -0.803908
v -0.370083 0.140978 -0.734216
v -0.35616 0.16791 -0.74287
v -0.315445 0.127231 -0.824258
v -0.295126 0.127231 -0.844608
v -0.295182 0.101922 -0.854654
v -0.203894 0.312441 -0.77376
v -0.245775 0.310984 -0.734216
v -0.222351 0.326387 -0.734216
v -0.213716 0.300184 -0.78357
v -0.234054 0.290014 -0.78357
v -0.274769 0.290014 -0.74287
v -0.224007 0.223927 -0.854654
v -0.203894 0.244399 -0.854418
v -0.335803 0.14757 -0.78357
v -0.360469 0.165757 -0.734216
v -0.34013 0.206436 -0.734216
v -0.335803 0.20859 -0.74287
v -0.335803 0.18825 -0.76322
v -0.295126 0.16791 -0.824258
v -0.285079 0.122196 -0.854654
v -0.254411 0.20859 -0.844608
v -0.264722 0.162908 -0.854654
v -0.203894 0.291571 -0.800395
v -0.213716 0.269642 -0.824258
v -0.283404 0.285675 -0.734216
v -0.213716 0.249302 -0.844608
v -0.295126 0.228962 -0.78357
v -0.295126 0.269642 -0.74287
v -0.286471 0.282627 -0.734216
v -0.244364 0.203587 -0.854654
v -0.203894 0.244532 -0.854288
v -0.299434 0.267488 -0.734216
v -0.274769 0.20859 -0.824258
v -0.234054 0.228962 -0.844608
v -0.203894 0.264739 -0.834068
v -0.203894 0.26401 -0.834811
f 3267 3268 3271
f 3267 3271 3278
f 3267 3278 3282
f 3267 3282 3274
f 3267 3274 3269
f 3267 3269 3275
f 3267 3275 3283
f 3267 3283 3294
f 3267 3294 3306
f 3267 3306 3305
f 3267 3305 3323
f 3267 3323 3327
f 3267 3327 3330
f 3267 3330 3314
f 3267 3314 3313
f 3267 3313 3299
f 3267 3299 3296
f 3267 3296 3286
f 3267 3286 3276
f 3267 3276 3270
f 3267 3270 3272
f 3267 3272 3268
f 3268 3272 3273
f 3268 3273 3271
f 3269 3274 3275
f 3270 3273 3272
f 3270 3276 3277
f 3270 3277 3273
f 3271 3273 3279
f 3271 3279 3280
f 3271 3280 3281
f 3271 3281 3278
f 3273 3277 3279
f 3274 3282 3275
f 3275 3282 3284
f 3275 3284 3285
f 3275 3285 3295
f 3275 3295 3311
f 3275 3311 3329
f 3275 3329 3334
f 3275 3334 3333
f 3275 3333 3321
f 3275 3321 3304
f 3275 3304 3292
f 3275 3292 3283
f 3276 3286 3277
f 3277 3286 3287
f 3277 3287 3288
f 3277 3288 3279
f 3278 3281 3291
f 3278 3291 3303
f 3278 3303 3318
f 3278 3318 3320
f 3278 3320 3328
f 3278 3328 3310
f 3278 3310 3295
f 3278 3295 3285
f 3278 3285 3284
f 3278 3284 3282
f 3279 3288 3289
f 3279 3289 3290
f 3279 3290 3281
f 3279 3281 3280
f 3281 3290 3291
f 3283 3292 3293
f 3283 3293 3294
f 3286 3296 3287
f 3287 3297 3301
f 3287 3301 3298
f 3287 3298 3288
f 3287 3296 3299
f 3287 3299 3300
f 3287 3300 3297
f 3288 3298 3289
f 3289 3298 3301
f 3289 3301 3290
f 3290 3301 3302
f 3290 3302 3303
f 3290 3303 3291
f 3292 3304 3293
f 3293 3305 3306
f 3293 3306 3294
f 3293 3304 3307
f 3293 3307 3308
f 3293 3308 3309
f 3293 3309 3305
f 3295 3310 3311
f 3297 3300 3316
f 3297 3316 3312
f 3297 3312 3301
f 3299 3313 3300
f 3300 3313 3314
f 3300 3314 3315
f 3300 3315 3316
f 3301 3312 3316
f 3301 3316 3317
f 3301 3317 3302
f 3302 3318 3303
f 3302 3317 3331
f 3302 3331 3319
f 3302 3319 3328
f 3302 3328 3320
f 3302 3320 3318
f 3304 3321 3322
f 3304 3322 3307
f 3305 3309 3323
f 3307 3322 3308
f 3308 3322 3324
f 3308 3324 3325
f 3308 3325 3309
f 3309 3326 3327
f 3309 3327 3323
f 3309 3325 3326
f 3310 3328 3311
f 3311 3324 3329
f 3311 3328 3324
f 3314 3330 3326
f 3314 3326 3315
f 3315 3326 3325
f 3315 3325 3316
f 3316 3325 3331
f 3316 3331 3317
f 3319 3331 3325
f 3319 3325 3332
f 3319 3332 3328
f 3321 3333 3322
f 3322 3333 3334
f 3322 3334 3324
f 3324 3328 3332
f 3324 3332 3325
f 3324 3334 3329
f 3326 3330 3327
o convex_37
v -0.465645 -0.00109859 -0.0908096
v -0.465625 -0.00109859 -0.389864
v -0.52916 -0.00109859 -0.0908096
v -0.334414 -0.310456 -0.0908096
v -0.334241 -0.308444 -0.389864
v -0.526685 -0.00109859 -0.389864
v -0.52916 -0.00109859 -0.366326
v -0.52916 -0.0907892 -0.0908096
v -0.333646 -0.312591 -0.0908096
v -0.333474 -0.311493 -0.389864
v -0.528085 -0.00109859 -0.387756
v -0.508806 -0.12214 -0.389864
v -0.528929 -0.00109859 -0.386468
v -0.52916 -0.0203725 -0.366326
v -0.52916 -0.12214 -0.122135
v -0.524057 -0.12214 -0.0992411
v -0.524057 -0.113692 -0.0908096
v -0.433072 -0.312591 -0.0908096
v -0.333205 -0.312591 -0.389864
v -0.502131 -0.145653 -0.389864
v -0.508806 -0.142481 -0.366326
v -0.52916 -0.101768 -0.305256
v -0.52916 -0.0814267 -0.325632
v -0.52916 -0.12214 -0.264562
v -0.508806 -0.183163 -0.162829
v -0.488453 -0.223846 -0.101788
v -0.508806 -0.162792 -0.0908096
v -0.434165 -0.312042 -0.0908096
v -0.433686 -0.312591 -0.109019
v -0.418646 -0.312591 -0.389864
v -0.48782 -0.182523 -0.389864
v -0.488453 -0.183163 -0.386673
v -0.508806 -0.162792 -0.325632
v -0.4681 -0.244218 -0.366326
v -0.508806 -0.183163 -0.244216
v -0.4681 -0.264559 -0.101788
v -0.481662 -0.237417 -0.0949961
v -0.482104 -0.233879 -0.0908096
v -0.485998 -0.223846 -0.0908096
v -0.433897 -0.312591 -0.129454
v -0.458087 -0.280722 -0.0908096
v -0.461309 -0.27813 -0.0949961
v -0.454518 -0.291701 -0.108551
v -0.433072 -0.312591 -0.332951
v -0.434165 -0.312042 -0.332395
v -0.454518 -0.27136 -0.373118
v -0.434165 -0.291701 -0.389864
v -0.461424 -0.247389 -0.389864
v -0.488453 -0.223846 -0.284909
v -0.4681 -0.264559 -0.305256
v -0.46175 -0.274592 -0.0908096
v -0.433897 -0.312591 -0.250715
v -0.454518 -0.291701 -0.312048
v -0.451181 -0.268005 -0.389864
f 3335 3336 3340
f 3335 3340 3345
f 3335 3345 3347
f 3335 3347 3341
f 3335 3341 3337
f 3335 3337 3342
f 3335 3342 3351
f 3335 3351 3361
f 3335 3361 3373
f 3335 3373 3372
f 3335 3372 3385
f 3335 3385 3375
f 3335 3375 3362
f 3335 3362 3352
f 3335 3352 3343
f 3335 3343 3338
f 3335 3338 3339
f 3335 3339 3336
f 3336 3339 3344
f 3336 3344 3353
f 3336 3353 3364
f 3336 3364 3381
f 3336 3381 3388
f 3336 3388 3382
f 3336 3382 3365
f 3336 3365 3354
f 3336 3354 3346
f 3336 3346 3340
f 3337 3341 3348
f 3337 3348 3357
f 3337 3357 3356
f 3337 3356 3358
f 3337 3358 3349
f 3337 3349 3342
f 3338 3343 3339
f 3339 3343 3344
f 3340 3346 3345
f 3341 3347 3348
f 3342 3349 3350
f 3342 3350 3351
f 3343 3352 3363
f 3343 3363 3374
f 3343 3374 3386
f 3343 3386 3378
f 3343 3378 3364
f 3343 3364 3353
f 3343 3353 3344
f 3345 3346 3347
f 3346 3354 3355
f 3346 3355 3356
f 3346 3356 3357
f 3346 3357 3347
f 3347 3357 3348
f 3349 3358 3369
f 3349 3369 3359
f 3349 3359 3360
f 3349 3360 3361
f 3349 3361 3350
f 3350 3361 3351
f 3352 3362 3363
f 3354 3365 3366
f 3354 3366 3355
f 3355 3367 3358
f 3355 3358 3356
f 3355 3366 3368
f 3355 3368 3367
f 3358 3367 3369
f 3359 3369 3384
f 3359 3384 3370
f 3359 3370 3360
f 3360 3370 3376
f 3360 3376 3371
f 3360 3371 3372
f 3360 3372 3373
f 3360 3373 3361
f 3362 3374 3363
f 3362 3375 3376
f 3362 3376 3377
f 3362 3377 3374
f 3364 3378 3379
f 3364 3379 3380
f 3364 3380 3381
f 3365 3382 3366
f 3366 3382 3368
f 3367 3368 3384
f 3367 3384 3383
f 3367 3383 3369
f 3368 3382 3380
f 3368 3380 3387
f 3368 3387 3384
f 3369 3383 3384
f 3370 3384 3387
f 3370 3387 3377
f 3370 3377 3376
f 3371 3376 3385
f 3371 3385 3372
f 3374 3377 3387
f 3374 3387 3386
f 3375 3385 3376
f 3378 3386 3379
f 3379 3386 3387
f 3379 3387 3380
f 3380 3388 3381
f 3380 3382 3388
o convex_38
v -0.374504 -0.00109859 -0.655213
v -0.216815 -0.298197 -0.655213
v -0.435589 -0.00109859 -0.655213
v -0.447738 -0.00109859 -0.4274
v -0.219381 -0.312591 -0.626405
v -0.210911 -0.312591 -0.655213
v -0.435589 -0.0446783 -0.655213
v -0.457383 -0.00109859 -0.611625
v -0.459732 -0.00109859 -0.398696
v -0.334255 -0.308444 -0.389864
v -0.331318 -0.312591 -0.392383
v -0.316882 -0.312591 -0.655213
v -0.425387 -0.0997857 -0.655213
v -0.427397 -0.101768 -0.651265
v -0.434167 -0.108569 -0.637705
v -0.447738 -0.0407137 -0.630899
v -0.467862 -0.00109859 -0.589986
v -0.465606 -0.00109859 -0.389864
v -0.333204 -0.312591 -0.389864
v -0.332988 -0.312591 -0.626405
v -0.356173 -0.274745 -0.641082
v -0.332988 -0.29225 -0.655213
v -0.420318 -0.126104 -0.655213
v -0.437567 -0.132295 -0.620742
v -0.447738 -0.101768 -0.61056
v -0.468079 -0.0814267 -0.569854
v -0.48845 -0.0203725 -0.529149
v -0.48845 -0.00109859 -0.529149
v -0.52669 -0.00109859 -0.389864
v -0.418617 -0.312591 -0.389864
v -0.335832 -0.312591 -0.620742
v -0.396854 -0.274745 -0.559672
v -0.396854 -0.234032 -0.620742
v -0.376513 -0.234032 -0.655213
v -0.399946 -0.187128 -0.655213
v -0.417195 -0.213691 -0.600377
v -0.457908 -0.152667 -0.559672
v -0.457908 -0.111954 -0.580037
v -0.468079 -0.12214 -0.549489
v -0.48845 -0.12214 -0.48847
v -0.48845 -0.0814267 -0.50881
v -0.508791 -0.0610855 -0.447765
v -0.508575 -0.00109859 -0.467897
v -0.508791 -0.101768 -0.4274
v -0.508791 -0.12214 -0.40706
v -0.508791 -0.12214 -0.389864
v -0.434167 -0.291701 -0.389864
v -0.418617 -0.312591 -0.394046
v -0.356173 -0.312591 -0.580037
v -0.357595 -0.312591 -0.57718
v -0.393454 -0.291701 -0.535929
v -0.39401 -0.312591 -0.492497
v -0.396854 -0.295086 -0.518993
v -0.413826 -0.27136 -0.515616
v -0.413826 -0.250988 -0.556295
v -0.417195 -0.234032 -0.580037
v -0.396854 -0.213691 -0.641082
v -0.390641 -0.205761 -0.655213
v -0.396854 -0.193319 -0.655213
v -0.457908 -0.213691 -0.478288
v -0.437567 -0.234032 -0.518993
v -0.498621 -0.132295 -0.437582
v -0.498621 -0.152667 -0.396877
v -0.502114 -0.145653 -0.389864
v -0.434167 -0.291701 -0.41384
v -0.451169 -0.268005 -0.389864
v -0.413826 -0.312042 -0.434205
v -0.412713 -0.312591 -0.434751
v -0.393454 -0.312042 -0.49525
v -0.437567 -0.254404 -0.478288
v -0.457908 -0.254404 -0.396877
v -0.487801 -0.182523 -0.389864
v -0.437567 -0.274745 -0.437582
v -0.461401 -0.247389 -0.389864
f 3389 3390 3394
f 3389 3394 3400
f 3389 3400 3410
f 3389 3410 3422
f 3389 3422 3446
f 3389 3446 3447
f 3389 3447 3423
f 3389 3423 3411
f 3389 3411 3401
f 3389 3401 3395
f 3389 3395 3391
f 3389 3391 3396
f 3389 3396 3405
f 3389 3405 3416
f 3389 3416 3431
f 3389 3431 3417
f 3389 3417 3406
f 3389 3406 3397
f 3389 3397 3392
f 3389 3392 3390
f 3390 3393 3394
f 3390 3392 3393
f 3391 3395 3396
f 3392 3397 3393
f 3393 3398 3399
f 3393 3399 3407
f 3393 3407 3418
f 3393 3418 3436
f 3393 3436 3456
f 3393 3456 3440
f 3393 3440 3438
f 3393 3438 3437
f 3393 3437 3419
f 3393 3419 3408
f 3393 3408 3400
f 3393 3400 3394
f 3393 3397 3398
f 3395 3401 3402
f 3395 3402 3403
f 3395 3403 3404
f 3395 3404 3396
f 3396 3404 3405
f 3397 3406 3398
f 3398 3407 3399
f 3398 3406 3417
f 3398 3417 3434
f 3398 3434 3452
f 3398 3452 3460
f 3398 3460 3462
f 3398 3462 3454
f 3398 3454 3435
f 3398 3435 3418
f 3398 3418 3407
f 3400 3408 3409
f 3400 3409 3410
f 3401 3411 3402
f 3402 3411 3403
f 3403 3411 3412
f 3403 3412 3413
f 3403 3413 3404
f 3404 3413 3414
f 3404 3414 3405
f 3405 3414 3415
f 3405 3415 3416
f 3408 3419 3409
f 3409 3420 3444
f 3409 3444 3421
f 3409 3421 3422
f 3409 3422 3410
f 3409 3419 3437
f 3409 3437 3420
f 3411 3423 3412
f 3412 3423 3424
f 3412 3424 3425
f 3412 3425 3426
f 3412 3426 3414
f 3412 3414 3413
f 3414 3426 3425
f 3414 3425 3427
f 3414 3427 3428
f 3414 3428 3429
f 3414 3429 3415
f 3415 3429 3430
f 3415 3430 3431
f 3415 3431 3416
f 3417 3431 3430
f 3417 3430 3432
f 3417 3432 3433
f 3417 3433 3434
f 3418 3435 3453
f 3418 3453 3436
f 3420 3437 3438
f 3420 3438 3439
f 3420 3439 3440
f 3420 3440 3441
f 3420 3441 3442
f 3420 3442 3443
f 3420 3443 3444
f 3421 3445 3422
f 3421 3444 3424
f 3421 3424 3445
f 3422 3445 3446
f 3423 3447 3445
f 3423 3445 3424
f 3424 3444 3425
f 3425 3448 3428
f 3425 3428 3427
f 3425 3444 3449
f 3425 3449 3448
f 3428 3450 3433
f 3428 3433 3432
f 3428 3432 3430
f 3428 3430 3429
f 3428 3448 3450
f 3433 3450 3451
f 3433 3451 3452
f 3433 3452 3434
f 3435 3454 3453
f 3436 3455 3456
f 3436 3453 3455
f 3438 3440 3457
f 3438 3457 3439
f 3439 3457 3440
f 3440 3456 3455
f 3440 3455 3442
f 3440 3442 3441
f 3442 3455 3461
f 3442 3461 3458
f 3442 3458 3449
f 3442 3449 3443
f 3443 3449 3444
f 3445 3447 3446
f 3448 3459 3451
f 3448 3451 3450
f 3448 3449 3458
f 3448 3458 3459
f 3451 3460 3452
f 3451 3459 3460
f 3453 3461 3455
f 3453 3454 3459
f 3453 3459 3461
f 3454 3462 3459
f 3458 3461 3459
f 3459 3462 3460
o convex_39
v -0.421544 -0.312622 -0.36922
v -0.415766 -0.328519 -0.36922
v -0.426811 -0.312622 -0.353303
v -0.337218 -0.312622 -0.36922
v -0.413812 -0.33244 -0.36922
v -0.433056 -0.312622 -0.332971
v -0.333607 -0.312622 -0.0907804
v -2.79011e-08 -0.463982 -0.0907804
v -2.79011e-08 -0.468094 -0.36922
v -0.393463 -0.373136 -0.312066
v -0.373879 -0.37392 -0.36922
v -0.376513 -0.376527 -0.356138
v -0.433906 -0.312622 -0.250714
v -0.413812 -0.352788 -0.250987
v -0.433056 -0.312622 -0.0907804
v 8.49309e-05 -0.501033 -0.0907804
v 8.49309e-05 -0.468094 -0.101764
v 8.49309e-05 -0.468094 -0.366331
v 8.49309e-05 -0.472778 -0.36922
v -0.332417 -0.413832 -0.36922
v -0.312026 -0.43418 -0.352758
v -0.373115 -0.393484 -0.291706
v -0.433906 -0.312622 -0.129456
v -0.420609 -0.339223 -0.237441
v -0.413812 -0.352788 -0.14927
v -0.433693 -0.312622 -0.109014
v -0.420609 -0.339223 -0.135697
v -0.393463 -0.373136 -0.108551
v -0.40026 -0.359571 -0.0949777
v -0.397032 -0.362157 -0.0907804
v -2.79011e-08 -0.529138 -0.0907804
v 8.49309e-05 -0.529138 -0.101764
v 8.49309e-05 -0.528439 -0.36922
v -0.308755 -0.430874 -0.36922
v -0.271329 -0.454529 -0.36922
v -0.291678 -0.454529 -0.312066
v -0.352766 -0.413832 -0.250987
v -0.392231 -0.36824 -0.0907804
v -0.373115 -0.393484 -0.108551
v -0.0907829 -0.529138 -0.0907804
v 8.49309e-05 -0.529138 -0.366331
v -2.79011e-08 -0.529138 -0.36922
v -0.267421 -0.456479 -0.36922
v -0.244226 -0.468094 -0.366331
v -0.264575 -0.468094 -0.30528
v -0.286538 -0.457115 -0.0907804
v -0.291678 -0.454529 -0.0907804
v -0.352766 -0.413832 -0.169603
v -0.368187 -0.392255 -0.0907804
v -0.101786 -0.526701 -0.0907804
v -0.101786 -0.529138 -0.101764
v -0.0197964 -0.528566 -0.36922
v -0.0203911 -0.529138 -0.366331
v -0.243631 -0.467522 -0.36922
v -0.142483 -0.50879 -0.36922
v -0.162831 -0.50879 -0.325612
v -0.223835 -0.488442 -0.28492
v -0.18318 -0.50879 -0.2442
v -0.196774 -0.502008 -0.237441
v -0.196774 -0.502008 -0.135697
v -0.264575 -0.468094 -0.0907804
v -0.162831 -0.50879 -0.0907804
v -0.122134 -0.529138 -0.142484
v -0.081437 -0.529138 -0.30528
v -0.101786 -0.529138 -0.28492
v -0.122134 -0.529138 -0.2442
v -0.18318 -0.50879 -0.142484
f 3463 3464 3465
f 3463 3465 3468
f 3463 3468 3475
f 3463 3475 3485
f 3463 3485 3488
f 3463 3488 3477
f 3463 3477 3469
f 3463 3469 3466
f 3463 3466 3471
f 3463 3471 3481
f 3463 3481 3495
f 3463 3495 3504
f 3463 3504 3514
f 3463 3514 3517
f 3463 3517 3516
f 3463 3516 3505
f 3463 3505 3497
f 3463 3497 3496
f 3463 3496 3482
f 3463 3482 3473
f 3463 3473 3467
f 3463 3467 3464
f 3464 3467 3468
f 3464 3468 3465
f 3466 3469 3470
f 3466 3470 3471
f 3467 3472 3468
f 3467 3473 3474
f 3467 3474 3472
f 3468 3472 3476
f 3468 3476 3475
f 3469 3477 3492
f 3469 3492 3500
f 3469 3500 3511
f 3469 3511 3509
f 3469 3509 3508
f 3469 3508 3523
f 3469 3523 3524
f 3469 3524 3512
f 3469 3512 3502
f 3469 3502 3493
f 3469 3493 3478
f 3469 3478 3470
f 3470 3478 3479
f 3470 3479 3480
f 3470 3480 3471
f 3471 3480 3481
f 3472 3474 3482
f 3472 3482 3483
f 3472 3483 3484
f 3472 3484 3499
f 3472 3499 3510
f 3472 3510 3501
f 3472 3501 3490
f 3472 3490 3487
f 3472 3487 3476
f 3473 3482 3474
f 3475 3476 3486
f 3475 3486 3489
f 3475 3489 3485
f 3476 3487 3489
f 3476 3489 3486
f 3477 3488 3489
f 3477 3489 3487
f 3477 3487 3490
f 3477 3490 3491
f 3477 3491 3492
f 3478 3493 3494
f 3478 3494 3503
f 3478 3503 3495
f 3478 3495 3481
f 3478 3481 3480
f 3478 3480 3479
f 3482 3496 3483
f 3483 3496 3497
f 3483 3497 3498
f 3483 3498 3484
f 3484 3498 3499
f 3485 3489 3488
f 3490 3500 3492
f 3490 3492 3491
f 3490 3501 3500
f 3493 3502 3513
f 3493 3513 3525
f 3493 3525 3528
f 3493 3528 3527
f 3493 3527 3526
f 3493 3526 3515
f 3493 3515 3504
f 3493 3504 3503
f 3493 3503 3494
f 3495 3503 3504
f 3497 3505 3498
f 3498 3505 3506
f 3498 3506 3507
f 3498 3507 3508
f 3498 3508 3509
f 3498 3509 3510
f 3498 3510 3499
f 3500 3501 3511
f 3501 3510 3509
f 3501 3509 3511
f 3502 3512 3513
f 3504 3515 3514
f 3505 3516 3506
f 3506 3516 3517
f 3506 3517 3518
f 3506 3518 3507
f 3507 3518 3519
f 3507 3519 3520
f 3507 3520 3521
f 3507 3521 3508
f 3508 3521 3522
f 3508 3522 3523
f 3512 3524 3513
f 3513 3524 3525
f 3514 3515 3517
f 3515 3526 3517
f 3517 3526 3527
f 3517 3527 3528
f 3517 3528 3518
f 3518 3528 3520
f 3518 3520 3519
f 3520 3529 3522
f 3520 3522 3521
f 3520 3528 3525
f 3520 3525 3529
f 3522 3529 3523
f 3523 3529 3524
f 3524 3529 3525
